[2026-03-04 07:23:54] [INFO] [Engine] 引擎启动
  {"rulesDir":"/root/.openclaw/workspace-july/skills/btc-alert/rules","logFile":"/root/.openclaw/workspace-july/logs/alert-engine.log"}
[2026-03-04 07:23:54] [INFO] [压力位触及警报-70000] TIMER_STARTED
  {"interval":"300s","file":"pressure-70000.js"}
[2026-03-04 07:23:54] [INFO] [压力位触及警报-70000] CHECK_START
  {}
[2026-03-04 07:23:55] [INFO] [Engine] 规则加载完成
  {"count":1}
[2026-03-04 07:23:56] [INFO] [压力位触及警报-70000] CHECK_PASSED
  {}
[2026-03-04 07:29:28] [INFO] [压力位触及警报-70000] CHECK_START
  {}
[2026-03-04 07:29:32] [INFO] [压力位触及警报-70000] CHECK_PASSED
  {}
[2026-03-04 07:31:40] [INFO] [Engine] 引擎关闭 (SIGINT)
[2026-03-04 07:31:40] [INFO] [Engine] 引擎启动
  {"rulesDir":"/root/.openclaw/workspace-july/skills/btc-alert/rules","logFile":"/root/.openclaw/workspace-july/logs/alert-engine.log"}
[2026-03-04 07:31:40] [INFO] [压力位触及警报-70000] TIMER_STARTED
  {"interval":"300s","file":"pressure-70000.js"}
[2026-03-04 07:31:40] [INFO] [压力位触及警报-70000] CHECK_START
  {}
[2026-03-04 07:31:40] [INFO] [价格监控警报] TIMER_STARTED
  {"interval":"300s","file":"price-monitor.js"}
[2026-03-04 07:31:40] [INFO] [价格监控警报] CHECK_START
  {}
[2026-03-04 07:31:40] [INFO] [Engine] 规则加载完成
  {"count":2}
[2026-03-04 07:31:40] [INFO] [价格监控警报] TRIGGERED
  {}
[2026-03-04 07:31:42] [INFO] [价格监控警报] DATA_COLLECTED
  {"dataKeys":["alertTime","currentPrice","high","low","priceChange","volume24h","alertType"]}
[2026-03-04 07:32:05] [INFO] [价格监控警报] TRIGGER_COMPLETED
  {}
[2026-03-04 07:32:05] [INFO] [压力位触及警报-70000] CHECK_PASSED
  {}
[2026-03-04 07:37:13] [INFO] [压力位触及警报-70000] CHECK_START
  {}
[2026-03-04 07:37:13] [INFO] [价格监控警报] CHECK_START
  {}
[2026-03-04 07:37:13] [INFO] [价格监控警报] TRIGGERED
  {}
[2026-03-04 07:37:16] [INFO] [价格监控警报] DATA_COLLECTED
  {"dataKeys":["alertTime","currentPrice","high","low","priceChange","volume24h","alertType"]}
[2026-03-04 07:37:39] [INFO] [价格监控警报] TRIGGER_COMPLETED
  {}
[2026-03-04 07:37:42] [INFO] [压力位触及警报-70000] CHECK_PASSED
  {}
[2026-03-04 07:42:47] [INFO] [压力位触及警报-70000] CHECK_START
  {}
[2026-03-04 07:42:47] [INFO] [价格监控警报] CHECK_START
  {}
[2026-03-04 07:42:47] [INFO] [价格监控警报] TRIGGERED
  {}
[2026-03-04 07:42:51] [INFO] [价格监控警报] DATA_COLLECTED
  {"dataKeys":["alertTime","currentPrice","high","low","priceChange","volume24h","alertType"]}
[2026-03-04 07:43:25] [INFO] [价格监控警报] TRIGGER_COMPLETED
  {}
[2026-03-04 07:43:25] [INFO] [压力位触及警报-70000] CHECK_PASSED
  {}
[2026-03-04 07:48:20] [INFO] [压力位触及警报-70000] CHECK_START
  {}
[2026-03-04 07:48:20] [INFO] [价格监控警报] CHECK_START
  {}
[2026-03-04 07:48:20] [INFO] [价格监控警报] TRIGGERED
  {}
[2026-03-04 07:48:25] [INFO] [压力位触及警报-70000] CHECK_PASSED
  {}
[2026-03-04 07:48:27] [INFO] [价格监控警报] DATA_COLLECTED
  {"dataKeys":["alertTime","currentPrice","high","low","priceChange","volume24h","alertType"]}
[2026-03-04 07:49:00] [INFO] [价格监控警报] TRIGGER_COMPLETED
  {}
[2026-03-04 07:51:33] [INFO] [Engine] 引擎关闭 (SIGINT)
[2026-03-04 07:51:33] [INFO] [Engine] 引擎启动
  {"rulesDir":"/root/.openclaw/workspace-july/skills/btc-alert/rules","logFile":"/root/.openclaw/workspace-july/logs/alert-engine.log"}
[2026-03-04 07:51:33] [INFO] [压力位触及警报-70000] TIMER_STARTED
  {"interval":"300s","file":"pressure-70000.js"}
[2026-03-04 07:51:33] [INFO] [压力位触及警报-70000] CHECK_START
  {}
[2026-03-04 07:51:33] [INFO] [价格监控警报] TIMER_STARTED
  {"interval":"300s","file":"price-monitor.js"}
[2026-03-04 07:51:33] [INFO] [价格监控警报] CHECK_START
  {}
[2026-03-04 07:51:33] [INFO] [Engine] 规则加载完成
  {"count":2}
[2026-03-04 07:51:33] [INFO] [价格监控警报] TRIGGERED
  {}
[2026-03-04 07:51:36] [INFO] [压力位触及警报-70000] CHECK_PASSED
  {}
[2026-03-04 07:51:38] [INFO] [价格监控警报] DATA_COLLECTED
  {"dataKeys":["alertTime","currentPrice","high","low","priceChange","volume24h","alertType"]}
[2026-03-04 07:52:06] [INFO] [价格监控警报] TRIGGER_COMPLETED
  {}
[2026-03-04 07:57:03] [INFO] [压力位触及警报-70000] CHECK_START
  {}
[2026-03-04 07:57:03] [INFO] [价格监控警报] CHECK_START
  {}
[2026-03-04 07:57:03] [INFO] [价格监控警报] TRIGGERED
  {}
[2026-03-04 07:57:06] [INFO] [压力位触及警报-70000] CHECK_PASSED
  {}
[2026-03-04 07:57:19] [INFO] [价格监控警报] DATA_COLLECTED
  {"dataKeys":["alertTime","currentPrice","high","low","priceChange","volume24h","alertType"]}
[2026-03-04 07:57:51] [INFO] [价格监控警报] TRIGGER_COMPLETED
  {}
[2026-03-04 08:02:36] [INFO] [压力位触及警报-70000] CHECK_START
  {}
[2026-03-04 08:02:36] [INFO] [价格监控警报] CHECK_START
  {}
[2026-03-04 08:02:36] [INFO] [价格监控警报] TRIGGERED
  {}
[2026-03-04 08:02:38] [INFO] [价格监控警报] DATA_COLLECTED
  {"dataKeys":["alertTime","currentPrice","high","low","priceChange","volume24h","alertType"]}
[2026-03-04 08:03:12] [INFO] [价格监控警报] TRIGGER_COMPLETED
  {}
[2026-03-04 08:03:12] [INFO] [压力位触及警报-70000] CHECK_PASSED
  {}
[2026-03-04 08:08:10] [INFO] [压力位触及警报-70000] CHECK_START
  {}
[2026-03-04 08:08:10] [INFO] [价格监控警报] CHECK_START
  {}
[2026-03-04 08:08:10] [INFO] [价格监控警报] TRIGGERED
  {}
[2026-03-04 08:08:14] [INFO] [价格监控警报] DATA_COLLECTED
  {"dataKeys":["alertTime","currentPrice","high","low","priceChange","volume24h","alertType"]}
[2026-03-04 08:08:47] [INFO] [价格监控警报] TRIGGER_COMPLETED
  {}
[2026-03-04 08:08:47] [INFO] [压力位触及警报-70000] CHECK_PASSED
  {}
[2026-03-04 08:13:43] [INFO] [压力位触及警报-70000] CHECK_START
  {}
[2026-03-04 08:13:43] [INFO] [价格监控警报] CHECK_START
  {}
[2026-03-04 08:13:43] [INFO] [价格监控警报] TRIGGERED
  {}
[2026-03-04 08:13:45] [INFO] [压力位触及警报-70000] CHECK_PASSED
  {}
[2026-03-04 08:13:49] [INFO] [价格监控警报] DATA_COLLECTED
  {"dataKeys":["alertTime","currentPrice","high","low","priceChange","volume24h","alertType"]}
[2026-03-04 08:14:22] [INFO] [价格监控警报] TRIGGER_COMPLETED
  {}
[2026-03-04 08:19:17] [INFO] [压力位触及警报-70000] CHECK_START
  {}
[2026-03-04 08:19:17] [INFO] [价格监控警报] CHECK_START
  {}
[2026-03-04 08:19:17] [INFO] [价格监控警报] TRIGGERED
  {}
[2026-03-04 08:19:20] [INFO] [压力位触及警报-70000] CHECK_PASSED
  {}
[2026-03-04 08:19:20] [INFO] [价格监控警报] DATA_COLLECTED
  {"dataKeys":["alertTime","currentPrice","high","low","priceChange","volume24h","alertType"]}
[2026-03-04 08:19:54] [INFO] [价格监控警报] TRIGGER_COMPLETED
  {}
[2026-03-04 08:24:50] [INFO] [压力位触及警报-70000] CHECK_START
  {}
[2026-03-04 08:24:50] [INFO] [价格监控警报] CHECK_START
  {}
[2026-03-04 08:24:50] [INFO] [价格监控警报] TRIGGERED
  {}
[2026-03-04 08:24:52] [INFO] [压力位触及警报-70000] CHECK_PASSED
  {}
[2026-03-04 08:24:53] [INFO] [价格监控警报] DATA_COLLECTED
  {"dataKeys":["alertTime","currentPrice","high","low","priceChange","volume24h","alertType"]}
[2026-03-04 08:25:27] [INFO] [价格监控警报] TRIGGER_COMPLETED
  {}
[2026-03-04 08:30:23] [INFO] [压力位触及警报-70000] CHECK_START
  {}
[2026-03-04 08:30:23] [INFO] [价格监控警报] CHECK_START
  {}
[2026-03-04 08:30:23] [INFO] [价格监控警报] TRIGGERED
  {}
[2026-03-04 08:30:25] [INFO] [价格监控警报] DATA_COLLECTED
  {"dataKeys":["alertTime","currentPrice","high","low","priceChange","volume24h","alertType"]}
[2026-03-04 08:30:58] [INFO] [价格监控警报] TRIGGER_COMPLETED
  {}
[2026-03-04 08:30:58] [INFO] [压力位触及警报-70000] CHECK_PASSED
  {}
[2026-03-04 08:35:56] [INFO] [压力位触及警报-70000] CHECK_START
  {}
[2026-03-04 08:35:56] [INFO] [价格监控警报] CHECK_START
  {}
[2026-03-04 08:35:56] [INFO] [价格监控警报] TRIGGERED
  {}
[2026-03-04 08:35:58] [INFO] [价格监控警报] DATA_COLLECTED
  {"dataKeys":["alertTime","currentPrice","high","low","priceChange","volume24h","alertType"]}
[2026-03-04 08:36:31] [INFO] [价格监控警报] TRIGGER_COMPLETED
  {}
[2026-03-04 08:36:31] [INFO] [压力位触及警报-70000] CHECK_PASSED
  {}
[2026-03-04 08:41:29] [INFO] [压力位触及警报-70000] CHECK_START
  {}
[2026-03-04 08:41:29] [INFO] [价格监控警报] CHECK_START
  {}
[2026-03-04 08:41:29] [INFO] [价格监控警报] TRIGGERED
  {}
[2026-03-04 08:41:31] [INFO] [价格监控警报] DATA_COLLECTED
  {"dataKeys":["alertTime","currentPrice","high","low","priceChange","volume24h","alertType"]}
[2026-03-04 08:42:01] [INFO] [价格监控警报] TRIGGER_COMPLETED
  {}
[2026-03-04 08:42:12] [INFO] [压力位触及警报-70000] CHECK_PASSED
  {}
[2026-03-04 08:46:58] [INFO] [压力位触及警报-70000] CHECK_START
  {}
[2026-03-04 08:46:58] [INFO] [价格监控警报] CHECK_START
  {}
[2026-03-04 08:46:58] [INFO] [价格监控警报] TRIGGERED
  {}
[2026-03-04 08:46:59] [INFO] [价格监控警报] DATA_COLLECTED
  {"dataKeys":["alertTime","currentPrice","high","low","priceChange","volume24h","alertType"]}
[2026-03-04 08:47:33] [INFO] [价格监控警报] TRIGGER_COMPLETED
  {}
[2026-03-04 08:47:37] [INFO] [压力位触及警报-70000] TRIGGERED
  {}
[2026-03-04 08:47:40] [INFO] [压力位触及警报-70000] DATA_COLLECTED
  {"dataKeys":["alertTime","currentPrice","priceChange","volume24h","klines15m","triggerPrice","alertType"]}
[2026-03-04 08:48:13] [INFO] [压力位触及警报-70000] TRIGGER_COMPLETED
  {}
[2026-03-04 08:52:31] [INFO] [压力位触及警报-70000] CHECK_START
  {}
[2026-03-04 08:52:31] [INFO] [价格监控警报] CHECK_START
  {}
[2026-03-04 08:52:31] [INFO] [价格监控警报] TRIGGERED
  {}
[2026-03-04 08:52:33] [INFO] [价格监控警报] DATA_COLLECTED
  {"dataKeys":["alertTime","currentPrice","high","low","priceChange","volume24h","alertType"]}
[2026-03-04 08:53:06] [INFO] [价格监控警报] TRIGGER_COMPLETED
  {}
[2026-03-04 08:53:06] [INFO] [压力位触及警报-70000] CHECK_PASSED
  {}
[2026-03-04 08:58:04] [INFO] [压力位触及警报-70000] CHECK_START
  {}
[2026-03-04 08:58:04] [INFO] [价格监控警报] CHECK_START
  {}
[2026-03-04 08:58:04] [INFO] [价格监控警报] TRIGGERED
  {}
[2026-03-04 08:58:06] [INFO] [压力位触及警报-70000] TRIGGERED
  {}
[2026-03-04 08:58:06] [INFO] [压力位触及警报-70000] DATA_COLLECTED
  {"dataKeys":["alertTime","currentPrice","priceChange","volume24h","klines15m","triggerPrice","alertType"]}
[2026-03-04 08:58:40] [INFO] [压力位触及警报-70000] TRIGGER_COMPLETED
  {}
[2026-03-04 08:58:40] [INFO] [价格监控警报] DATA_COLLECTED
  {"dataKeys":["alertTime","error","alertType"]}
[2026-03-04 08:59:10] [INFO] [价格监控警报] TRIGGER_COMPLETED
  {}
[2026-03-04 09:03:38] [INFO] [压力位触及警报-70000] CHECK_START
  {}
[2026-03-04 09:03:38] [INFO] [价格监控警报] CHECK_START
  {}
[2026-03-04 09:03:38] [INFO] [价格监控警报] TRIGGERED
  {}
[2026-03-04 09:03:40] [INFO] [价格监控警报] DATA_COLLECTED
  {"dataKeys":["alertTime","currentPrice","high","low","priceChange","volume24h","alertType"]}
[2026-03-04 09:04:13] [INFO] [价格监控警报] TRIGGER_COMPLETED
  {}
[2026-03-04 09:04:13] [INFO] [压力位触及警报-70000] CHECK_PASSED
  {}
[2026-03-04 09:09:11] [INFO] [压力位触及警报-70000] CHECK_START
  {}
[2026-03-04 09:09:11] [INFO] [价格监控警报] CHECK_START
  {}
[2026-03-04 09:09:11] [INFO] [价格监控警报] TRIGGERED
  {}
[2026-03-04 09:09:14] [INFO] [压力位触及警报-70000] TRIGGERED
  {}
[2026-03-04 09:09:15] [INFO] [价格监控警报] DATA_COLLECTED
  {"dataKeys":["alertTime","currentPrice","high","low","priceChange","volume24h","alertType"]}
[2026-03-04 09:09:48] [INFO] [价格监控警报] TRIGGER_COMPLETED
  {}
[2026-03-04 09:09:48] [INFO] [压力位触及警报-70000] DATA_COLLECTED
  {"dataKeys":["alertTime","error"]}
[2026-03-04 09:10:22] [INFO] [压力位触及警报-70000] TRIGGER_COMPLETED
  {}
[2026-03-04 09:11:23] [INFO] [Engine] 引擎关闭 (SIGINT)
[2026-03-04 09:11:24] [INFO] [Engine] 引擎启动
  {"rulesDir":"/root/.openclaw/workspace-july/skills/btc-alert/rules","archiveDir":"/root/.openclaw/workspace-july/skills/btc-alert/rules-archive","logFile":"/root/.openclaw/workspace-july/logs/alert-engine.log"}
[2026-03-04 09:11:24] [INFO] [Engine] 规则加载完成
  {"count":0}
[2026-03-05 06:54:54] [INFO] [Engine] 引擎启动
  {"rulesDir":"/root/.openclaw/workspace-july/skills/btc-alert/rules","archiveDir":"/root/.openclaw/workspace-july/skills/btc-alert/rules-archive","logFile":"/root/.openclaw/workspace-july/logs/alert-engine.log"}
[2026-03-05 06:54:54] [INFO] [压力位突破警报-75000] TIMER_STARTED
  {"interval":"300s","file":"2026-03-05-resistance-75000.js"}
[2026-03-05 06:54:54] [INFO] [压力位突破警报-75000] CHECK_START
  {}
[2026-03-05 06:54:54] [INFO] [支撑位跌破警报-71000] TIMER_STARTED
  {"interval":"300s","file":"2026-03-05-support-71000.js"}
[2026-03-05 06:54:54] [INFO] [支撑位跌破警报-71000] CHECK_START
  {}
[2026-03-05 06:54:54] [INFO] [Engine] 规则加载完成
  {"count":2}
[2026-03-05 06:55:00] [INFO] [支撑位跌破警报-71000] CHECK_PASSED
  {}
[2026-03-05 06:55:05] [INFO] [压力位突破警报-75000] CHECK_PASSED
  {}
[2026-03-05 06:59:54] [INFO] [压力位突破警报-75000] CHECK_START
  {}
[2026-03-05 06:59:54] [INFO] [支撑位跌破警报-71000] CHECK_START
  {}
[2026-03-05 06:59:58] [INFO] [支撑位跌破警报-71000] CHECK_PASSED
  {}
[2026-03-05 07:00:01] [INFO] [压力位突破警报-75000] CHECK_PASSED
  {}
[2026-03-05 07:04:54] [INFO] [压力位突破警报-75000] CHECK_START
  {}
[2026-03-05 07:04:54] [INFO] [支撑位跌破警报-71000] CHECK_START
  {}
[2026-03-05 07:04:59] [INFO] [压力位突破警报-75000] CHECK_PASSED
  {}
[2026-03-05 07:05:45] [INFO] [支撑位跌破警报-71000] CHECK_PASSED
  {}
[2026-03-05 07:09:54] [INFO] [压力位突破警报-75000] CHECK_START
  {}
[2026-03-05 07:09:54] [INFO] [支撑位跌破警报-71000] CHECK_START
  {}
[2026-03-05 07:09:58] [INFO] [支撑位跌破警报-71000] CHECK_PASSED
  {}
[2026-03-05 07:10:28] [INFO] [压力位突破警报-75000] CHECK_PASSED
  {}
[2026-03-05 07:10:42] [INFO] [Engine] 引擎关闭 (SIGINT)
[2026-03-05 07:10:43] [INFO] [Engine] 引擎启动
  {"rulesDir":"/root/.openclaw/workspace-july/skills/btc-alert/rules","archiveDir":"/root/.openclaw/workspace-july/skills/btc-alert/rules-archive","logFile":"/root/.openclaw/workspace-july/logs/alert-engine.log"}
[2026-03-05 07:10:43] [INFO] [压力位突破警报-75000] TIMER_STARTED
  {"interval":"300s","file":"2026-03-05-resistance-75000.js"}
[2026-03-05 07:10:43] [INFO] [压力位突破警报-75000] CHECK_START
  {}
[2026-03-05 07:10:43] [INFO] [支撑位跌破警报-71000] TIMER_STARTED
  {"interval":"300s","file":"2026-03-05-support-71000.js"}
[2026-03-05 07:10:43] [INFO] [支撑位跌破警报-71000] CHECK_START
  {}
[2026-03-05 07:10:43] [INFO] [Engine] 规则加载完成
  {"count":2}
[2026-03-05 07:10:50] [INFO] [压力位突破警报-75000] CHECK_PASSED
  {}
[2026-03-05 07:11:10] [INFO] [支撑位跌破警报-71000] CHECK_PASSED
  {}
[2026-03-05 07:15:43] [INFO] [压力位突破警报-75000] CHECK_START
  {}
[2026-03-05 07:15:43] [INFO] [支撑位跌破警报-71000] CHECK_START
  {}
[2026-03-05 07:15:45] [INFO] [压力位突破警报-75000] CHECK_PASSED
  {}
[2026-03-05 07:15:50] [INFO] [支撑位跌破警报-71000] CHECK_PASSED
  {}
[2026-03-05 07:20:43] [INFO] [压力位突破警报-75000] CHECK_START
  {}
[2026-03-05 07:20:43] [INFO] [支撑位跌破警报-71000] CHECK_START
  {}
[2026-03-05 07:20:48] [INFO] [压力位突破警报-75000] CHECK_PASSED
  {}
[2026-03-05 07:20:50] [INFO] [支撑位跌破警报-71000] CHECK_PASSED
  {}
[2026-03-05 07:25:43] [INFO] [压力位突破警报-75000] CHECK_START
  {}
[2026-03-05 07:25:43] [INFO] [支撑位跌破警报-71000] CHECK_START
  {}
[2026-03-05 07:25:46] [INFO] [支撑位跌破警报-71000] CHECK_PASSED
  {}
[2026-03-05 07:26:19] [INFO] [压力位突破警报-75000] CHECK_PASSED
  {}
[2026-03-05 07:30:43] [INFO] [压力位突破警报-75000] CHECK_START
  {}
[2026-03-05 07:30:43] [INFO] [支撑位跌破警报-71000] CHECK_START
  {}
[2026-03-05 07:30:47] [INFO] [支撑位跌破警报-71000] CHECK_PASSED
  {}
[2026-03-05 07:31:24] [INFO] [压力位突破警报-75000] CHECK_PASSED
  {}
[2026-03-05 07:35:43] [INFO] [压力位突破警报-75000] CHECK_START
  {}
[2026-03-05 07:35:43] [INFO] [支撑位跌破警报-71000] CHECK_START
  {}
[2026-03-05 07:35:47] [INFO] [支撑位跌破警报-71000] CHECK_PASSED
  {}
[2026-03-05 07:36:28] [INFO] [压力位突破警报-75000] CHECK_PASSED
  {}
[2026-03-05 07:40:43] [INFO] [压力位突破警报-75000] CHECK_START
  {}
[2026-03-05 07:40:43] [INFO] [支撑位跌破警报-71000] CHECK_START
  {}
[2026-03-05 07:40:51] [INFO] [支撑位跌破警报-71000] CHECK_PASSED
  {}
[2026-03-05 07:41:20] [INFO] [压力位突破警报-75000] CHECK_PASSED
  {}
[2026-03-05 07:45:43] [INFO] [压力位突破警报-75000] CHECK_START
  {}
[2026-03-05 07:45:43] [INFO] [支撑位跌破警报-71000] CHECK_START
  {}
[2026-03-05 07:45:47] [INFO] [压力位突破警报-75000] CHECK_PASSED
  {}
[2026-03-05 07:46:01] [INFO] [支撑位跌破警报-71000] CHECK_PASSED
  {}
[2026-03-05 07:50:43] [INFO] [压力位突破警报-75000] CHECK_START
  {}
[2026-03-05 07:50:43] [INFO] [支撑位跌破警报-71000] CHECK_START
  {}
[2026-03-05 07:50:52] [INFO] [支撑位跌破警报-71000] CHECK_PASSED
  {}
[2026-03-05 07:51:26] [INFO] [压力位突破警报-75000] CHECK_PASSED
  {}
[2026-03-05 07:55:43] [INFO] [压力位突破警报-75000] CHECK_START
  {}
[2026-03-05 07:55:43] [INFO] [支撑位跌破警报-71000] CHECK_START
  {}
[2026-03-05 07:55:45] [INFO] [压力位突破警报-75000] CHECK_PASSED
  {}
[2026-03-05 07:55:48] [INFO] [支撑位跌破警报-71000] CHECK_PASSED
  {}
[2026-03-05 08:00:43] [INFO] [压力位突破警报-75000] CHECK_START
  {}
[2026-03-05 08:00:43] [INFO] [支撑位跌破警报-71000] CHECK_START
  {}
[2026-03-05 08:00:47] [INFO] [压力位突破警报-75000] CHECK_PASSED
  {}
[2026-03-05 08:00:57] [INFO] [支撑位跌破警报-71000] CHECK_PASSED
  {}
[2026-03-05 08:05:43] [INFO] [压力位突破警报-75000] CHECK_START
  {}
[2026-03-05 08:05:43] [INFO] [支撑位跌破警报-71000] CHECK_START
  {}
[2026-03-05 08:06:08] [INFO] [支撑位跌破警报-71000] CHECK_PASSED
  {}
[2026-03-05 08:06:12] [INFO] [压力位突破警报-75000] CHECK_PASSED
  {}
[2026-03-05 08:10:43] [INFO] [压力位突破警报-75000] CHECK_START
  {}
[2026-03-05 08:10:43] [INFO] [支撑位跌破警报-71000] CHECK_START
  {}
[2026-03-05 08:10:45] [INFO] [支撑位跌破警报-71000] CHECK_PASSED
  {}
[2026-03-05 08:10:46] [INFO] [压力位突破警报-75000] CHECK_PASSED
  {}
[2026-03-05 08:15:43] [INFO] [压力位突破警报-75000] CHECK_START
  {}
[2026-03-05 08:15:43] [INFO] [支撑位跌破警报-71000] CHECK_START
  {}
[2026-03-05 08:15:45] [INFO] [压力位突破警报-75000] CHECK_PASSED
  {}
[2026-03-05 08:15:46] [INFO] [支撑位跌破警报-71000] CHECK_PASSED
  {}
[2026-03-05 08:20:43] [INFO] [压力位突破警报-75000] CHECK_START
  {}
[2026-03-05 08:20:43] [INFO] [支撑位跌破警报-71000] CHECK_START
  {}
[2026-03-05 08:20:46] [INFO] [压力位突破警报-75000] CHECK_PASSED
  {}
[2026-03-05 08:20:48] [INFO] [支撑位跌破警报-71000] CHECK_PASSED
  {}
[2026-03-05 08:25:43] [INFO] [压力位突破警报-75000] CHECK_START
  {}
[2026-03-05 08:25:43] [INFO] [支撑位跌破警报-71000] CHECK_START
  {}
[2026-03-05 08:25:45] [INFO] [压力位突破警报-75000] CHECK_PASSED
  {}
[2026-03-05 08:25:45] [INFO] [支撑位跌破警报-71000] CHECK_PASSED
  {}
[2026-03-05 08:30:44] [INFO] [压力位突破警报-75000] CHECK_START
  {}
[2026-03-05 08:30:44] [INFO] [支撑位跌破警报-71000] CHECK_START
  {}
[2026-03-05 08:30:46] [INFO] [支撑位跌破警报-71000] CHECK_PASSED
  {}
[2026-03-05 08:30:53] [INFO] [压力位突破警报-75000] CHECK_PASSED
  {}
[2026-03-05 08:35:44] [INFO] [压力位突破警报-75000] CHECK_START
  {}
[2026-03-05 08:35:44] [INFO] [支撑位跌破警报-71000] CHECK_START
  {}
[2026-03-05 08:35:48] [INFO] [支撑位跌破警报-71000] CHECK_PASSED
  {}
[2026-03-05 08:35:51] [INFO] [压力位突破警报-75000] CHECK_PASSED
  {}
[2026-03-05 08:40:44] [INFO] [压力位突破警报-75000] CHECK_START
  {}
[2026-03-05 08:40:44] [INFO] [支撑位跌破警报-71000] CHECK_START
  {}
[2026-03-05 08:40:46] [INFO] [压力位突破警报-75000] CHECK_PASSED
  {}
[2026-03-05 08:40:49] [INFO] [支撑位跌破警报-71000] CHECK_PASSED
  {}
[2026-03-05 08:45:45] [INFO] [压力位突破警报-75000] CHECK_START
  {}
[2026-03-05 08:45:45] [INFO] [支撑位跌破警报-71000] CHECK_START
  {}
[2026-03-05 08:45:46] [INFO] [支撑位跌破警报-71000] CHECK_PASSED
  {}
[2026-03-05 08:45:47] [INFO] [压力位突破警报-75000] CHECK_PASSED
  {}
[2026-03-05 08:50:45] [INFO] [压力位突破警报-75000] CHECK_START
  {}
[2026-03-05 08:50:45] [INFO] [支撑位跌破警报-71000] CHECK_START
  {}
[2026-03-05 08:50:47] [INFO] [支撑位跌破警报-71000] CHECK_PASSED
  {}
[2026-03-05 08:50:52] [INFO] [压力位突破警报-75000] CHECK_PASSED
  {}
[2026-03-05 08:55:45] [INFO] [压力位突破警报-75000] CHECK_START
  {}
[2026-03-05 08:55:45] [INFO] [支撑位跌破警报-71000] CHECK_START
  {}
[2026-03-05 08:55:49] [INFO] [压力位突破警报-75000] CHECK_PASSED
  {}
[2026-03-05 08:55:53] [INFO] [支撑位跌破警报-71000] CHECK_PASSED
  {}
[2026-03-05 09:00:46] [INFO] [压力位突破警报-75000] CHECK_START
  {}
[2026-03-05 09:00:46] [INFO] [支撑位跌破警报-71000] CHECK_START
  {}
[2026-03-05 09:00:48] [INFO] [支撑位跌破警报-71000] CHECK_PASSED
  {}
[2026-03-05 09:00:51] [INFO] [压力位突破警报-75000] CHECK_PASSED
  {}
[2026-03-05 09:05:46] [INFO] [压力位突破警报-75000] CHECK_START
  {}
[2026-03-05 09:05:46] [INFO] [支撑位跌破警报-71000] CHECK_START
  {}
[2026-03-05 09:05:49] [INFO] [支撑位跌破警报-71000] CHECK_PASSED
  {}
[2026-03-05 09:05:49] [INFO] [压力位突破警报-75000] CHECK_PASSED
  {}
[2026-03-05 09:10:47] [INFO] [压力位突破警报-75000] CHECK_START
  {}
[2026-03-05 09:10:47] [INFO] [支撑位跌破警报-71000] CHECK_START
  {}
[2026-03-05 09:10:48] [INFO] [支撑位跌破警报-71000] CHECK_PASSED
  {}
[2026-03-05 09:10:51] [INFO] [压力位突破警报-75000] CHECK_PASSED
  {}
[2026-03-05 09:15:47] [INFO] [压力位突破警报-75000] CHECK_START
  {}
[2026-03-05 09:15:47] [INFO] [支撑位跌破警报-71000] CHECK_START
  {}
[2026-03-05 09:15:49] [INFO] [支撑位跌破警报-71000] CHECK_PASSED
  {}
[2026-03-05 09:15:52] [INFO] [压力位突破警报-75000] CHECK_PASSED
  {}
[2026-03-05 09:20:48] [INFO] [压力位突破警报-75000] CHECK_START
  {}
[2026-03-05 09:20:48] [INFO] [支撑位跌破警报-71000] CHECK_START
  {}
[2026-03-05 09:20:49] [INFO] [支撑位跌破警报-71000] CHECK_PASSED
  {}
[2026-03-05 09:20:53] [INFO] [压力位突破警报-75000] CHECK_PASSED
  {}
[2026-03-05 09:25:48] [INFO] [压力位突破警报-75000] CHECK_START
  {}
[2026-03-05 09:25:48] [INFO] [支撑位跌破警报-71000] CHECK_START
  {}
[2026-03-05 09:25:50] [INFO] [压力位突破警报-75000] CHECK_PASSED
  {}
[2026-03-05 09:25:52] [INFO] [支撑位跌破警报-71000] CHECK_PASSED
  {}
[2026-03-05 09:30:48] [INFO] [压力位突破警报-75000] CHECK_START
  {}
[2026-03-05 09:30:48] [INFO] [支撑位跌破警报-71000] CHECK_START
  {}
[2026-03-05 09:30:51] [INFO] [压力位突破警报-75000] CHECK_PASSED
  {}
[2026-03-05 09:30:51] [INFO] [支撑位跌破警报-71000] CHECK_PASSED
  {}
[2026-03-05 09:35:49] [INFO] [压力位突破警报-75000] CHECK_START
  {}
[2026-03-05 09:35:49] [INFO] [支撑位跌破警报-71000] CHECK_START
  {}
[2026-03-05 09:35:51] [INFO] [压力位突破警报-75000] CHECK_PASSED
  {}
[2026-03-05 09:35:52] [INFO] [支撑位跌破警报-71000] CHECK_PASSED
  {}
[2026-03-05 09:40:49] [INFO] [压力位突破警报-75000] CHECK_START
  {}
[2026-03-05 09:40:49] [INFO] [支撑位跌破警报-71000] CHECK_START
  {}
[2026-03-05 09:40:51] [INFO] [压力位突破警报-75000] CHECK_PASSED
  {}
[2026-03-05 09:40:53] [INFO] [支撑位跌破警报-71000] CHECK_PASSED
  {}
[2026-03-05 09:45:50] [INFO] [压力位突破警报-75000] CHECK_START
  {}
[2026-03-05 09:45:50] [INFO] [支撑位跌破警报-71000] CHECK_START
  {}
[2026-03-05 09:45:51] [INFO] [压力位突破警报-75000] CHECK_PASSED
  {}
[2026-03-05 09:45:56] [INFO] [支撑位跌破警报-71000] CHECK_PASSED
  {}
[2026-03-05 09:50:50] [INFO] [压力位突破警报-75000] CHECK_START
  {}
[2026-03-05 09:50:50] [INFO] [支撑位跌破警报-71000] CHECK_START
  {}
[2026-03-05 09:50:52] [INFO] [压力位突破警报-75000] CHECK_PASSED
  {}
[2026-03-05 09:50:55] [INFO] [支撑位跌破警报-71000] CHECK_PASSED
  {}
[2026-03-05 09:55:51] [INFO] [压力位突破警报-75000] CHECK_START
  {}
[2026-03-05 09:55:51] [INFO] [支撑位跌破警报-71000] CHECK_START
  {}
[2026-03-05 09:55:55] [INFO] [支撑位跌破警报-71000] CHECK_PASSED
  {}
[2026-03-05 09:55:56] [INFO] [压力位突破警报-75000] CHECK_PASSED
  {}
[2026-03-05 10:00:51] [INFO] [压力位突破警报-75000] CHECK_START
  {}
[2026-03-05 10:00:51] [INFO] [支撑位跌破警报-71000] CHECK_START
  {}
[2026-03-05 10:00:54] [INFO] [支撑位跌破警报-71000] CHECK_PASSED
  {}
[2026-03-05 10:00:54] [INFO] [压力位突破警报-75000] CHECK_PASSED
  {}
[2026-03-05 10:05:52] [INFO] [压力位突破警报-75000] CHECK_START
  {}
[2026-03-05 10:05:52] [INFO] [支撑位跌破警报-71000] CHECK_START
  {}
[2026-03-05 10:05:54] [INFO] [支撑位跌破警报-71000] CHECK_PASSED
  {}
[2026-03-05 10:05:55] [INFO] [压力位突破警报-75000] CHECK_PASSED
  {}
[2026-03-05 10:10:52] [INFO] [压力位突破警报-75000] CHECK_START
  {}
[2026-03-05 10:10:52] [INFO] [支撑位跌破警报-71000] CHECK_START
  {}
[2026-03-05 10:10:54] [INFO] [压力位突破警报-75000] CHECK_PASSED
  {}
[2026-03-05 10:10:55] [INFO] [支撑位跌破警报-71000] CHECK_PASSED
  {}
[2026-03-05 10:15:53] [INFO] [压力位突破警报-75000] CHECK_START
  {}
[2026-03-05 10:15:53] [INFO] [支撑位跌破警报-71000] CHECK_START
  {}
[2026-03-05 10:15:55] [INFO] [压力位突破警报-75000] CHECK_PASSED
  {}
[2026-03-05 10:15:56] [INFO] [支撑位跌破警报-71000] CHECK_PASSED
  {}
[2026-03-05 10:20:53] [INFO] [压力位突破警报-75000] CHECK_START
  {}
[2026-03-05 10:20:53] [INFO] [支撑位跌破警报-71000] CHECK_START
  {}
[2026-03-05 10:20:55] [INFO] [压力位突破警报-75000] CHECK_PASSED
  {}
[2026-03-05 10:20:59] [INFO] [支撑位跌破警报-71000] CHECK_PASSED
  {}
[2026-03-05 10:25:54] [INFO] [压力位突破警报-75000] CHECK_START
  {}
[2026-03-05 10:25:54] [INFO] [支撑位跌破警报-71000] CHECK_START
  {}
[2026-03-05 10:25:57] [INFO] [支撑位跌破警报-71000] CHECK_PASSED
  {}
[2026-03-05 10:26:00] [INFO] [压力位突破警报-75000] CHECK_PASSED
  {}
[2026-03-05 10:30:54] [INFO] [压力位突破警报-75000] CHECK_START
  {}
[2026-03-05 10:30:54] [INFO] [支撑位跌破警报-71000] CHECK_START
  {}
[2026-03-05 10:30:57] [INFO] [压力位突破警报-75000] CHECK_PASSED
  {}
[2026-03-05 10:30:57] [INFO] [支撑位跌破警报-71000] CHECK_PASSED
  {}
[2026-03-05 10:35:55] [INFO] [压力位突破警报-75000] CHECK_START
  {}
[2026-03-05 10:35:55] [INFO] [支撑位跌破警报-71000] CHECK_START
  {}
[2026-03-05 10:35:57] [INFO] [支撑位跌破警报-71000] CHECK_PASSED
  {}
[2026-03-05 10:35:59] [INFO] [压力位突破警报-75000] CHECK_PASSED
  {}
[2026-03-05 10:40:55] [INFO] [压力位突破警报-75000] CHECK_START
  {}
[2026-03-05 10:40:55] [INFO] [支撑位跌破警报-71000] CHECK_START
  {}
[2026-03-05 10:40:59] [INFO] [支撑位跌破警报-71000] CHECK_PASSED
  {}
[2026-03-05 10:41:00] [INFO] [压力位突破警报-75000] CHECK_PASSED
  {}
[2026-03-05 10:45:56] [INFO] [压力位突破警报-75000] CHECK_START
  {}
[2026-03-05 10:45:56] [INFO] [支撑位跌破警报-71000] CHECK_START
  {}
[2026-03-05 10:45:57] [INFO] [支撑位跌破警报-71000] CHECK_PASSED
  {}
[2026-03-05 10:45:59] [INFO] [压力位突破警报-75000] CHECK_PASSED
  {}
[2026-03-05 10:50:56] [INFO] [压力位突破警报-75000] CHECK_START
  {}
[2026-03-05 10:50:56] [INFO] [支撑位跌破警报-71000] CHECK_START
  {}
[2026-03-05 10:51:00] [INFO] [支撑位跌破警报-71000] CHECK_PASSED
  {}
[2026-03-05 10:51:04] [INFO] [压力位突破警报-75000] CHECK_PASSED
  {}
[2026-03-05 10:55:56] [INFO] [压力位突破警报-75000] CHECK_START
  {}
[2026-03-05 10:55:56] [INFO] [支撑位跌破警报-71000] CHECK_START
  {}
[2026-03-05 10:55:58] [INFO] [支撑位跌破警报-71000] CHECK_PASSED
  {}
[2026-03-05 10:56:19] [INFO] [压力位突破警报-75000] CHECK_PASSED
  {}
[2026-03-05 11:00:57] [INFO] [压力位突破警报-75000] CHECK_START
  {}
[2026-03-05 11:00:57] [INFO] [支撑位跌破警报-71000] CHECK_START
  {}
[2026-03-05 11:01:01] [INFO] [支撑位跌破警报-71000] CHECK_PASSED
  {}
[2026-03-05 11:01:01] [INFO] [压力位突破警报-75000] CHECK_PASSED
  {}
[2026-03-05 11:05:58] [INFO] [压力位突破警报-75000] CHECK_START
  {}
[2026-03-05 11:05:58] [INFO] [支撑位跌破警报-71000] CHECK_START
  {}
[2026-03-05 11:05:59] [INFO] [支撑位跌破警报-71000] CHECK_PASSED
  {}
[2026-03-05 11:06:01] [INFO] [压力位突破警报-75000] CHECK_PASSED
  {}
[2026-03-05 11:10:58] [INFO] [压力位突破警报-75000] CHECK_START
  {}
[2026-03-05 11:10:58] [INFO] [支撑位跌破警报-71000] CHECK_START
  {}
[2026-03-05 11:11:00] [INFO] [压力位突破警报-75000] CHECK_PASSED
  {}
[2026-03-05 11:11:01] [INFO] [支撑位跌破警报-71000] CHECK_PASSED
  {}
[2026-03-05 11:15:59] [INFO] [压力位突破警报-75000] CHECK_START
  {}
[2026-03-05 11:15:59] [INFO] [支撑位跌破警报-71000] CHECK_START
  {}
[2026-03-05 11:16:00] [INFO] [压力位突破警报-75000] CHECK_PASSED
  {}
[2026-03-05 11:16:06] [INFO] [支撑位跌破警报-71000] CHECK_PASSED
  {}
[2026-03-05 11:20:59] [INFO] [压力位突破警报-75000] CHECK_START
  {}
[2026-03-05 11:20:59] [INFO] [支撑位跌破警报-71000] CHECK_START
  {}
[2026-03-05 11:21:03] [INFO] [压力位突破警报-75000] CHECK_PASSED
  {}
[2026-03-05 11:21:04] [INFO] [支撑位跌破警报-71000] CHECK_PASSED
  {}
[2026-03-05 11:26:00] [INFO] [压力位突破警报-75000] CHECK_START
  {}
[2026-03-05 11:26:00] [INFO] [支撑位跌破警报-71000] CHECK_START
  {}
[2026-03-05 11:26:03] [INFO] [支撑位跌破警报-71000] CHECK_PASSED
  {}
[2026-03-05 11:26:07] [INFO] [压力位突破警报-75000] CHECK_PASSED
  {}
[2026-03-05 11:31:00] [INFO] [压力位突破警报-75000] CHECK_START
  {}
[2026-03-05 11:31:00] [INFO] [支撑位跌破警报-71000] CHECK_START
  {}
[2026-03-05 11:31:04] [INFO] [支撑位跌破警报-71000] CHECK_PASSED
  {}
[2026-03-05 11:31:08] [INFO] [压力位突破警报-75000] CHECK_PASSED
  {}
[2026-03-05 11:36:01] [INFO] [压力位突破警报-75000] CHECK_START
  {}
[2026-03-05 11:36:01] [INFO] [支撑位跌破警报-71000] CHECK_START
  {}
[2026-03-05 11:36:05] [INFO] [压力位突破警报-75000] CHECK_PASSED
  {}
[2026-03-05 11:36:07] [INFO] [支撑位跌破警报-71000] CHECK_PASSED
  {}
[2026-03-05 11:41:01] [INFO] [压力位突破警报-75000] CHECK_START
  {}
[2026-03-05 11:41:01] [INFO] [支撑位跌破警报-71000] CHECK_START
  {}
[2026-03-05 11:41:04] [INFO] [压力位突破警报-75000] CHECK_PASSED
  {}
[2026-03-05 11:41:05] [INFO] [支撑位跌破警报-71000] CHECK_PASSED
  {}
[2026-03-05 11:46:02] [INFO] [压力位突破警报-75000] CHECK_START
  {}
[2026-03-05 11:46:02] [INFO] [支撑位跌破警报-71000] CHECK_START
  {}
[2026-03-05 11:46:05] [INFO] [压力位突破警报-75000] CHECK_PASSED
  {}
[2026-03-05 11:46:17] [INFO] [支撑位跌破警报-71000] CHECK_PASSED
  {}
[2026-03-05 11:51:02] [INFO] [压力位突破警报-75000] CHECK_START
  {}
[2026-03-05 11:51:02] [INFO] [支撑位跌破警报-71000] CHECK_START
  {}
[2026-03-05 11:51:04] [INFO] [支撑位跌破警报-71000] CHECK_PASSED
  {}
[2026-03-05 11:51:08] [INFO] [压力位突破警报-75000] CHECK_PASSED
  {}
[2026-03-05 11:56:03] [INFO] [压力位突破警报-75000] CHECK_START
  {}
[2026-03-05 11:56:03] [INFO] [支撑位跌破警报-71000] CHECK_START
  {}
[2026-03-05 11:56:12] [INFO] [压力位突破警报-75000] CHECK_PASSED
  {}
[2026-03-05 11:56:19] [INFO] [支撑位跌破警报-71000] CHECK_PASSED
  {}
[2026-03-05 12:01:03] [INFO] [压力位突破警报-75000] CHECK_START
  {}
[2026-03-05 12:01:03] [INFO] [支撑位跌破警报-71000] CHECK_START
  {}
[2026-03-05 12:01:08] [INFO] [支撑位跌破警报-71000] CHECK_PASSED
  {}
[2026-03-05 12:01:09] [INFO] [压力位突破警报-75000] CHECK_PASSED
  {}
[2026-03-05 12:06:04] [INFO] [压力位突破警报-75000] CHECK_START
  {}
[2026-03-05 12:06:04] [INFO] [支撑位跌破警报-71000] CHECK_START
  {}
[2026-03-05 12:06:06] [INFO] [支撑位跌破警报-71000] CHECK_PASSED
  {}
[2026-03-05 12:06:12] [INFO] [压力位突破警报-75000] CHECK_PASSED
  {}
[2026-03-05 12:11:05] [INFO] [压力位突破警报-75000] CHECK_START
  {}
[2026-03-05 12:11:05] [INFO] [支撑位跌破警报-71000] CHECK_START
  {}
[2026-03-05 12:11:07] [INFO] [支撑位跌破警报-71000] CHECK_PASSED
  {}
[2026-03-05 12:11:36] [INFO] [压力位突破警报-75000] CHECK_PASSED
  {}
[2026-03-05 12:16:05] [INFO] [压力位突破警报-75000] CHECK_START
  {}
[2026-03-05 12:16:05] [INFO] [支撑位跌破警报-71000] CHECK_START
  {}
[2026-03-05 12:16:07] [INFO] [支撑位跌破警报-71000] CHECK_PASSED
  {}
[2026-03-05 12:16:19] [INFO] [压力位突破警报-75000] CHECK_PASSED
  {}
[2026-03-05 12:21:06] [INFO] [压力位突破警报-75000] CHECK_START
  {}
[2026-03-05 12:21:06] [INFO] [支撑位跌破警报-71000] CHECK_START
  {}
[2026-03-05 12:21:07] [INFO] [支撑位跌破警报-71000] CHECK_PASSED
  {}
[2026-03-05 12:21:13] [INFO] [压力位突破警报-75000] CHECK_PASSED
  {}
[2026-03-05 12:26:06] [INFO] [压力位突破警报-75000] CHECK_START
  {}
[2026-03-05 12:26:06] [INFO] [支撑位跌破警报-71000] CHECK_START
  {}
[2026-03-05 12:26:08] [INFO] [支撑位跌破警报-71000] CHECK_PASSED
  {}
[2026-03-05 12:26:08] [INFO] [压力位突破警报-75000] CHECK_PASSED
  {}
[2026-03-05 12:31:07] [INFO] [压力位突破警报-75000] CHECK_START
  {}
[2026-03-05 12:31:07] [INFO] [支撑位跌破警报-71000] CHECK_START
  {}
[2026-03-05 12:31:09] [INFO] [支撑位跌破警报-71000] CHECK_PASSED
  {}
[2026-03-05 12:31:17] [INFO] [压力位突破警报-75000] CHECK_PASSED
  {}
[2026-03-05 12:36:07] [INFO] [压力位突破警报-75000] CHECK_START
  {}
[2026-03-05 12:36:07] [INFO] [支撑位跌破警报-71000] CHECK_START
  {}
[2026-03-05 12:36:11] [INFO] [支撑位跌破警报-71000] CHECK_PASSED
  {}
[2026-03-05 12:36:20] [INFO] [压力位突破警报-75000] CHECK_PASSED
  {}
[2026-03-05 12:41:07] [INFO] [压力位突破警报-75000] CHECK_START
  {}
[2026-03-05 12:41:07] [INFO] [支撑位跌破警报-71000] CHECK_START
  {}
[2026-03-05 12:41:09] [INFO] [支撑位跌破警报-71000] CHECK_PASSED
  {}
[2026-03-05 12:41:18] [INFO] [压力位突破警报-75000] CHECK_PASSED
  {}
[2026-03-05 12:46:08] [INFO] [压力位突破警报-75000] CHECK_START
  {}
[2026-03-05 12:46:08] [INFO] [支撑位跌破警报-71000] CHECK_START
  {}
[2026-03-05 12:46:10] [INFO] [压力位突破警报-75000] CHECK_PASSED
  {}
[2026-03-05 12:46:18] [INFO] [支撑位跌破警报-71000] CHECK_PASSED
  {}
[2026-03-05 12:51:08] [INFO] [压力位突破警报-75000] CHECK_START
  {}
[2026-03-05 12:51:08] [INFO] [支撑位跌破警报-71000] CHECK_START
  {}
[2026-03-05 12:51:14] [INFO] [压力位突破警报-75000] CHECK_PASSED
  {}
[2026-03-05 12:51:17] [INFO] [支撑位跌破警报-71000] CHECK_PASSED
  {}
[2026-03-05 12:56:09] [INFO] [压力位突破警报-75000] CHECK_START
  {}
[2026-03-05 12:56:09] [INFO] [支撑位跌破警报-71000] CHECK_START
  {}
[2026-03-05 12:56:15] [INFO] [压力位突破警报-75000] CHECK_PASSED
  {}
[2026-03-05 12:56:25] [INFO] [支撑位跌破警报-71000] CHECK_PASSED
  {}
[2026-03-05 13:01:09] [INFO] [压力位突破警报-75000] CHECK_START
  {}
[2026-03-05 13:01:09] [INFO] [支撑位跌破警报-71000] CHECK_START
  {}
[2026-03-05 13:01:11] [INFO] [压力位突破警报-75000] CHECK_PASSED
  {}
[2026-03-05 13:01:15] [INFO] [支撑位跌破警报-71000] CHECK_PASSED
  {}
[2026-03-05 13:06:10] [INFO] [压力位突破警报-75000] CHECK_START
  {}
[2026-03-05 13:06:10] [INFO] [支撑位跌破警报-71000] CHECK_START
  {}
[2026-03-05 13:06:13] [INFO] [支撑位跌破警报-71000] CHECK_PASSED
  {}
[2026-03-05 13:06:20] [INFO] [压力位突破警报-75000] CHECK_PASSED
  {}
[2026-03-05 13:11:11] [INFO] [压力位突破警报-75000] CHECK_START
  {}
[2026-03-05 13:11:11] [INFO] [支撑位跌破警报-71000] CHECK_START
  {}
[2026-03-05 13:11:13] [INFO] [压力位突破警报-75000] CHECK_PASSED
  {}
[2026-03-05 13:11:17] [INFO] [支撑位跌破警报-71000] CHECK_PASSED
  {}
[2026-03-05 13:16:11] [INFO] [压力位突破警报-75000] CHECK_START
  {}
[2026-03-05 13:16:11] [INFO] [支撑位跌破警报-71000] CHECK_START
  {}
[2026-03-05 13:16:18] [INFO] [支撑位跌破警报-71000] CHECK_PASSED
  {}
[2026-03-05 13:16:24] [INFO] [压力位突破警报-75000] CHECK_PASSED
  {}
[2026-03-05 13:21:12] [INFO] [压力位突破警报-75000] CHECK_START
  {}
[2026-03-05 13:21:12] [INFO] [支撑位跌破警报-71000] CHECK_START
  {}
[2026-03-05 13:21:16] [INFO] [压力位突破警报-75000] CHECK_PASSED
  {}
[2026-03-05 13:21:19] [INFO] [支撑位跌破警报-71000] CHECK_PASSED
  {}
[2026-03-05 13:26:12] [INFO] [压力位突破警报-75000] CHECK_START
  {}
[2026-03-05 13:26:12] [INFO] [支撑位跌破警报-71000] CHECK_START
  {}
[2026-03-05 13:26:16] [INFO] [支撑位跌破警报-71000] CHECK_PASSED
  {}
[2026-03-05 13:26:18] [INFO] [压力位突破警报-75000] CHECK_PASSED
  {}
[2026-03-05 13:31:13] [INFO] [压力位突破警报-75000] CHECK_START
  {}
[2026-03-05 13:31:13] [INFO] [支撑位跌破警报-71000] CHECK_START
  {}
[2026-03-05 13:31:21] [INFO] [支撑位跌破警报-71000] CHECK_PASSED
  {}
[2026-03-05 13:31:26] [INFO] [压力位突破警报-75000] CHECK_PASSED
  {}
[2026-03-05 13:36:14] [INFO] [压力位突破警报-75000] CHECK_START
  {}
[2026-03-05 13:36:14] [INFO] [支撑位跌破警报-71000] CHECK_START
  {}
[2026-03-05 13:36:28] [INFO] [支撑位跌破警报-71000] CHECK_PASSED
  {}
[2026-03-05 13:36:28] [INFO] [压力位突破警报-75000] CHECK_PASSED
  {}
[2026-03-05 13:41:15] [INFO] [压力位突破警报-75000] CHECK_START
  {}
[2026-03-05 13:41:15] [INFO] [支撑位跌破警报-71000] CHECK_START
  {}
[2026-03-05 13:41:23] [INFO] [支撑位跌破警报-71000] CHECK_PASSED
  {}
[2026-03-05 13:41:26] [INFO] [压力位突破警报-75000] CHECK_PASSED
  {}
[2026-03-05 13:46:15] [INFO] [压力位突破警报-75000] CHECK_START
  {}
[2026-03-05 13:46:15] [INFO] [支撑位跌破警报-71000] CHECK_START
  {}
[2026-03-05 13:46:17] [INFO] [支撑位跌破警报-71000] CHECK_PASSED
  {}
[2026-03-05 13:46:17] [INFO] [压力位突破警报-75000] CHECK_PASSED
  {}
[2026-03-05 13:51:16] [INFO] [压力位突破警报-75000] CHECK_START
  {}
[2026-03-05 13:51:16] [INFO] [支撑位跌破警报-71000] CHECK_START
  {}
[2026-03-05 13:51:19] [INFO] [支撑位跌破警报-71000] CHECK_PASSED
  {}
[2026-03-05 13:51:23] [INFO] [压力位突破警报-75000] CHECK_PASSED
  {}
[2026-03-05 13:56:16] [INFO] [压力位突破警报-75000] CHECK_START
  {}
[2026-03-05 13:56:16] [INFO] [支撑位跌破警报-71000] CHECK_START
  {}
[2026-03-05 13:56:21] [INFO] [压力位突破警报-75000] CHECK_PASSED
  {}
[2026-03-05 13:56:23] [INFO] [支撑位跌破警报-71000] CHECK_PASSED
  {}
[2026-03-05 14:01:17] [INFO] [压力位突破警报-75000] CHECK_START
  {}
[2026-03-05 14:01:17] [INFO] [支撑位跌破警报-71000] CHECK_START
  {}
[2026-03-05 14:01:21] [INFO] [压力位突破警报-75000] CHECK_PASSED
  {}
[2026-03-05 14:01:32] [INFO] [支撑位跌破警报-71000] CHECK_PASSED
  {}
[2026-03-05 14:06:18] [INFO] [压力位突破警报-75000] CHECK_START
  {}
[2026-03-05 14:06:18] [INFO] [支撑位跌破警报-71000] CHECK_START
  {}
[2026-03-05 14:06:26] [INFO] [压力位突破警报-75000] CHECK_PASSED
  {}
[2026-03-05 14:06:37] [INFO] [支撑位跌破警报-71000] CHECK_PASSED
  {}
[2026-03-05 14:11:18] [INFO] [压力位突破警报-75000] CHECK_START
  {}
[2026-03-05 14:11:18] [INFO] [支撑位跌破警报-71000] CHECK_START
  {}
[2026-03-05 14:11:22] [INFO] [压力位突破警报-75000] CHECK_PASSED
  {}
[2026-03-05 14:11:28] [INFO] [支撑位跌破警报-71000] CHECK_PASSED
  {}
[2026-03-05 14:16:19] [INFO] [压力位突破警报-75000] CHECK_START
  {}
[2026-03-05 14:16:19] [INFO] [支撑位跌破警报-71000] CHECK_START
  {}
[2026-03-05 14:16:27] [INFO] [支撑位跌破警报-71000] CHECK_PASSED
  {}
[2026-03-05 14:16:33] [INFO] [压力位突破警报-75000] CHECK_PASSED
  {}
[2026-03-05 14:21:19] [INFO] [压力位突破警报-75000] CHECK_START
  {}
[2026-03-05 14:21:19] [INFO] [支撑位跌破警报-71000] CHECK_START
  {}
[2026-03-05 14:21:27] [INFO] [支撑位跌破警报-71000] CHECK_PASSED
  {}
[2026-03-05 14:21:34] [INFO] [压力位突破警报-75000] CHECK_PASSED
  {}
[2026-03-05 14:26:20] [INFO] [压力位突破警报-75000] CHECK_START
  {}
[2026-03-05 14:26:20] [INFO] [支撑位跌破警报-71000] CHECK_START
  {}
[2026-03-05 14:26:28] [INFO] [压力位突破警报-75000] CHECK_PASSED
  {}
[2026-03-05 14:26:33] [INFO] [支撑位跌破警报-71000] CHECK_PASSED
  {}
[2026-03-05 14:31:21] [INFO] [压力位突破警报-75000] CHECK_START
  {}
[2026-03-05 14:31:21] [INFO] [支撑位跌破警报-71000] CHECK_START
  {}
[2026-03-05 14:31:28] [INFO] [支撑位跌破警报-71000] CHECK_PASSED
  {}
[2026-03-05 14:31:30] [INFO] [压力位突破警报-75000] CHECK_PASSED
  {}
[2026-03-05 14:36:21] [INFO] [压力位突破警报-75000] CHECK_START
  {}
[2026-03-05 14:36:21] [INFO] [支撑位跌破警报-71000] CHECK_START
  {}
[2026-03-05 14:36:31] [INFO] [支撑位跌破警报-71000] CHECK_PASSED
  {}
[2026-03-05 14:36:39] [INFO] [压力位突破警报-75000] CHECK_PASSED
  {}
[2026-03-05 14:41:22] [INFO] [压力位突破警报-75000] CHECK_START
  {}
[2026-03-05 14:41:22] [INFO] [支撑位跌破警报-71000] CHECK_START
  {}
[2026-03-05 14:41:28] [INFO] [压力位突破警报-75000] CHECK_PASSED
  {}
[2026-03-05 14:41:32] [INFO] [支撑位跌破警报-71000] CHECK_PASSED
  {}
[2026-03-05 14:46:23] [INFO] [压力位突破警报-75000] CHECK_START
  {}
[2026-03-05 14:46:23] [INFO] [支撑位跌破警报-71000] CHECK_START
  {}
[2026-03-05 14:46:33] [INFO] [支撑位跌破警报-71000] CHECK_PASSED
  {}
[2026-03-05 14:46:44] [INFO] [压力位突破警报-75000] CHECK_PASSED
  {}
[2026-03-05 14:51:24] [INFO] [压力位突破警报-75000] CHECK_START
  {}
[2026-03-05 14:51:24] [INFO] [支撑位跌破警报-71000] CHECK_START
  {}
[2026-03-05 14:51:28] [INFO] [支撑位跌破警报-71000] CHECK_PASSED
  {}
[2026-03-05 14:51:41] [INFO] [压力位突破警报-75000] CHECK_PASSED
  {}
[2026-03-05 14:56:24] [INFO] [压力位突破警报-75000] CHECK_START
  {}
[2026-03-05 14:56:24] [INFO] [支撑位跌破警报-71000] CHECK_START
  {}
[2026-03-05 14:56:28] [INFO] [压力位突破警报-75000] CHECK_PASSED
  {}
[2026-03-05 14:56:31] [INFO] [支撑位跌破警报-71000] CHECK_PASSED
  {}
[2026-03-05 15:01:25] [INFO] [压力位突破警报-75000] CHECK_START
  {}
[2026-03-05 15:01:25] [INFO] [支撑位跌破警报-71000] CHECK_START
  {}
[2026-03-05 15:01:35] [INFO] [支撑位跌破警报-71000] CHECK_PASSED
  {}
[2026-03-05 15:01:40] [INFO] [压力位突破警报-75000] CHECK_PASSED
  {}
[2026-03-05 15:06:25] [INFO] [压力位突破警报-75000] CHECK_START
  {}
[2026-03-05 15:06:25] [INFO] [支撑位跌破警报-71000] CHECK_START
  {}
[2026-03-05 15:06:27] [INFO] [支撑位跌破警报-71000] CHECK_PASSED
  {}
[2026-03-05 15:06:38] [INFO] [压力位突破警报-75000] CHECK_PASSED
  {}
[2026-03-05 15:11:26] [INFO] [压力位突破警报-75000] CHECK_START
  {}
[2026-03-05 15:11:26] [INFO] [支撑位跌破警报-71000] CHECK_START
  {}
[2026-03-05 15:11:51] [INFO] [支撑位跌破警报-71000] CHECK_PASSED
  {}
[2026-03-05 15:11:58] [INFO] [压力位突破警报-75000] CHECK_PASSED
  {}
[2026-03-05 15:16:27] [INFO] [压力位突破警报-75000] CHECK_START
  {}
[2026-03-05 15:16:27] [INFO] [支撑位跌破警报-71000] CHECK_START
  {}
[2026-03-05 15:16:31] [INFO] [压力位突破警报-75000] CHECK_PASSED
  {}
[2026-03-05 15:16:37] [INFO] [支撑位跌破警报-71000] CHECK_PASSED
  {}
[2026-03-05 15:21:27] [INFO] [压力位突破警报-75000] CHECK_START
  {}
[2026-03-05 15:21:27] [INFO] [支撑位跌破警报-71000] CHECK_START
  {}
[2026-03-05 15:21:31] [INFO] [支撑位跌破警报-71000] CHECK_PASSED
  {}
[2026-03-05 15:21:31] [INFO] [压力位突破警报-75000] CHECK_PASSED
  {}
[2026-03-05 15:26:28] [INFO] [压力位突破警报-75000] CHECK_START
  {}
[2026-03-05 15:26:28] [INFO] [支撑位跌破警报-71000] CHECK_START
  {}
[2026-03-05 15:26:35] [INFO] [支撑位跌破警报-71000] CHECK_PASSED
  {}
[2026-03-05 15:26:51] [INFO] [压力位突破警报-75000] CHECK_PASSED
  {}
[2026-03-05 15:31:28] [INFO] [压力位突破警报-75000] CHECK_START
  {}
[2026-03-05 15:31:28] [INFO] [支撑位跌破警报-71000] CHECK_START
  {}
[2026-03-05 15:31:33] [INFO] [支撑位跌破警报-71000] CHECK_PASSED
  {}
[2026-03-05 15:31:36] [INFO] [压力位突破警报-75000] CHECK_PASSED
  {}
[2026-03-05 15:36:29] [INFO] [压力位突破警报-75000] CHECK_START
  {}
[2026-03-05 15:36:29] [INFO] [支撑位跌破警报-71000] CHECK_START
  {}
[2026-03-05 15:36:36] [INFO] [支撑位跌破警报-71000] CHECK_PASSED
  {}
[2026-03-05 15:36:41] [INFO] [压力位突破警报-75000] CHECK_PASSED
  {}
[2026-03-05 15:41:30] [INFO] [压力位突破警报-75000] CHECK_START
  {}
[2026-03-05 15:41:30] [INFO] [支撑位跌破警报-71000] CHECK_START
  {}
[2026-03-05 15:41:34] [INFO] [压力位突破警报-75000] CHECK_PASSED
  {}
[2026-03-05 15:41:42] [INFO] [支撑位跌破警报-71000] CHECK_PASSED
  {}
[2026-03-05 15:46:31] [INFO] [压力位突破警报-75000] CHECK_START
  {}
[2026-03-05 15:46:31] [INFO] [支撑位跌破警报-71000] CHECK_START
  {}
[2026-03-05 15:46:36] [INFO] [支撑位跌破警报-71000] CHECK_PASSED
  {}
[2026-03-05 15:46:46] [INFO] [压力位突破警报-75000] CHECK_PASSED
  {}
[2026-03-05 15:51:31] [INFO] [压力位突破警报-75000] CHECK_START
  {}
[2026-03-05 15:51:31] [INFO] [支撑位跌破警报-71000] CHECK_START
  {}
[2026-03-05 15:51:34] [INFO] [压力位突破警报-75000] CHECK_PASSED
  {}
[2026-03-05 15:51:38] [INFO] [支撑位跌破警报-71000] CHECK_PASSED
  {}
[2026-03-05 15:56:32] [INFO] [压力位突破警报-75000] CHECK_START
  {}
[2026-03-05 15:56:32] [INFO] [支撑位跌破警报-71000] CHECK_START
  {}
[2026-03-05 15:56:37] [INFO] [压力位突破警报-75000] CHECK_PASSED
  {}
[2026-03-05 15:56:37] [INFO] [支撑位跌破警报-71000] CHECK_PASSED
  {}
[2026-03-05 16:01:33] [INFO] [压力位突破警报-75000] CHECK_START
  {}
[2026-03-05 16:01:33] [INFO] [支撑位跌破警报-71000] CHECK_START
  {}
[2026-03-05 16:01:38] [INFO] [支撑位跌破警报-71000] CHECK_PASSED
  {}
[2026-03-05 16:01:50] [INFO] [压力位突破警报-75000] CHECK_PASSED
  {}
[2026-03-05 16:06:34] [INFO] [压力位突破警报-75000] CHECK_START
  {}
[2026-03-05 16:06:34] [INFO] [支撑位跌破警报-71000] CHECK_START
  {}
[2026-03-05 16:06:39] [INFO] [压力位突破警报-75000] CHECK_PASSED
  {}
[2026-03-05 16:06:49] [INFO] [支撑位跌破警报-71000] CHECK_PASSED
  {}
[2026-03-05 16:11:35] [INFO] [压力位突破警报-75000] CHECK_START
  {}
[2026-03-05 16:11:35] [INFO] [支撑位跌破警报-71000] CHECK_START
  {}
[2026-03-05 16:11:41] [INFO] [压力位突破警报-75000] CHECK_PASSED
  {}
[2026-03-05 16:11:47] [INFO] [支撑位跌破警报-71000] TRIGGERED
  {}
[2026-03-05 16:11:59] [INFO] [支撑位跌破警报-71000] DATA_COLLECTED
  {"dataKeys":["alertTime","currentPrice","priceChange","volume24h","fearGreedIndex","klines15m","triggerPrice","alertType"]}
[2026-03-05 16:11:59] [INFO] [支撑位跌破警报-71000] TRIGGER_COMPLETED
  {}
[2026-03-05 16:16:35] [INFO] [压力位突破警报-75000] CHECK_START
  {}
[2026-03-05 16:16:35] [INFO] [压力位突破警报-75000] CHECK_PASSED
  {}
[2026-03-05 16:16:35] [INFO] [支撑位跌破警报-71000] CHECK_START
  {}
[2026-03-05 16:16:35] [INFO] [支撑位跌破警报-71000] CHECK_PASSED
  {}
[2026-03-05 16:21:36] [INFO] [压力位突破警报-75000] CHECK_START
  {}
[2026-03-05 16:21:36] [INFO] [压力位突破警报-75000] CHECK_PASSED
  {}
[2026-03-05 16:21:36] [INFO] [支撑位跌破警报-71000] CHECK_START
  {}
[2026-03-05 16:21:36] [INFO] [支撑位跌破警报-71000] CHECK_PASSED
  {}
[2026-03-05 16:26:37] [INFO] [压力位突破警报-75000] CHECK_START
  {}
[2026-03-05 16:26:37] [INFO] [压力位突破警报-75000] CHECK_PASSED
  {}
[2026-03-05 16:26:37] [INFO] [支撑位跌破警报-71000] CHECK_START
  {}
[2026-03-05 16:26:37] [INFO] [支撑位跌破警报-71000] CHECK_PASSED
  {}
[2026-03-05 16:31:37] [INFO] [压力位突破警报-75000] CHECK_START
  {}
[2026-03-05 16:31:37] [INFO] [压力位突破警报-75000] CHECK_PASSED
  {}
[2026-03-05 16:31:37] [INFO] [支撑位跌破警报-71000] CHECK_START
  {}
[2026-03-05 16:31:37] [INFO] [支撑位跌破警报-71000] CHECK_PASSED
  {}
[2026-03-05 16:36:38] [INFO] [压力位突破警报-75000] CHECK_START
  {}
[2026-03-05 16:36:38] [INFO] [压力位突破警报-75000] CHECK_PASSED
  {}
[2026-03-05 16:36:38] [INFO] [支撑位跌破警报-71000] CHECK_START
  {}
[2026-03-05 16:36:38] [INFO] [支撑位跌破警报-71000] CHECK_PASSED
  {}
[2026-03-05 16:41:39] [INFO] [压力位突破警报-75000] CHECK_START
  {}
[2026-03-05 16:41:39] [INFO] [压力位突破警报-75000] CHECK_PASSED
  {}
[2026-03-05 16:41:39] [INFO] [支撑位跌破警报-71000] CHECK_START
  {}
[2026-03-05 16:41:39] [INFO] [支撑位跌破警报-71000] CHECK_PASSED
  {}
[2026-03-05 16:46:41] [INFO] [压力位突破警报-75000] CHECK_START
  {}
[2026-03-05 16:46:41] [INFO] [压力位突破警报-75000] CHECK_PASSED
  {}
[2026-03-05 16:46:41] [INFO] [支撑位跌破警报-71000] CHECK_START
  {}
[2026-03-05 16:46:41] [INFO] [支撑位跌破警报-71000] CHECK_PASSED
  {}
[2026-03-05 16:51:42] [INFO] [压力位突破警报-75000] CHECK_START
  {}
[2026-03-05 16:51:42] [INFO] [压力位突破警报-75000] CHECK_PASSED
  {}
[2026-03-05 16:51:42] [INFO] [支撑位跌破警报-71000] CHECK_START
  {}
[2026-03-05 16:51:42] [INFO] [支撑位跌破警报-71000] CHECK_PASSED
  {}
[2026-03-05 16:56:42] [INFO] [压力位突破警报-75000] CHECK_START
  {}
[2026-03-05 16:56:42] [INFO] [压力位突破警报-75000] CHECK_PASSED
  {}
[2026-03-05 16:56:42] [INFO] [支撑位跌破警报-71000] CHECK_START
  {}
[2026-03-05 16:56:42] [INFO] [支撑位跌破警报-71000] CHECK_PASSED
  {}
[2026-03-05 17:01:44] [INFO] [压力位突破警报-75000] CHECK_START
  {}
[2026-03-05 17:01:44] [INFO] [压力位突破警报-75000] CHECK_PASSED
  {}
[2026-03-05 17:01:44] [INFO] [支撑位跌破警报-71000] CHECK_START
  {}
[2026-03-05 17:01:44] [INFO] [支撑位跌破警报-71000] CHECK_PASSED
  {}
[2026-03-05 17:06:45] [INFO] [压力位突破警报-75000] CHECK_START
  {}
[2026-03-05 17:06:45] [INFO] [压力位突破警报-75000] CHECK_PASSED
  {}
[2026-03-05 17:06:45] [INFO] [支撑位跌破警报-71000] CHECK_START
  {}
[2026-03-05 17:06:45] [INFO] [支撑位跌破警报-71000] CHECK_PASSED
  {}
[2026-03-05 17:11:46] [INFO] [压力位突破警报-75000] CHECK_START
  {}
[2026-03-05 17:11:46] [INFO] [压力位突破警报-75000] CHECK_PASSED
  {}
[2026-03-05 17:11:46] [INFO] [支撑位跌破警报-71000] CHECK_START
  {}
[2026-03-05 17:11:46] [INFO] [支撑位跌破警报-71000] CHECK_PASSED
  {}
[2026-03-05 17:16:47] [INFO] [压力位突破警报-75000] CHECK_START
  {}
[2026-03-05 17:16:47] [INFO] [支撑位跌破警报-71000] CHECK_START
  {}
[2026-03-05 17:16:50] [INFO] [压力位突破警报-75000] CHECK_PASSED
  {}
[2026-03-05 17:16:50] [INFO] [支撑位跌破警报-71000] CHECK_PASSED
  {}
[2026-03-05 17:21:49] [INFO] [压力位突破警报-75000] CHECK_START
  {}
[2026-03-05 17:21:49] [INFO] [支撑位跌破警报-71000] CHECK_START
  {}
[2026-03-05 17:21:51] [INFO] [压力位突破警报-75000] CHECK_PASSED
  {}
[2026-03-05 17:21:53] [INFO] [支撑位跌破警报-71000] TRIGGERED
  {}
[2026-03-05 17:21:58] [INFO] [支撑位跌破警报-71000] DATA_COLLECTED
  {"dataKeys":["alertTime","currentPrice","priceChange","volume24h","fearGreedIndex","klines15m","triggerPrice","alertType"]}
[2026-03-05 17:21:58] [INFO] [支撑位跌破警报-71000] TRIGGER_COMPLETED
  {}
[2026-03-05 17:25:50] [INFO] [压力位突破警报-75000] 检测到规则文件已不存在
  {"path":"/root/.openclaw/workspace-july/skills/btc-alert/rules/2026-03-05-resistance-75000.js"}
[2026-03-05 17:25:50] [INFO] [压力位突破警报-75000] RULE_UNLOADED
  {"reason":"file_removed"}
[2026-03-05 17:25:50] [INFO] [支撑位跌破警报-71000] 检测到规则文件已不存在
  {"path":"/root/.openclaw/workspace-july/skills/btc-alert/rules/2026-03-05-support-71000.js"}
[2026-03-05 17:25:50] [INFO] [支撑位跌破警报-71000] RULE_UNLOADED
  {"reason":"file_removed"}
[2026-03-06 08:27:36] [INFO] [Engine] 引擎关闭 (SIGINT)
[2026-03-06 08:27:37] [INFO] [Engine] 引擎启动
  {"rulesDir":"/root/.openclaw/workspace-july/skills/btc-alert/rules","archiveDir":"/root/.openclaw/workspace-july/skills/btc-alert/rules-archive","logFile":"/root/.openclaw/workspace-july/logs/alert-engine.log"}
[2026-03-06 08:27:37] [INFO] [阻力位突破警报-72000] TIMER_STARTED
  {"interval":"300s","file":"2026-03-06-resistance-72000.js"}
[2026-03-06 08:27:37] [INFO] [阻力位突破警报-72000] CHECK_START
  {}
[2026-03-06 08:27:37] [INFO] [心理支撑跌破警报-70000] TIMER_STARTED
  {"interval":"300s","file":"2026-03-06-support-70000.js"}
[2026-03-06 08:27:37] [INFO] [心理支撑跌破警报-70000] CHECK_START
  {}
[2026-03-06 08:27:37] [INFO] [关键支撑跌破警报-EMA7] TIMER_STARTED
  {"interval":"300s","file":"2026-03-06-support-ema7.js"}
[2026-03-06 08:27:37] [INFO] [关键支撑跌破警报-EMA7] CHECK_START
  {}
[2026-03-06 08:27:37] [INFO] [Engine] 规则加载完成
  {"count":3}
[2026-03-06 08:27:38] [INFO] [心理支撑跌破警报-70000] CHECK_PASSED
  {}
[2026-03-06 08:27:38] [INFO] [阻力位突破警报-72000] CHECK_PASSED
  {}
[2026-03-06 08:27:40] [INFO] [关键支撑跌破警报-EMA7] CHECK_PASSED
  {}
[2026-03-06 08:32:45] [INFO] [阻力位突破警报-72000] CHECK_START
  {}
[2026-03-06 08:32:45] [INFO] [心理支撑跌破警报-70000] CHECK_START
  {}
[2026-03-06 08:32:45] [INFO] [关键支撑跌破警报-EMA7] CHECK_START
  {}
[2026-03-06 08:32:47] [INFO] [关键支撑跌破警报-EMA7] CHECK_PASSED
  {}
[2026-03-06 08:32:48] [INFO] [阻力位突破警报-72000] CHECK_PASSED
  {}
[2026-03-06 08:32:54] [INFO] [心理支撑跌破警报-70000] CHECK_PASSED
  {}
[2026-03-06 08:37:54] [INFO] [阻力位突破警报-72000] CHECK_START
  {}
[2026-03-06 08:37:54] [INFO] [心理支撑跌破警报-70000] CHECK_START
  {}
[2026-03-06 08:37:54] [INFO] [关键支撑跌破警报-EMA7] CHECK_START
  {}
[2026-03-06 08:37:55] [INFO] [关键支撑跌破警报-EMA7] CHECK_PASSED
  {}
[2026-03-06 08:37:56] [INFO] [心理支撑跌破警报-70000] CHECK_PASSED
  {}
[2026-03-06 08:38:05] [INFO] [阻力位突破警报-72000] CHECK_PASSED
  {}
[2026-03-06 08:43:02] [INFO] [阻力位突破警报-72000] CHECK_START
  {}
[2026-03-06 08:43:02] [INFO] [心理支撑跌破警报-70000] CHECK_START
  {}
[2026-03-06 08:43:02] [INFO] [关键支撑跌破警报-EMA7] CHECK_START
  {}
[2026-03-06 08:43:06] [INFO] [关键支撑跌破警报-EMA7] CHECK_PASSED
  {}
[2026-03-06 08:43:07] [INFO] [阻力位突破警报-72000] CHECK_PASSED
  {}
[2026-03-06 08:43:11] [INFO] [心理支撑跌破警报-70000] CHECK_PASSED
  {}
[2026-03-06 08:48:11] [INFO] [阻力位突破警报-72000] CHECK_START
  {}
[2026-03-06 08:48:11] [INFO] [心理支撑跌破警报-70000] CHECK_START
  {}
[2026-03-06 08:48:11] [INFO] [关键支撑跌破警报-EMA7] CHECK_START
  {}
[2026-03-06 08:48:12] [INFO] [关键支撑跌破警报-EMA7] CHECK_PASSED
  {}
[2026-03-06 08:48:12] [INFO] [阻力位突破警报-72000] CHECK_PASSED
  {}
[2026-03-06 08:48:13] [INFO] [心理支撑跌破警报-70000] CHECK_PASSED
  {}
[2026-03-06 08:48:37] [INFO] [Engine] 引擎关闭 (SIGINT)
[2026-03-06 16:48:39] [INFO] [Engine] 引擎启动
  {"rulesDir":"/root/.openclaw/workspace-july/skills/btc-alert/rules","archiveDir":"/root/.openclaw/workspace-july/skills/btc-alert/rules-archive","logFile":"/root/.openclaw/workspace-july/logs/alert-engine.log"}
[2026-03-06 16:48:39] [INFO] [阻力位突破警报-72000] TIMER_STARTED
  {"interval":"300s","file":"2026-03-06-resistance-72000.js"}
[2026-03-06 16:48:39] [INFO] [阻力位突破警报-72000] CHECK_START
  {}
[2026-03-06 16:48:39] [INFO] [心理支撑跌破警报-70000] TIMER_STARTED
  {"interval":"300s","file":"2026-03-06-support-70000.js"}
[2026-03-06 16:48:39] [INFO] [心理支撑跌破警报-70000] CHECK_START
  {}
[2026-03-06 16:48:39] [INFO] [关键支撑跌破警报-EMA7] TIMER_STARTED
  {"interval":"300s","file":"2026-03-06-support-ema7.js"}
[2026-03-06 16:48:39] [INFO] [关键支撑跌破警报-EMA7] CHECK_START
  {}
[2026-03-06 16:48:39] [INFO] [Engine] 规则加载完成
  {"count":3}
[2026-03-06 16:48:41] [INFO] [关键支撑跌破警报-EMA7] CHECK_PASSED
  {}
[2026-03-06 16:48:41] [INFO] [心理支撑跌破警报-70000] CHECK_PASSED
  {}
[2026-03-06 16:49:18] [INFO] [阻力位突破警报-72000] CHECK_PASSED
  {}
[2026-03-06 16:53:47] [INFO] [阻力位突破警报-72000] CHECK_START
  {}
[2026-03-06 16:53:47] [INFO] [心理支撑跌破警报-70000] CHECK_START
  {}
[2026-03-06 16:53:47] [INFO] [关键支撑跌破警报-EMA7] CHECK_START
  {}
[2026-03-06 16:53:50] [INFO] [心理支撑跌破警报-70000] CHECK_PASSED
  {}
[2026-03-06 16:53:50] [INFO] [阻力位突破警报-72000] CHECK_PASSED
  {}
[2026-03-06 16:53:52] [INFO] [关键支撑跌破警报-EMA7] CHECK_PASSED
  {}
[2026-03-06 16:58:56] [INFO] [阻力位突破警报-72000] CHECK_START
  {}
[2026-03-06 16:58:56] [INFO] [心理支撑跌破警报-70000] CHECK_START
  {}
[2026-03-06 16:58:56] [INFO] [关键支撑跌破警报-EMA7] CHECK_START
  {}
[2026-03-06 16:58:59] [INFO] [关键支撑跌破警报-EMA7] CHECK_PASSED
  {}
[2026-03-06 16:58:59] [INFO] [阻力位突破警报-72000] CHECK_PASSED
  {}
[2026-03-06 16:59:00] [INFO] [心理支撑跌破警报-70000] CHECK_PASSED
  {}
[2026-03-06 17:04:05] [INFO] [阻力位突破警报-72000] CHECK_START
  {}
[2026-03-06 17:04:05] [INFO] [心理支撑跌破警报-70000] CHECK_START
  {}
[2026-03-06 17:04:05] [INFO] [关键支撑跌破警报-EMA7] CHECK_START
  {}
[2026-03-06 17:04:07] [INFO] [心理支撑跌破警报-70000] CHECK_PASSED
  {}
[2026-03-06 17:04:07] [INFO] [阻力位突破警报-72000] CHECK_PASSED
  {}
[2026-03-06 17:04:08] [INFO] [关键支撑跌破警报-EMA7] CHECK_PASSED
  {}
[2026-03-06 17:09:13] [INFO] [阻力位突破警报-72000] CHECK_START
  {}
[2026-03-06 17:09:13] [INFO] [心理支撑跌破警报-70000] CHECK_START
  {}
[2026-03-06 17:09:14] [INFO] [关键支撑跌破警报-EMA7] CHECK_START
  {}
[2026-03-06 17:09:17] [INFO] [阻力位突破警报-72000] CHECK_PASSED
  {}
[2026-03-06 17:09:18] [INFO] [关键支撑跌破警报-EMA7] CHECK_PASSED
  {}
[2026-03-06 17:09:19] [INFO] [心理支撑跌破警报-70000] CHECK_PASSED
  {}
[2026-03-06 17:14:22] [INFO] [阻力位突破警报-72000] CHECK_START
  {}
[2026-03-06 17:14:22] [INFO] [心理支撑跌破警报-70000] CHECK_START
  {}
[2026-03-06 17:14:22] [INFO] [关键支撑跌破警报-EMA7] CHECK_START
  {}
[2026-03-06 17:14:24] [INFO] [阻力位突破警报-72000] CHECK_PASSED
  {}
[2026-03-06 17:14:25] [INFO] [关键支撑跌破警报-EMA7] CHECK_PASSED
  {}
[2026-03-06 17:14:26] [INFO] [心理支撑跌破警报-70000] CHECK_PASSED
  {}
[2026-03-06 17:19:31] [INFO] [阻力位突破警报-72000] CHECK_START
  {}
[2026-03-06 17:19:31] [INFO] [心理支撑跌破警报-70000] CHECK_START
  {}
[2026-03-06 17:19:31] [INFO] [关键支撑跌破警报-EMA7] CHECK_START
  {}
[2026-03-06 17:19:32] [INFO] [心理支撑跌破警报-70000] CHECK_PASSED
  {}
[2026-03-06 17:19:33] [INFO] [阻力位突破警报-72000] CHECK_PASSED
  {}
[2026-03-06 17:19:33] [INFO] [关键支撑跌破警报-EMA7] CHECK_PASSED
  {}
[2026-03-06 17:24:40] [INFO] [阻力位突破警报-72000] CHECK_START
  {}
[2026-03-06 17:24:40] [INFO] [心理支撑跌破警报-70000] CHECK_START
  {}
[2026-03-06 17:24:40] [INFO] [关键支撑跌破警报-EMA7] CHECK_START
  {}
[2026-03-06 17:24:44] [INFO] [阻力位突破警报-72000] CHECK_PASSED
  {}
[2026-03-06 17:24:45] [INFO] [心理支撑跌破警报-70000] CHECK_PASSED
  {}
[2026-03-06 17:24:48] [INFO] [关键支撑跌破警报-EMA7] CHECK_PASSED
  {}
[2026-03-06 17:29:48] [INFO] [阻力位突破警报-72000] CHECK_START
  {}
[2026-03-06 17:29:48] [INFO] [心理支撑跌破警报-70000] CHECK_START
  {}
[2026-03-06 17:29:48] [INFO] [关键支撑跌破警报-EMA7] CHECK_START
  {}
[2026-03-06 17:29:50] [INFO] [阻力位突破警报-72000] CHECK_PASSED
  {}
[2026-03-06 17:29:51] [INFO] [心理支撑跌破警报-70000] CHECK_PASSED
  {}
[2026-03-06 17:29:51] [INFO] [关键支撑跌破警报-EMA7] CHECK_PASSED
  {}
[2026-03-06 17:34:57] [INFO] [阻力位突破警报-72000] CHECK_START
  {}
[2026-03-06 17:34:57] [INFO] [心理支撑跌破警报-70000] CHECK_START
  {}
[2026-03-06 17:34:57] [INFO] [关键支撑跌破警报-EMA7] CHECK_START
  {}
[2026-03-06 17:34:58] [INFO] [阻力位突破警报-72000] CHECK_PASSED
  {}
[2026-03-06 17:35:00] [INFO] [心理支撑跌破警报-70000] CHECK_PASSED
  {}
[2026-03-06 17:35:00] [INFO] [关键支撑跌破警报-EMA7] CHECK_PASSED
  {}
[2026-03-06 17:40:06] [INFO] [阻力位突破警报-72000] CHECK_START
  {}
[2026-03-06 17:40:06] [INFO] [心理支撑跌破警报-70000] CHECK_START
  {}
[2026-03-06 17:40:06] [INFO] [关键支撑跌破警报-EMA7] CHECK_START
  {}
[2026-03-06 17:40:07] [INFO] [心理支撑跌破警报-70000] CHECK_PASSED
  {}
[2026-03-06 17:40:08] [INFO] [阻力位突破警报-72000] CHECK_PASSED
  {}
[2026-03-06 17:40:11] [INFO] [关键支撑跌破警报-EMA7] CHECK_PASSED
  {}
[2026-03-06 17:45:15] [INFO] [阻力位突破警报-72000] CHECK_START
  {}
[2026-03-06 17:45:15] [INFO] [心理支撑跌破警报-70000] CHECK_START
  {}
[2026-03-06 17:45:15] [INFO] [关键支撑跌破警报-EMA7] CHECK_START
  {}
[2026-03-06 17:45:17] [INFO] [心理支撑跌破警报-70000] CHECK_PASSED
  {}
[2026-03-06 17:45:21] [INFO] [阻力位突破警报-72000] CHECK_PASSED
  {}
[2026-03-06 17:45:23] [INFO] [关键支撑跌破警报-EMA7] CHECK_PASSED
  {}
[2026-03-06 17:50:24] [INFO] [阻力位突破警报-72000] CHECK_START
  {}
[2026-03-06 17:50:24] [INFO] [心理支撑跌破警报-70000] CHECK_START
  {}
[2026-03-06 17:50:24] [INFO] [关键支撑跌破警报-EMA7] CHECK_START
  {}
[2026-03-06 17:50:26] [INFO] [阻力位突破警报-72000] CHECK_PASSED
  {}
[2026-03-06 17:50:26] [INFO] [关键支撑跌破警报-EMA7] CHECK_PASSED
  {}
[2026-03-06 17:50:28] [INFO] [心理支撑跌破警报-70000] CHECK_PASSED
  {}
[2026-03-06 17:55:33] [INFO] [阻力位突破警报-72000] CHECK_START
  {}
[2026-03-06 17:55:33] [INFO] [心理支撑跌破警报-70000] CHECK_START
  {}
[2026-03-06 17:55:33] [INFO] [关键支撑跌破警报-EMA7] CHECK_START
  {}
[2026-03-06 17:55:35] [INFO] [关键支撑跌破警报-EMA7] CHECK_PASSED
  {}
[2026-03-06 17:55:35] [INFO] [阻力位突破警报-72000] CHECK_PASSED
  {}
[2026-03-06 17:55:35] [INFO] [心理支撑跌破警报-70000] CHECK_PASSED
  {}
[2026-03-06 18:00:43] [INFO] [阻力位突破警报-72000] CHECK_START
  {}
[2026-03-06 18:00:43] [INFO] [心理支撑跌破警报-70000] CHECK_START
  {}
[2026-03-06 18:00:43] [INFO] [关键支撑跌破警报-EMA7] CHECK_START
  {}
[2026-03-06 18:00:44] [INFO] [心理支撑跌破警报-70000] CHECK_PASSED
  {}
[2026-03-06 18:00:44] [INFO] [关键支撑跌破警报-EMA7] CHECK_PASSED
  {}
[2026-03-06 18:00:45] [INFO] [阻力位突破警报-72000] CHECK_PASSED
  {}
[2026-03-06 18:05:52] [INFO] [阻力位突破警报-72000] CHECK_START
  {}
[2026-03-06 18:05:52] [INFO] [心理支撑跌破警报-70000] CHECK_START
  {}
[2026-03-06 18:05:52] [INFO] [关键支撑跌破警报-EMA7] CHECK_START
  {}
[2026-03-06 18:05:54] [INFO] [心理支撑跌破警报-70000] CHECK_PASSED
  {}
[2026-03-06 18:05:55] [INFO] [阻力位突破警报-72000] CHECK_PASSED
  {}
[2026-03-06 18:05:56] [INFO] [关键支撑跌破警报-EMA7] CHECK_PASSED
  {}
[2026-03-06 18:11:01] [INFO] [阻力位突破警报-72000] CHECK_START
  {}
[2026-03-06 18:11:01] [INFO] [心理支撑跌破警报-70000] CHECK_START
  {}
[2026-03-06 18:11:01] [INFO] [关键支撑跌破警报-EMA7] CHECK_START
  {}
[2026-03-06 18:11:02] [INFO] [心理支撑跌破警报-70000] CHECK_PASSED
  {}
[2026-03-06 18:11:03] [INFO] [阻力位突破警报-72000] CHECK_PASSED
  {}
[2026-03-06 18:11:04] [INFO] [关键支撑跌破警报-EMA7] CHECK_PASSED
  {}
[2026-03-06 18:16:10] [INFO] [阻力位突破警报-72000] CHECK_START
  {}
[2026-03-06 18:16:10] [INFO] [心理支撑跌破警报-70000] CHECK_START
  {}
[2026-03-06 18:16:10] [INFO] [关键支撑跌破警报-EMA7] CHECK_START
  {}
[2026-03-06 18:16:12] [INFO] [阻力位突破警报-72000] CHECK_PASSED
  {}
[2026-03-06 18:16:13] [INFO] [心理支撑跌破警报-70000] CHECK_PASSED
  {}
[2026-03-06 18:16:14] [INFO] [关键支撑跌破警报-EMA7] CHECK_PASSED
  {}
[2026-03-06 18:21:19] [INFO] [阻力位突破警报-72000] CHECK_START
  {}
[2026-03-06 18:21:19] [INFO] [心理支撑跌破警报-70000] CHECK_START
  {}
[2026-03-06 18:21:19] [INFO] [关键支撑跌破警报-EMA7] CHECK_START
  {}
[2026-03-06 18:21:22] [INFO] [关键支撑跌破警报-EMA7] CHECK_PASSED
  {}
[2026-03-06 18:21:24] [INFO] [阻力位突破警报-72000] CHECK_PASSED
  {}
[2026-03-06 18:21:28] [INFO] [心理支撑跌破警报-70000] CHECK_PASSED
  {}
[2026-03-06 18:26:29] [INFO] [阻力位突破警报-72000] CHECK_START
  {}
[2026-03-06 18:26:29] [INFO] [心理支撑跌破警报-70000] CHECK_START
  {}
[2026-03-06 18:26:29] [INFO] [关键支撑跌破警报-EMA7] CHECK_START
  {}
[2026-03-06 18:26:31] [INFO] [心理支撑跌破警报-70000] CHECK_PASSED
  {}
[2026-03-06 18:26:31] [INFO] [关键支撑跌破警报-EMA7] CHECK_PASSED
  {}
[2026-03-06 18:26:37] [INFO] [阻力位突破警报-72000] CHECK_PASSED
  {}
[2026-03-06 18:31:38] [INFO] [阻力位突破警报-72000] CHECK_START
  {}
[2026-03-06 18:31:38] [INFO] [心理支撑跌破警报-70000] CHECK_START
  {}
[2026-03-06 18:31:38] [INFO] [关键支撑跌破警报-EMA7] CHECK_START
  {}
[2026-03-06 18:31:40] [INFO] [关键支撑跌破警报-EMA7] CHECK_PASSED
  {}
[2026-03-06 18:31:41] [INFO] [心理支撑跌破警报-70000] CHECK_PASSED
  {}
[2026-03-06 18:31:42] [INFO] [阻力位突破警报-72000] CHECK_PASSED
  {}
[2026-03-06 18:36:47] [INFO] [阻力位突破警报-72000] CHECK_START
  {}
[2026-03-06 18:36:47] [INFO] [心理支撑跌破警报-70000] CHECK_START
  {}
[2026-03-06 18:36:47] [INFO] [关键支撑跌破警报-EMA7] CHECK_START
  {}
[2026-03-06 18:36:49] [INFO] [阻力位突破警报-72000] CHECK_PASSED
  {}
[2026-03-06 18:36:50] [INFO] [关键支撑跌破警报-EMA7] CHECK_PASSED
  {}
[2026-03-06 18:36:52] [INFO] [心理支撑跌破警报-70000] CHECK_PASSED
  {}
[2026-03-06 18:41:56] [INFO] [阻力位突破警报-72000] CHECK_START
  {}
[2026-03-06 18:41:56] [INFO] [心理支撑跌破警报-70000] CHECK_START
  {}
[2026-03-06 18:41:56] [INFO] [关键支撑跌破警报-EMA7] CHECK_START
  {}
[2026-03-06 18:41:59] [INFO] [心理支撑跌破警报-70000] CHECK_PASSED
  {}
[2026-03-06 18:42:00] [INFO] [关键支撑跌破警报-EMA7] CHECK_PASSED
  {}
[2026-03-06 18:42:08] [INFO] [阻力位突破警报-72000] CHECK_PASSED
  {}
[2026-03-06 18:47:05] [INFO] [阻力位突破警报-72000] CHECK_START
  {}
[2026-03-06 18:47:05] [INFO] [心理支撑跌破警报-70000] CHECK_START
  {}
[2026-03-06 18:47:05] [INFO] [关键支撑跌破警报-EMA7] CHECK_START
  {}
[2026-03-06 18:47:07] [INFO] [关键支撑跌破警报-EMA7] CHECK_PASSED
  {}
[2026-03-06 18:47:07] [INFO] [阻力位突破警报-72000] CHECK_PASSED
  {}
[2026-03-06 18:47:08] [INFO] [心理支撑跌破警报-70000] CHECK_PASSED
  {}
[2026-03-06 18:52:14] [INFO] [阻力位突破警报-72000] CHECK_START
  {}
[2026-03-06 18:52:14] [INFO] [心理支撑跌破警报-70000] CHECK_START
  {}
[2026-03-06 18:52:14] [INFO] [关键支撑跌破警报-EMA7] CHECK_START
  {}
[2026-03-06 18:52:16] [INFO] [阻力位突破警报-72000] CHECK_PASSED
  {}
[2026-03-06 18:52:19] [INFO] [心理支撑跌破警报-70000] CHECK_PASSED
  {}
[2026-03-06 18:52:34] [INFO] [关键支撑跌破警报-EMA7] CHECK_PASSED
  {}
[2026-03-06 18:57:24] [INFO] [阻力位突破警报-72000] CHECK_START
  {}
[2026-03-06 18:57:24] [INFO] [心理支撑跌破警报-70000] CHECK_START
  {}
[2026-03-06 18:57:24] [INFO] [关键支撑跌破警报-EMA7] CHECK_START
  {}
[2026-03-06 18:57:25] [INFO] [阻力位突破警报-72000] CHECK_PASSED
  {}
[2026-03-06 18:57:26] [INFO] [心理支撑跌破警报-70000] CHECK_PASSED
  {}
[2026-03-06 18:57:27] [INFO] [关键支撑跌破警报-EMA7] CHECK_PASSED
  {}
[2026-03-06 19:02:33] [INFO] [阻力位突破警报-72000] CHECK_START
  {}
[2026-03-06 19:02:33] [INFO] [心理支撑跌破警报-70000] CHECK_START
  {}
[2026-03-06 19:02:33] [INFO] [关键支撑跌破警报-EMA7] CHECK_START
  {}
[2026-03-06 19:02:35] [INFO] [阻力位突破警报-72000] CHECK_PASSED
  {}
[2026-03-06 19:02:36] [INFO] [心理支撑跌破警报-70000] CHECK_PASSED
  {}
[2026-03-06 19:02:38] [INFO] [关键支撑跌破警报-EMA7] CHECK_PASSED
  {}
[2026-03-06 19:07:42] [INFO] [阻力位突破警报-72000] CHECK_START
  {}
[2026-03-06 19:07:42] [INFO] [心理支撑跌破警报-70000] CHECK_START
  {}
[2026-03-06 19:07:42] [INFO] [关键支撑跌破警报-EMA7] CHECK_START
  {}
[2026-03-06 19:07:44] [INFO] [阻力位突破警报-72000] CHECK_PASSED
  {}
[2026-03-06 19:07:45] [INFO] [关键支撑跌破警报-EMA7] CHECK_PASSED
  {}
[2026-03-06 19:07:47] [INFO] [心理支撑跌破警报-70000] CHECK_PASSED
  {}
[2026-03-06 19:12:52] [INFO] [阻力位突破警报-72000] CHECK_START
  {}
[2026-03-06 19:12:52] [INFO] [心理支撑跌破警报-70000] CHECK_START
  {}
[2026-03-06 19:12:52] [INFO] [关键支撑跌破警报-EMA7] CHECK_START
  {}
[2026-03-06 19:12:53] [INFO] [关键支撑跌破警报-EMA7] CHECK_PASSED
  {}
[2026-03-06 19:12:53] [INFO] [阻力位突破警报-72000] CHECK_PASSED
  {}
[2026-03-06 19:12:54] [INFO] [心理支撑跌破警报-70000] CHECK_PASSED
  {}
[2026-03-06 19:18:00] [INFO] [阻力位突破警报-72000] CHECK_START
  {}
[2026-03-06 19:18:00] [INFO] [心理支撑跌破警报-70000] CHECK_START
  {}
[2026-03-06 19:18:00] [INFO] [关键支撑跌破警报-EMA7] CHECK_START
  {}
[2026-03-06 19:18:03] [INFO] [关键支撑跌破警报-EMA7] CHECK_PASSED
  {}
[2026-03-06 19:18:04] [INFO] [阻力位突破警报-72000] CHECK_PASSED
  {}
[2026-03-06 19:18:06] [INFO] [心理支撑跌破警报-70000] CHECK_PASSED
  {}
[2026-03-06 19:23:10] [INFO] [阻力位突破警报-72000] CHECK_START
  {}
[2026-03-06 19:23:10] [INFO] [心理支撑跌破警报-70000] CHECK_START
  {}
[2026-03-06 19:23:10] [INFO] [关键支撑跌破警报-EMA7] CHECK_START
  {}
[2026-03-06 19:23:15] [INFO] [阻力位突破警报-72000] CHECK_PASSED
  {}
[2026-03-06 19:23:19] [INFO] [关键支撑跌破警报-EMA7] CHECK_PASSED
  {}
[2026-03-06 19:23:19] [INFO] [心理支撑跌破警报-70000] CHECK_PASSED
  {}
[2026-03-06 19:28:19] [INFO] [阻力位突破警报-72000] CHECK_START
  {}
[2026-03-06 19:28:19] [INFO] [心理支撑跌破警报-70000] CHECK_START
  {}
[2026-03-06 19:28:19] [INFO] [关键支撑跌破警报-EMA7] CHECK_START
  {}
[2026-03-06 19:28:24] [INFO] [关键支撑跌破警报-EMA7] CHECK_PASSED
  {}
[2026-03-06 19:28:27] [INFO] [心理支撑跌破警报-70000] CHECK_PASSED
  {}
[2026-03-06 19:28:31] [INFO] [阻力位突破警报-72000] CHECK_PASSED
  {}
[2026-03-06 19:33:28] [INFO] [阻力位突破警报-72000] CHECK_START
  {}
[2026-03-06 19:33:28] [INFO] [心理支撑跌破警报-70000] CHECK_START
  {}
[2026-03-06 19:33:28] [INFO] [关键支撑跌破警报-EMA7] CHECK_START
  {}
[2026-03-06 19:33:30] [INFO] [心理支撑跌破警报-70000] CHECK_PASSED
  {}
[2026-03-06 19:33:30] [INFO] [阻力位突破警报-72000] CHECK_PASSED
  {}
[2026-03-06 19:33:30] [INFO] [关键支撑跌破警报-EMA7] CHECK_PASSED
  {}
[2026-03-06 19:38:37] [INFO] [阻力位突破警报-72000] CHECK_START
  {}
[2026-03-06 19:38:37] [INFO] [心理支撑跌破警报-70000] CHECK_START
  {}
[2026-03-06 19:38:37] [INFO] [关键支撑跌破警报-EMA7] CHECK_START
  {}
[2026-03-06 19:38:39] [INFO] [阻力位突破警报-72000] CHECK_PASSED
  {}
[2026-03-06 19:38:41] [INFO] [心理支撑跌破警报-70000] CHECK_PASSED
  {}
[2026-03-06 19:38:42] [INFO] [关键支撑跌破警报-EMA7] CHECK_PASSED
  {}
[2026-03-06 19:43:47] [INFO] [阻力位突破警报-72000] CHECK_START
  {}
[2026-03-06 19:43:47] [INFO] [心理支撑跌破警报-70000] CHECK_START
  {}
[2026-03-06 19:43:47] [INFO] [关键支撑跌破警报-EMA7] CHECK_START
  {}
[2026-03-06 19:43:53] [INFO] [心理支撑跌破警报-70000] CHECK_PASSED
  {}
[2026-03-06 19:43:55] [INFO] [关键支撑跌破警报-EMA7] CHECK_PASSED
  {}
[2026-03-06 19:44:01] [INFO] [阻力位突破警报-72000] CHECK_PASSED
  {}
[2026-03-06 19:48:56] [INFO] [阻力位突破警报-72000] CHECK_START
  {}
[2026-03-06 19:48:56] [INFO] [心理支撑跌破警报-70000] CHECK_START
  {}
[2026-03-06 19:48:56] [INFO] [关键支撑跌破警报-EMA7] CHECK_START
  {}
[2026-03-06 19:48:58] [INFO] [阻力位突破警报-72000] CHECK_PASSED
  {}
[2026-03-06 19:48:59] [INFO] [心理支撑跌破警报-70000] CHECK_PASSED
  {}
[2026-03-06 19:49:01] [INFO] [关键支撑跌破警报-EMA7] CHECK_PASSED
  {}
[2026-03-06 19:54:05] [INFO] [阻力位突破警报-72000] CHECK_START
  {}
[2026-03-06 19:54:05] [INFO] [心理支撑跌破警报-70000] CHECK_START
  {}
[2026-03-06 19:54:05] [INFO] [关键支撑跌破警报-EMA7] CHECK_START
  {}
[2026-03-06 19:54:08] [INFO] [阻力位突破警报-72000] CHECK_PASSED
  {}
[2026-03-06 19:54:11] [INFO] [心理支撑跌破警报-70000] CHECK_PASSED
  {}
[2026-03-06 19:54:15] [INFO] [关键支撑跌破警报-EMA7] CHECK_PASSED
  {}
[2026-03-06 19:59:15] [INFO] [阻力位突破警报-72000] CHECK_START
  {}
[2026-03-06 19:59:15] [INFO] [心理支撑跌破警报-70000] CHECK_START
  {}
[2026-03-06 19:59:15] [INFO] [关键支撑跌破警报-EMA7] CHECK_START
  {}
[2026-03-06 19:59:19] [INFO] [阻力位突破警报-72000] CHECK_PASSED
  {}
[2026-03-06 19:59:20] [INFO] [关键支撑跌破警报-EMA7] CHECK_PASSED
  {}
[2026-03-06 19:59:27] [INFO] [心理支撑跌破警报-70000] CHECK_PASSED
  {}
[2026-03-06 20:04:25] [INFO] [阻力位突破警报-72000] CHECK_START
  {}
[2026-03-06 20:04:25] [INFO] [心理支撑跌破警报-70000] CHECK_START
  {}
[2026-03-06 20:04:25] [INFO] [关键支撑跌破警报-EMA7] CHECK_START
  {}
[2026-03-06 20:04:26] [INFO] [关键支撑跌破警报-EMA7] CHECK_PASSED
  {}
[2026-03-06 20:04:30] [INFO] [阻力位突破警报-72000] CHECK_PASSED
  {}
[2026-03-06 20:04:49] [INFO] [心理支撑跌破警报-70000] CHECK_PASSED
  {}
[2026-03-06 20:09:33] [INFO] [阻力位突破警报-72000] CHECK_START
  {}
[2026-03-06 20:09:33] [INFO] [心理支撑跌破警报-70000] CHECK_START
  {}
[2026-03-06 20:09:33] [INFO] [关键支撑跌破警报-EMA7] CHECK_START
  {}
[2026-03-06 20:09:43] [INFO] [心理支撑跌破警报-70000] TRIGGERED
  {}
[2026-03-06 20:09:44] [INFO] [阻力位突破警报-72000] CHECK_PASSED
  {}
[2026-03-06 20:09:47] [INFO] [心理支撑跌破警报-70000] DATA_COLLECTED
  {"dataKeys":["alertTime","currentPrice","priceChange","volume24h","fearGreedIndex","klines15m","triggerPrice","alertType"]}
[2026-03-06 20:09:47] [INFO] [心理支撑跌破警报-70000] TRIGGER_COMPLETED
  {}
[2026-03-06 20:09:47] [INFO] [关键支撑跌破警报-EMA7] CHECK_PASSED
  {}
[2026-03-06 20:14:43] [INFO] [阻力位突破警报-72000] CHECK_START
  {}
[2026-03-06 20:14:43] [INFO] [阻力位突破警报-72000] CHECK_PASSED
  {}
[2026-03-06 20:14:43] [INFO] [心理支撑跌破警报-70000] CHECK_START
  {}
[2026-03-06 20:14:43] [INFO] [心理支撑跌破警报-70000] CHECK_PASSED
  {}
[2026-03-06 20:14:43] [INFO] [关键支撑跌破警报-EMA7] CHECK_START
  {}
[2026-03-06 20:14:43] [INFO] [关键支撑跌破警报-EMA7] CHECK_PASSED
  {}
[2026-03-06 20:19:52] [INFO] [阻力位突破警报-72000] CHECK_START
  {}
[2026-03-06 20:19:52] [INFO] [阻力位突破警报-72000] CHECK_PASSED
  {}
[2026-03-06 20:19:52] [INFO] [心理支撑跌破警报-70000] CHECK_START
  {}
[2026-03-06 20:19:52] [INFO] [心理支撑跌破警报-70000] CHECK_PASSED
  {}
[2026-03-06 20:19:52] [INFO] [关键支撑跌破警报-EMA7] CHECK_START
  {}
[2026-03-06 20:19:52] [INFO] [关键支撑跌破警报-EMA7] CHECK_PASSED
  {}
[2026-03-06 20:25:01] [INFO] [阻力位突破警报-72000] CHECK_START
  {}
[2026-03-06 20:25:01] [INFO] [阻力位突破警报-72000] CHECK_PASSED
  {}
[2026-03-06 20:25:01] [INFO] [心理支撑跌破警报-70000] CHECK_START
  {}
[2026-03-06 20:25:01] [INFO] [心理支撑跌破警报-70000] CHECK_PASSED
  {}
[2026-03-06 20:25:01] [INFO] [关键支撑跌破警报-EMA7] CHECK_START
  {}
[2026-03-06 20:25:01] [INFO] [关键支撑跌破警报-EMA7] CHECK_PASSED
  {}
[2026-03-06 20:30:10] [INFO] [阻力位突破警报-72000] CHECK_START
  {}
[2026-03-06 20:30:10] [INFO] [阻力位突破警报-72000] CHECK_PASSED
  {}
[2026-03-06 20:30:10] [INFO] [心理支撑跌破警报-70000] CHECK_START
  {}
[2026-03-06 20:30:10] [INFO] [心理支撑跌破警报-70000] CHECK_PASSED
  {}
[2026-03-06 20:30:10] [INFO] [关键支撑跌破警报-EMA7] CHECK_START
  {}
[2026-03-06 20:30:10] [INFO] [关键支撑跌破警报-EMA7] CHECK_PASSED
  {}
[2026-03-06 20:35:18] [INFO] [阻力位突破警报-72000] CHECK_START
  {}
[2026-03-06 20:35:18] [INFO] [阻力位突破警报-72000] CHECK_PASSED
  {}
[2026-03-06 20:35:18] [INFO] [心理支撑跌破警报-70000] CHECK_START
  {}
[2026-03-06 20:35:18] [INFO] [心理支撑跌破警报-70000] CHECK_PASSED
  {}
[2026-03-06 20:35:18] [INFO] [关键支撑跌破警报-EMA7] CHECK_START
  {}
[2026-03-06 20:35:18] [INFO] [关键支撑跌破警报-EMA7] CHECK_PASSED
  {}
[2026-03-06 20:40:26] [INFO] [阻力位突破警报-72000] CHECK_START
  {}
[2026-03-06 20:40:26] [INFO] [阻力位突破警报-72000] CHECK_PASSED
  {}
[2026-03-06 20:40:26] [INFO] [心理支撑跌破警报-70000] CHECK_START
  {}
[2026-03-06 20:40:26] [INFO] [心理支撑跌破警报-70000] CHECK_PASSED
  {}
[2026-03-06 20:40:26] [INFO] [关键支撑跌破警报-EMA7] CHECK_START
  {}
[2026-03-06 20:40:26] [INFO] [关键支撑跌破警报-EMA7] CHECK_PASSED
  {}
[2026-03-06 20:45:35] [INFO] [阻力位突破警报-72000] CHECK_START
  {}
[2026-03-06 20:45:35] [INFO] [阻力位突破警报-72000] CHECK_PASSED
  {}
[2026-03-06 20:45:35] [INFO] [心理支撑跌破警报-70000] CHECK_START
  {}
[2026-03-06 20:45:35] [INFO] [心理支撑跌破警报-70000] CHECK_PASSED
  {}
[2026-03-06 20:45:35] [INFO] [关键支撑跌破警报-EMA7] CHECK_START
  {}
[2026-03-06 20:45:35] [INFO] [关键支撑跌破警报-EMA7] CHECK_PASSED
  {}
[2026-03-06 20:50:43] [INFO] [阻力位突破警报-72000] CHECK_START
  {}
[2026-03-06 20:50:43] [INFO] [阻力位突破警报-72000] CHECK_PASSED
  {}
[2026-03-06 20:50:43] [INFO] [心理支撑跌破警报-70000] CHECK_START
  {}
[2026-03-06 20:50:43] [INFO] [心理支撑跌破警报-70000] CHECK_PASSED
  {}
[2026-03-06 20:50:43] [INFO] [关键支撑跌破警报-EMA7] CHECK_START
  {}
[2026-03-06 20:50:43] [INFO] [关键支撑跌破警报-EMA7] CHECK_PASSED
  {}
[2026-03-06 20:55:52] [INFO] [阻力位突破警报-72000] CHECK_START
  {}
[2026-03-06 20:55:52] [INFO] [阻力位突破警报-72000] CHECK_PASSED
  {}
[2026-03-06 20:55:52] [INFO] [心理支撑跌破警报-70000] CHECK_START
  {}
[2026-03-06 20:55:52] [INFO] [心理支撑跌破警报-70000] CHECK_PASSED
  {}
[2026-03-06 20:55:52] [INFO] [关键支撑跌破警报-EMA7] CHECK_START
  {}
[2026-03-06 20:55:52] [INFO] [关键支撑跌破警报-EMA7] CHECK_PASSED
  {}
[2026-03-06 21:01:01] [INFO] [阻力位突破警报-72000] CHECK_START
  {}
[2026-03-06 21:01:01] [INFO] [阻力位突破警报-72000] CHECK_PASSED
  {}
[2026-03-06 21:01:01] [INFO] [心理支撑跌破警报-70000] CHECK_START
  {}
[2026-03-06 21:01:01] [INFO] [心理支撑跌破警报-70000] CHECK_PASSED
  {}
[2026-03-06 21:01:01] [INFO] [关键支撑跌破警报-EMA7] CHECK_START
  {}
[2026-03-06 21:01:01] [INFO] [关键支撑跌破警报-EMA7] CHECK_PASSED
  {}
[2026-03-06 21:06:10] [INFO] [阻力位突破警报-72000] CHECK_START
  {}
[2026-03-06 21:06:10] [INFO] [阻力位突破警报-72000] CHECK_PASSED
  {}
[2026-03-06 21:06:10] [INFO] [心理支撑跌破警报-70000] CHECK_START
  {}
[2026-03-06 21:06:10] [INFO] [心理支撑跌破警报-70000] CHECK_PASSED
  {}
[2026-03-06 21:06:10] [INFO] [关键支撑跌破警报-EMA7] CHECK_START
  {}
[2026-03-06 21:06:10] [INFO] [关键支撑跌破警报-EMA7] CHECK_PASSED
  {}
[2026-03-06 21:11:20] [INFO] [阻力位突破警报-72000] CHECK_START
  {}
[2026-03-06 21:11:20] [INFO] [心理支撑跌破警报-70000] CHECK_START
  {}
[2026-03-06 21:11:20] [INFO] [关键支撑跌破警报-EMA7] CHECK_START
  {}
[2026-03-06 21:11:22] [INFO] [心理支撑跌破警报-70000] TRIGGERED
  {}
[2026-03-06 21:11:22] [INFO] [阻力位突破警报-72000] CHECK_PASSED
  {}
[2026-03-06 21:11:28] [INFO] [关键支撑跌破警报-EMA7] CHECK_PASSED
  {}
[2026-03-06 21:11:29] [INFO] [心理支撑跌破警报-70000] DATA_COLLECTED
  {"dataKeys":["alertTime","currentPrice","priceChange","volume24h","fearGreedIndex","klines15m","triggerPrice","alertType"]}
[2026-03-06 21:11:29] [INFO] [心理支撑跌破警报-70000] TRIGGER_COMPLETED
  {}
[2026-03-06 21:16:28] [INFO] [阻力位突破警报-72000] CHECK_START
  {}
[2026-03-06 21:16:28] [INFO] [阻力位突破警报-72000] CHECK_PASSED
  {}
[2026-03-06 21:16:28] [INFO] [心理支撑跌破警报-70000] CHECK_START
  {}
[2026-03-06 21:16:28] [INFO] [心理支撑跌破警报-70000] CHECK_PASSED
  {}
[2026-03-06 21:16:28] [INFO] [关键支撑跌破警报-EMA7] CHECK_START
  {}
[2026-03-06 21:16:28] [INFO] [关键支撑跌破警报-EMA7] CHECK_PASSED
  {}
[2026-03-06 21:21:37] [INFO] [阻力位突破警报-72000] CHECK_START
  {}
[2026-03-06 21:21:37] [INFO] [阻力位突破警报-72000] CHECK_PASSED
  {}
[2026-03-06 21:21:37] [INFO] [心理支撑跌破警报-70000] CHECK_START
  {}
[2026-03-06 21:21:37] [INFO] [心理支撑跌破警报-70000] CHECK_PASSED
  {}
[2026-03-06 21:21:37] [INFO] [关键支撑跌破警报-EMA7] CHECK_START
  {}
[2026-03-06 21:21:37] [INFO] [关键支撑跌破警报-EMA7] CHECK_PASSED
  {}
[2026-03-06 21:26:46] [INFO] [阻力位突破警报-72000] CHECK_START
  {}
[2026-03-06 21:26:46] [INFO] [阻力位突破警报-72000] CHECK_PASSED
  {}
[2026-03-06 21:26:46] [INFO] [心理支撑跌破警报-70000] CHECK_START
  {}
[2026-03-06 21:26:46] [INFO] [心理支撑跌破警报-70000] CHECK_PASSED
  {}
[2026-03-06 21:26:46] [INFO] [关键支撑跌破警报-EMA7] CHECK_START
  {}
[2026-03-06 21:26:46] [INFO] [关键支撑跌破警报-EMA7] CHECK_PASSED
  {}
[2026-03-06 21:31:56] [INFO] [阻力位突破警报-72000] CHECK_START
  {}
[2026-03-06 21:31:56] [INFO] [阻力位突破警报-72000] CHECK_PASSED
  {}
[2026-03-06 21:31:56] [INFO] [心理支撑跌破警报-70000] CHECK_START
  {}
[2026-03-06 21:31:56] [INFO] [心理支撑跌破警报-70000] CHECK_PASSED
  {}
[2026-03-06 21:31:56] [INFO] [关键支撑跌破警报-EMA7] CHECK_START
  {}
[2026-03-06 21:31:56] [INFO] [关键支撑跌破警报-EMA7] CHECK_PASSED
  {}
[2026-03-06 21:37:05] [INFO] [阻力位突破警报-72000] CHECK_START
  {}
[2026-03-06 21:37:05] [INFO] [阻力位突破警报-72000] CHECK_PASSED
  {}
[2026-03-06 21:37:05] [INFO] [心理支撑跌破警报-70000] CHECK_START
  {}
[2026-03-06 21:37:05] [INFO] [心理支撑跌破警报-70000] CHECK_PASSED
  {}
[2026-03-06 21:37:05] [INFO] [关键支撑跌破警报-EMA7] CHECK_START
  {}
[2026-03-06 21:37:05] [INFO] [关键支撑跌破警报-EMA7] CHECK_PASSED
  {}
[2026-03-06 21:42:13] [INFO] [阻力位突破警报-72000] CHECK_START
  {}
[2026-03-06 21:42:13] [INFO] [阻力位突破警报-72000] CHECK_PASSED
  {}
[2026-03-06 21:42:13] [INFO] [心理支撑跌破警报-70000] CHECK_START
  {}
[2026-03-06 21:42:13] [INFO] [心理支撑跌破警报-70000] CHECK_PASSED
  {}
[2026-03-06 21:42:13] [INFO] [关键支撑跌破警报-EMA7] CHECK_START
  {}
[2026-03-06 21:42:13] [INFO] [关键支撑跌破警报-EMA7] CHECK_PASSED
  {}
[2026-03-06 21:47:22] [INFO] [阻力位突破警报-72000] CHECK_START
  {}
[2026-03-06 21:47:22] [INFO] [阻力位突破警报-72000] CHECK_PASSED
  {}
[2026-03-06 21:47:22] [INFO] [心理支撑跌破警报-70000] CHECK_START
  {}
[2026-03-06 21:47:22] [INFO] [心理支撑跌破警报-70000] CHECK_PASSED
  {}
[2026-03-06 21:47:22] [INFO] [关键支撑跌破警报-EMA7] CHECK_START
  {}
[2026-03-06 21:47:22] [INFO] [关键支撑跌破警报-EMA7] CHECK_PASSED
  {}
[2026-03-06 21:52:32] [INFO] [阻力位突破警报-72000] CHECK_START
  {}
[2026-03-06 21:52:32] [INFO] [阻力位突破警报-72000] CHECK_PASSED
  {}
[2026-03-06 21:52:32] [INFO] [心理支撑跌破警报-70000] CHECK_START
  {}
[2026-03-06 21:52:32] [INFO] [心理支撑跌破警报-70000] CHECK_PASSED
  {}
[2026-03-06 21:52:32] [INFO] [关键支撑跌破警报-EMA7] CHECK_START
  {}
[2026-03-06 21:52:32] [INFO] [关键支撑跌破警报-EMA7] CHECK_PASSED
  {}
[2026-03-06 21:57:42] [INFO] [阻力位突破警报-72000] CHECK_START
  {}
[2026-03-06 21:57:42] [INFO] [阻力位突破警报-72000] CHECK_PASSED
  {}
[2026-03-06 21:57:42] [INFO] [心理支撑跌破警报-70000] CHECK_START
  {}
[2026-03-06 21:57:42] [INFO] [心理支撑跌破警报-70000] CHECK_PASSED
  {}
[2026-03-06 21:57:42] [INFO] [关键支撑跌破警报-EMA7] CHECK_START
  {}
[2026-03-06 21:57:42] [INFO] [关键支撑跌破警报-EMA7] CHECK_PASSED
  {}
[2026-03-06 22:02:52] [INFO] [阻力位突破警报-72000] CHECK_START
  {}
[2026-03-06 22:02:52] [INFO] [阻力位突破警报-72000] CHECK_PASSED
  {}
[2026-03-06 22:02:52] [INFO] [心理支撑跌破警报-70000] CHECK_START
  {}
[2026-03-06 22:02:52] [INFO] [心理支撑跌破警报-70000] CHECK_PASSED
  {}
[2026-03-06 22:02:52] [INFO] [关键支撑跌破警报-EMA7] CHECK_START
  {}
[2026-03-06 22:02:52] [INFO] [关键支撑跌破警报-EMA7] CHECK_PASSED
  {}
[2026-03-06 22:08:01] [INFO] [阻力位突破警报-72000] CHECK_START
  {}
[2026-03-06 22:08:01] [INFO] [阻力位突破警报-72000] CHECK_PASSED
  {}
[2026-03-06 22:08:01] [INFO] [心理支撑跌破警报-70000] CHECK_START
  {}
[2026-03-06 22:08:01] [INFO] [心理支撑跌破警报-70000] CHECK_PASSED
  {}
[2026-03-06 22:08:01] [INFO] [关键支撑跌破警报-EMA7] CHECK_START
  {}
[2026-03-06 22:08:01] [INFO] [关键支撑跌破警报-EMA7] CHECK_PASSED
  {}
[2026-03-06 22:13:10] [INFO] [阻力位突破警报-72000] CHECK_START
  {}
[2026-03-06 22:13:10] [INFO] [心理支撑跌破警报-70000] CHECK_START
  {}
[2026-03-06 22:13:10] [INFO] [关键支撑跌破警报-EMA7] CHECK_START
  {}
[2026-03-06 22:13:21] [INFO] [心理支撑跌破警报-70000] TRIGGERED
  {}
[2026-03-06 22:13:23] [INFO] [阻力位突破警报-72000] CHECK_PASSED
  {}
[2026-03-06 22:13:30] [INFO] [关键支撑跌破警报-EMA7] TRIGGERED
  {}
[2026-03-06 22:13:36] [INFO] [心理支撑跌破警报-70000] DATA_COLLECTED
  {"dataKeys":["alertTime","currentPrice","priceChange","volume24h","fearGreedIndex","klines15m","triggerPrice","alertType"]}
[2026-03-06 22:13:36] [INFO] [心理支撑跌破警报-70000] TRIGGER_COMPLETED
  {}
[2026-03-06 22:13:43] [INFO] [关键支撑跌破警报-EMA7] DATA_COLLECTED
  {"dataKeys":["alertTime","currentPrice","priceChange","volume24h","fearGreedIndex","klines15m","triggerPrice","alertType"]}
[2026-03-06 22:13:43] [INFO] [关键支撑跌破警报-EMA7] TRIGGER_COMPLETED
  {}
[2026-03-06 22:18:19] [INFO] [阻力位突破警报-72000] CHECK_START
  {}
[2026-03-06 22:18:19] [INFO] [阻力位突破警报-72000] CHECK_PASSED
  {}
[2026-03-06 22:18:19] [INFO] [心理支撑跌破警报-70000] CHECK_START
  {}
[2026-03-06 22:18:19] [INFO] [心理支撑跌破警报-70000] CHECK_PASSED
  {}
[2026-03-06 22:18:19] [INFO] [关键支撑跌破警报-EMA7] CHECK_START
  {}
[2026-03-06 22:18:19] [INFO] [关键支撑跌破警报-EMA7] CHECK_PASSED
  {}
[2026-03-06 22:23:29] [INFO] [阻力位突破警报-72000] CHECK_START
  {}
[2026-03-06 22:23:29] [INFO] [阻力位突破警报-72000] CHECK_PASSED
  {}
[2026-03-06 22:23:29] [INFO] [心理支撑跌破警报-70000] CHECK_START
  {}
[2026-03-06 22:23:29] [INFO] [心理支撑跌破警报-70000] CHECK_PASSED
  {}
[2026-03-06 22:23:29] [INFO] [关键支撑跌破警报-EMA7] CHECK_START
  {}
[2026-03-06 22:23:29] [INFO] [关键支撑跌破警报-EMA7] CHECK_PASSED
  {}
[2026-03-06 22:28:38] [INFO] [阻力位突破警报-72000] CHECK_START
  {}
[2026-03-06 22:28:38] [INFO] [阻力位突破警报-72000] CHECK_PASSED
  {}
[2026-03-06 22:28:38] [INFO] [心理支撑跌破警报-70000] CHECK_START
  {}
[2026-03-06 22:28:38] [INFO] [心理支撑跌破警报-70000] CHECK_PASSED
  {}
[2026-03-06 22:28:38] [INFO] [关键支撑跌破警报-EMA7] CHECK_START
  {}
[2026-03-06 22:28:38] [INFO] [关键支撑跌破警报-EMA7] CHECK_PASSED
  {}
[2026-03-06 22:33:47] [INFO] [阻力位突破警报-72000] CHECK_START
  {}
[2026-03-06 22:33:47] [INFO] [阻力位突破警报-72000] CHECK_PASSED
  {}
[2026-03-06 22:33:47] [INFO] [心理支撑跌破警报-70000] CHECK_START
  {}
[2026-03-06 22:33:47] [INFO] [心理支撑跌破警报-70000] CHECK_PASSED
  {}
[2026-03-06 22:33:47] [INFO] [关键支撑跌破警报-EMA7] CHECK_START
  {}
[2026-03-06 22:33:47] [INFO] [关键支撑跌破警报-EMA7] CHECK_PASSED
  {}
[2026-03-06 22:38:57] [INFO] [阻力位突破警报-72000] CHECK_START
  {}
[2026-03-06 22:38:57] [INFO] [阻力位突破警报-72000] CHECK_PASSED
  {}
[2026-03-06 22:38:57] [INFO] [心理支撑跌破警报-70000] CHECK_START
  {}
[2026-03-06 22:38:57] [INFO] [心理支撑跌破警报-70000] CHECK_PASSED
  {}
[2026-03-06 22:38:57] [INFO] [关键支撑跌破警报-EMA7] CHECK_START
  {}
[2026-03-06 22:38:57] [INFO] [关键支撑跌破警报-EMA7] CHECK_PASSED
  {}
[2026-03-06 22:44:07] [INFO] [阻力位突破警报-72000] CHECK_START
  {}
[2026-03-06 22:44:07] [INFO] [阻力位突破警报-72000] CHECK_PASSED
  {}
[2026-03-06 22:44:07] [INFO] [心理支撑跌破警报-70000] CHECK_START
  {}
[2026-03-06 22:44:07] [INFO] [心理支撑跌破警报-70000] CHECK_PASSED
  {}
[2026-03-06 22:44:07] [INFO] [关键支撑跌破警报-EMA7] CHECK_START
  {}
[2026-03-06 22:44:07] [INFO] [关键支撑跌破警报-EMA7] CHECK_PASSED
  {}
[2026-03-06 22:49:16] [INFO] [阻力位突破警报-72000] CHECK_START
  {}
[2026-03-06 22:49:16] [INFO] [阻力位突破警报-72000] CHECK_PASSED
  {}
[2026-03-06 22:49:16] [INFO] [心理支撑跌破警报-70000] CHECK_START
  {}
[2026-03-06 22:49:16] [INFO] [心理支撑跌破警报-70000] CHECK_PASSED
  {}
[2026-03-06 22:49:16] [INFO] [关键支撑跌破警报-EMA7] CHECK_START
  {}
[2026-03-06 22:49:16] [INFO] [关键支撑跌破警报-EMA7] CHECK_PASSED
  {}
[2026-03-06 22:54:26] [INFO] [阻力位突破警报-72000] CHECK_START
  {}
[2026-03-06 22:54:26] [INFO] [阻力位突破警报-72000] CHECK_PASSED
  {}
[2026-03-06 22:54:26] [INFO] [心理支撑跌破警报-70000] CHECK_START
  {}
[2026-03-06 22:54:26] [INFO] [心理支撑跌破警报-70000] CHECK_PASSED
  {}
[2026-03-06 22:54:26] [INFO] [关键支撑跌破警报-EMA7] CHECK_START
  {}
[2026-03-06 22:54:26] [INFO] [关键支撑跌破警报-EMA7] CHECK_PASSED
  {}
[2026-03-06 22:59:36] [INFO] [阻力位突破警报-72000] CHECK_START
  {}
[2026-03-06 22:59:36] [INFO] [阻力位突破警报-72000] CHECK_PASSED
  {}
[2026-03-06 22:59:36] [INFO] [心理支撑跌破警报-70000] CHECK_START
  {}
[2026-03-06 22:59:36] [INFO] [心理支撑跌破警报-70000] CHECK_PASSED
  {}
[2026-03-06 22:59:36] [INFO] [关键支撑跌破警报-EMA7] CHECK_START
  {}
[2026-03-06 22:59:36] [INFO] [关键支撑跌破警报-EMA7] CHECK_PASSED
  {}
[2026-03-06 23:04:45] [INFO] [阻力位突破警报-72000] CHECK_START
  {}
[2026-03-06 23:04:45] [INFO] [阻力位突破警报-72000] CHECK_PASSED
  {}
[2026-03-06 23:04:46] [INFO] [心理支撑跌破警报-70000] CHECK_START
  {}
[2026-03-06 23:04:46] [INFO] [心理支撑跌破警报-70000] CHECK_PASSED
  {}
[2026-03-06 23:04:46] [INFO] [关键支撑跌破警报-EMA7] CHECK_START
  {}
[2026-03-06 23:04:46] [INFO] [关键支撑跌破警报-EMA7] CHECK_PASSED
  {}
[2026-03-06 23:09:55] [INFO] [阻力位突破警报-72000] CHECK_START
  {}
[2026-03-06 23:09:55] [INFO] [阻力位突破警报-72000] CHECK_PASSED
  {}
[2026-03-06 23:09:55] [INFO] [心理支撑跌破警报-70000] CHECK_START
  {}
[2026-03-06 23:09:55] [INFO] [心理支撑跌破警报-70000] CHECK_PASSED
  {}
[2026-03-06 23:09:55] [INFO] [关键支撑跌破警报-EMA7] CHECK_START
  {}
[2026-03-06 23:09:55] [INFO] [关键支撑跌破警报-EMA7] CHECK_PASSED
  {}
[2026-03-06 23:15:05] [INFO] [阻力位突破警报-72000] CHECK_START
  {}
[2026-03-06 23:15:05] [INFO] [心理支撑跌破警报-70000] CHECK_START
  {}
[2026-03-06 23:15:05] [INFO] [关键支撑跌破警报-EMA7] CHECK_START
  {}
[2026-03-06 23:15:08] [INFO] [阻力位突破警报-72000] CHECK_PASSED
  {}
[2026-03-06 23:15:10] [INFO] [关键支撑跌破警报-EMA7] TRIGGERED
  {}
[2026-03-06 23:15:19] [INFO] [心理支撑跌破警报-70000] TRIGGERED
  {}
[2026-03-06 23:15:23] [INFO] [关键支撑跌破警报-EMA7] DATA_COLLECTED
  {"dataKeys":["alertTime","currentPrice","priceChange","volume24h","fearGreedIndex","klines15m","triggerPrice","alertType"]}
[2026-03-06 23:15:23] [INFO] [关键支撑跌破警报-EMA7] TRIGGER_COMPLETED
  {}
[2026-03-06 23:15:27] [INFO] [心理支撑跌破警报-70000] DATA_COLLECTED
  {"dataKeys":["alertTime","currentPrice","priceChange","volume24h","fearGreedIndex","klines15m","triggerPrice","alertType"]}
[2026-03-06 23:15:27] [INFO] [心理支撑跌破警报-70000] TRIGGER_COMPLETED
  {}
[2026-03-06 23:19:13] [INFO] [阻力位突破警报-72000] 检测到规则文件已不存在
  {"path":"/root/.openclaw/workspace-july/skills/btc-alert/rules/2026-03-06-resistance-72000.js"}
[2026-03-06 23:19:13] [INFO] [阻力位突破警报-72000] RULE_UNLOADED
  {"reason":"file_removed"}
[2026-03-06 23:19:13] [INFO] [心理支撑跌破警报-70000] 检测到规则文件已不存在
  {"path":"/root/.openclaw/workspace-july/skills/btc-alert/rules/2026-03-06-support-70000.js"}
[2026-03-06 23:19:13] [INFO] [心理支撑跌破警报-70000] RULE_UNLOADED
  {"reason":"file_removed"}
[2026-03-06 23:20:15] [INFO] [关键支撑跌破警报-EMA7] CHECK_START
  {}
[2026-03-06 23:20:15] [INFO] [关键支撑跌破警报-EMA7] CHECK_PASSED
  {}
[2026-03-06 23:25:25] [INFO] [关键支撑跌破警报-EMA7] CHECK_START
  {}
[2026-03-06 23:25:25] [INFO] [关键支撑跌破警报-EMA7] CHECK_PASSED
  {}
[2026-03-06 23:30:35] [INFO] [关键支撑跌破警报-EMA7] CHECK_START
  {}
[2026-03-06 23:30:35] [INFO] [关键支撑跌破警报-EMA7] CHECK_PASSED
  {}
[2026-03-06 23:35:45] [INFO] [关键支撑跌破警报-EMA7] CHECK_START
  {}
[2026-03-06 23:35:45] [INFO] [关键支撑跌破警报-EMA7] CHECK_PASSED
  {}
[2026-03-06 23:40:55] [INFO] [关键支撑跌破警报-EMA7] CHECK_START
  {}
[2026-03-06 23:40:55] [INFO] [关键支撑跌破警报-EMA7] CHECK_PASSED
  {}
[2026-03-06 23:46:04] [INFO] [关键支撑跌破警报-EMA7] CHECK_START
  {}
[2026-03-06 23:46:04] [INFO] [关键支撑跌破警报-EMA7] CHECK_PASSED
  {}
[2026-03-06 23:51:15] [INFO] [关键支撑跌破警报-EMA7] CHECK_START
  {}
[2026-03-06 23:51:15] [INFO] [关键支撑跌破警报-EMA7] CHECK_PASSED
  {}
[2026-03-06 23:56:26] [INFO] [关键支撑跌破警报-EMA7] CHECK_START
  {}
[2026-03-06 23:56:26] [INFO] [关键支撑跌破警报-EMA7] CHECK_PASSED
  {}
[2026-03-07 00:01:36] [INFO] [关键支撑跌破警报-EMA7] CHECK_START
  {}
[2026-03-07 00:01:36] [INFO] [关键支撑跌破警报-EMA7] CHECK_PASSED
  {}
[2026-03-07 00:06:47] [INFO] [关键支撑跌破警报-EMA7] CHECK_START
  {}
[2026-03-07 00:06:47] [INFO] [关键支撑跌破警报-EMA7] CHECK_PASSED
  {}
[2026-03-07 00:11:57] [INFO] [关键支撑跌破警报-EMA7] CHECK_START
  {}
[2026-03-07 00:11:57] [INFO] [关键支撑跌破警报-EMA7] CHECK_PASSED
  {}
[2026-03-07 00:17:08] [INFO] [关键支撑跌破警报-EMA7] CHECK_START
  {}
[2026-03-07 00:17:14] [INFO] [关键支撑跌破警报-EMA7] TRIGGERED
  {}
[2026-03-07 00:17:19] [INFO] [关键支撑跌破警报-EMA7] DATA_COLLECTED
  {"dataKeys":["alertTime","currentPrice","priceChange","volume24h","fearGreedIndex","klines15m","triggerPrice","alertType"]}
[2026-03-07 00:17:19] [INFO] [关键支撑跌破警报-EMA7] TRIGGER_COMPLETED
  {}
[2026-03-07 00:22:19] [INFO] [关键支撑跌破警报-EMA7] CHECK_START
  {}
[2026-03-07 00:22:19] [INFO] [关键支撑跌破警报-EMA7] CHECK_PASSED
  {}
[2026-03-07 00:22:19] [INFO] [关键支撑跌破警报-EMA7] 检测到规则文件已不存在
  {"path":"/root/.openclaw/workspace-july/skills/btc-alert/rules/2026-03-06-support-ema7.js"}
[2026-03-07 00:22:19] [INFO] [关键支撑跌破警报-EMA7] RULE_UNLOADED
  {"reason":"file_removed"}
                                                            [2026-03-09 10:22:41] [INFO] [Engine] 引擎启动
  {"rulesDir":"/root/.openclaw/workspace-july/skills/btc-alert/rules","archiveDir":"/root/.openclaw/workspace-july/skills/btc-alert/rules-archive","logFile":"/root/.openclaw/workspace-july/logs/alert-engine.log"}
[2026-03-09 10:22:41] [INFO] [阻力突破警报-67000] TIMER_STARTED
  {"interval":"300s","file":"2026-03-09-resistance-67000.js"}
[2026-03-09 10:22:41] [INFO] [阻力突破警报-67000] CHECK_START
  {}
[2026-03-09 10:22:41] [INFO] [关键支撑跌破警报-66000] TIMER_STARTED
  {"interval":"300s","file":"2026-03-09-support-66000.js"}
[2026-03-09 10:22:41] [INFO] [关键支撑跌破警报-66000] CHECK_START
  {}
[2026-03-09 10:22:41] [INFO] [Engine] 规则加载完成
  {"count":2}
[2026-03-09 10:22:43] [INFO] [阻力突破警报-67000] CHECK_PASSED
  {}
[2026-03-09 10:22:51] [INFO] [关键支撑跌破警报-66000] CHECK_PASSED
  {}
[2026-03-09 10:27:59] [INFO] [阻力突破警报-67000] CHECK_START
  {}
[2026-03-09 10:27:59] [INFO] [关键支撑跌破警报-66000] CHECK_START
  {}
[2026-03-09 10:28:02] [INFO] [关键支撑跌破警报-66000] CHECK_PASSED
  {}
[2026-03-09 10:28:04] [INFO] [阻力突破警报-67000] CHECK_PASSED
  {}
[2026-03-09 10:33:26] [INFO] [阻力突破警报-67000] CHECK_START
  {}
[2026-03-09 10:33:26] [INFO] [关键支撑跌破警报-66000] CHECK_START
  {}
[2026-03-09 10:33:34] [INFO] [关键支撑跌破警报-66000] CHECK_PASSED
  {}
[2026-03-09 10:33:43] [INFO] [阻力突破警报-67000] CHECK_PASSED
  {}
[2026-03-09 10:38:52] [INFO] [阻力突破警报-67000] CHECK_START
  {}
[2026-03-09 10:38:52] [INFO] [关键支撑跌破警报-66000] CHECK_START
  {}
[2026-03-09 10:38:57] [INFO] [阻力突破警报-67000] CHECK_PASSED
  {}
[2026-03-09 10:38:58] [INFO] [关键支撑跌破警报-66000] CHECK_PASSED
  {}
[2026-03-09 10:44:21] [INFO] [阻力突破警报-67000] CHECK_START
  {}
[2026-03-09 10:44:21] [INFO] [关键支撑跌破警报-66000] CHECK_START
  {}
[2026-03-09 10:44:25] [INFO] [阻力突破警报-67000] CHECK_PASSED
  {}
[2026-03-09 10:44:25] [INFO] [关键支撑跌破警报-66000] CHECK_PASSED
  {}
[2026-03-09 10:49:46] [INFO] [阻力突破警报-67000] CHECK_START
  {}
[2026-03-09 10:49:46] [INFO] [关键支撑跌破警报-66000] CHECK_START
  {}
[2026-03-09 10:49:49] [INFO] [阻力突破警报-67000] CHECK_PASSED
  {}
[2026-03-09 10:50:17] [INFO] [关键支撑跌破警报-66000] CHECK_PASSED
  {}
[2026-03-09 10:55:14] [INFO] [阻力突破警报-67000] CHECK_START
  {}
[2026-03-09 10:55:14] [INFO] [关键支撑跌破警报-66000] CHECK_START
  {}
[2026-03-09 10:55:16] [INFO] [关键支撑跌破警报-66000] CHECK_PASSED
  {}
[2026-03-09 10:55:17] [INFO] [阻力突破警报-67000] CHECK_PASSED
  {}
[2026-03-09 11:00:49] [INFO] [阻力突破警报-67000] CHECK_START
  {}
[2026-03-09 11:00:49] [INFO] [关键支撑跌破警报-66000] CHECK_START
  {}
[2026-03-09 11:00:54] [INFO] [阻力突破警报-67000] CHECK_PASSED
  {}
[2026-03-09 11:00:59] [INFO] [关键支撑跌破警报-66000] CHECK_PASSED
  {}
[2026-03-09 11:06:22] [INFO] [阻力突破警报-67000] CHECK_START
  {}
[2026-03-09 11:06:22] [INFO] [关键支撑跌破警报-66000] CHECK_START
  {}
[2026-03-09 11:06:29] [INFO] [阻力突破警报-67000] CHECK_PASSED
  {}
[2026-03-09 11:06:29] [INFO] [关键支撑跌破警报-66000] CHECK_PASSED
  {}
[2026-03-09 11:11:54] [INFO] [阻力突破警报-67000] CHECK_START
  {}
[2026-03-09 11:11:54] [INFO] [关键支撑跌破警报-66000] CHECK_START
  {}
[2026-03-09 11:11:58] [INFO] [关键支撑跌破警报-66000] CHECK_PASSED
  {}
[2026-03-09 11:11:58] [INFO] [阻力突破警报-67000] TRIGGERED
  {}
[2026-03-09 11:12:10] [INFO] [阻力突破警报-67000] DATA_COLLECTED
  {"dataKeys":["alertTime","currentPrice","priceChange","volume24h","fearGreedIndex","klines15m","targetPrice","alertType","analysis"]}
[2026-03-09 11:12:10] [INFO] [阻力突破警报-67000] TRIGGER_COMPLETED
  {}
[2026-03-09 11:13:14] [INFO] [Engine] 引擎关闭 (SIGINT)
[2026-03-09 11:13:15] [INFO] [Engine] 引擎启动
  {"rulesDir":"/root/.openclaw/workspace-july/skills/btc-alert/rules","archiveDir":"/root/.openclaw/workspace-july/skills/btc-alert/rules-archive","logFile":"/root/.openclaw/workspace-july/logs/alert-engine.log"}
[2026-03-09 11:13:15] [INFO] [阻力突破警报-67000] TIMER_STARTED
  {"interval":"300s","file":"2026-03-09-resistance-67000.js"}
[2026-03-09 11:13:15] [INFO] [阻力突破警报-67000] CHECK_START
  {}
[2026-03-09 11:13:15] [INFO] [关键支撑跌破警报-66000] TIMER_STARTED
  {"interval":"300s","file":"2026-03-09-support-66000.js"}
[2026-03-09 11:13:15] [INFO] [关键支撑跌破警报-66000] CHECK_START
  {}
[2026-03-09 11:13:15] [INFO] [Engine] 规则加载完成
  {"count":2}
[2026-03-09 11:13:21] [INFO] [阻力突破警报-67000] TRIGGERED
  {}
[2026-03-09 11:13:23] [INFO] [关键支撑跌破警报-66000] CHECK_PASSED
  {}
[2026-03-09 11:13:26] [INFO] [阻力突破警报-67000] DATA_COLLECTED
  {"dataKeys":["alertTime","currentPrice","priceChange","volume24h","fearGreedIndex","klines15m","targetPrice","alertType","analysis"]}
[2026-03-09 11:13:26] [INFO] [阻力突破警报-67000] TRIGGER_COMPLETED
  {}
[2026-03-09 11:18:51] [INFO] [阻力突破警报-67000] CHECK_START
  {}
[2026-03-09 11:18:51] [INFO] [阻力突破警报-67000] CHECK_PASSED
  {}
[2026-03-09 11:18:51] [INFO] [关键支撑跌破警报-66000] CHECK_START
  {}
[2026-03-09 11:18:51] [INFO] [关键支撑跌破警报-66000] CHECK_PASSED
  {}
[2026-03-09 11:24:14] [INFO] [阻力突破警报-67000] CHECK_START
  {}
[2026-03-09 11:24:14] [INFO] [阻力突破警报-67000] CHECK_PASSED
  {}
[2026-03-09 11:24:14] [INFO] [关键支撑跌破警报-66000] CHECK_START
  {}
[2026-03-09 11:24:14] [INFO] [关键支撑跌破警报-66000] CHECK_PASSED
  {}
[2026-03-09 11:29:40] [INFO] [阻力突破警报-67000] CHECK_START
  {}
[2026-03-09 11:29:40] [INFO] [阻力突破警报-67000] CHECK_PASSED
  {}
[2026-03-09 11:29:40] [INFO] [关键支撑跌破警报-66000] CHECK_START
  {}
[2026-03-09 11:29:40] [INFO] [关键支撑跌破警报-66000] CHECK_PASSED
  {}
[2026-03-09 11:35:07] [INFO] [阻力突破警报-67000] CHECK_START
  {}
[2026-03-09 11:35:07] [INFO] [阻力突破警报-67000] CHECK_PASSED
  {}
[2026-03-09 11:35:07] [INFO] [关键支撑跌破警报-66000] CHECK_START
  {}
[2026-03-09 11:35:07] [INFO] [关键支撑跌破警报-66000] CHECK_PASSED
  {}
[2026-03-09 11:40:34] [INFO] [阻力突破警报-67000] CHECK_START
  {}
[2026-03-09 11:40:34] [INFO] [阻力突破警报-67000] CHECK_PASSED
  {}
[2026-03-09 11:40:34] [INFO] [关键支撑跌破警报-66000] CHECK_START
  {}
[2026-03-09 11:40:34] [INFO] [关键支撑跌破警报-66000] CHECK_PASSED
  {}
[2026-03-09 11:46:01] [INFO] [阻力突破警报-67000] CHECK_START
  {}
[2026-03-09 11:46:01] [INFO] [阻力突破警报-67000] CHECK_PASSED
  {}
[2026-03-09 11:46:01] [INFO] [关键支撑跌破警报-66000] CHECK_START
  {}
[2026-03-09 11:46:01] [INFO] [关键支撑跌破警报-66000] CHECK_PASSED
  {}
[2026-03-09 11:51:30] [INFO] [阻力突破警报-67000] CHECK_START
  {}
[2026-03-09 11:51:30] [INFO] [阻力突破警报-67000] CHECK_PASSED
  {}
[2026-03-09 11:51:30] [INFO] [关键支撑跌破警报-66000] CHECK_START
  {}
[2026-03-09 11:51:30] [INFO] [关键支撑跌破警报-66000] CHECK_PASSED
  {}
[2026-03-09 11:56:57] [INFO] [阻力突破警报-67000] CHECK_START
  {}
[2026-03-09 11:56:57] [INFO] [阻力突破警报-67000] CHECK_PASSED
  {}
[2026-03-09 11:56:57] [INFO] [关键支撑跌破警报-66000] CHECK_START
  {}
[2026-03-09 11:56:57] [INFO] [关键支撑跌破警报-66000] CHECK_PASSED
  {}
[2026-03-09 12:02:23] [INFO] [阻力突破警报-67000] CHECK_START
  {}
[2026-03-09 12:02:23] [INFO] [阻力突破警报-67000] CHECK_PASSED
  {}
[2026-03-09 12:02:23] [INFO] [关键支撑跌破警报-66000] CHECK_START
  {}
[2026-03-09 12:02:23] [INFO] [关键支撑跌破警报-66000] CHECK_PASSED
  {}
[2026-03-09 12:07:49] [INFO] [阻力突破警报-67000] CHECK_START
  {}
[2026-03-09 12:07:49] [INFO] [阻力突破警报-67000] CHECK_PASSED
  {}
[2026-03-09 12:07:49] [INFO] [关键支撑跌破警报-66000] CHECK_START
  {}
[2026-03-09 12:07:49] [INFO] [关键支撑跌破警报-66000] CHECK_PASSED
  {}
[2026-03-09 12:13:19] [INFO] [阻力突破警报-67000] CHECK_START
  {}
[2026-03-09 12:13:19] [INFO] [阻力突破警报-67000] CHECK_PASSED
  {}
[2026-03-09 12:13:19] [INFO] [关键支撑跌破警报-66000] CHECK_START
  {}
[2026-03-09 12:13:19] [INFO] [关键支撑跌破警报-66000] CHECK_PASSED
  {}
[2026-03-09 12:18:47] [INFO] [阻力突破警报-67000] CHECK_START
  {}
[2026-03-09 12:18:47] [INFO] [关键支撑跌破警报-66000] CHECK_START
  {}
[2026-03-09 12:18:53] [INFO] [阻力突破警报-67000] TRIGGERED
  {}
[2026-03-09 12:18:55] [INFO] [关键支撑跌破警报-66000] CHECK_PASSED
  {}
[2026-03-09 12:19:03] [INFO] [阻力突破警报-67000] DATA_COLLECTED
  {"dataKeys":["alertTime","currentPrice","priceChange","volume24h","fearGreedIndex","klines15m","targetPrice","alertType","analysis"]}
[2026-03-09 12:19:03] [INFO] [阻力突破警报-67000] TRIGGER_COMPLETED
  {}
[2026-03-09 12:24:13] [INFO] [阻力突破警报-67000] CHECK_START
  {}
[2026-03-09 12:24:13] [INFO] [阻力突破警报-67000] CHECK_PASSED
  {}
[2026-03-09 12:24:13] [INFO] [关键支撑跌破警报-66000] CHECK_START
  {}
[2026-03-09 12:24:13] [INFO] [关键支撑跌破警报-66000] CHECK_PASSED
  {}
[2026-03-09 12:29:39] [INFO] [阻力突破警报-67000] CHECK_START
  {}
[2026-03-09 12:29:39] [INFO] [阻力突破警报-67000] CHECK_PASSED
  {}
[2026-03-09 12:29:39] [INFO] [关键支撑跌破警报-66000] CHECK_START
  {}
[2026-03-09 12:29:39] [INFO] [关键支撑跌破警报-66000] CHECK_PASSED
  {}
[2026-03-09 12:35:07] [INFO] [阻力突破警报-67000] CHECK_START
  {}
[2026-03-09 12:35:07] [INFO] [阻力突破警报-67000] CHECK_PASSED
  {}
[2026-03-09 12:35:07] [INFO] [关键支撑跌破警报-66000] CHECK_START
  {}
[2026-03-09 12:35:07] [INFO] [关键支撑跌破警报-66000] CHECK_PASSED
  {}
[2026-03-09 12:40:34] [INFO] [阻力突破警报-67000] CHECK_START
  {}
[2026-03-09 12:40:34] [INFO] [阻力突破警报-67000] CHECK_PASSED
  {}
[2026-03-09 12:40:34] [INFO] [关键支撑跌破警报-66000] CHECK_START
  {}
[2026-03-09 12:40:34] [INFO] [关键支撑跌破警报-66000] CHECK_PASSED
  {}
[2026-03-09 12:46:00] [INFO] [阻力突破警报-67000] CHECK_START
  {}
[2026-03-09 12:46:00] [INFO] [阻力突破警报-67000] CHECK_PASSED
  {}
[2026-03-09 12:46:00] [INFO] [关键支撑跌破警报-66000] CHECK_START
  {}
[2026-03-09 12:46:00] [INFO] [关键支撑跌破警报-66000] CHECK_PASSED
  {}
[2026-03-09 12:51:28] [INFO] [阻力突破警报-67000] CHECK_START
  {}
[2026-03-09 12:51:28] [INFO] [阻力突破警报-67000] CHECK_PASSED
  {}
[2026-03-09 12:51:28] [INFO] [关键支撑跌破警报-66000] CHECK_START
  {}
[2026-03-09 12:51:28] [INFO] [关键支撑跌破警报-66000] CHECK_PASSED
  {}
[2026-03-09 12:56:54] [INFO] [阻力突破警报-67000] CHECK_START
  {}
[2026-03-09 12:56:54] [INFO] [阻力突破警报-67000] CHECK_PASSED
  {}
[2026-03-09 12:56:54] [INFO] [关键支撑跌破警报-66000] CHECK_START
  {}
[2026-03-09 12:56:54] [INFO] [关键支撑跌破警报-66000] CHECK_PASSED
  {}
[2026-03-09 13:02:22] [INFO] [阻力突破警报-67000] CHECK_START
  {}
[2026-03-09 13:02:22] [INFO] [阻力突破警报-67000] CHECK_PASSED
  {}
[2026-03-09 13:02:22] [INFO] [关键支撑跌破警报-66000] CHECK_START
  {}
[2026-03-09 13:02:22] [INFO] [关键支撑跌破警报-66000] CHECK_PASSED
  {}
[2026-03-09 13:07:50] [INFO] [阻力突破警报-67000] CHECK_START
  {}
[2026-03-09 13:07:50] [INFO] [阻力突破警报-67000] CHECK_PASSED
  {}
[2026-03-09 13:07:50] [INFO] [关键支撑跌破警报-66000] CHECK_START
  {}
[2026-03-09 13:07:50] [INFO] [关键支撑跌破警报-66000] CHECK_PASSED
  {}
[2026-03-09 13:13:16] [INFO] [阻力突破警报-67000] CHECK_START
  {}
[2026-03-09 13:13:16] [INFO] [阻力突破警报-67000] CHECK_PASSED
  {}
[2026-03-09 13:13:16] [INFO] [关键支撑跌破警报-66000] CHECK_START
  {}
[2026-03-09 13:13:16] [INFO] [关键支撑跌破警报-66000] CHECK_PASSED
  {}
[2026-03-09 13:18:41] [INFO] [阻力突破警报-67000] CHECK_START
  {}
[2026-03-09 13:18:41] [INFO] [阻力突破警报-67000] CHECK_PASSED
  {}
[2026-03-09 13:18:41] [INFO] [关键支撑跌破警报-66000] CHECK_START
  {}
[2026-03-09 13:18:41] [INFO] [关键支撑跌破警报-66000] CHECK_PASSED
  {}
[2026-03-09 13:24:00] [INFO] [阻力突破警报-67000] CHECK_START
  {}
[2026-03-09 13:24:00] [INFO] [关键支撑跌破警报-66000] CHECK_START
  {}
[2026-03-09 13:24:03] [INFO] [阻力突破警报-67000] TRIGGERED
  {}
[2026-03-09 13:24:06] [INFO] [关键支撑跌破警报-66000] CHECK_PASSED
  {}
[2026-03-09 13:24:06] [INFO] [阻力突破警报-67000] DATA_COLLECTED
  {"dataKeys":["alertTime","currentPrice","priceChange","volume24h","fearGreedIndex","klines15m","targetPrice","alertType","analysis"]}
[2026-03-09 13:24:06] [INFO] [阻力突破警报-67000] TRIGGER_COMPLETED
  {}
[2026-03-09 13:29:27] [INFO] [阻力突破警报-67000] CHECK_START
  {}
[2026-03-09 13:29:27] [INFO] [阻力突破警报-67000] CHECK_PASSED
  {}
[2026-03-09 13:29:27] [INFO] [关键支撑跌破警报-66000] CHECK_START
  {}
[2026-03-09 13:29:27] [INFO] [关键支撑跌破警报-66000] CHECK_PASSED
  {}
[2026-03-09 13:34:55] [INFO] [阻力突破警报-67000] CHECK_START
  {}
[2026-03-09 13:34:55] [INFO] [阻力突破警报-67000] CHECK_PASSED
  {}
[2026-03-09 13:34:55] [INFO] [关键支撑跌破警报-66000] CHECK_START
  {}
[2026-03-09 13:34:55] [INFO] [关键支撑跌破警报-66000] CHECK_PASSED
  {}
[2026-03-09 13:40:21] [INFO] [阻力突破警报-67000] CHECK_START
  {}
[2026-03-09 13:40:21] [INFO] [阻力突破警报-67000] CHECK_PASSED
  {}
[2026-03-09 13:40:21] [INFO] [关键支撑跌破警报-66000] CHECK_START
  {}
[2026-03-09 13:40:21] [INFO] [关键支撑跌破警报-66000] CHECK_PASSED
  {}
[2026-03-09 13:45:46] [INFO] [阻力突破警报-67000] CHECK_START
  {}
[2026-03-09 13:45:46] [INFO] [阻力突破警报-67000] CHECK_PASSED
  {}
[2026-03-09 13:45:46] [INFO] [关键支撑跌破警报-66000] CHECK_START
  {}
[2026-03-09 13:45:46] [INFO] [关键支撑跌破警报-66000] CHECK_PASSED
  {}
[2026-03-09 13:51:12] [INFO] [阻力突破警报-67000] CHECK_START
  {}
[2026-03-09 13:51:12] [INFO] [阻力突破警报-67000] CHECK_PASSED
  {}
[2026-03-09 13:51:12] [INFO] [关键支撑跌破警报-66000] CHECK_START
  {}
[2026-03-09 13:51:12] [INFO] [关键支撑跌破警报-66000] CHECK_PASSED
  {}
[2026-03-09 13:56:39] [INFO] [阻力突破警报-67000] CHECK_START
  {}
[2026-03-09 13:56:39] [INFO] [阻力突破警报-67000] CHECK_PASSED
  {}
[2026-03-09 13:56:39] [INFO] [关键支撑跌破警报-66000] CHECK_START
  {}
[2026-03-09 13:56:39] [INFO] [关键支撑跌破警报-66000] CHECK_PASSED
  {}
[2026-03-09 14:02:08] [INFO] [阻力突破警报-67000] CHECK_START
  {}
[2026-03-09 14:02:08] [INFO] [阻力突破警报-67000] CHECK_PASSED
  {}
[2026-03-09 14:02:08] [INFO] [关键支撑跌破警报-66000] CHECK_START
  {}
[2026-03-09 14:02:08] [INFO] [关键支撑跌破警报-66000] CHECK_PASSED
  {}
[2026-03-09 14:07:35] [INFO] [阻力突破警报-67000] CHECK_START
  {}
[2026-03-09 14:07:35] [INFO] [阻力突破警报-67000] CHECK_PASSED
  {}
[2026-03-09 14:07:35] [INFO] [关键支撑跌破警报-66000] CHECK_START
  {}
[2026-03-09 14:07:35] [INFO] [关键支撑跌破警报-66000] CHECK_PASSED
  {}
[2026-03-09 14:13:01] [INFO] [阻力突破警报-67000] CHECK_START
  {}
[2026-03-09 14:13:01] [INFO] [阻力突破警报-67000] CHECK_PASSED
  {}
[2026-03-09 14:13:01] [INFO] [关键支撑跌破警报-66000] CHECK_START
  {}
[2026-03-09 14:13:01] [INFO] [关键支撑跌破警报-66000] CHECK_PASSED
  {}
[2026-03-09 14:18:27] [INFO] [阻力突破警报-67000] CHECK_START
  {}
[2026-03-09 14:18:27] [INFO] [阻力突破警报-67000] CHECK_PASSED
  {}
[2026-03-09 14:18:27] [INFO] [关键支撑跌破警报-66000] CHECK_START
  {}
[2026-03-09 14:18:27] [INFO] [关键支撑跌破警报-66000] CHECK_PASSED
  {}
[2026-03-09 14:23:57] [INFO] [阻力突破警报-67000] CHECK_START
  {}
[2026-03-09 14:23:57] [INFO] [阻力突破警报-67000] CHECK_PASSED
  {}
[2026-03-09 14:23:57] [INFO] [关键支撑跌破警报-66000] CHECK_START
  {}
[2026-03-09 14:23:57] [INFO] [关键支撑跌破警报-66000] CHECK_PASSED
  {}
[2026-03-09 14:29:21] [INFO] [阻力突破警报-67000] CHECK_START
  {}
[2026-03-09 14:29:21] [INFO] [关键支撑跌破警报-66000] CHECK_START
  {}
[2026-03-09 14:29:23] [INFO] [关键支撑跌破警报-66000] CHECK_PASSED
  {}
[2026-03-09 14:29:32] [INFO] [阻力突破警报-67000] TRIGGERED
  {}
[2026-03-09 14:29:51] [INFO] [阻力突破警报-67000] DATA_COLLECTED
  {"dataKeys":["alertTime","currentPrice","priceChange","volume24h","fearGreedIndex","klines15m","targetPrice","alertType","analysis"]}
[2026-03-09 14:29:51] [INFO] [阻力突破警报-67000] TRIGGER_COMPLETED
  {}
[2026-03-09 14:34:43] [INFO] [阻力突破警报-67000] CHECK_START
  {}
[2026-03-09 14:34:43] [INFO] [阻力突破警报-67000] CHECK_PASSED
  {}
[2026-03-09 14:34:43] [INFO] [关键支撑跌破警报-66000] CHECK_START
  {}
[2026-03-09 14:34:43] [INFO] [关键支撑跌破警报-66000] CHECK_PASSED
  {}
[2026-03-09 14:40:10] [INFO] [阻力突破警报-67000] CHECK_START
  {}
[2026-03-09 14:40:10] [INFO] [阻力突破警报-67000] CHECK_PASSED
  {}
[2026-03-09 14:40:10] [INFO] [关键支撑跌破警报-66000] CHECK_START
  {}
[2026-03-09 14:40:10] [INFO] [关键支撑跌破警报-66000] CHECK_PASSED
  {}
[2026-03-09 14:45:36] [INFO] [阻力突破警报-67000] CHECK_START
  {}
[2026-03-09 14:45:36] [INFO] [阻力突破警报-67000] CHECK_PASSED
  {}
[2026-03-09 14:45:36] [INFO] [关键支撑跌破警报-66000] CHECK_START
  {}
[2026-03-09 14:45:36] [INFO] [关键支撑跌破警报-66000] CHECK_PASSED
  {}
[2026-03-09 14:50:56] [INFO] [阻力突破警报-67000] CHECK_START
  {}
[2026-03-09 14:50:56] [INFO] [阻力突破警报-67000] CHECK_PASSED
  {}
[2026-03-09 14:50:56] [INFO] [关键支撑跌破警报-66000] CHECK_START
  {}
[2026-03-09 14:50:56] [INFO] [关键支撑跌破警报-66000] CHECK_PASSED
  {}
[2026-03-09 14:56:25] [INFO] [阻力突破警报-67000] CHECK_START
  {}
[2026-03-09 14:56:25] [INFO] [阻力突破警报-67000] CHECK_PASSED
  {}
[2026-03-09 14:56:25] [INFO] [关键支撑跌破警报-66000] CHECK_START
  {}
[2026-03-09 14:56:25] [INFO] [关键支撑跌破警报-66000] CHECK_PASSED
  {}
[2026-03-09 15:01:52] [INFO] [阻力突破警报-67000] CHECK_START
  {}
[2026-03-09 15:01:52] [INFO] [阻力突破警报-67000] CHECK_PASSED
  {}
[2026-03-09 15:01:52] [INFO] [关键支撑跌破警报-66000] CHECK_START
  {}
[2026-03-09 15:01:52] [INFO] [关键支撑跌破警报-66000] CHECK_PASSED
  {}
[2026-03-09 15:07:20] [INFO] [阻力突破警报-67000] CHECK_START
  {}
[2026-03-09 15:07:20] [INFO] [阻力突破警报-67000] CHECK_PASSED
  {}
[2026-03-09 15:07:20] [INFO] [关键支撑跌破警报-66000] CHECK_START
  {}
[2026-03-09 15:07:20] [INFO] [关键支撑跌破警报-66000] CHECK_PASSED
  {}
[2026-03-09 15:12:46] [INFO] [阻力突破警报-67000] CHECK_START
  {}
[2026-03-09 15:12:46] [INFO] [阻力突破警报-67000] CHECK_PASSED
  {}
[2026-03-09 15:12:46] [INFO] [关键支撑跌破警报-66000] CHECK_START
  {}
[2026-03-09 15:12:46] [INFO] [关键支撑跌破警报-66000] CHECK_PASSED
  {}
[2026-03-09 15:18:11] [INFO] [阻力突破警报-67000] CHECK_START
  {}
[2026-03-09 15:18:11] [INFO] [阻力突破警报-67000] CHECK_PASSED
  {}
[2026-03-09 15:18:11] [INFO] [关键支撑跌破警报-66000] CHECK_START
  {}
[2026-03-09 15:18:11] [INFO] [关键支撑跌破警报-66000] CHECK_PASSED
  {}
[2026-03-09 15:23:40] [INFO] [阻力突破警报-67000] CHECK_START
  {}
[2026-03-09 15:23:40] [INFO] [阻力突破警报-67000] CHECK_PASSED
  {}
[2026-03-09 15:23:40] [INFO] [关键支撑跌破警报-66000] CHECK_START
  {}
[2026-03-09 15:23:40] [INFO] [关键支撑跌破警报-66000] CHECK_PASSED
  {}
[2026-03-09 15:29:07] [INFO] [阻力突破警报-67000] CHECK_START
  {}
[2026-03-09 15:29:07] [INFO] [阻力突破警报-67000] CHECK_PASSED
  {}
[2026-03-09 15:29:07] [INFO] [关键支撑跌破警报-66000] CHECK_START
  {}
[2026-03-09 15:29:07] [INFO] [关键支撑跌破警报-66000] CHECK_PASSED
  {}
[2026-03-09 15:34:36] [INFO] [阻力突破警报-67000] CHECK_START
  {}
[2026-03-09 15:34:36] [INFO] [关键支撑跌破警报-66000] CHECK_START
  {}
[2026-03-09 15:34:39] [INFO] [阻力突破警报-67000] TRIGGERED
  {}
[2026-03-09 15:34:41] [INFO] [关键支撑跌破警报-66000] CHECK_PASSED
  {}
[2026-03-09 15:34:48] [INFO] [阻力突破警报-67000] DATA_COLLECTED
  {"dataKeys":["alertTime","currentPrice","priceChange","volume24h","fearGreedIndex","klines15m","targetPrice","alertType","analysis"]}
[2026-03-09 15:34:48] [INFO] [阻力突破警报-67000] TRIGGER_COMPLETED
  {}
[2026-03-09 15:40:02] [INFO] [阻力突破警报-67000] CHECK_START
  {}
[2026-03-09 15:40:02] [INFO] [阻力突破警报-67000] CHECK_PASSED
  {}
[2026-03-09 15:40:02] [INFO] [关键支撑跌破警报-66000] CHECK_START
  {}
[2026-03-09 15:40:02] [INFO] [关键支撑跌破警报-66000] CHECK_PASSED
  {}
[2026-03-09 15:45:26] [INFO] [阻力突破警报-67000] CHECK_START
  {}
[2026-03-09 15:45:26] [INFO] [阻力突破警报-67000] CHECK_PASSED
  {}
[2026-03-09 15:45:26] [INFO] [关键支撑跌破警报-66000] CHECK_START
  {}
[2026-03-09 15:45:26] [INFO] [关键支撑跌破警报-66000] CHECK_PASSED
  {}
[2026-03-09 15:50:56] [INFO] [阻力突破警报-67000] CHECK_START
  {}
[2026-03-09 15:50:56] [INFO] [阻力突破警报-67000] CHECK_PASSED
  {}
[2026-03-09 15:50:56] [INFO] [关键支撑跌破警报-66000] CHECK_START
  {}
[2026-03-09 15:50:56] [INFO] [关键支撑跌破警报-66000] CHECK_PASSED
  {}
[2026-03-09 15:56:23] [INFO] [阻力突破警报-67000] CHECK_START
  {}
[2026-03-09 15:56:23] [INFO] [阻力突破警报-67000] CHECK_PASSED
  {}
[2026-03-09 15:56:23] [INFO] [关键支撑跌破警报-66000] CHECK_START
  {}
[2026-03-09 15:56:23] [INFO] [关键支撑跌破警报-66000] CHECK_PASSED
  {}
[2026-03-09 16:01:48] [INFO] [阻力突破警报-67000] CHECK_START
  {}
[2026-03-09 16:01:48] [INFO] [阻力突破警报-67000] CHECK_PASSED
  {}
[2026-03-09 16:01:48] [INFO] [关键支撑跌破警报-66000] CHECK_START
  {}
[2026-03-09 16:01:48] [INFO] [关键支撑跌破警报-66000] CHECK_PASSED
  {}
[2026-03-09 16:07:07] [INFO] [阻力突破警报-67000] CHECK_START
  {}
[2026-03-09 16:07:07] [INFO] [阻力突破警报-67000] CHECK_PASSED
  {}
[2026-03-09 16:07:07] [INFO] [关键支撑跌破警报-66000] CHECK_START
  {}
[2026-03-09 16:07:07] [INFO] [关键支撑跌破警报-66000] CHECK_PASSED
  {}
[2026-03-09 16:12:34] [INFO] [阻力突破警报-67000] CHECK_START
  {}
[2026-03-09 16:12:34] [INFO] [阻力突破警报-67000] CHECK_PASSED
  {}
[2026-03-09 16:12:34] [INFO] [关键支撑跌破警报-66000] CHECK_START
  {}
[2026-03-09 16:12:34] [INFO] [关键支撑跌破警报-66000] CHECK_PASSED
  {}
[2026-03-09 16:18:03] [INFO] [阻力突破警报-67000] CHECK_START
  {}
[2026-03-09 16:18:03] [INFO] [阻力突破警报-67000] CHECK_PASSED
  {}
[2026-03-09 16:18:03] [INFO] [关键支撑跌破警报-66000] CHECK_START
  {}
[2026-03-09 16:18:03] [INFO] [关键支撑跌破警报-66000] CHECK_PASSED
  {}
[2026-03-09 16:23:29] [INFO] [阻力突破警报-67000] CHECK_START
  {}
[2026-03-09 16:23:29] [INFO] [阻力突破警报-67000] CHECK_PASSED
  {}
[2026-03-09 16:23:30] [INFO] [关键支撑跌破警报-66000] CHECK_START
  {}
[2026-03-09 16:23:30] [INFO] [关键支撑跌破警报-66000] CHECK_PASSED
  {}
[2026-03-09 16:28:49] [INFO] [阻力突破警报-67000] CHECK_START
  {}
[2026-03-09 16:28:49] [INFO] [阻力突破警报-67000] CHECK_PASSED
  {}
[2026-03-09 16:28:49] [INFO] [关键支撑跌破警报-66000] CHECK_START
  {}
[2026-03-09 16:28:49] [INFO] [关键支撑跌破警报-66000] CHECK_PASSED
  {}
[2026-03-09 16:34:15] [INFO] [阻力突破警报-67000] CHECK_START
  {}
[2026-03-09 16:34:15] [INFO] [阻力突破警报-67000] CHECK_PASSED
  {}
[2026-03-09 16:34:15] [INFO] [关键支撑跌破警报-66000] CHECK_START
  {}
[2026-03-09 16:34:15] [INFO] [关键支撑跌破警报-66000] CHECK_PASSED
  {}
[2026-03-09 16:39:38] [INFO] [阻力突破警报-67000] CHECK_START
  {}
[2026-03-09 16:39:38] [INFO] [关键支撑跌破警报-66000] CHECK_START
  {}
[2026-03-09 16:40:11] [INFO] [阻力突破警报-67000] TRIGGERED
  {}
[2026-03-09 16:40:13] [INFO] [关键支撑跌破警报-66000] CHECK_PASSED
  {}
[2026-03-09 16:40:51] [INFO] [阻力突破警报-67000] DATA_COLLECTED
  {"dataKeys":["alertTime","currentPrice","priceChange","volume24h","fearGreedIndex","klines15m","targetPrice","alertType","analysis"]}
[2026-03-09 16:40:51] [INFO] [阻力突破警报-67000] TRIGGER_COMPLETED
  {}
[2026-03-09 16:41:47] [INFO] [阻力突破警报-67000] 检测到规则文件已不存在
  {"path":"/root/.openclaw/workspace-july/skills/btc-alert/rules/2026-03-09-resistance-67000.js"}
[2026-03-09 16:41:47] [INFO] [阻力突破警报-67000] RULE_UNLOADED
  {"reason":"file_removed"}
[2026-03-09 16:42:39] [INFO] [Engine] 引擎关闭 (SIGINT)
[2026-03-09 16:42:39] [INFO] [Engine] 引擎启动
  {"rulesDir":"/root/.openclaw/workspace-july/skills/btc-alert/rules","archiveDir":"/root/.openclaw/workspace-july/skills/btc-alert/rules-archive","logFile":"/root/.openclaw/workspace-july/logs/alert-engine.log"}
[2026-03-09 16:42:39] [INFO] [阻力突破警报-68500] TIMER_STARTED
  {"interval":"300s","file":"2026-03-09-resistance-68500.js"}
[2026-03-09 16:42:39] [INFO] [阻力突破警报-68500] CHECK_START
  {}
[2026-03-09 16:42:39] [INFO] [关键支撑跌破警报-66000] TIMER_STARTED
  {"interval":"300s","file":"2026-03-09-support-66000.js"}
[2026-03-09 16:42:39] [INFO] [关键支撑跌破警报-66000] CHECK_START
  {}
[2026-03-09 16:42:39] [INFO] [止盈目标警报-68000] TIMER_STARTED
  {"interval":"300s","file":"2026-03-09-takeprofit-68000.js"}
[2026-03-09 16:42:39] [INFO] [止盈目标警报-68000] CHECK_START
  {}
[2026-03-09 16:42:39] [INFO] [Engine] 规则加载完成
  {"count":3}
[2026-03-09 16:42:48] [INFO] [阻力突破警报-68500] CHECK_PASSED
  {}
[2026-03-09 16:42:50] [INFO] [止盈目标警报-68000] CHECK_PASSED
  {}
[2026-03-09 16:42:57] [INFO] [关键支撑跌破警报-66000] CHECK_PASSED
  {}
[2026-03-09 16:48:07] [INFO] [阻力突破警报-68500] CHECK_START
  {}
[2026-03-09 16:48:07] [INFO] [关键支撑跌破警报-66000] CHECK_START
  {}
[2026-03-09 16:48:07] [INFO] [止盈目标警报-68000] CHECK_START
  {}
[2026-03-09 16:48:13] [INFO] [止盈目标警报-68000] CHECK_PASSED
  {}
[2026-03-09 16:48:14] [INFO] [阻力突破警报-68500] CHECK_PASSED
  {}
[2026-03-09 16:48:15] [INFO] [关键支撑跌破警报-66000] CHECK_PASSED
  {}
[2026-03-09 16:53:34] [INFO] [阻力突破警报-68500] CHECK_START
  {}
[2026-03-09 16:53:34] [INFO] [关键支撑跌破警报-66000] CHECK_START
  {}
[2026-03-09 16:53:34] [INFO] [止盈目标警报-68000] CHECK_START
  {}
[2026-03-09 16:53:39] [INFO] [关键支撑跌破警报-66000] CHECK_PASSED
  {}
[2026-03-09 16:53:44] [INFO] [止盈目标警报-68000] CHECK_PASSED
  {}
[2026-03-09 16:53:45] [INFO] [阻力突破警报-68500] CHECK_PASSED
  {}
[2026-03-09 16:58:53] [INFO] [阻力突破警报-68500] CHECK_START
  {}
[2026-03-09 16:58:53] [INFO] [关键支撑跌破警报-66000] CHECK_START
  {}
[2026-03-09 16:58:53] [INFO] [止盈目标警报-68000] CHECK_START
  {}
[2026-03-09 16:59:29] [INFO] [止盈目标警报-68000] CHECK_PASSED
  {}
[2026-03-09 16:59:31] [INFO] [关键支撑跌破警报-66000] CHECK_PASSED
  {}
[2026-03-09 16:59:31] [INFO] [阻力突破警报-68500] CHECK_PASSED
  {}
[2026-03-09 17:04:15] [INFO] [阻力突破警报-68500] CHECK_START
  {}
[2026-03-09 17:04:15] [INFO] [关键支撑跌破警报-66000] CHECK_START
  {}
[2026-03-09 17:04:15] [INFO] [止盈目标警报-68000] CHECK_START
  {}
[2026-03-09 17:04:47] [INFO] [止盈目标警报-68000] CHECK_PASSED
  {}
[2026-03-09 17:04:54] [INFO] [阻力突破警报-68500] CHECK_PASSED
  {}
[2026-03-09 17:05:00] [INFO] [关键支撑跌破警报-66000] CHECK_PASSED
  {}
[2026-03-09 17:09:39] [INFO] [阻力突破警报-68500] CHECK_START
  {}
[2026-03-09 17:09:39] [INFO] [关键支撑跌破警报-66000] CHECK_START
  {}
[2026-03-09 17:09:39] [INFO] [止盈目标警报-68000] CHECK_START
  {}
[2026-03-09 17:09:48] [INFO] [阻力突破警报-68500] CHECK_PASSED
  {}
[2026-03-09 17:10:10] [INFO] [止盈目标警报-68000] CHECK_PASSED
  {}
[2026-03-09 17:10:14] [INFO] [关键支撑跌破警报-66000] CHECK_PASSED
  {}
[2026-03-09 17:15:02] [INFO] [阻力突破警报-68500] CHECK_START
  {}
[2026-03-09 17:15:02] [INFO] [关键支撑跌破警报-66000] CHECK_START
  {}
[2026-03-09 17:15:02] [INFO] [止盈目标警报-68000] CHECK_START
  {}
[2026-03-09 17:15:15] [INFO] [止盈目标警报-68000] CHECK_PASSED
  {}
[2026-03-09 17:15:32] [INFO] [阻力突破警报-68500] CHECK_PASSED
  {}
[2026-03-09 17:15:34] [INFO] [关键支撑跌破警报-66000] CHECK_PASSED
  {}
[2026-03-09 17:20:19] [INFO] [阻力突破警报-68500] CHECK_START
  {}
[2026-03-09 17:20:19] [INFO] [关键支撑跌破警报-66000] CHECK_START
  {}
[2026-03-09 17:20:19] [INFO] [止盈目标警报-68000] CHECK_START
  {}
[2026-03-09 17:20:41] [INFO] [阻力突破警报-68500] CHECK_PASSED
  {}
[2026-03-09 17:20:49] [INFO] [关键支撑跌破警报-66000] CHECK_PASSED
  {}
[2026-03-09 17:20:51] [INFO] [止盈目标警报-68000] CHECK_PASSED
  {}
[2026-03-09 17:25:32] [INFO] [阻力突破警报-68500] CHECK_START
  {}
[2026-03-09 17:25:32] [INFO] [关键支撑跌破警报-66000] CHECK_START
  {}
[2026-03-09 17:25:32] [INFO] [止盈目标警报-68000] CHECK_START
  {}
[2026-03-09 17:25:34] [INFO] [阻力突破警报-68500] CHECK_PASSED
  {}
[2026-03-09 17:25:55] [INFO] [关键支撑跌破警报-66000] CHECK_PASSED
  {}
[2026-03-09 17:26:13] [INFO] [止盈目标警报-68000] CHECK_PASSED
  {}
[2026-03-09 17:30:55] [INFO] [阻力突破警报-68500] CHECK_START
  {}
[2026-03-09 17:30:55] [INFO] [关键支撑跌破警报-66000] CHECK_START
  {}
[2026-03-09 17:30:55] [INFO] [止盈目标警报-68000] CHECK_START
  {}
[2026-03-09 17:31:09] [INFO] [关键支撑跌破警报-66000] CHECK_PASSED
  {}
[2026-03-09 17:31:17] [INFO] [阻力突破警报-68500] CHECK_PASSED
  {}
[2026-03-09 17:31:32] [INFO] [止盈目标警报-68000] CHECK_PASSED
  {}
[2026-03-09 17:36:24] [INFO] [阻力突破警报-68500] CHECK_START
  {}
[2026-03-09 17:36:24] [INFO] [关键支撑跌破警报-66000] CHECK_START
  {}
[2026-03-09 17:36:24] [INFO] [止盈目标警报-68000] CHECK_START
  {}
[2026-03-09 17:36:26] [INFO] [止盈目标警报-68000] CHECK_PASSED
  {}
[2026-03-09 17:36:27] [INFO] [阻力突破警报-68500] CHECK_PASSED
  {}
[2026-03-09 17:36:33] [INFO] [关键支撑跌破警报-66000] CHECK_PASSED
  {}
[2026-03-09 17:41:51] [INFO] [阻力突破警报-68500] CHECK_START
  {}
[2026-03-09 17:41:51] [INFO] [关键支撑跌破警报-66000] CHECK_START
  {}
[2026-03-09 17:41:51] [INFO] [止盈目标警报-68000] CHECK_START
  {}
[2026-03-09 17:41:53] [INFO] [止盈目标警报-68000] TRIGGERED
  {}
[2026-03-09 17:41:55] [INFO] [阻力突破警报-68500] CHECK_PASSED
  {}
[2026-03-09 17:42:03] [INFO] [关键支撑跌破警报-66000] CHECK_PASSED
  {}
[2026-03-09 17:42:05] [INFO] [止盈目标警报-68000] DATA_COLLECTED
  {"dataKeys":["alertTime","currentPrice","priceChange","volume24h","fearGreedIndex","klines15m","targetPrice","alertType","analysis"]}
[2026-03-09 17:42:05] [INFO] [止盈目标警报-68000] TRIGGER_COMPLETED
  {}
[2026-03-09 17:47:17] [INFO] [阻力突破警报-68500] CHECK_START
  {}
[2026-03-09 17:47:17] [INFO] [阻力突破警报-68500] CHECK_PASSED
  {}
[2026-03-09 17:47:17] [INFO] [关键支撑跌破警报-66000] CHECK_START
  {}
[2026-03-09 17:47:17] [INFO] [关键支撑跌破警报-66000] CHECK_PASSED
  {}
[2026-03-09 17:47:17] [INFO] [止盈目标警报-68000] CHECK_START
  {}
[2026-03-09 17:47:17] [INFO] [止盈目标警报-68000] CHECK_PASSED
  {}
[2026-03-09 17:52:47] [INFO] [阻力突破警报-68500] CHECK_START
  {}
[2026-03-09 17:52:47] [INFO] [阻力突破警报-68500] CHECK_PASSED
  {}
[2026-03-09 17:52:47] [INFO] [关键支撑跌破警报-66000] CHECK_START
  {}
[2026-03-09 17:52:47] [INFO] [关键支撑跌破警报-66000] CHECK_PASSED
  {}
[2026-03-09 17:52:47] [INFO] [止盈目标警报-68000] CHECK_START
  {}
[2026-03-09 17:52:47] [INFO] [止盈目标警报-68000] CHECK_PASSED
  {}
[2026-03-09 17:58:13] [INFO] [阻力突破警报-68500] CHECK_START
  {}
[2026-03-09 17:58:13] [INFO] [阻力突破警报-68500] CHECK_PASSED
  {}
[2026-03-09 17:58:13] [INFO] [关键支撑跌破警报-66000] CHECK_START
  {}
[2026-03-09 17:58:13] [INFO] [关键支撑跌破警报-66000] CHECK_PASSED
  {}
[2026-03-09 17:58:13] [INFO] [止盈目标警报-68000] CHECK_START
  {}
[2026-03-09 17:58:13] [INFO] [止盈目标警报-68000] CHECK_PASSED
  {}
[2026-03-09 18:03:39] [INFO] [阻力突破警报-68500] CHECK_START
  {}
[2026-03-09 18:03:39] [INFO] [阻力突破警报-68500] CHECK_PASSED
  {}
[2026-03-09 18:03:39] [INFO] [关键支撑跌破警报-66000] CHECK_START
  {}
[2026-03-09 18:03:39] [INFO] [关键支撑跌破警报-66000] CHECK_PASSED
  {}
[2026-03-09 18:03:39] [INFO] [止盈目标警报-68000] CHECK_START
  {}
[2026-03-09 18:03:39] [INFO] [止盈目标警报-68000] CHECK_PASSED
  {}
[2026-03-09 18:09:06] [INFO] [阻力突破警报-68500] CHECK_START
  {}
[2026-03-09 18:09:06] [INFO] [阻力突破警报-68500] CHECK_PASSED
  {}
[2026-03-09 18:09:06] [INFO] [关键支撑跌破警报-66000] CHECK_START
  {}
[2026-03-09 18:09:06] [INFO] [关键支撑跌破警报-66000] CHECK_PASSED
  {}
[2026-03-09 18:09:06] [INFO] [止盈目标警报-68000] CHECK_START
  {}
[2026-03-09 18:09:06] [INFO] [止盈目标警报-68000] CHECK_PASSED
  {}
[2026-03-09 18:14:35] [INFO] [阻力突破警报-68500] CHECK_START
  {}
[2026-03-09 18:14:35] [INFO] [阻力突破警报-68500] CHECK_PASSED
  {}
[2026-03-09 18:14:35] [INFO] [关键支撑跌破警报-66000] CHECK_START
  {}
[2026-03-09 18:14:35] [INFO] [关键支撑跌破警报-66000] CHECK_PASSED
  {}
[2026-03-09 18:14:35] [INFO] [止盈目标警报-68000] CHECK_START
  {}
[2026-03-09 18:14:50] [INFO] [止盈目标警报-68000] CHECK_PASSED
  {}
[2026-03-09 18:20:02] [INFO] [阻力突破警报-68500] CHECK_START
  {}
[2026-03-09 18:20:02] [INFO] [阻力突破警报-68500] CHECK_PASSED
  {}
[2026-03-09 18:20:02] [INFO] [关键支撑跌破警报-66000] CHECK_START
  {}
[2026-03-09 18:20:02] [INFO] [关键支撑跌破警报-66000] CHECK_PASSED
  {}
[2026-03-09 18:20:02] [INFO] [止盈目标警报-68000] CHECK_START
  {}
[2026-03-09 18:20:06] [INFO] [止盈目标警报-68000] CHECK_PASSED
  {}
[2026-03-09 18:25:30] [INFO] [阻力突破警报-68500] CHECK_START
  {}
[2026-03-09 18:25:30] [INFO] [阻力突破警报-68500] CHECK_PASSED
  {}
[2026-03-09 18:25:30] [INFO] [关键支撑跌破警报-66000] CHECK_START
  {}
[2026-03-09 18:25:30] [INFO] [关键支撑跌破警报-66000] CHECK_PASSED
  {}
[2026-03-09 18:25:30] [INFO] [止盈目标警报-68000] CHECK_START
  {}
[2026-03-09 18:25:31] [INFO] [止盈目标警报-68000] CHECK_PASSED
  {}
[2026-03-09 18:30:56] [INFO] [阻力突破警报-68500] CHECK_START
  {}
[2026-03-09 18:30:56] [INFO] [阻力突破警报-68500] CHECK_PASSED
  {}
[2026-03-09 18:30:56] [INFO] [关键支撑跌破警报-66000] CHECK_START
  {}
[2026-03-09 18:30:56] [INFO] [关键支撑跌破警报-66000] CHECK_PASSED
  {}
[2026-03-09 18:30:56] [INFO] [止盈目标警报-68000] CHECK_START
  {}
[2026-03-09 18:31:02] [INFO] [止盈目标警报-68000] CHECK_PASSED
  {}
[2026-03-09 18:36:03] [INFO] [阻力突破警报-68500] CHECK_START
  {}
[2026-03-09 18:36:03] [INFO] [阻力突破警报-68500] CHECK_PASSED
  {}
[2026-03-09 18:36:03] [INFO] [关键支撑跌破警报-66000] CHECK_START
  {}
[2026-03-09 18:36:03] [INFO] [关键支撑跌破警报-66000] CHECK_PASSED
  {}
[2026-03-09 18:36:03] [INFO] [止盈目标警报-68000] CHECK_START
  {}
[2026-03-09 18:36:13] [INFO] [止盈目标警报-68000] CHECK_PASSED
  {}
[2026-03-09 18:41:03] [INFO] [阻力突破警报-68500] CHECK_START
  {}
[2026-03-09 18:41:03] [INFO] [阻力突破警报-68500] CHECK_PASSED
  {}
[2026-03-09 18:41:03] [INFO] [关键支撑跌破警报-66000] CHECK_START
  {}
[2026-03-09 18:41:03] [INFO] [关键支撑跌破警报-66000] CHECK_PASSED
  {}
[2026-03-09 18:41:03] [INFO] [止盈目标警报-68000] CHECK_START
  {}
[2026-03-09 18:41:09] [INFO] [止盈目标警报-68000] CHECK_PASSED
  {}
[2026-03-09 18:46:03] [INFO] [阻力突破警报-68500] CHECK_START
  {}
[2026-03-09 18:46:03] [INFO] [关键支撑跌破警报-66000] CHECK_START
  {}
[2026-03-09 18:46:03] [INFO] [止盈目标警报-68000] CHECK_START
  {}
[2026-03-09 18:46:05] [INFO] [阻力突破警报-68500] CHECK_PASSED
  {}
[2026-03-09 18:46:05] [INFO] [关键支撑跌破警报-66000] CHECK_PASSED
  {}
[2026-03-09 18:46:08] [INFO] [止盈目标警报-68000] CHECK_PASSED
  {}
[2026-03-09 18:51:03] [INFO] [阻力突破警报-68500] CHECK_START
  {}
[2026-03-09 18:51:03] [INFO] [关键支撑跌破警报-66000] CHECK_START
  {}
[2026-03-09 18:51:03] [INFO] [止盈目标警报-68000] CHECK_START
  {}
[2026-03-09 18:51:05] [INFO] [关键支撑跌破警报-66000] CHECK_PASSED
  {}
[2026-03-09 18:51:06] [INFO] [止盈目标警报-68000] CHECK_PASSED
  {}
[2026-03-09 18:51:07] [INFO] [阻力突破警报-68500] CHECK_PASSED
  {}
[2026-03-09 18:56:03] [INFO] [阻力突破警报-68500] CHECK_START
  {}
[2026-03-09 18:56:03] [INFO] [关键支撑跌破警报-66000] CHECK_START
  {}
[2026-03-09 18:56:03] [INFO] [止盈目标警报-68000] CHECK_START
  {}
[2026-03-09 18:56:05] [INFO] [阻力突破警报-68500] CHECK_PASSED
  {}
[2026-03-09 18:56:05] [INFO] [关键支撑跌破警报-66000] CHECK_PASSED
  {}
[2026-03-09 18:56:06] [INFO] [止盈目标警报-68000] CHECK_PASSED
  {}
[2026-03-09 19:01:03] [INFO] [阻力突破警报-68500] CHECK_START
  {}
[2026-03-09 19:01:03] [INFO] [关键支撑跌破警报-66000] CHECK_START
  {}
[2026-03-09 19:01:03] [INFO] [止盈目标警报-68000] CHECK_START
  {}
[2026-03-09 19:01:08] [INFO] [阻力突破警报-68500] CHECK_PASSED
  {}
[2026-03-09 19:01:08] [INFO] [关键支撑跌破警报-66000] CHECK_PASSED
  {}
[2026-03-09 19:01:11] [INFO] [止盈目标警报-68000] CHECK_PASSED
  {}
[2026-03-09 19:06:03] [INFO] [阻力突破警报-68500] CHECK_START
  {}
[2026-03-09 19:06:03] [INFO] [关键支撑跌破警报-66000] CHECK_START
  {}
[2026-03-09 19:06:03] [INFO] [止盈目标警报-68000] CHECK_START
  {}
[2026-03-09 19:06:05] [INFO] [关键支撑跌破警报-66000] CHECK_PASSED
  {}
[2026-03-09 19:06:12] [INFO] [阻力突破警报-68500] CHECK_PASSED
  {}
[2026-03-09 19:06:12] [INFO] [止盈目标警报-68000] CHECK_PASSED
  {}
[2026-03-09 19:11:03] [INFO] [阻力突破警报-68500] CHECK_START
  {}
[2026-03-09 19:11:03] [INFO] [关键支撑跌破警报-66000] CHECK_START
  {}
[2026-03-09 19:11:03] [INFO] [止盈目标警报-68000] CHECK_START
  {}
[2026-03-09 19:11:06] [INFO] [关键支撑跌破警报-66000] CHECK_PASSED
  {}
[2026-03-09 19:11:06] [INFO] [阻力突破警报-68500] CHECK_PASSED
  {}
[2026-03-09 19:11:10] [INFO] [止盈目标警报-68000] CHECK_PASSED
  {}
[2026-03-09 19:16:03] [INFO] [阻力突破警报-68500] CHECK_START
  {}
[2026-03-09 19:16:03] [INFO] [关键支撑跌破警报-66000] CHECK_START
  {}
[2026-03-09 19:16:03] [INFO] [止盈目标警报-68000] CHECK_START
  {}
[2026-03-09 19:16:06] [INFO] [止盈目标警报-68000] CHECK_PASSED
  {}
[2026-03-09 19:16:10] [INFO] [阻力突破警报-68500] CHECK_PASSED
  {}
[2026-03-09 19:16:12] [INFO] [关键支撑跌破警报-66000] CHECK_PASSED
  {}
[2026-03-09 19:21:03] [INFO] [阻力突破警报-68500] CHECK_START
  {}
[2026-03-09 19:21:03] [INFO] [关键支撑跌破警报-66000] CHECK_START
  {}
[2026-03-09 19:21:03] [INFO] [止盈目标警报-68000] CHECK_START
  {}
[2026-03-09 19:21:04] [INFO] [止盈目标警报-68000] CHECK_PASSED
  {}
[2026-03-09 19:21:06] [INFO] [阻力突破警报-68500] CHECK_PASSED
  {}
[2026-03-09 19:21:43] [INFO] [关键支撑跌破警报-66000] CHECK_PASSED
  {}
[2026-03-09 19:26:03] [INFO] [阻力突破警报-68500] CHECK_START
  {}
[2026-03-09 19:26:03] [INFO] [关键支撑跌破警报-66000] CHECK_START
  {}
[2026-03-09 19:26:03] [INFO] [止盈目标警报-68000] CHECK_START
  {}
[2026-03-09 19:26:13] [INFO] [阻力突破警报-68500] CHECK_PASSED
  {}
[2026-03-09 19:26:14] [INFO] [止盈目标警报-68000] CHECK_PASSED
  {}
[2026-03-09 19:26:50] [INFO] [关键支撑跌破警报-66000] CHECK_PASSED
  {}
[2026-03-09 19:31:03] [INFO] [阻力突破警报-68500] CHECK_START
  {}
[2026-03-09 19:31:03] [INFO] [关键支撑跌破警报-66000] CHECK_START
  {}
[2026-03-09 19:31:03] [INFO] [止盈目标警报-68000] CHECK_START
  {}
[2026-03-09 19:31:10] [INFO] [关键支撑跌破警报-66000] CHECK_PASSED
  {}
[2026-03-09 19:31:39] [INFO] [止盈目标警报-68000] CHECK_PASSED
  {}
[2026-03-09 19:31:49] [INFO] [阻力突破警报-68500] CHECK_PASSED
  {}
[2026-03-09 19:36:03] [INFO] [阻力突破警报-68500] CHECK_START
  {}
[2026-03-09 19:36:03] [INFO] [关键支撑跌破警报-66000] CHECK_START
  {}
[2026-03-09 19:36:03] [INFO] [止盈目标警报-68000] CHECK_START
  {}
[2026-03-09 19:36:14] [INFO] [止盈目标警报-68000] CHECK_PASSED
  {}
[2026-03-09 19:36:17] [INFO] [关键支撑跌破警报-66000] CHECK_PASSED
  {}
[2026-03-09 19:36:34] [INFO] [阻力突破警报-68500] CHECK_PASSED
  {}
[2026-03-09 19:41:03] [INFO] [阻力突破警报-68500] CHECK_START
  {}
[2026-03-09 19:41:03] [INFO] [关键支撑跌破警报-66000] CHECK_START
  {}
[2026-03-09 19:41:03] [INFO] [止盈目标警报-68000] CHECK_START
  {}
[2026-03-09 19:41:09] [INFO] [阻力突破警报-68500] CHECK_PASSED
  {}
[2026-03-09 19:41:11] [INFO] [关键支撑跌破警报-66000] CHECK_PASSED
  {}
[2026-03-09 19:41:25] [INFO] [止盈目标警报-68000] CHECK_PASSED
  {}
[2026-03-09 19:46:03] [INFO] [阻力突破警报-68500] CHECK_START
  {}
[2026-03-09 19:46:03] [INFO] [关键支撑跌破警报-66000] CHECK_START
  {}
[2026-03-09 19:46:03] [INFO] [止盈目标警报-68000] CHECK_START
  {}
[2026-03-09 19:46:13] [INFO] [止盈目标警报-68000] CHECK_PASSED
  {}
[2026-03-09 19:46:20] [INFO] [阻力突破警报-68500] CHECK_PASSED
  {}
[2026-03-09 19:46:45] [INFO] [关键支撑跌破警报-66000] CHECK_PASSED
  {}
[2026-03-09 19:51:03] [INFO] [阻力突破警报-68500] CHECK_START
  {}
[2026-03-09 19:51:03] [INFO] [关键支撑跌破警报-66000] CHECK_START
  {}
[2026-03-09 19:51:03] [INFO] [止盈目标警报-68000] CHECK_START
  {}
[2026-03-09 19:51:05] [INFO] [阻力突破警报-68500] CHECK_PASSED
  {}
[2026-03-09 19:51:08] [INFO] [止盈目标警报-68000] CHECK_PASSED
  {}
[2026-03-09 19:51:18] [INFO] [关键支撑跌破警报-66000] CHECK_PASSED
  {}
[2026-03-09 19:56:03] [INFO] [阻力突破警报-68500] CHECK_START
  {}
[2026-03-09 19:56:03] [INFO] [关键支撑跌破警报-66000] CHECK_START
  {}
[2026-03-09 19:56:03] [INFO] [止盈目标警报-68000] CHECK_START
  {}
[2026-03-09 19:56:06] [INFO] [关键支撑跌破警报-66000] CHECK_PASSED
  {}
[2026-03-09 19:56:10] [INFO] [阻力突破警报-68500] CHECK_PASSED
  {}
[2026-03-09 19:56:18] [INFO] [止盈目标警报-68000] CHECK_PASSED
  {}
[2026-03-09 20:01:03] [INFO] [阻力突破警报-68500] CHECK_START
  {}
[2026-03-09 20:01:03] [INFO] [关键支撑跌破警报-66000] CHECK_START
  {}
[2026-03-09 20:01:03] [INFO] [止盈目标警报-68000] CHECK_START
  {}
[2026-03-09 20:01:08] [INFO] [阻力突破警报-68500] CHECK_PASSED
  {}
[2026-03-09 20:01:11] [INFO] [止盈目标警报-68000] CHECK_PASSED
  {}
[2026-03-09 20:01:57] [INFO] [关键支撑跌破警报-66000] CHECK_PASSED
  {}
[2026-03-09 20:06:03] [INFO] [阻力突破警报-68500] CHECK_START
  {}
[2026-03-09 20:06:03] [INFO] [关键支撑跌破警报-66000] CHECK_START
  {}
[2026-03-09 20:06:03] [INFO] [止盈目标警报-68000] CHECK_START
  {}
[2026-03-09 20:06:04] [INFO] [关键支撑跌破警报-66000] CHECK_PASSED
  {}
[2026-03-09 20:06:08] [INFO] [止盈目标警报-68000] CHECK_PASSED
  {}
[2026-03-09 20:06:11] [INFO] [阻力突破警报-68500] CHECK_PASSED
  {}
[2026-03-09 20:11:03] [INFO] [阻力突破警报-68500] CHECK_START
  {}
[2026-03-09 20:11:03] [INFO] [关键支撑跌破警报-66000] CHECK_START
  {}
[2026-03-09 20:11:03] [INFO] [止盈目标警报-68000] CHECK_START
  {}
[2026-03-09 20:11:15] [INFO] [关键支撑跌破警报-66000] CHECK_PASSED
  {}
[2026-03-09 20:11:24] [INFO] [止盈目标警报-68000] CHECK_PASSED
  {}
[2026-03-09 20:12:00] [INFO] [阻力突破警报-68500] CHECK_PASSED
  {}
[2026-03-09 20:16:03] [INFO] [阻力突破警报-68500] CHECK_START
  {}
[2026-03-09 20:16:03] [INFO] [关键支撑跌破警报-66000] CHECK_START
  {}
[2026-03-09 20:16:03] [INFO] [止盈目标警报-68000] CHECK_START
  {}
[2026-03-09 20:16:09] [INFO] [阻力突破警报-68500] CHECK_PASSED
  {}
[2026-03-09 20:16:26] [INFO] [止盈目标警报-68000] CHECK_PASSED
  {}
[2026-03-09 20:16:32] [INFO] [关键支撑跌破警报-66000] CHECK_PASSED
  {}
[2026-03-09 20:21:03] [INFO] [阻力突破警报-68500] CHECK_START
  {}
[2026-03-09 20:21:03] [INFO] [关键支撑跌破警报-66000] CHECK_START
  {}
[2026-03-09 20:21:03] [INFO] [止盈目标警报-68000] CHECK_START
  {}
[2026-03-09 20:21:04] [INFO] [阻力突破警报-68500] CHECK_PASSED
  {}
[2026-03-09 20:21:04] [INFO] [止盈目标警报-68000] CHECK_PASSED
  {}
[2026-03-09 20:21:50] [INFO] [关键支撑跌破警报-66000] CHECK_PASSED
  {}
[2026-03-09 20:26:03] [INFO] [阻力突破警报-68500] CHECK_START
  {}
[2026-03-09 20:26:03] [INFO] [关键支撑跌破警报-66000] CHECK_START
  {}
[2026-03-09 20:26:03] [INFO] [止盈目标警报-68000] CHECK_START
  {}
[2026-03-09 20:26:05] [INFO] [关键支撑跌破警报-66000] CHECK_PASSED
  {}
[2026-03-09 20:26:09] [INFO] [止盈目标警报-68000] TRIGGERED
  {}
[2026-03-09 20:26:10] [INFO] [阻力突破警报-68500] CHECK_PASSED
  {}
[2026-03-09 20:26:18] [INFO] [止盈目标警报-68000] DATA_COLLECTED
  {"dataKeys":["alertTime","error"]}
[2026-03-09 20:26:18] [INFO] [止盈目标警报-68000] TRIGGER_COMPLETED
  {}
[2026-03-09 20:31:03] [INFO] [阻力突破警报-68500] CHECK_START
  {}
[2026-03-09 20:31:03] [INFO] [阻力突破警报-68500] CHECK_PASSED
  {}
[2026-03-09 20:31:03] [INFO] [关键支撑跌破警报-66000] CHECK_START
  {}
[2026-03-09 20:31:03] [INFO] [关键支撑跌破警报-66000] CHECK_PASSED
  {}
[2026-03-09 20:31:03] [INFO] [止盈目标警报-68000] CHECK_START
  {}
[2026-03-09 20:31:03] [INFO] [止盈目标警报-68000] CHECK_PASSED
  {}
[2026-03-09 20:36:03] [INFO] [阻力突破警报-68500] CHECK_START
  {}
[2026-03-09 20:36:03] [INFO] [阻力突破警报-68500] CHECK_PASSED
  {}
[2026-03-09 20:36:03] [INFO] [关键支撑跌破警报-66000] CHECK_START
  {}
[2026-03-09 20:36:03] [INFO] [关键支撑跌破警报-66000] CHECK_PASSED
  {}
[2026-03-09 20:36:03] [INFO] [止盈目标警报-68000] CHECK_START
  {}
[2026-03-09 20:36:03] [INFO] [止盈目标警报-68000] CHECK_PASSED
  {}
[2026-03-09 20:41:03] [INFO] [阻力突破警报-68500] CHECK_START
  {}
[2026-03-09 20:41:03] [INFO] [阻力突破警报-68500] CHECK_PASSED
  {}
[2026-03-09 20:41:03] [INFO] [关键支撑跌破警报-66000] CHECK_START
  {}
[2026-03-09 20:41:03] [INFO] [关键支撑跌破警报-66000] CHECK_PASSED
  {}
[2026-03-09 20:41:03] [INFO] [止盈目标警报-68000] CHECK_START
  {}
[2026-03-09 20:41:03] [INFO] [止盈目标警报-68000] CHECK_PASSED
  {}
[2026-03-09 20:46:03] [INFO] [阻力突破警报-68500] CHECK_START
  {}
[2026-03-09 20:46:03] [INFO] [阻力突破警报-68500] CHECK_PASSED
  {}
[2026-03-09 20:46:03] [INFO] [关键支撑跌破警报-66000] CHECK_START
  {}
[2026-03-09 20:46:03] [INFO] [关键支撑跌破警报-66000] CHECK_PASSED
  {}
[2026-03-09 20:46:03] [INFO] [止盈目标警报-68000] CHECK_START
  {}
[2026-03-09 20:46:03] [INFO] [止盈目标警报-68000] CHECK_PASSED
  {}
[2026-03-09 20:51:03] [INFO] [阻力突破警报-68500] CHECK_START
  {}
[2026-03-09 20:51:03] [INFO] [阻力突破警报-68500] CHECK_PASSED
  {}
[2026-03-09 20:51:03] [INFO] [关键支撑跌破警报-66000] CHECK_START
  {}
[2026-03-09 20:51:03] [INFO] [关键支撑跌破警报-66000] CHECK_PASSED
  {}
[2026-03-09 20:51:03] [INFO] [止盈目标警报-68000] CHECK_START
  {}
[2026-03-09 20:51:03] [INFO] [止盈目标警报-68000] CHECK_PASSED
  {}
[2026-03-09 20:56:03] [INFO] [阻力突破警报-68500] CHECK_START
  {}
[2026-03-09 20:56:03] [INFO] [阻力突破警报-68500] CHECK_PASSED
  {}
[2026-03-09 20:56:03] [INFO] [关键支撑跌破警报-66000] CHECK_START
  {}
[2026-03-09 20:56:03] [INFO] [关键支撑跌破警报-66000] CHECK_PASSED
  {}
[2026-03-09 20:56:03] [INFO] [止盈目标警报-68000] CHECK_START
  {}
[2026-03-09 20:56:03] [INFO] [止盈目标警报-68000] CHECK_PASSED
  {}
[2026-03-09 21:01:03] [INFO] [阻力突破警报-68500] CHECK_START
  {}
[2026-03-09 21:01:03] [INFO] [阻力突破警报-68500] CHECK_PASSED
  {}
[2026-03-09 21:01:03] [INFO] [关键支撑跌破警报-66000] CHECK_START
  {}
[2026-03-09 21:01:03] [INFO] [关键支撑跌破警报-66000] CHECK_PASSED
  {}
[2026-03-09 21:01:03] [INFO] [止盈目标警报-68000] CHECK_START
  {}
[2026-03-09 21:01:11] [INFO] [止盈目标警报-68000] TRIGGERED
  {}
[2026-03-09 21:01:24] [INFO] [止盈目标警报-68000] DATA_COLLECTED
  {"dataKeys":["alertTime","currentPrice","priceChange","volume24h","fearGreedIndex","klines15m","targetPrice","alertType","analysis"]}
[2026-03-09 21:01:24] [INFO] [止盈目标警报-68000] TRIGGER_COMPLETED
  {}
[2026-03-09 21:06:03] [INFO] [阻力突破警报-68500] CHECK_START
  {}
[2026-03-09 21:06:03] [INFO] [阻力突破警报-68500] CHECK_PASSED
  {}
[2026-03-09 21:06:03] [INFO] [关键支撑跌破警报-66000] CHECK_START
  {}
[2026-03-09 21:06:03] [INFO] [关键支撑跌破警报-66000] CHECK_PASSED
  {}
[2026-03-09 21:06:03] [INFO] [止盈目标警报-68000] CHECK_START
  {}
[2026-03-09 21:06:03] [INFO] [止盈目标警报-68000] CHECK_PASSED
  {}
[2026-03-09 21:06:03] [INFO] [止盈目标警报-68000] 检测到规则文件已不存在
  {"path":"/root/.openclaw/workspace-july/skills/btc-alert/rules/2026-03-09-takeprofit-68000.js"}
[2026-03-09 21:06:03] [INFO] [止盈目标警报-68000] RULE_UNLOADED
  {"reason":"file_removed"}
[2026-03-09 21:11:03] [INFO] [阻力突破警报-68500] CHECK_START
  {}
[2026-03-09 21:11:03] [INFO] [阻力突破警报-68500] CHECK_PASSED
  {}
[2026-03-09 21:11:03] [INFO] [关键支撑跌破警报-66000] CHECK_START
  {}
[2026-03-09 21:11:03] [INFO] [关键支撑跌破警报-66000] CHECK_PASSED
  {}
[2026-03-09 21:16:03] [INFO] [阻力突破警报-68500] CHECK_START
  {}
[2026-03-09 21:16:03] [INFO] [阻力突破警报-68500] CHECK_PASSED
  {}
[2026-03-09 21:16:03] [INFO] [关键支撑跌破警报-66000] CHECK_START
  {}
[2026-03-09 21:16:03] [INFO] [关键支撑跌破警报-66000] CHECK_PASSED
  {}
[2026-03-09 21:21:03] [INFO] [阻力突破警报-68500] CHECK_START
  {}
[2026-03-09 21:21:03] [INFO] [阻力突破警报-68500] CHECK_PASSED
  {}
[2026-03-09 21:21:03] [INFO] [关键支撑跌破警报-66000] CHECK_START
  {}
[2026-03-09 21:21:03] [INFO] [关键支撑跌破警报-66000] CHECK_PASSED
  {}
[2026-03-09 21:26:03] [INFO] [阻力突破警报-68500] CHECK_START
  {}
[2026-03-09 21:26:03] [INFO] [阻力突破警报-68500] CHECK_PASSED
  {}
[2026-03-09 21:26:03] [INFO] [关键支撑跌破警报-66000] CHECK_START
  {}
[2026-03-09 21:26:03] [INFO] [关键支撑跌破警报-66000] CHECK_PASSED
  {}
[2026-03-09 21:31:03] [INFO] [阻力突破警报-68500] CHECK_START
  {}
[2026-03-09 21:31:03] [INFO] [阻力突破警报-68500] CHECK_PASSED
  {}
[2026-03-09 21:31:03] [INFO] [关键支撑跌破警报-66000] CHECK_START
  {}
[2026-03-09 21:31:03] [INFO] [关键支撑跌破警报-66000] CHECK_PASSED
  {}
[2026-03-09 21:36:03] [INFO] [阻力突破警报-68500] CHECK_START
  {}
[2026-03-09 21:36:03] [INFO] [阻力突破警报-68500] CHECK_PASSED
  {}
[2026-03-09 21:36:03] [INFO] [关键支撑跌破警报-66000] CHECK_START
  {}
[2026-03-09 21:36:03] [INFO] [关键支撑跌破警报-66000] CHECK_PASSED
  {}
[2026-03-09 21:41:03] [INFO] [阻力突破警报-68500] CHECK_START
  {}
[2026-03-09 21:41:03] [INFO] [阻力突破警报-68500] CHECK_PASSED
  {}
[2026-03-09 21:41:03] [INFO] [关键支撑跌破警报-66000] CHECK_START
  {}
[2026-03-09 21:41:03] [INFO] [关键支撑跌破警报-66000] CHECK_PASSED
  {}
[2026-03-09 21:46:03] [INFO] [阻力突破警报-68500] CHECK_START
  {}
[2026-03-09 21:46:03] [INFO] [阻力突破警报-68500] CHECK_PASSED
  {}
[2026-03-09 21:46:03] [INFO] [关键支撑跌破警报-66000] CHECK_START
  {}
[2026-03-09 21:46:03] [INFO] [关键支撑跌破警报-66000] CHECK_PASSED
  {}
[2026-03-09 21:51:03] [INFO] [阻力突破警报-68500] CHECK_START
  {}
[2026-03-09 21:51:03] [INFO] [阻力突破警报-68500] CHECK_PASSED
  {}
[2026-03-09 21:51:03] [INFO] [关键支撑跌破警报-66000] CHECK_START
  {}
[2026-03-09 21:51:03] [INFO] [关键支撑跌破警报-66000] CHECK_PASSED
  {}
[2026-03-09 21:56:03] [INFO] [阻力突破警报-68500] CHECK_START
  {}
[2026-03-09 21:56:03] [INFO] [阻力突破警报-68500] CHECK_PASSED
  {}
[2026-03-09 21:56:03] [INFO] [关键支撑跌破警报-66000] CHECK_START
  {}
[2026-03-09 21:56:03] [INFO] [关键支撑跌破警报-66000] CHECK_PASSED
  {}
[2026-03-09 22:01:03] [INFO] [阻力突破警报-68500] CHECK_START
  {}
[2026-03-09 22:01:03] [INFO] [阻力突破警报-68500] CHECK_PASSED
  {}
[2026-03-09 22:01:03] [INFO] [关键支撑跌破警报-66000] CHECK_START
  {}
[2026-03-09 22:01:03] [INFO] [关键支撑跌破警报-66000] CHECK_PASSED
  {}
[2026-03-09 22:06:03] [INFO] [阻力突破警报-68500] CHECK_START
  {}
[2026-03-09 22:06:03] [INFO] [关键支撑跌破警报-66000] CHECK_START
  {}
[2026-03-09 22:06:31] [INFO] [阻力突破警报-68500] TRIGGERED
  {}
[2026-03-09 22:06:33] [INFO] [关键支撑跌破警报-66000] CHECK_PASSED
  {}
[2026-03-09 22:06:51] [INFO] [阻力突破警报-68500] DATA_COLLECTED
  {"dataKeys":["alertTime","currentPrice","priceChange","volume24h","fearGreedIndex","klines15m","targetPrice","alertType","analysis"]}
[2026-03-09 22:06:51] [INFO] [阻力突破警报-68500] TRIGGER_COMPLETED
  {}
[2026-03-09 22:11:03] [INFO] [阻力突破警报-68500] CHECK_START
  {}
[2026-03-09 22:11:03] [INFO] [阻力突破警报-68500] CHECK_PASSED
  {}
[2026-03-09 22:11:03] [INFO] [关键支撑跌破警报-66000] CHECK_START
  {}
[2026-03-09 22:11:03] [INFO] [关键支撑跌破警报-66000] CHECK_PASSED
  {}
[2026-03-09 22:16:03] [INFO] [阻力突破警报-68500] CHECK_START
  {}
[2026-03-09 22:16:03] [INFO] [阻力突破警报-68500] CHECK_PASSED
  {}
[2026-03-09 22:16:03] [INFO] [关键支撑跌破警报-66000] CHECK_START
  {}
[2026-03-09 22:16:03] [INFO] [关键支撑跌破警报-66000] CHECK_PASSED
  {}
[2026-03-09 22:21:03] [INFO] [阻力突破警报-68500] CHECK_START
  {}
[2026-03-09 22:21:03] [INFO] [阻力突破警报-68500] CHECK_PASSED
  {}
[2026-03-09 22:21:03] [INFO] [关键支撑跌破警报-66000] CHECK_START
  {}
[2026-03-09 22:21:03] [INFO] [关键支撑跌破警报-66000] CHECK_PASSED
  {}
[2026-03-09 22:26:03] [INFO] [阻力突破警报-68500] CHECK_START
  {}
[2026-03-09 22:26:03] [INFO] [阻力突破警报-68500] CHECK_PASSED
  {}
[2026-03-09 22:26:03] [INFO] [关键支撑跌破警报-66000] CHECK_START
  {}
[2026-03-09 22:26:03] [INFO] [关键支撑跌破警报-66000] CHECK_PASSED
  {}
[2026-03-09 22:31:03] [INFO] [阻力突破警报-68500] CHECK_START
  {}
[2026-03-09 22:31:03] [INFO] [阻力突破警报-68500] CHECK_PASSED
  {}
[2026-03-09 22:31:03] [INFO] [关键支撑跌破警报-66000] CHECK_START
  {}
[2026-03-09 22:31:03] [INFO] [关键支撑跌破警报-66000] CHECK_PASSED
  {}
[2026-03-09 22:36:03] [INFO] [阻力突破警报-68500] CHECK_START
  {}
[2026-03-09 22:36:03] [INFO] [阻力突破警报-68500] CHECK_PASSED
  {}
[2026-03-09 22:36:03] [INFO] [关键支撑跌破警报-66000] CHECK_START
  {}
[2026-03-09 22:36:03] [INFO] [关键支撑跌破警报-66000] CHECK_PASSED
  {}
[2026-03-09 22:41:03] [INFO] [阻力突破警报-68500] CHECK_START
  {}
[2026-03-09 22:41:03] [INFO] [阻力突破警报-68500] CHECK_PASSED
  {}
[2026-03-09 22:41:03] [INFO] [关键支撑跌破警报-66000] CHECK_START
  {}
[2026-03-09 22:41:03] [INFO] [关键支撑跌破警报-66000] CHECK_PASSED
  {}
[2026-03-09 22:46:03] [INFO] [阻力突破警报-68500] CHECK_START
  {}
[2026-03-09 22:46:03] [INFO] [阻力突破警报-68500] CHECK_PASSED
  {}
[2026-03-09 22:46:03] [INFO] [关键支撑跌破警报-66000] CHECK_START
  {}
[2026-03-09 22:46:03] [INFO] [关键支撑跌破警报-66000] CHECK_PASSED
  {}
[2026-03-09 22:51:03] [INFO] [阻力突破警报-68500] CHECK_START
  {}
[2026-03-09 22:51:03] [INFO] [阻力突破警报-68500] CHECK_PASSED
  {}
[2026-03-09 22:51:03] [INFO] [关键支撑跌破警报-66000] CHECK_START
  {}
[2026-03-09 22:51:03] [INFO] [关键支撑跌破警报-66000] CHECK_PASSED
  {}
[2026-03-09 22:56:03] [INFO] [阻力突破警报-68500] CHECK_START
  {}
[2026-03-09 22:56:03] [INFO] [阻力突破警报-68500] CHECK_PASSED
  {}
[2026-03-09 22:56:03] [INFO] [关键支撑跌破警报-66000] CHECK_START
  {}
[2026-03-09 22:56:03] [INFO] [关键支撑跌破警报-66000] CHECK_PASSED
  {}
[2026-03-09 23:01:03] [INFO] [阻力突破警报-68500] CHECK_START
  {}
[2026-03-09 23:01:03] [INFO] [阻力突破警报-68500] CHECK_PASSED
  {}
[2026-03-09 23:01:03] [INFO] [关键支撑跌破警报-66000] CHECK_START
  {}
[2026-03-09 23:01:03] [INFO] [关键支撑跌破警报-66000] CHECK_PASSED
  {}
[2026-03-09 23:06:03] [INFO] [阻力突破警报-68500] CHECK_START
  {}
[2026-03-09 23:06:03] [INFO] [阻力突破警报-68500] CHECK_PASSED
  {}
[2026-03-09 23:06:03] [INFO] [关键支撑跌破警报-66000] CHECK_START
  {}
[2026-03-09 23:06:03] [INFO] [关键支撑跌破警报-66000] CHECK_PASSED
  {}
[2026-03-09 23:11:03] [INFO] [阻力突破警报-68500] CHECK_START
  {}
[2026-03-09 23:11:03] [INFO] [关键支撑跌破警报-66000] CHECK_START
  {}
[2026-03-09 23:12:05] [INFO] [关键支撑跌破警报-66000] CHECK_PASSED
  {}
[2026-03-09 23:12:15] [INFO] [阻力突破警报-68500] CHECK_PASSED
  {}
[2026-03-09 23:16:03] [INFO] [阻力突破警报-68500] CHECK_START
  {}
[2026-03-09 23:16:03] [INFO] [关键支撑跌破警报-66000] CHECK_START
  {}
[2026-03-09 23:16:08] [INFO] [关键支撑跌破警报-66000] CHECK_PASSED
  {}
[2026-03-09 23:16:12] [INFO] [阻力突破警报-68500] TRIGGERED
  {}
[2026-03-09 23:16:29] [INFO] [阻力突破警报-68500] DATA_COLLECTED
  {"dataKeys":["alertTime","currentPrice","priceChange","volume24h","fearGreedIndex","klines15m","targetPrice","alertType","analysis"]}
[2026-03-09 23:16:29] [INFO] [阻力突破警报-68500] TRIGGER_COMPLETED
  {}
[2026-03-09 23:21:03] [INFO] [阻力突破警报-68500] CHECK_START
  {}
[2026-03-09 23:21:03] [INFO] [阻力突破警报-68500] CHECK_PASSED
  {}
[2026-03-09 23:21:03] [INFO] [关键支撑跌破警报-66000] CHECK_START
  {}
[2026-03-09 23:21:03] [INFO] [关键支撑跌破警报-66000] CHECK_PASSED
  {}
[2026-03-09 23:26:03] [INFO] [阻力突破警报-68500] CHECK_START
  {}
[2026-03-09 23:26:03] [INFO] [阻力突破警报-68500] CHECK_PASSED
  {}
[2026-03-09 23:26:03] [INFO] [关键支撑跌破警报-66000] CHECK_START
  {}
[2026-03-09 23:26:03] [INFO] [关键支撑跌破警报-66000] CHECK_PASSED
  {}
[2026-03-09 23:31:03] [INFO] [阻力突破警报-68500] CHECK_START
  {}
[2026-03-09 23:31:03] [INFO] [阻力突破警报-68500] CHECK_PASSED
  {}
[2026-03-09 23:31:03] [INFO] [关键支撑跌破警报-66000] CHECK_START
  {}
[2026-03-09 23:31:03] [INFO] [关键支撑跌破警报-66000] CHECK_PASSED
  {}
[2026-03-09 23:36:03] [INFO] [阻力突破警报-68500] CHECK_START
  {}
[2026-03-09 23:36:03] [INFO] [阻力突破警报-68500] CHECK_PASSED
  {}
[2026-03-09 23:36:03] [INFO] [关键支撑跌破警报-66000] CHECK_START
  {}
[2026-03-09 23:36:03] [INFO] [关键支撑跌破警报-66000] CHECK_PASSED
  {}
[2026-03-09 23:41:03] [INFO] [阻力突破警报-68500] CHECK_START
  {}
[2026-03-09 23:41:03] [INFO] [阻力突破警报-68500] CHECK_PASSED
  {}
[2026-03-09 23:41:03] [INFO] [关键支撑跌破警报-66000] CHECK_START
  {}
[2026-03-09 23:41:03] [INFO] [关键支撑跌破警报-66000] CHECK_PASSED
  {}
[2026-03-09 23:46:03] [INFO] [阻力突破警报-68500] CHECK_START
  {}
[2026-03-09 23:46:03] [INFO] [阻力突破警报-68500] CHECK_PASSED
  {}
[2026-03-09 23:46:03] [INFO] [关键支撑跌破警报-66000] CHECK_START
  {}
[2026-03-09 23:46:03] [INFO] [关键支撑跌破警报-66000] CHECK_PASSED
  {}
[2026-03-09 23:51:03] [INFO] [阻力突破警报-68500] CHECK_START
  {}
[2026-03-09 23:51:03] [INFO] [阻力突破警报-68500] CHECK_PASSED
  {}
[2026-03-09 23:51:03] [INFO] [关键支撑跌破警报-66000] CHECK_START
  {}
[2026-03-09 23:51:03] [INFO] [关键支撑跌破警报-66000] CHECK_PASSED
  {}
[2026-03-09 23:56:03] [INFO] [阻力突破警报-68500] CHECK_START
  {}
[2026-03-09 23:56:03] [INFO] [阻力突破警报-68500] CHECK_PASSED
  {}
[2026-03-09 23:56:03] [INFO] [关键支撑跌破警报-66000] CHECK_START
  {}
[2026-03-09 23:56:03] [INFO] [关键支撑跌破警报-66000] CHECK_PASSED
  {}
[2026-03-10 00:01:03] [INFO] [阻力突破警报-68500] CHECK_START
  {}
[2026-03-10 00:01:03] [INFO] [阻力突破警报-68500] CHECK_PASSED
  {}
[2026-03-10 00:01:03] [INFO] [关键支撑跌破警报-66000] CHECK_START
  {}
[2026-03-10 00:01:03] [INFO] [关键支撑跌破警报-66000] CHECK_PASSED
  {}
[2026-03-10 00:06:03] [INFO] [阻力突破警报-68500] CHECK_START
  {}
[2026-03-10 00:06:03] [INFO] [阻力突破警报-68500] CHECK_PASSED
  {}
[2026-03-10 00:06:03] [INFO] [关键支撑跌破警报-66000] CHECK_START
  {}
[2026-03-10 00:06:03] [INFO] [关键支撑跌破警报-66000] CHECK_PASSED
  {}
[2026-03-10 00:11:03] [INFO] [阻力突破警报-68500] CHECK_START
  {}
[2026-03-10 00:11:03] [INFO] [阻力突破警报-68500] CHECK_PASSED
  {}
[2026-03-10 00:11:03] [INFO] [关键支撑跌破警报-66000] CHECK_START
  {}
[2026-03-10 00:11:03] [INFO] [关键支撑跌破警报-66000] CHECK_PASSED
  {}
[2026-03-10 00:16:03] [INFO] [阻力突破警报-68500] CHECK_START
  {}
[2026-03-10 00:16:03] [INFO] [阻力突破警报-68500] CHECK_PASSED
  {}
[2026-03-10 00:16:03] [INFO] [关键支撑跌破警报-66000] CHECK_START
  {}
[2026-03-10 00:16:03] [INFO] [关键支撑跌破警报-66000] CHECK_PASSED
  {}
[2026-03-10 00:21:03] [INFO] [阻力突破警报-68500] CHECK_START
  {}
[2026-03-10 00:21:03] [INFO] [关键支撑跌破警报-66000] CHECK_START
  {}
[2026-03-10 00:21:08] [INFO] [阻力突破警报-68500] TRIGGERED
  {}
[2026-03-10 00:21:15] [INFO] [阻力突破警报-68500] DATA_COLLECTED
  {"dataKeys":["alertTime","currentPrice","priceChange","volume24h","fearGreedIndex","klines15m","targetPrice","alertType","analysis"]}
[2026-03-10 00:21:15] [INFO] [阻力突破警报-68500] TRIGGER_COMPLETED
  {}
[2026-03-10 00:21:16] [INFO] [关键支撑跌破警报-66000] CHECK_PASSED
  {}
[2026-03-10 00:26:03] [INFO] [阻力突破警报-68500] CHECK_START
  {}
[2026-03-10 00:26:03] [INFO] [阻力突破警报-68500] CHECK_PASSED
  {}
[2026-03-10 00:26:03] [INFO] [关键支撑跌破警报-66000] CHECK_START
  {}
[2026-03-10 00:26:03] [INFO] [关键支撑跌破警报-66000] CHECK_PASSED
  {}
[2026-03-10 00:31:03] [INFO] [阻力突破警报-68500] CHECK_START
  {}
[2026-03-10 00:31:03] [INFO] [阻力突破警报-68500] CHECK_PASSED
  {}
[2026-03-10 00:31:03] [INFO] [关键支撑跌破警报-66000] CHECK_START
  {}
[2026-03-10 00:31:03] [INFO] [关键支撑跌破警报-66000] CHECK_PASSED
  {}
[2026-03-10 00:36:03] [INFO] [阻力突破警报-68500] CHECK_START
  {}
[2026-03-10 00:36:03] [INFO] [阻力突破警报-68500] CHECK_PASSED
  {}
[2026-03-10 00:36:03] [INFO] [关键支撑跌破警报-66000] CHECK_START
  {}
[2026-03-10 00:36:03] [INFO] [关键支撑跌破警报-66000] CHECK_PASSED
  {}
[2026-03-10 00:41:03] [INFO] [阻力突破警报-68500] CHECK_START
  {}
[2026-03-10 00:41:03] [INFO] [阻力突破警报-68500] CHECK_PASSED
  {}
[2026-03-10 00:41:03] [INFO] [关键支撑跌破警报-66000] CHECK_START
  {}
[2026-03-10 00:41:03] [INFO] [关键支撑跌破警报-66000] CHECK_PASSED
  {}
[2026-03-10 00:46:03] [INFO] [阻力突破警报-68500] CHECK_START
  {}
[2026-03-10 00:46:03] [INFO] [阻力突破警报-68500] CHECK_PASSED
  {}
[2026-03-10 00:46:03] [INFO] [关键支撑跌破警报-66000] CHECK_START
  {}
[2026-03-10 00:46:03] [INFO] [关键支撑跌破警报-66000] CHECK_PASSED
  {}
[2026-03-10 00:51:03] [INFO] [阻力突破警报-68500] CHECK_START
  {}
[2026-03-10 00:51:03] [INFO] [阻力突破警报-68500] CHECK_PASSED
  {}
[2026-03-10 00:51:03] [INFO] [关键支撑跌破警报-66000] CHECK_START
  {}
[2026-03-10 00:51:03] [INFO] [关键支撑跌破警报-66000] CHECK_PASSED
  {}
[2026-03-10 00:56:03] [INFO] [阻力突破警报-68500] CHECK_START
  {}
[2026-03-10 00:56:03] [INFO] [阻力突破警报-68500] CHECK_PASSED
  {}
[2026-03-10 00:56:03] [INFO] [关键支撑跌破警报-66000] CHECK_START
  {}
[2026-03-10 00:56:03] [INFO] [关键支撑跌破警报-66000] CHECK_PASSED
  {}
[2026-03-10 01:01:03] [INFO] [阻力突破警报-68500] CHECK_START
  {}
[2026-03-10 01:01:03] [INFO] [阻力突破警报-68500] CHECK_PASSED
  {}
[2026-03-10 01:01:03] [INFO] [关键支撑跌破警报-66000] CHECK_START
  {}
[2026-03-10 01:01:03] [INFO] [关键支撑跌破警报-66000] CHECK_PASSED
  {}
[2026-03-10 01:06:03] [INFO] [阻力突破警报-68500] CHECK_START
  {}
[2026-03-10 01:06:03] [INFO] [阻力突破警报-68500] CHECK_PASSED
  {}
[2026-03-10 01:06:03] [INFO] [关键支撑跌破警报-66000] CHECK_START
  {}
[2026-03-10 01:06:03] [INFO] [关键支撑跌破警报-66000] CHECK_PASSED
  {}
[2026-03-10 01:11:03] [INFO] [阻力突破警报-68500] CHECK_START
  {}
[2026-03-10 01:11:03] [INFO] [阻力突破警报-68500] CHECK_PASSED
  {}
[2026-03-10 01:11:03] [INFO] [关键支撑跌破警报-66000] CHECK_START
  {}
[2026-03-10 01:11:03] [INFO] [关键支撑跌破警报-66000] CHECK_PASSED
  {}
[2026-03-10 01:16:03] [INFO] [阻力突破警报-68500] CHECK_START
  {}
[2026-03-10 01:16:03] [INFO] [阻力突破警报-68500] CHECK_PASSED
  {}
[2026-03-10 01:16:03] [INFO] [关键支撑跌破警报-66000] CHECK_START
  {}
[2026-03-10 01:16:03] [INFO] [关键支撑跌破警报-66000] CHECK_PASSED
  {}
[2026-03-10 01:21:03] [INFO] [阻力突破警报-68500] CHECK_START
  {}
[2026-03-10 01:21:03] [INFO] [阻力突破警报-68500] CHECK_PASSED
  {}
[2026-03-10 01:21:03] [INFO] [关键支撑跌破警报-66000] CHECK_START
  {}
[2026-03-10 01:21:03] [INFO] [关键支撑跌破警报-66000] CHECK_PASSED
  {}
[2026-03-10 01:26:03] [INFO] [阻力突破警报-68500] CHECK_START
  {}
[2026-03-10 01:26:03] [INFO] [关键支撑跌破警报-66000] CHECK_START
  {}
[2026-03-10 01:26:11] [INFO] [关键支撑跌破警报-66000] CHECK_PASSED
  {}
[2026-03-10 01:26:35] [INFO] [阻力突破警报-68500] CHECK_PASSED
  {}
[2026-03-10 01:31:03] [INFO] [阻力突破警报-68500] CHECK_START
  {}
[2026-03-10 01:31:03] [INFO] [关键支撑跌破警报-66000] CHECK_START
  {}
[2026-03-10 01:31:05] [INFO] [阻力突破警报-68500] TRIGGERED
  {}
[2026-03-10 01:31:10] [INFO] [阻力突破警报-68500] DATA_COLLECTED
  {"dataKeys":["alertTime","currentPrice","priceChange","volume24h","fearGreedIndex","klines15m","targetPrice","alertType","analysis"]}
[2026-03-10 01:31:10] [INFO] [阻力突破警报-68500] TRIGGER_COMPLETED
  {}
[2026-03-10 01:31:11] [INFO] [关键支撑跌破警报-66000] CHECK_PASSED
  {}
[2026-03-10 01:36:03] [INFO] [阻力突破警报-68500] CHECK_START
  {}
[2026-03-10 01:36:03] [INFO] [阻力突破警报-68500] CHECK_PASSED
  {}
[2026-03-10 01:36:03] [INFO] [关键支撑跌破警报-66000] CHECK_START
  {}
[2026-03-10 01:36:03] [INFO] [关键支撑跌破警报-66000] CHECK_PASSED
  {}
[2026-03-10 01:41:03] [INFO] [阻力突破警报-68500] CHECK_START
  {}
[2026-03-10 01:41:03] [INFO] [阻力突破警报-68500] CHECK_PASSED
  {}
[2026-03-10 01:41:03] [INFO] [关键支撑跌破警报-66000] CHECK_START
  {}
[2026-03-10 01:41:03] [INFO] [关键支撑跌破警报-66000] CHECK_PASSED
  {}
[2026-03-10 01:46:03] [INFO] [阻力突破警报-68500] CHECK_START
  {}
[2026-03-10 01:46:03] [INFO] [阻力突破警报-68500] CHECK_PASSED
  {}
[2026-03-10 01:46:03] [INFO] [关键支撑跌破警报-66000] CHECK_START
  {}
[2026-03-10 01:46:03] [INFO] [关键支撑跌破警报-66000] CHECK_PASSED
  {}
[2026-03-10 01:51:03] [INFO] [阻力突破警报-68500] CHECK_START
  {}
[2026-03-10 01:51:03] [INFO] [阻力突破警报-68500] CHECK_PASSED
  {}
[2026-03-10 01:51:03] [INFO] [关键支撑跌破警报-66000] CHECK_START
  {}
[2026-03-10 01:51:03] [INFO] [关键支撑跌破警报-66000] CHECK_PASSED
  {}
[2026-03-10 01:56:03] [INFO] [阻力突破警报-68500] CHECK_START
  {}
[2026-03-10 01:56:03] [INFO] [阻力突破警报-68500] CHECK_PASSED
  {}
[2026-03-10 01:56:03] [INFO] [关键支撑跌破警报-66000] CHECK_START
  {}
[2026-03-10 01:56:03] [INFO] [关键支撑跌破警报-66000] CHECK_PASSED
  {}
[2026-03-10 02:01:03] [INFO] [阻力突破警报-68500] CHECK_START
  {}
[2026-03-10 02:01:03] [INFO] [阻力突破警报-68500] CHECK_PASSED
  {}
[2026-03-10 02:01:03] [INFO] [关键支撑跌破警报-66000] CHECK_START
  {}
[2026-03-10 02:01:03] [INFO] [关键支撑跌破警报-66000] CHECK_PASSED
  {}
[2026-03-10 02:06:03] [INFO] [阻力突破警报-68500] CHECK_START
  {}
[2026-03-10 02:06:03] [INFO] [阻力突破警报-68500] CHECK_PASSED
  {}
[2026-03-10 02:06:03] [INFO] [关键支撑跌破警报-66000] CHECK_START
  {}
[2026-03-10 02:06:03] [INFO] [关键支撑跌破警报-66000] CHECK_PASSED
  {}
[2026-03-10 02:11:03] [INFO] [阻力突破警报-68500] CHECK_START
  {}
[2026-03-10 02:11:03] [INFO] [阻力突破警报-68500] CHECK_PASSED
  {}
[2026-03-10 02:11:03] [INFO] [关键支撑跌破警报-66000] CHECK_START
  {}
[2026-03-10 02:11:03] [INFO] [关键支撑跌破警报-66000] CHECK_PASSED
  {}
[2026-03-10 02:16:03] [INFO] [阻力突破警报-68500] CHECK_START
  {}
[2026-03-10 02:16:03] [INFO] [阻力突破警报-68500] CHECK_PASSED
  {}
[2026-03-10 02:16:03] [INFO] [关键支撑跌破警报-66000] CHECK_START
  {}
[2026-03-10 02:16:03] [INFO] [关键支撑跌破警报-66000] CHECK_PASSED
  {}
[2026-03-10 02:21:03] [INFO] [阻力突破警报-68500] CHECK_START
  {}
[2026-03-10 02:21:03] [INFO] [阻力突破警报-68500] CHECK_PASSED
  {}
[2026-03-10 02:21:03] [INFO] [关键支撑跌破警报-66000] CHECK_START
  {}
[2026-03-10 02:21:03] [INFO] [关键支撑跌破警报-66000] CHECK_PASSED
  {}
[2026-03-10 02:26:03] [INFO] [阻力突破警报-68500] CHECK_START
  {}
[2026-03-10 02:26:03] [INFO] [阻力突破警报-68500] CHECK_PASSED
  {}
[2026-03-10 02:26:03] [INFO] [关键支撑跌破警报-66000] CHECK_START
  {}
[2026-03-10 02:26:03] [INFO] [关键支撑跌破警报-66000] CHECK_PASSED
  {}
[2026-03-10 02:31:03] [INFO] [阻力突破警报-68500] CHECK_START
  {}
[2026-03-10 02:31:03] [INFO] [阻力突破警报-68500] CHECK_PASSED
  {}
[2026-03-10 02:31:03] [INFO] [关键支撑跌破警报-66000] CHECK_START
  {}
[2026-03-10 02:31:03] [INFO] [关键支撑跌破警报-66000] CHECK_PASSED
  {}
[2026-03-10 02:36:03] [INFO] [阻力突破警报-68500] CHECK_START
  {}
[2026-03-10 02:36:03] [INFO] [关键支撑跌破警报-66000] CHECK_START
  {}
[2026-03-10 02:36:08] [INFO] [关键支撑跌破警报-66000] CHECK_PASSED
  {}
[2026-03-10 02:36:09] [INFO] [阻力突破警报-68500] TRIGGERED
  {}
[2026-03-10 02:36:19] [INFO] [阻力突破警报-68500] DATA_COLLECTED
  {"dataKeys":["alertTime","currentPrice","priceChange","volume24h","fearGreedIndex","klines15m","targetPrice","alertType","analysis"]}
[2026-03-10 02:36:19] [INFO] [阻力突破警报-68500] TRIGGER_COMPLETED
  {}
[2026-03-10 02:41:03] [INFO] [阻力突破警报-68500] CHECK_START
  {}
[2026-03-10 02:41:03] [INFO] [阻力突破警报-68500] CHECK_PASSED
  {}
[2026-03-10 02:41:03] [INFO] [关键支撑跌破警报-66000] CHECK_START
  {}
[2026-03-10 02:41:03] [INFO] [关键支撑跌破警报-66000] CHECK_PASSED
  {}
[2026-03-10 02:46:03] [INFO] [阻力突破警报-68500] CHECK_START
  {}
[2026-03-10 02:46:03] [INFO] [阻力突破警报-68500] CHECK_PASSED
  {}
[2026-03-10 02:46:03] [INFO] [关键支撑跌破警报-66000] CHECK_START
  {}
[2026-03-10 02:46:03] [INFO] [关键支撑跌破警报-66000] CHECK_PASSED
  {}
[2026-03-10 02:51:03] [INFO] [阻力突破警报-68500] CHECK_START
  {}
[2026-03-10 02:51:03] [INFO] [阻力突破警报-68500] CHECK_PASSED
  {}
[2026-03-10 02:51:03] [INFO] [关键支撑跌破警报-66000] CHECK_START
  {}
[2026-03-10 02:51:03] [INFO] [关键支撑跌破警报-66000] CHECK_PASSED
  {}
[2026-03-10 02:56:03] [INFO] [阻力突破警报-68500] CHECK_START
  {}
[2026-03-10 02:56:03] [INFO] [阻力突破警报-68500] CHECK_PASSED
  {}
[2026-03-10 02:56:03] [INFO] [关键支撑跌破警报-66000] CHECK_START
  {}
[2026-03-10 02:56:03] [INFO] [关键支撑跌破警报-66000] CHECK_PASSED
  {}
[2026-03-10 03:01:03] [INFO] [阻力突破警报-68500] CHECK_START
  {}
[2026-03-10 03:01:03] [INFO] [阻力突破警报-68500] CHECK_PASSED
  {}
[2026-03-10 03:01:03] [INFO] [关键支撑跌破警报-66000] CHECK_START
  {}
[2026-03-10 03:01:03] [INFO] [关键支撑跌破警报-66000] CHECK_PASSED
  {}
[2026-03-10 03:06:03] [INFO] [阻力突破警报-68500] CHECK_START
  {}
[2026-03-10 03:06:03] [INFO] [阻力突破警报-68500] CHECK_PASSED
  {}
[2026-03-10 03:06:03] [INFO] [关键支撑跌破警报-66000] CHECK_START
  {}
[2026-03-10 03:06:03] [INFO] [关键支撑跌破警报-66000] CHECK_PASSED
  {}
[2026-03-10 03:11:03] [INFO] [阻力突破警报-68500] CHECK_START
  {}
[2026-03-10 03:11:03] [INFO] [阻力突破警报-68500] CHECK_PASSED
  {}
[2026-03-10 03:11:03] [INFO] [关键支撑跌破警报-66000] CHECK_START
  {}
[2026-03-10 03:11:03] [INFO] [关键支撑跌破警报-66000] CHECK_PASSED
  {}
[2026-03-10 03:16:03] [INFO] [阻力突破警报-68500] CHECK_START
  {}
[2026-03-10 03:16:03] [INFO] [阻力突破警报-68500] CHECK_PASSED
  {}
[2026-03-10 03:16:03] [INFO] [关键支撑跌破警报-66000] CHECK_START
  {}
[2026-03-10 03:16:03] [INFO] [关键支撑跌破警报-66000] CHECK_PASSED
  {}
[2026-03-10 03:21:03] [INFO] [阻力突破警报-68500] CHECK_START
  {}
[2026-03-10 03:21:03] [INFO] [阻力突破警报-68500] CHECK_PASSED
  {}
[2026-03-10 03:21:03] [INFO] [关键支撑跌破警报-66000] CHECK_START
  {}
[2026-03-10 03:21:03] [INFO] [关键支撑跌破警报-66000] CHECK_PASSED
  {}
[2026-03-10 03:26:03] [INFO] [阻力突破警报-68500] CHECK_START
  {}
[2026-03-10 03:26:03] [INFO] [阻力突破警报-68500] CHECK_PASSED
  {}
[2026-03-10 03:26:03] [INFO] [关键支撑跌破警报-66000] CHECK_START
  {}
[2026-03-10 03:26:03] [INFO] [关键支撑跌破警报-66000] CHECK_PASSED
  {}
[2026-03-10 03:31:03] [INFO] [阻力突破警报-68500] CHECK_START
  {}
[2026-03-10 03:31:03] [INFO] [阻力突破警报-68500] CHECK_PASSED
  {}
[2026-03-10 03:31:03] [INFO] [关键支撑跌破警报-66000] CHECK_START
  {}
[2026-03-10 03:31:03] [INFO] [关键支撑跌破警报-66000] CHECK_PASSED
  {}
[2026-03-10 03:36:03] [INFO] [阻力突破警报-68500] CHECK_START
  {}
[2026-03-10 03:36:03] [INFO] [阻力突破警报-68500] CHECK_PASSED
  {}
[2026-03-10 03:36:03] [INFO] [关键支撑跌破警报-66000] CHECK_START
  {}
[2026-03-10 03:36:03] [INFO] [关键支撑跌破警报-66000] CHECK_PASSED
  {}
[2026-03-10 03:41:03] [INFO] [阻力突破警报-68500] CHECK_START
  {}
[2026-03-10 03:41:03] [INFO] [关键支撑跌破警报-66000] CHECK_START
  {}
[2026-03-10 03:41:06] [INFO] [阻力突破警报-68500] TRIGGERED
  {}
[2026-03-10 03:41:15] [INFO] [阻力突破警报-68500] DATA_COLLECTED
  {"dataKeys":["alertTime","currentPrice","priceChange","volume24h","fearGreedIndex","klines15m","targetPrice","alertType","analysis"]}
[2026-03-10 03:41:15] [INFO] [阻力突破警报-68500] TRIGGER_COMPLETED
  {}
[2026-03-10 03:41:34] [INFO] [关键支撑跌破警报-66000] CHECK_PASSED
  {}
[2026-03-10 03:46:03] [INFO] [阻力突破警报-68500] CHECK_START
  {}
[2026-03-10 03:46:03] [INFO] [阻力突破警报-68500] CHECK_PASSED
  {}
[2026-03-10 03:46:03] [INFO] [关键支撑跌破警报-66000] CHECK_START
  {}
[2026-03-10 03:46:03] [INFO] [关键支撑跌破警报-66000] CHECK_PASSED
  {}
[2026-03-10 03:51:03] [INFO] [阻力突破警报-68500] CHECK_START
  {}
[2026-03-10 03:51:03] [INFO] [阻力突破警报-68500] CHECK_PASSED
  {}
[2026-03-10 03:51:03] [INFO] [关键支撑跌破警报-66000] CHECK_START
  {}
[2026-03-10 03:51:03] [INFO] [关键支撑跌破警报-66000] CHECK_PASSED
  {}
[2026-03-10 03:56:03] [INFO] [阻力突破警报-68500] CHECK_START
  {}
[2026-03-10 03:56:03] [INFO] [阻力突破警报-68500] CHECK_PASSED
  {}
[2026-03-10 03:56:03] [INFO] [关键支撑跌破警报-66000] CHECK_START
  {}
[2026-03-10 03:56:03] [INFO] [关键支撑跌破警报-66000] CHECK_PASSED
  {}
[2026-03-10 04:01:03] [INFO] [阻力突破警报-68500] CHECK_START
  {}
[2026-03-10 04:01:03] [INFO] [阻力突破警报-68500] CHECK_PASSED
  {}
[2026-03-10 04:01:03] [INFO] [关键支撑跌破警报-66000] CHECK_START
  {}
[2026-03-10 04:01:03] [INFO] [关键支撑跌破警报-66000] CHECK_PASSED
  {}
[2026-03-10 04:06:03] [INFO] [阻力突破警报-68500] CHECK_START
  {}
[2026-03-10 04:06:03] [INFO] [阻力突破警报-68500] CHECK_PASSED
  {}
[2026-03-10 04:06:03] [INFO] [关键支撑跌破警报-66000] CHECK_START
  {}
[2026-03-10 04:06:03] [INFO] [关键支撑跌破警报-66000] CHECK_PASSED
  {}
[2026-03-10 04:11:03] [INFO] [阻力突破警报-68500] CHECK_START
  {}
[2026-03-10 04:11:03] [INFO] [阻力突破警报-68500] CHECK_PASSED
  {}
[2026-03-10 04:11:03] [INFO] [关键支撑跌破警报-66000] CHECK_START
  {}
[2026-03-10 04:11:03] [INFO] [关键支撑跌破警报-66000] CHECK_PASSED
  {}
[2026-03-10 04:16:03] [INFO] [阻力突破警报-68500] CHECK_START
  {}
[2026-03-10 04:16:03] [INFO] [阻力突破警报-68500] CHECK_PASSED
  {}
[2026-03-10 04:16:03] [INFO] [关键支撑跌破警报-66000] CHECK_START
  {}
[2026-03-10 04:16:03] [INFO] [关键支撑跌破警报-66000] CHECK_PASSED
  {}
[2026-03-10 04:21:03] [INFO] [阻力突破警报-68500] CHECK_START
  {}
[2026-03-10 04:21:03] [INFO] [阻力突破警报-68500] CHECK_PASSED
  {}
[2026-03-10 04:21:03] [INFO] [关键支撑跌破警报-66000] CHECK_START
  {}
[2026-03-10 04:21:03] [INFO] [关键支撑跌破警报-66000] CHECK_PASSED
  {}
[2026-03-10 04:26:03] [INFO] [阻力突破警报-68500] CHECK_START
  {}
[2026-03-10 04:26:03] [INFO] [阻力突破警报-68500] CHECK_PASSED
  {}
[2026-03-10 04:26:03] [INFO] [关键支撑跌破警报-66000] CHECK_START
  {}
[2026-03-10 04:26:03] [INFO] [关键支撑跌破警报-66000] CHECK_PASSED
  {}
[2026-03-10 04:31:03] [INFO] [阻力突破警报-68500] CHECK_START
  {}
[2026-03-10 04:31:03] [INFO] [阻力突破警报-68500] CHECK_PASSED
  {}
[2026-03-10 04:31:03] [INFO] [关键支撑跌破警报-66000] CHECK_START
  {}
[2026-03-10 04:31:03] [INFO] [关键支撑跌破警报-66000] CHECK_PASSED
  {}
[2026-03-10 04:36:03] [INFO] [阻力突破警报-68500] CHECK_START
  {}
[2026-03-10 04:36:03] [INFO] [阻力突破警报-68500] CHECK_PASSED
  {}
[2026-03-10 04:36:03] [INFO] [关键支撑跌破警报-66000] CHECK_START
  {}
[2026-03-10 04:36:03] [INFO] [关键支撑跌破警报-66000] CHECK_PASSED
  {}
[2026-03-10 04:41:03] [INFO] [阻力突破警报-68500] CHECK_START
  {}
[2026-03-10 04:41:03] [INFO] [阻力突破警报-68500] CHECK_PASSED
  {}
[2026-03-10 04:41:03] [INFO] [关键支撑跌破警报-66000] CHECK_START
  {}
[2026-03-10 04:41:03] [INFO] [关键支撑跌破警报-66000] CHECK_PASSED
  {}
[2026-03-10 04:46:03] [INFO] [阻力突破警报-68500] CHECK_START
  {}
[2026-03-10 04:46:03] [INFO] [关键支撑跌破警报-66000] CHECK_START
  {}
[2026-03-10 04:46:07] [INFO] [阻力突破警报-68500] TRIGGERED
  {}
[2026-03-10 04:46:08] [INFO] [关键支撑跌破警报-66000] CHECK_PASSED
  {}
[2026-03-10 04:46:14] [INFO] [阻力突破警报-68500] DATA_COLLECTED
  {"dataKeys":["alertTime","error"]}
[2026-03-10 04:46:14] [INFO] [阻力突破警报-68500] TRIGGER_COMPLETED
  {}
[2026-03-10 04:51:03] [INFO] [阻力突破警报-68500] CHECK_START
  {}
[2026-03-10 04:51:03] [INFO] [阻力突破警报-68500] CHECK_PASSED
  {}
[2026-03-10 04:51:03] [INFO] [关键支撑跌破警报-66000] CHECK_START
  {}
[2026-03-10 04:51:03] [INFO] [关键支撑跌破警报-66000] CHECK_PASSED
  {}
[2026-03-10 04:56:03] [INFO] [阻力突破警报-68500] CHECK_START
  {}
[2026-03-10 04:56:03] [INFO] [阻力突破警报-68500] CHECK_PASSED
  {}
[2026-03-10 04:56:03] [INFO] [关键支撑跌破警报-66000] CHECK_START
  {}
[2026-03-10 04:56:03] [INFO] [关键支撑跌破警报-66000] CHECK_PASSED
  {}
[2026-03-10 05:01:03] [INFO] [阻力突破警报-68500] CHECK_START
  {}
[2026-03-10 05:01:03] [INFO] [阻力突破警报-68500] CHECK_PASSED
  {}
[2026-03-10 05:01:03] [INFO] [关键支撑跌破警报-66000] CHECK_START
  {}
[2026-03-10 05:01:03] [INFO] [关键支撑跌破警报-66000] CHECK_PASSED
  {}
[2026-03-10 05:06:03] [INFO] [阻力突破警报-68500] CHECK_START
  {}
[2026-03-10 05:06:03] [INFO] [阻力突破警报-68500] CHECK_PASSED
  {}
[2026-03-10 05:06:03] [INFO] [关键支撑跌破警报-66000] CHECK_START
  {}
[2026-03-10 05:06:03] [INFO] [关键支撑跌破警报-66000] CHECK_PASSED
  {}
[2026-03-10 05:11:03] [INFO] [阻力突破警报-68500] CHECK_START
  {}
[2026-03-10 05:11:03] [INFO] [阻力突破警报-68500] CHECK_PASSED
  {}
[2026-03-10 05:11:03] [INFO] [关键支撑跌破警报-66000] CHECK_START
  {}
[2026-03-10 05:11:03] [INFO] [关键支撑跌破警报-66000] CHECK_PASSED
  {}
[2026-03-10 05:16:03] [INFO] [阻力突破警报-68500] CHECK_START
  {}
[2026-03-10 05:16:03] [INFO] [阻力突破警报-68500] CHECK_PASSED
  {}
[2026-03-10 05:16:03] [INFO] [关键支撑跌破警报-66000] CHECK_START
  {}
[2026-03-10 05:16:03] [INFO] [关键支撑跌破警报-66000] CHECK_PASSED
  {}
[2026-03-10 05:21:03] [INFO] [阻力突破警报-68500] CHECK_START
  {}
[2026-03-10 05:21:03] [INFO] [阻力突破警报-68500] CHECK_PASSED
  {}
[2026-03-10 05:21:03] [INFO] [关键支撑跌破警报-66000] CHECK_START
  {}
[2026-03-10 05:21:03] [INFO] [关键支撑跌破警报-66000] CHECK_PASSED
  {}
[2026-03-10 05:26:03] [INFO] [阻力突破警报-68500] CHECK_START
  {}
[2026-03-10 05:26:03] [INFO] [阻力突破警报-68500] CHECK_PASSED
  {}
[2026-03-10 05:26:03] [INFO] [关键支撑跌破警报-66000] CHECK_START
  {}
[2026-03-10 05:26:03] [INFO] [关键支撑跌破警报-66000] CHECK_PASSED
  {}
[2026-03-10 05:31:03] [INFO] [阻力突破警报-68500] CHECK_START
  {}
[2026-03-10 05:31:03] [INFO] [阻力突破警报-68500] CHECK_PASSED
  {}
[2026-03-10 05:31:03] [INFO] [关键支撑跌破警报-66000] CHECK_START
  {}
[2026-03-10 05:31:03] [INFO] [关键支撑跌破警报-66000] CHECK_PASSED
  {}
[2026-03-10 05:36:03] [INFO] [阻力突破警报-68500] CHECK_START
  {}
[2026-03-10 05:36:03] [INFO] [阻力突破警报-68500] CHECK_PASSED
  {}
[2026-03-10 05:36:03] [INFO] [关键支撑跌破警报-66000] CHECK_START
  {}
[2026-03-10 05:36:03] [INFO] [关键支撑跌破警报-66000] CHECK_PASSED
  {}
[2026-03-10 05:41:03] [INFO] [阻力突破警报-68500] CHECK_START
  {}
[2026-03-10 05:41:03] [INFO] [阻力突破警报-68500] CHECK_PASSED
  {}
[2026-03-10 05:41:03] [INFO] [关键支撑跌破警报-66000] CHECK_START
  {}
[2026-03-10 05:41:03] [INFO] [关键支撑跌破警报-66000] CHECK_PASSED
  {}
[2026-03-10 05:46:03] [INFO] [阻力突破警报-68500] CHECK_START
  {}
[2026-03-10 05:46:03] [INFO] [阻力突破警报-68500] CHECK_PASSED
  {}
[2026-03-10 05:46:03] [INFO] [关键支撑跌破警报-66000] CHECK_START
  {}
[2026-03-10 05:46:03] [INFO] [关键支撑跌破警报-66000] CHECK_PASSED
  {}
[2026-03-10 05:51:03] [INFO] [阻力突破警报-68500] CHECK_START
  {}
[2026-03-10 05:51:03] [INFO] [关键支撑跌破警报-66000] CHECK_START
  {}
[2026-03-10 05:51:05] [INFO] [关键支撑跌破警报-66000] CHECK_PASSED
  {}
[2026-03-10 05:51:05] [INFO] [阻力突破警报-68500] TRIGGERED
  {}
[2026-03-10 05:51:09] [INFO] [阻力突破警报-68500] DATA_COLLECTED
  {"dataKeys":["alertTime","currentPrice","priceChange","volume24h","fearGreedIndex","klines15m","targetPrice","alertType","analysis"]}
[2026-03-10 05:51:09] [INFO] [阻力突破警报-68500] TRIGGER_COMPLETED
  {}
[2026-03-10 05:56:03] [INFO] [阻力突破警报-68500] CHECK_START
  {}
[2026-03-10 05:56:03] [INFO] [阻力突破警报-68500] CHECK_PASSED
  {}
[2026-03-10 05:56:03] [INFO] [关键支撑跌破警报-66000] CHECK_START
  {}
[2026-03-10 05:56:03] [INFO] [关键支撑跌破警报-66000] CHECK_PASSED
  {}
[2026-03-10 06:01:03] [INFO] [阻力突破警报-68500] CHECK_START
  {}
[2026-03-10 06:01:03] [INFO] [阻力突破警报-68500] CHECK_PASSED
  {}
[2026-03-10 06:01:03] [INFO] [关键支撑跌破警报-66000] CHECK_START
  {}
[2026-03-10 06:01:03] [INFO] [关键支撑跌破警报-66000] CHECK_PASSED
  {}
[2026-03-10 06:06:03] [INFO] [阻力突破警报-68500] CHECK_START
  {}
[2026-03-10 06:06:03] [INFO] [阻力突破警报-68500] CHECK_PASSED
  {}
[2026-03-10 06:06:03] [INFO] [关键支撑跌破警报-66000] CHECK_START
  {}
[2026-03-10 06:06:03] [INFO] [关键支撑跌破警报-66000] CHECK_PASSED
  {}
[2026-03-10 06:11:03] [INFO] [阻力突破警报-68500] CHECK_START
  {}
[2026-03-10 06:11:03] [INFO] [阻力突破警报-68500] CHECK_PASSED
  {}
[2026-03-10 06:11:03] [INFO] [关键支撑跌破警报-66000] CHECK_START
  {}
[2026-03-10 06:11:03] [INFO] [关键支撑跌破警报-66000] CHECK_PASSED
  {}
[2026-03-10 06:16:03] [INFO] [阻力突破警报-68500] CHECK_START
  {}
[2026-03-10 06:16:03] [INFO] [阻力突破警报-68500] CHECK_PASSED
  {}
[2026-03-10 06:16:03] [INFO] [关键支撑跌破警报-66000] CHECK_START
  {}
[2026-03-10 06:16:03] [INFO] [关键支撑跌破警报-66000] CHECK_PASSED
  {}
[2026-03-10 06:21:03] [INFO] [阻力突破警报-68500] CHECK_START
  {}
[2026-03-10 06:21:03] [INFO] [阻力突破警报-68500] CHECK_PASSED
  {}
[2026-03-10 06:21:03] [INFO] [关键支撑跌破警报-66000] CHECK_START
  {}
[2026-03-10 06:21:03] [INFO] [关键支撑跌破警报-66000] CHECK_PASSED
  {}
[2026-03-10 06:26:03] [INFO] [阻力突破警报-68500] CHECK_START
  {}
[2026-03-10 06:26:03] [INFO] [阻力突破警报-68500] CHECK_PASSED
  {}
[2026-03-10 06:26:03] [INFO] [关键支撑跌破警报-66000] CHECK_START
  {}
[2026-03-10 06:26:03] [INFO] [关键支撑跌破警报-66000] CHECK_PASSED
  {}
[2026-03-10 06:31:03] [INFO] [阻力突破警报-68500] CHECK_START
  {}
[2026-03-10 06:31:03] [INFO] [阻力突破警报-68500] CHECK_PASSED
  {}
[2026-03-10 06:31:03] [INFO] [关键支撑跌破警报-66000] CHECK_START
  {}
[2026-03-10 06:31:03] [INFO] [关键支撑跌破警报-66000] CHECK_PASSED
  {}
[2026-03-10 06:36:03] [INFO] [阻力突破警报-68500] CHECK_START
  {}
[2026-03-10 06:36:03] [INFO] [阻力突破警报-68500] CHECK_PASSED
  {}
[2026-03-10 06:36:03] [INFO] [关键支撑跌破警报-66000] CHECK_START
  {}
[2026-03-10 06:36:03] [INFO] [关键支撑跌破警报-66000] CHECK_PASSED
  {}
[2026-03-10 06:41:03] [INFO] [阻力突破警报-68500] CHECK_START
  {}
[2026-03-10 06:41:03] [INFO] [阻力突破警报-68500] CHECK_PASSED
  {}
[2026-03-10 06:41:03] [INFO] [关键支撑跌破警报-66000] CHECK_START
  {}
[2026-03-10 06:41:03] [INFO] [关键支撑跌破警报-66000] CHECK_PASSED
  {}
[2026-03-10 06:46:03] [INFO] [阻力突破警报-68500] CHECK_START
  {}
[2026-03-10 06:46:03] [INFO] [阻力突破警报-68500] CHECK_PASSED
  {}
[2026-03-10 06:46:03] [INFO] [关键支撑跌破警报-66000] CHECK_START
  {}
[2026-03-10 06:46:03] [INFO] [关键支撑跌破警报-66000] CHECK_PASSED
  {}
[2026-03-10 06:51:03] [INFO] [阻力突破警报-68500] CHECK_START
  {}
[2026-03-10 06:51:03] [INFO] [阻力突破警报-68500] CHECK_PASSED
  {}
[2026-03-10 06:51:03] [INFO] [关键支撑跌破警报-66000] CHECK_START
  {}
[2026-03-10 06:51:03] [INFO] [关键支撑跌破警报-66000] CHECK_PASSED
  {}
[2026-03-10 06:56:03] [INFO] [阻力突破警报-68500] CHECK_START
  {}
[2026-03-10 06:56:03] [INFO] [关键支撑跌破警报-66000] CHECK_START
  {}
[2026-03-10 06:56:06] [INFO] [阻力突破警报-68500] TRIGGERED
  {}
[2026-03-10 06:56:07] [INFO] [关键支撑跌破警报-66000] CHECK_PASSED
  {}
[2026-03-10 06:56:13] [INFO] [阻力突破警报-68500] DATA_COLLECTED
  {"dataKeys":["alertTime","currentPrice","priceChange","volume24h","fearGreedIndex","klines15m","targetPrice","alertType","analysis"]}
[2026-03-10 06:56:13] [INFO] [阻力突破警报-68500] TRIGGER_COMPLETED
  {}
[2026-03-10 07:01:03] [INFO] [阻力突破警报-68500] CHECK_START
  {}
[2026-03-10 07:01:03] [INFO] [阻力突破警报-68500] CHECK_PASSED
  {}
[2026-03-10 07:01:03] [INFO] [关键支撑跌破警报-66000] CHECK_START
  {}
[2026-03-10 07:01:03] [INFO] [关键支撑跌破警报-66000] CHECK_PASSED
  {}
[2026-03-10 07:06:03] [INFO] [阻力突破警报-68500] CHECK_START
  {}
[2026-03-10 07:06:03] [INFO] [阻力突破警报-68500] CHECK_PASSED
  {}
[2026-03-10 07:06:03] [INFO] [关键支撑跌破警报-66000] CHECK_START
  {}
[2026-03-10 07:06:03] [INFO] [关键支撑跌破警报-66000] CHECK_PASSED
  {}
[2026-03-10 07:11:03] [INFO] [阻力突破警报-68500] CHECK_START
  {}
[2026-03-10 07:11:03] [INFO] [阻力突破警报-68500] CHECK_PASSED
  {}
[2026-03-10 07:11:03] [INFO] [关键支撑跌破警报-66000] CHECK_START
  {}
[2026-03-10 07:11:03] [INFO] [关键支撑跌破警报-66000] CHECK_PASSED
  {}
[2026-03-10 07:16:03] [INFO] [阻力突破警报-68500] CHECK_START
  {}
[2026-03-10 07:16:03] [INFO] [阻力突破警报-68500] CHECK_PASSED
  {}
[2026-03-10 07:16:03] [INFO] [关键支撑跌破警报-66000] CHECK_START
  {}
[2026-03-10 07:16:03] [INFO] [关键支撑跌破警报-66000] CHECK_PASSED
  {}
[2026-03-10 07:21:03] [INFO] [阻力突破警报-68500] CHECK_START
  {}
[2026-03-10 07:21:03] [INFO] [阻力突破警报-68500] CHECK_PASSED
  {}
[2026-03-10 07:21:03] [INFO] [关键支撑跌破警报-66000] CHECK_START
  {}
[2026-03-10 07:21:03] [INFO] [关键支撑跌破警报-66000] CHECK_PASSED
  {}
[2026-03-10 07:26:03] [INFO] [阻力突破警报-68500] CHECK_START
  {}
[2026-03-10 07:26:03] [INFO] [阻力突破警报-68500] CHECK_PASSED
  {}
[2026-03-10 07:26:03] [INFO] [关键支撑跌破警报-66000] CHECK_START
  {}
[2026-03-10 07:26:03] [INFO] [关键支撑跌破警报-66000] CHECK_PASSED
  {}
[2026-03-10 07:31:03] [INFO] [阻力突破警报-68500] CHECK_START
  {}
[2026-03-10 07:31:03] [INFO] [阻力突破警报-68500] CHECK_PASSED
  {}
[2026-03-10 07:31:03] [INFO] [关键支撑跌破警报-66000] CHECK_START
  {}
[2026-03-10 07:31:03] [INFO] [关键支撑跌破警报-66000] CHECK_PASSED
  {}
[2026-03-10 07:36:03] [INFO] [阻力突破警报-68500] CHECK_START
  {}
[2026-03-10 07:36:03] [INFO] [阻力突破警报-68500] CHECK_PASSED
  {}
[2026-03-10 07:36:03] [INFO] [关键支撑跌破警报-66000] CHECK_START
  {}
[2026-03-10 07:36:03] [INFO] [关键支撑跌破警报-66000] CHECK_PASSED
  {}
[2026-03-10 07:41:03] [INFO] [阻力突破警报-68500] CHECK_START
  {}
[2026-03-10 07:41:03] [INFO] [阻力突破警报-68500] CHECK_PASSED
  {}
[2026-03-10 07:41:03] [INFO] [关键支撑跌破警报-66000] CHECK_START
  {}
[2026-03-10 07:41:03] [INFO] [关键支撑跌破警报-66000] CHECK_PASSED
  {}
[2026-03-10 07:46:03] [INFO] [阻力突破警报-68500] CHECK_START
  {}
[2026-03-10 07:46:03] [INFO] [阻力突破警报-68500] CHECK_PASSED
  {}
[2026-03-10 07:46:03] [INFO] [关键支撑跌破警报-66000] CHECK_START
  {}
[2026-03-10 07:46:03] [INFO] [关键支撑跌破警报-66000] CHECK_PASSED
  {}
[2026-03-10 07:51:03] [INFO] [阻力突破警报-68500] CHECK_START
  {}
[2026-03-10 07:51:03] [INFO] [阻力突破警报-68500] CHECK_PASSED
  {}
[2026-03-10 07:51:03] [INFO] [关键支撑跌破警报-66000] CHECK_START
  {}
[2026-03-10 07:51:03] [INFO] [关键支撑跌破警报-66000] CHECK_PASSED
  {}
[2026-03-10 07:56:03] [INFO] [阻力突破警报-68500] CHECK_START
  {}
[2026-03-10 07:56:03] [INFO] [阻力突破警报-68500] CHECK_PASSED
  {}
[2026-03-10 07:56:03] [INFO] [关键支撑跌破警报-66000] CHECK_START
  {}
[2026-03-10 07:56:03] [INFO] [关键支撑跌破警报-66000] CHECK_PASSED
  {}
[2026-03-10 08:01:03] [INFO] [阻力突破警报-68500] RULE_STOPPED
  {"status":"expired"}
[2026-03-10 08:01:03] [INFO] [阻力突破警报-68500] RULE_ARCHIVED
  {"archivePath":"/root/.openclaw/workspace-july/skills/btc-alert/rules-archive/2026-03-10T00-01-03_2026-03-09-resistance-68500.js","reason":"expired"}
[2026-03-10 08:01:03] [INFO] [阻力突破警报-68500] RULE_UNLOADED
  {"reason":"lifetime_ended"}
[2026-03-10 08:01:03] [INFO] [关键支撑跌破警报-66000] RULE_STOPPED
  {"status":"expired"}
[2026-03-10 08:01:03] [INFO] [关键支撑跌破警报-66000] RULE_ARCHIVED
  {"archivePath":"/root/.openclaw/workspace-july/skills/btc-alert/rules-archive/2026-03-10T00-01-03_2026-03-09-support-66000.js","reason":"expired"}
[2026-03-10 08:01:03] [INFO] [关键支撑跌破警报-66000] RULE_UNLOADED
  {"reason":"lifetime_ended"}
[2026-03-11 15:43:48] [INFO] [Engine] 引擎关闭 (SIGINT)
[2026-03-12 10:13:25] [INFO] [Engine] 引擎启动
  {"rulesDir":"/root/.openclaw/workspace-july/skills/btc-alert/rules","archiveDir":"/root/.openclaw/workspace-july/skills/btc-alert/rules-archive","logFile":"/root/.openclaw/workspace-july/logs/alert-engine.log"}
[2026-03-12 10:13:25] [INFO] [压力位突破警报-72000] TIMER_STARTED
  {"interval":"300s","file":"2026-03-10-resistance-72000.js"}
[2026-03-12 10:13:25] [INFO] [压力位突破警报-72000] CHECK_START
  {}
[2026-03-12 10:13:25] [INFO] [支撑位跌破警报-70000] TIMER_STARTED
  {"interval":"300s","file":"2026-03-10-support-70000.js"}
[2026-03-12 10:13:25] [INFO] [支撑位跌破警报-70000] CHECK_START
  {}
[2026-03-12 10:13:25] [INFO] [支撑位跌破警报-68671-7日SMA] TIMER_STARTED
  {"interval":"300s","file":"2026-03-11-support-68671.js"}
[2026-03-12 10:13:25] [INFO] [支撑位跌破警报-68671-7日SMA] CHECK_START
  {}
[2026-03-12 10:13:25] [INFO] [Engine] 规则加载完成
  {"count":3}
[2026-03-12 10:13:29] [INFO] [支撑位跌破警报-70000] TRIGGERED
  {}
[2026-03-12 10:13:30] [INFO] [压力位突破警报-72000] CHECK_PASSED
  {}
[2026-03-12 10:13:38] [INFO] [支撑位跌破警报-68671-7日SMA] CHECK_PASSED
  {}
[2026-03-12 10:13:44] [INFO] [支撑位跌破警报-70000] DATA_COLLECTED
  {"dataKeys":["alertTime","currentPrice","priceChange","volume24h","fearGreedIndex","klines15m","triggerPrice","alertType"]}
[2026-03-12 10:13:44] [INFO] [支撑位跌破警报-70000] TRIGGER_COMPLETED
  {}
[2026-03-12 11:16:33] [INFO] [Engine] 引擎关闭 (SIGTERM)
[2026-03-13 10:09:39] [INFO] [Engine] 引擎启动
  {"rulesDir":"/home/administrator/.openclaw/july-btc-analyzer/skills/btc-alert/rules","archiveDir":"/home/administrator/.openclaw/july-btc-analyzer/skills/btc-alert/rules-archive","logFile":"/home/administrator/.openclaw/july-btc-analyzer/logs/alert-engine.log"}
[2026-03-13 10:09:39] [INFO] [压力位突破警报-72000] TIMER_STARTED
  {"interval":"300s","file":"2026-03-10-resistance-72000.js"}
[2026-03-13 10:09:39] [INFO] [压力位突破警报-72000] CHECK_START
  {}
[2026-03-13 10:09:39] [INFO] [支撑位跌破警报-68671-7日SMA] TIMER_STARTED
  {"interval":"300s","file":"2026-03-11-support-68671.js"}
[2026-03-13 10:09:39] [INFO] [支撑位跌破警报-68671-7日SMA] CHECK_START
  {}
[2026-03-13 10:09:39] [INFO] [支撑位跌破警报-69000] TIMER_STARTED
  {"interval":"300s","file":"2026-03-12-support-69000.js"}
[2026-03-13 10:09:39] [INFO] [支撑位跌破警报-69000] CHECK_START
  {}
[2026-03-13 10:09:39] [INFO] [压力位突破警报-70500] TIMER_STARTED
  {"interval":"300s","file":"2026-03-13-resistance-70500.js"}
[2026-03-13 10:09:39] [INFO] [压力位突破警报-70500] CHECK_START
  {}
[2026-03-13 10:09:39] [INFO] [Engine] 规则加载完成
  {"count":4}
[2026-03-13 10:09:40] [INFO] [压力位突破警报-70500] CHECK_PASSED
  {}
[2026-03-13 10:09:41] [INFO] [支撑位跌破警报-68671-7日SMA] CHECK_PASSED
  {}
[2026-03-13 10:09:41] [INFO] [支撑位跌破警报-69000] CHECK_PASSED
  {}
[2026-03-13 10:09:41] [INFO] [压力位突破警报-72000] CHECK_PASSED
  {}
[2026-03-13 10:14:39] [INFO] [压力位突破警报-72000] CHECK_START
  {}
[2026-03-13 10:14:39] [INFO] [支撑位跌破警报-68671-7日SMA] CHECK_START
  {}
[2026-03-13 10:14:39] [INFO] [支撑位跌破警报-69000] CHECK_START
  {}
[2026-03-13 10:14:39] [INFO] [压力位突破警报-70500] CHECK_START
  {}
[2026-03-13 10:14:40] [INFO] [压力位突破警报-72000] CHECK_PASSED
  {}
[2026-03-13 10:14:41] [INFO] [支撑位跌破警报-68671-7日SMA] CHECK_PASSED
  {}
[2026-03-13 10:14:41] [INFO] [压力位突破警报-70500] CHECK_PASSED
  {}
[2026-03-13 10:14:41] [INFO] [支撑位跌破警报-69000] CHECK_PASSED
  {}
[2026-03-13 10:15:39] [INFO] [压力位突破警报-72000] 检测到规则文件已不存在
  {"path":"/home/administrator/.openclaw/july-btc-analyzer/skills/btc-alert/rules/2026-03-10-resistance-72000.js"}
[2026-03-13 10:15:39] [INFO] [压力位突破警报-72000] RULE_UNLOADED
  {"reason":"file_removed"}
[2026-03-13 10:15:39] [INFO] [压力位突破警报-70500] 检测到规则文件已不存在
  {"path":"/home/administrator/.openclaw/july-btc-analyzer/skills/btc-alert/rules/2026-03-13-resistance-70500.js"}
[2026-03-13 10:15:39] [INFO] [压力位突破警报-70500] RULE_UNLOADED
  {"reason":"file_removed"}
[2026-03-13 10:19:39] [INFO] [支撑位跌破警报-68671-7日SMA] CHECK_START
  {}
[2026-03-13 10:19:39] [INFO] [支撑位跌破警报-69000] CHECK_START
  {}
[2026-03-13 10:19:41] [INFO] [支撑位跌破警报-69000] CHECK_PASSED
  {}
[2026-03-13 10:19:41] [INFO] [支撑位跌破警报-68671-7日SMA] CHECK_PASSED
  {}
[2026-03-13 10:24:39] [INFO] [支撑位跌破警报-68671-7日SMA] CHECK_START
  {}
[2026-03-13 10:24:39] [INFO] [支撑位跌破警报-69000] CHECK_START
  {}
[2026-03-13 10:24:41] [INFO] [支撑位跌破警报-68671-7日SMA] CHECK_PASSED
  {}
[2026-03-13 10:24:41] [INFO] [支撑位跌破警报-69000] CHECK_PASSED
  {}
[2026-03-13 10:29:39] [INFO] [支撑位跌破警报-68671-7日SMA] CHECK_START
  {}
[2026-03-13 10:29:39] [INFO] [支撑位跌破警报-69000] CHECK_START
  {}
[2026-03-13 10:29:41] [INFO] [支撑位跌破警报-68671-7日SMA] CHECK_PASSED
  {}
[2026-03-13 10:29:42] [INFO] [支撑位跌破警报-69000] CHECK_PASSED
  {}
[2026-03-13 10:34:39] [INFO] [支撑位跌破警报-68671-7日SMA] CHECK_START
  {}
[2026-03-13 10:34:39] [INFO] [支撑位跌破警报-69000] CHECK_START
  {}
[2026-03-13 10:34:41] [INFO] [支撑位跌破警报-68671-7日SMA] CHECK_PASSED
  {}
[2026-03-13 10:34:41] [INFO] [支撑位跌破警报-69000] CHECK_PASSED
  {}
[2026-03-13 10:39:39] [INFO] [支撑位跌破警报-68671-7日SMA] CHECK_START
  {}
[2026-03-13 10:39:39] [INFO] [支撑位跌破警报-69000] CHECK_START
  {}
[2026-03-13 10:39:41] [INFO] [支撑位跌破警报-68671-7日SMA] CHECK_PASSED
  {}
[2026-03-13 10:39:41] [INFO] [支撑位跌破警报-69000] CHECK_PASSED
  {}
[2026-03-13 10:44:39] [INFO] [支撑位跌破警报-68671-7日SMA] CHECK_START
  {}
[2026-03-13 10:44:39] [INFO] [支撑位跌破警报-69000] CHECK_START
  {}
[2026-03-13 10:44:41] [INFO] [支撑位跌破警报-69000] CHECK_PASSED
  {}
[2026-03-13 10:44:41] [INFO] [支撑位跌破警报-68671-7日SMA] CHECK_PASSED
  {}
[2026-03-13 10:49:39] [INFO] [支撑位跌破警报-68671-7日SMA] CHECK_START
  {}
[2026-03-13 10:49:39] [INFO] [支撑位跌破警报-69000] CHECK_START
  {}
[2026-03-13 10:49:41] [INFO] [支撑位跌破警报-69000] CHECK_PASSED
  {}
[2026-03-13 10:49:41] [INFO] [支撑位跌破警报-68671-7日SMA] CHECK_PASSED
  {}
[2026-03-13 10:54:39] [INFO] [支撑位跌破警报-68671-7日SMA] CHECK_START
  {}
[2026-03-13 10:54:39] [INFO] [支撑位跌破警报-69000] CHECK_START
  {}
[2026-03-13 10:54:41] [INFO] [支撑位跌破警报-69000] CHECK_PASSED
  {}
[2026-03-13 10:54:41] [INFO] [支撑位跌破警报-68671-7日SMA] CHECK_PASSED
  {}
[2026-03-13 10:59:39] [INFO] [支撑位跌破警报-68671-7日SMA] CHECK_START
  {}
[2026-03-13 10:59:39] [INFO] [支撑位跌破警报-69000] CHECK_START
  {}
[2026-03-13 10:59:41] [INFO] [支撑位跌破警报-69000] CHECK_PASSED
  {}
[2026-03-13 10:59:42] [INFO] [支撑位跌破警报-68671-7日SMA] CHECK_PASSED
  {}
[2026-03-13 11:04:39] [INFO] [支撑位跌破警报-68671-7日SMA] CHECK_START
  {}
[2026-03-13 11:04:39] [INFO] [支撑位跌破警报-69000] CHECK_START
  {}
[2026-03-13 11:04:41] [INFO] [支撑位跌破警报-69000] CHECK_PASSED
  {}
[2026-03-13 11:04:41] [INFO] [支撑位跌破警报-68671-7日SMA] CHECK_PASSED
  {}
[2026-03-13 11:09:39] [INFO] [支撑位跌破警报-68671-7日SMA] CHECK_START
  {}
[2026-03-13 11:09:39] [INFO] [支撑位跌破警报-69000] CHECK_START
  {}
[2026-03-13 11:09:41] [INFO] [支撑位跌破警报-69000] CHECK_PASSED
  {}
[2026-03-13 11:09:41] [INFO] [支撑位跌破警报-68671-7日SMA] CHECK_PASSED
  {}
[2026-03-13 11:14:39] [INFO] [支撑位跌破警报-68671-7日SMA] CHECK_START
  {}
[2026-03-13 11:14:39] [INFO] [支撑位跌破警报-69000] CHECK_START
  {}
[2026-03-13 11:14:41] [INFO] [支撑位跌破警报-68671-7日SMA] CHECK_PASSED
  {}
[2026-03-13 11:14:42] [INFO] [支撑位跌破警报-69000] CHECK_PASSED
  {}
[2026-03-13 11:19:39] [INFO] [支撑位跌破警报-68671-7日SMA] CHECK_START
  {}
[2026-03-13 11:19:39] [INFO] [支撑位跌破警报-69000] CHECK_START
  {}
[2026-03-13 11:19:40] [INFO] [支撑位跌破警报-69000] CHECK_PASSED
  {}
[2026-03-13 11:19:41] [INFO] [支撑位跌破警报-68671-7日SMA] CHECK_PASSED
  {}
[2026-03-13 11:24:39] [INFO] [支撑位跌破警报-68671-7日SMA] CHECK_START
  {}
[2026-03-13 11:24:39] [INFO] [支撑位跌破警报-69000] CHECK_START
  {}
[2026-03-13 11:24:41] [INFO] [支撑位跌破警报-68671-7日SMA] CHECK_PASSED
  {}
[2026-03-13 11:24:42] [INFO] [支撑位跌破警报-69000] CHECK_PASSED
  {}
[2026-03-13 11:29:39] [INFO] [支撑位跌破警报-68671-7日SMA] CHECK_START
  {}
[2026-03-13 11:29:39] [INFO] [支撑位跌破警报-69000] CHECK_START
  {}
[2026-03-13 11:29:41] [INFO] [支撑位跌破警报-69000] CHECK_PASSED
  {}
[2026-03-13 11:29:42] [INFO] [支撑位跌破警报-68671-7日SMA] CHECK_PASSED
  {}
[2026-03-13 11:34:39] [INFO] [支撑位跌破警报-68671-7日SMA] CHECK_START
  {}
[2026-03-13 11:34:39] [INFO] [支撑位跌破警报-69000] CHECK_START
  {}
[2026-03-13 11:34:41] [INFO] [支撑位跌破警报-69000] CHECK_PASSED
  {}
[2026-03-13 11:34:41] [INFO] [支撑位跌破警报-68671-7日SMA] CHECK_PASSED
  {}
[2026-03-13 11:39:39] [INFO] [支撑位跌破警报-68671-7日SMA] CHECK_START
  {}
[2026-03-13 11:39:39] [INFO] [支撑位跌破警报-69000] CHECK_START
  {}
[2026-03-13 11:39:41] [INFO] [支撑位跌破警报-69000] CHECK_PASSED
  {}
[2026-03-13 11:39:41] [INFO] [支撑位跌破警报-68671-7日SMA] CHECK_PASSED
  {}
[2026-03-13 11:44:39] [INFO] [支撑位跌破警报-68671-7日SMA] CHECK_START
  {}
[2026-03-13 11:44:39] [INFO] [支撑位跌破警报-69000] CHECK_START
  {}
[2026-03-13 11:44:41] [INFO] [支撑位跌破警报-69000] CHECK_PASSED
  {}
[2026-03-13 11:45:09] [INFO] [支撑位跌破警报-68671-7日SMA] CHECK_PASSED
  {}
[2026-03-13 11:49:39] [INFO] [支撑位跌破警报-68671-7日SMA] CHECK_START
  {}
[2026-03-13 11:49:39] [INFO] [支撑位跌破警报-69000] CHECK_START
  {}
[2026-03-13 11:49:41] [INFO] [支撑位跌破警报-69000] CHECK_PASSED
  {}
[2026-03-13 11:49:43] [INFO] [支撑位跌破警报-68671-7日SMA] CHECK_PASSED
  {}
[2026-03-13 11:54:39] [INFO] [支撑位跌破警报-68671-7日SMA] CHECK_START
  {}
[2026-03-13 11:54:39] [INFO] [支撑位跌破警报-69000] CHECK_START
  {}
[2026-03-13 11:54:41] [INFO] [支撑位跌破警报-69000] CHECK_PASSED
  {}
[2026-03-13 11:54:41] [INFO] [支撑位跌破警报-68671-7日SMA] CHECK_PASSED
  {}
[2026-03-13 11:59:39] [INFO] [支撑位跌破警报-68671-7日SMA] CHECK_START
  {}
[2026-03-13 11:59:39] [INFO] [支撑位跌破警报-69000] CHECK_START
  {}
[2026-03-13 11:59:41] [INFO] [支撑位跌破警报-69000] CHECK_PASSED
  {}
[2026-03-13 11:59:42] [INFO] [支撑位跌破警报-68671-7日SMA] CHECK_PASSED
  {}
[2026-03-13 12:04:39] [INFO] [支撑位跌破警报-68671-7日SMA] CHECK_START
  {}
[2026-03-13 12:04:39] [INFO] [支撑位跌破警报-69000] CHECK_START
  {}
[2026-03-13 12:04:42] [INFO] [支撑位跌破警报-68671-7日SMA] CHECK_PASSED
  {}
[2026-03-13 12:04:42] [INFO] [支撑位跌破警报-69000] CHECK_PASSED
  {}
[2026-03-13 12:09:39] [INFO] [支撑位跌破警报-68671-7日SMA] CHECK_START
  {}
[2026-03-13 12:09:39] [INFO] [支撑位跌破警报-69000] CHECK_START
  {}
[2026-03-13 12:09:41] [INFO] [支撑位跌破警报-69000] CHECK_PASSED
  {}
[2026-03-13 12:09:42] [INFO] [支撑位跌破警报-68671-7日SMA] CHECK_PASSED
  {}
[2026-03-13 12:14:39] [INFO] [支撑位跌破警报-68671-7日SMA] CHECK_START
  {}
[2026-03-13 12:14:39] [INFO] [支撑位跌破警报-69000] CHECK_START
  {}
[2026-03-13 12:14:41] [INFO] [支撑位跌破警报-68671-7日SMA] CHECK_PASSED
  {}
[2026-03-13 12:14:44] [INFO] [支撑位跌破警报-69000] CHECK_PASSED
  {}
[2026-03-13 12:19:39] [INFO] [支撑位跌破警报-68671-7日SMA] CHECK_START
  {}
[2026-03-13 12:19:39] [INFO] [支撑位跌破警报-69000] CHECK_START
  {}
[2026-03-13 12:19:41] [INFO] [支撑位跌破警报-68671-7日SMA] CHECK_PASSED
  {}
[2026-03-13 12:19:42] [INFO] [支撑位跌破警报-69000] CHECK_PASSED
  {}
[2026-03-13 12:24:39] [INFO] [支撑位跌破警报-68671-7日SMA] CHECK_START
  {}
[2026-03-13 12:24:39] [INFO] [支撑位跌破警报-69000] CHECK_START
  {}
[2026-03-13 12:24:41] [INFO] [支撑位跌破警报-69000] CHECK_PASSED
  {}
[2026-03-13 12:24:41] [INFO] [支撑位跌破警报-68671-7日SMA] CHECK_PASSED
  {}
[2026-03-13 12:29:39] [INFO] [支撑位跌破警报-68671-7日SMA] CHECK_START
  {}
[2026-03-13 12:29:39] [INFO] [支撑位跌破警报-69000] CHECK_START
  {}
[2026-03-13 12:29:42] [INFO] [支撑位跌破警报-69000] CHECK_PASSED
  {}
[2026-03-13 12:29:42] [INFO] [支撑位跌破警报-68671-7日SMA] CHECK_PASSED
  {}
[2026-03-13 12:34:39] [INFO] [支撑位跌破警报-68671-7日SMA] CHECK_START
  {}
[2026-03-13 12:34:39] [INFO] [支撑位跌破警报-69000] CHECK_START
  {}
[2026-03-13 12:34:42] [INFO] [支撑位跌破警报-68671-7日SMA] CHECK_PASSED
  {}
[2026-03-13 12:34:44] [INFO] [支撑位跌破警报-69000] CHECK_PASSED
  {}
[2026-03-13 12:39:39] [INFO] [支撑位跌破警报-68671-7日SMA] CHECK_START
  {}
[2026-03-13 12:39:39] [INFO] [支撑位跌破警报-69000] CHECK_START
  {}
[2026-03-13 12:39:41] [INFO] [支撑位跌破警报-68671-7日SMA] CHECK_PASSED
  {}
[2026-03-13 12:39:43] [INFO] [支撑位跌破警报-69000] CHECK_PASSED
  {}
[2026-03-13 12:44:39] [INFO] [支撑位跌破警报-68671-7日SMA] CHECK_START
  {}
[2026-03-13 12:44:39] [INFO] [支撑位跌破警报-69000] CHECK_START
  {}
[2026-03-13 12:44:41] [INFO] [支撑位跌破警报-69000] CHECK_PASSED
  {}
[2026-03-13 12:44:42] [INFO] [支撑位跌破警报-68671-7日SMA] CHECK_PASSED
  {}
[2026-03-13 12:49:39] [INFO] [支撑位跌破警报-68671-7日SMA] CHECK_START
  {}
[2026-03-13 12:49:39] [INFO] [支撑位跌破警报-69000] CHECK_START
  {}
[2026-03-13 12:49:41] [INFO] [支撑位跌破警报-68671-7日SMA] CHECK_PASSED
  {}
[2026-03-13 12:49:43] [INFO] [支撑位跌破警报-69000] CHECK_PASSED
  {}
[2026-03-13 12:54:39] [INFO] [支撑位跌破警报-68671-7日SMA] CHECK_START
  {}
[2026-03-13 12:54:39] [INFO] [支撑位跌破警报-69000] CHECK_START
  {}
[2026-03-13 12:54:41] [INFO] [支撑位跌破警报-68671-7日SMA] CHECK_PASSED
  {}
[2026-03-13 12:54:42] [INFO] [支撑位跌破警报-69000] CHECK_PASSED
  {}
[2026-03-13 12:59:39] [INFO] [支撑位跌破警报-68671-7日SMA] CHECK_START
  {}
[2026-03-13 12:59:39] [INFO] [支撑位跌破警报-69000] CHECK_START
  {}
[2026-03-13 12:59:41] [INFO] [支撑位跌破警报-69000] CHECK_PASSED
  {}
[2026-03-13 12:59:42] [INFO] [支撑位跌破警报-68671-7日SMA] CHECK_PASSED
  {}
[2026-03-13 13:04:39] [INFO] [支撑位跌破警报-68671-7日SMA] CHECK_START
  {}
[2026-03-13 13:04:39] [INFO] [支撑位跌破警报-69000] CHECK_START
  {}
[2026-03-13 13:04:41] [INFO] [支撑位跌破警报-68671-7日SMA] CHECK_PASSED
  {}
[2026-03-13 13:04:41] [INFO] [支撑位跌破警报-69000] CHECK_PASSED
  {}
[2026-03-13 13:09:39] [INFO] [支撑位跌破警报-68671-7日SMA] CHECK_START
  {}
[2026-03-13 13:09:39] [INFO] [支撑位跌破警报-69000] CHECK_START
  {}
[2026-03-13 13:09:41] [INFO] [支撑位跌破警报-68671-7日SMA] CHECK_PASSED
  {}
[2026-03-13 13:09:45] [INFO] [支撑位跌破警报-69000] CHECK_PASSED
  {}
[2026-03-13 13:14:39] [INFO] [支撑位跌破警报-68671-7日SMA] CHECK_START
  {}
[2026-03-13 13:14:39] [INFO] [支撑位跌破警报-69000] CHECK_START
  {}
[2026-03-13 13:14:42] [INFO] [支撑位跌破警报-68671-7日SMA] CHECK_PASSED
  {}
[2026-03-13 13:14:43] [INFO] [支撑位跌破警报-69000] CHECK_PASSED
  {}
[2026-03-13 13:19:39] [INFO] [支撑位跌破警报-68671-7日SMA] CHECK_START
  {}
[2026-03-13 13:19:39] [INFO] [支撑位跌破警报-69000] CHECK_START
  {}
[2026-03-13 13:19:42] [INFO] [支撑位跌破警报-68671-7日SMA] CHECK_PASSED
  {}
[2026-03-13 13:19:43] [INFO] [支撑位跌破警报-69000] CHECK_PASSED
  {}
[2026-03-13 13:24:39] [INFO] [支撑位跌破警报-68671-7日SMA] CHECK_START
  {}
[2026-03-13 13:24:39] [INFO] [支撑位跌破警报-69000] CHECK_START
  {}
[2026-03-13 13:24:41] [INFO] [支撑位跌破警报-68671-7日SMA] CHECK_PASSED
  {}
[2026-03-13 13:24:46] [INFO] [支撑位跌破警报-69000] CHECK_PASSED
  {}
[2026-03-13 13:29:39] [INFO] [支撑位跌破警报-68671-7日SMA] CHECK_START
  {}
[2026-03-13 13:29:39] [INFO] [支撑位跌破警报-69000] CHECK_START
  {}
[2026-03-13 13:29:41] [INFO] [支撑位跌破警报-69000] CHECK_PASSED
  {}
[2026-03-13 13:29:43] [INFO] [支撑位跌破警报-68671-7日SMA] CHECK_PASSED
  {}
[2026-03-13 13:34:39] [INFO] [支撑位跌破警报-68671-7日SMA] CHECK_START
  {}
[2026-03-13 13:34:39] [INFO] [支撑位跌破警报-69000] CHECK_START
  {}
[2026-03-13 13:34:41] [INFO] [支撑位跌破警报-69000] CHECK_PASSED
  {}
[2026-03-13 13:34:43] [INFO] [支撑位跌破警报-68671-7日SMA] CHECK_PASSED
  {}
[2026-03-13 13:39:39] [INFO] [支撑位跌破警报-68671-7日SMA] CHECK_START
  {}
[2026-03-13 13:39:39] [INFO] [支撑位跌破警报-69000] CHECK_START
  {}
[2026-03-13 13:39:43] [INFO] [支撑位跌破警报-68671-7日SMA] CHECK_PASSED
  {}
[2026-03-13 13:39:43] [INFO] [支撑位跌破警报-69000] CHECK_PASSED
  {}
[2026-03-13 13:44:39] [INFO] [支撑位跌破警报-68671-7日SMA] CHECK_START
  {}
[2026-03-13 13:44:39] [INFO] [支撑位跌破警报-69000] CHECK_START
  {}
[2026-03-13 13:44:41] [INFO] [支撑位跌破警报-68671-7日SMA] CHECK_PASSED
  {}
[2026-03-13 13:44:42] [INFO] [支撑位跌破警报-69000] CHECK_PASSED
  {}
[2026-03-13 13:49:39] [INFO] [支撑位跌破警报-68671-7日SMA] CHECK_START
  {}
[2026-03-13 13:49:39] [INFO] [支撑位跌破警报-69000] CHECK_START
  {}
[2026-03-13 13:49:41] [INFO] [支撑位跌破警报-69000] CHECK_PASSED
  {}
[2026-03-13 13:49:41] [INFO] [支撑位跌破警报-68671-7日SMA] CHECK_PASSED
  {}
[2026-03-13 13:54:39] [INFO] [支撑位跌破警报-68671-7日SMA] CHECK_START
  {}
[2026-03-13 13:54:39] [INFO] [支撑位跌破警报-69000] CHECK_START
  {}
[2026-03-13 13:54:41] [INFO] [支撑位跌破警报-69000] CHECK_PASSED
  {}
[2026-03-13 13:54:41] [INFO] [支撑位跌破警报-68671-7日SMA] CHECK_PASSED
  {}
[2026-03-13 13:59:39] [INFO] [支撑位跌破警报-68671-7日SMA] CHECK_START
  {}
[2026-03-13 13:59:39] [INFO] [支撑位跌破警报-69000] CHECK_START
  {}
[2026-03-13 13:59:41] [INFO] [支撑位跌破警报-69000] CHECK_PASSED
  {}
[2026-03-13 13:59:41] [INFO] [支撑位跌破警报-68671-7日SMA] CHECK_PASSED
  {}
[2026-03-13 14:04:39] [INFO] [支撑位跌破警报-68671-7日SMA] CHECK_START
  {}
[2026-03-13 14:04:39] [INFO] [支撑位跌破警报-69000] CHECK_START
  {}
[2026-03-13 14:04:42] [INFO] [支撑位跌破警报-69000] CHECK_PASSED
  {}
[2026-03-13 14:04:43] [INFO] [支撑位跌破警报-68671-7日SMA] CHECK_PASSED
  {}
[2026-03-13 14:09:39] [INFO] [支撑位跌破警报-68671-7日SMA] CHECK_START
  {}
[2026-03-13 14:09:39] [INFO] [支撑位跌破警报-69000] CHECK_START
  {}
[2026-03-13 14:09:41] [INFO] [支撑位跌破警报-69000] CHECK_PASSED
  {}
[2026-03-13 14:09:42] [INFO] [支撑位跌破警报-68671-7日SMA] CHECK_PASSED
  {}
[2026-03-13 14:14:39] [INFO] [支撑位跌破警报-68671-7日SMA] CHECK_START
  {}
[2026-03-13 14:14:39] [INFO] [支撑位跌破警报-69000] CHECK_START
  {}
[2026-03-13 14:14:41] [INFO] [支撑位跌破警报-68671-7日SMA] CHECK_PASSED
  {}
[2026-03-13 14:14:42] [INFO] [支撑位跌破警报-69000] CHECK_PASSED
  {}
[2026-03-13 14:19:39] [INFO] [支撑位跌破警报-68671-7日SMA] CHECK_START
  {}
[2026-03-13 14:19:39] [INFO] [支撑位跌破警报-69000] CHECK_START
  {}
[2026-03-13 14:19:42] [INFO] [支撑位跌破警报-68671-7日SMA] CHECK_PASSED
  {}
[2026-03-13 14:19:43] [INFO] [支撑位跌破警报-69000] CHECK_PASSED
  {}
[2026-03-13 14:24:39] [INFO] [支撑位跌破警报-68671-7日SMA] CHECK_START
  {}
[2026-03-13 14:24:39] [INFO] [支撑位跌破警报-69000] CHECK_START
  {}
[2026-03-13 14:24:44] [INFO] [支撑位跌破警报-68671-7日SMA] CHECK_PASSED
  {}
[2026-03-13 14:24:44] [INFO] [支撑位跌破警报-69000] CHECK_PASSED
  {}
[2026-03-13 14:29:39] [INFO] [支撑位跌破警报-68671-7日SMA] CHECK_START
  {}
[2026-03-13 14:29:39] [INFO] [支撑位跌破警报-69000] CHECK_START
  {}
[2026-03-13 14:29:41] [INFO] [支撑位跌破警报-68671-7日SMA] CHECK_PASSED
  {}
[2026-03-13 14:29:41] [INFO] [支撑位跌破警报-69000] CHECK_PASSED
  {}
[2026-03-13 14:34:39] [INFO] [支撑位跌破警报-68671-7日SMA] CHECK_START
  {}
[2026-03-13 14:34:39] [INFO] [支撑位跌破警报-69000] CHECK_START
  {}
[2026-03-13 14:34:41] [INFO] [支撑位跌破警报-68671-7日SMA] CHECK_PASSED
  {}
[2026-03-13 14:34:42] [INFO] [支撑位跌破警报-69000] CHECK_PASSED
  {}
[2026-03-13 14:39:39] [INFO] [支撑位跌破警报-68671-7日SMA] CHECK_START
  {}
[2026-03-13 14:39:39] [INFO] [支撑位跌破警报-69000] CHECK_START
  {}
[2026-03-13 14:39:41] [INFO] [支撑位跌破警报-68671-7日SMA] CHECK_PASSED
  {}
[2026-03-13 14:39:44] [INFO] [支撑位跌破警报-69000] CHECK_PASSED
  {}
[2026-03-13 14:44:39] [INFO] [支撑位跌破警报-68671-7日SMA] CHECK_START
  {}
[2026-03-13 14:44:39] [INFO] [支撑位跌破警报-69000] CHECK_START
  {}
[2026-03-13 14:44:41] [INFO] [支撑位跌破警报-68671-7日SMA] CHECK_PASSED
  {}
[2026-03-13 14:44:41] [INFO] [支撑位跌破警报-69000] CHECK_PASSED
  {}
[2026-03-13 14:49:39] [INFO] [支撑位跌破警报-68671-7日SMA] CHECK_START
  {}
[2026-03-13 14:49:39] [INFO] [支撑位跌破警报-69000] CHECK_START
  {}
[2026-03-13 14:49:41] [INFO] [支撑位跌破警报-68671-7日SMA] CHECK_PASSED
  {}
[2026-03-13 14:49:41] [INFO] [支撑位跌破警报-69000] CHECK_PASSED
  {}
[2026-03-13 14:54:39] [INFO] [支撑位跌破警报-68671-7日SMA] CHECK_START
  {}
[2026-03-13 14:54:39] [INFO] [支撑位跌破警报-69000] CHECK_START
  {}
[2026-03-13 14:54:41] [INFO] [支撑位跌破警报-69000] CHECK_PASSED
  {}
[2026-03-13 14:54:41] [INFO] [支撑位跌破警报-68671-7日SMA] CHECK_PASSED
  {}
[2026-03-13 14:59:39] [INFO] [支撑位跌破警报-68671-7日SMA] CHECK_START
  {}
[2026-03-13 14:59:39] [INFO] [支撑位跌破警报-69000] CHECK_START
  {}
[2026-03-13 14:59:41] [INFO] [支撑位跌破警报-68671-7日SMA] CHECK_PASSED
  {}
[2026-03-13 14:59:41] [INFO] [支撑位跌破警报-69000] CHECK_PASSED
  {}
[2026-03-13 15:04:38] [INFO] [支撑位跌破警报-68671-7日SMA] CHECK_START
  {}
[2026-03-13 15:04:38] [INFO] [支撑位跌破警报-69000] CHECK_START
  {}
[2026-03-13 15:04:40] [INFO] [支撑位跌破警报-68671-7日SMA] CHECK_PASSED
  {}
[2026-03-13 15:04:40] [INFO] [支撑位跌破警报-69000] CHECK_PASSED
  {}
[2026-03-13 15:09:38] [INFO] [支撑位跌破警报-68671-7日SMA] CHECK_START
  {}
[2026-03-13 15:09:38] [INFO] [支撑位跌破警报-69000] CHECK_START
  {}
[2026-03-13 15:09:40] [INFO] [支撑位跌破警报-68671-7日SMA] CHECK_PASSED
  {}
[2026-03-13 15:09:43] [INFO] [支撑位跌破警报-69000] CHECK_PASSED
  {}
[2026-03-13 15:14:38] [INFO] [支撑位跌破警报-68671-7日SMA] CHECK_START
  {}
[2026-03-13 15:14:38] [INFO] [支撑位跌破警报-69000] CHECK_START
  {}
[2026-03-13 15:14:40] [INFO] [支撑位跌破警报-68671-7日SMA] CHECK_PASSED
  {}
[2026-03-13 15:14:42] [INFO] [支撑位跌破警报-69000] CHECK_PASSED
  {}
[2026-03-13 15:19:38] [INFO] [支撑位跌破警报-68671-7日SMA] CHECK_START
  {}
[2026-03-13 15:19:38] [INFO] [支撑位跌破警报-69000] CHECK_START
  {}
[2026-03-13 15:19:41] [INFO] [支撑位跌破警报-69000] CHECK_PASSED
  {}
[2026-03-13 15:19:44] [INFO] [支撑位跌破警报-68671-7日SMA] CHECK_PASSED
  {}
[2026-03-13 15:24:37] [INFO] [支撑位跌破警报-68671-7日SMA] CHECK_START
  {}
[2026-03-13 15:24:37] [INFO] [支撑位跌破警报-69000] CHECK_START
  {}
[2026-03-13 15:24:38] [INFO] [支撑位跌破警报-69000] CHECK_PASSED
  {}
[2026-03-13 15:24:39] [INFO] [支撑位跌破警报-68671-7日SMA] CHECK_PASSED
  {}
[2026-03-13 15:29:34] [INFO] [支撑位跌破警报-68671-7日SMA] CHECK_START
  {}
[2026-03-13 15:29:34] [INFO] [支撑位跌破警报-69000] CHECK_START
  {}
[2026-03-13 15:29:36] [INFO] [支撑位跌破警报-69000] CHECK_PASSED
  {}
[2026-03-13 15:29:36] [INFO] [支撑位跌破警报-68671-7日SMA] CHECK_PASSED
  {}
[2026-03-13 15:34:30] [INFO] [支撑位跌破警报-68671-7日SMA] CHECK_START
  {}
[2026-03-13 15:34:30] [INFO] [支撑位跌破警报-69000] CHECK_START
  {}
[2026-03-13 15:34:32] [INFO] [支撑位跌破警报-68671-7日SMA] CHECK_PASSED
  {}
[2026-03-13 15:34:34] [INFO] [支撑位跌破警报-69000] CHECK_PASSED
  {}
[2026-03-13 15:39:25] [INFO] [支撑位跌破警报-68671-7日SMA] CHECK_START
  {}
[2026-03-13 15:39:25] [INFO] [支撑位跌破警报-69000] CHECK_START
  {}
[2026-03-13 15:39:27] [INFO] [支撑位跌破警报-69000] CHECK_PASSED
  {}
[2026-03-13 15:39:27] [INFO] [支撑位跌破警报-68671-7日SMA] CHECK_PASSED
  {}
[2026-03-13 15:44:20] [INFO] [支撑位跌破警报-68671-7日SMA] CHECK_START
  {}
[2026-03-13 15:44:20] [INFO] [支撑位跌破警报-69000] CHECK_START
  {}
[2026-03-13 15:44:22] [INFO] [支撑位跌破警报-68671-7日SMA] CHECK_PASSED
  {}
[2026-03-13 15:44:22] [INFO] [支撑位跌破警报-69000] CHECK_PASSED
  {}
[2026-03-13 15:49:14] [INFO] [支撑位跌破警报-68671-7日SMA] CHECK_START
  {}
[2026-03-13 15:49:14] [INFO] [支撑位跌破警报-69000] CHECK_START
  {}
[2026-03-13 15:49:17] [INFO] [支撑位跌破警报-69000] CHECK_PASSED
  {}
[2026-03-13 15:49:18] [INFO] [支撑位跌破警报-68671-7日SMA] CHECK_PASSED
  {}
[2026-03-13 15:54:10] [INFO] [支撑位跌破警报-68671-7日SMA] CHECK_START
  {}
[2026-03-13 15:54:10] [INFO] [支撑位跌破警报-69000] CHECK_START
  {}
[2026-03-13 15:54:12] [INFO] [支撑位跌破警报-68671-7日SMA] CHECK_PASSED
  {}
[2026-03-13 15:54:12] [INFO] [支撑位跌破警报-69000] CHECK_PASSED
  {}
[2026-03-13 15:59:07] [INFO] [支撑位跌破警报-68671-7日SMA] CHECK_START
  {}
[2026-03-13 15:59:07] [INFO] [支撑位跌破警报-69000] CHECK_START
  {}
[2026-03-13 15:59:10] [INFO] [支撑位跌破警报-68671-7日SMA] CHECK_PASSED
  {}
[2026-03-13 15:59:15] [INFO] [支撑位跌破警报-69000] CHECK_PASSED
  {}
[2026-03-13 16:04:02] [INFO] [支撑位跌破警报-68671-7日SMA] CHECK_START
  {}
[2026-03-13 16:04:02] [INFO] [支撑位跌破警报-69000] CHECK_START
  {}
[2026-03-13 16:04:04] [INFO] [支撑位跌破警报-69000] CHECK_PASSED
  {}
[2026-03-13 16:04:07] [INFO] [支撑位跌破警报-68671-7日SMA] CHECK_PASSED
  {}
[2026-03-13 16:08:57] [INFO] [支撑位跌破警报-68671-7日SMA] CHECK_START
  {}
[2026-03-13 16:08:57] [INFO] [支撑位跌破警报-69000] CHECK_START
  {}
[2026-03-13 16:08:58] [INFO] [支撑位跌破警报-69000] CHECK_PASSED
  {}
[2026-03-13 16:08:59] [INFO] [支撑位跌破警报-68671-7日SMA] CHECK_PASSED
  {}
[2026-03-13 16:13:52] [INFO] [支撑位跌破警报-68671-7日SMA] CHECK_START
  {}
[2026-03-13 16:13:52] [INFO] [支撑位跌破警报-69000] CHECK_START
  {}
[2026-03-13 16:13:53] [INFO] [支撑位跌破警报-69000] CHECK_PASSED
  {}
[2026-03-13 16:13:57] [INFO] [支撑位跌破警报-68671-7日SMA] CHECK_PASSED
  {}
[2026-03-13 16:18:47] [INFO] [支撑位跌破警报-68671-7日SMA] CHECK_START
  {}
[2026-03-13 16:18:47] [INFO] [支撑位跌破警报-69000] CHECK_START
  {}
[2026-03-13 16:18:49] [INFO] [支撑位跌破警报-68671-7日SMA] CHECK_PASSED
  {}
[2026-03-13 16:18:50] [INFO] [支撑位跌破警报-69000] CHECK_PASSED
  {}
[2026-03-13 16:23:43] [INFO] [支撑位跌破警报-68671-7日SMA] CHECK_START
  {}
[2026-03-13 16:23:43] [INFO] [支撑位跌破警报-69000] CHECK_START
  {}
[2026-03-13 16:23:45] [INFO] [支撑位跌破警报-68671-7日SMA] CHECK_PASSED
  {}
[2026-03-13 16:23:46] [INFO] [支撑位跌破警报-69000] CHECK_PASSED
  {}
[2026-03-13 16:28:38] [INFO] [支撑位跌破警报-68671-7日SMA] CHECK_START
  {}
[2026-03-13 16:28:38] [INFO] [支撑位跌破警报-69000] CHECK_START
  {}
[2026-03-13 16:28:40] [INFO] [支撑位跌破警报-68671-7日SMA] CHECK_PASSED
  {}
[2026-03-13 16:28:44] [INFO] [支撑位跌破警报-69000] CHECK_PASSED
  {}
[2026-03-13 16:33:32] [INFO] [支撑位跌破警报-68671-7日SMA] CHECK_START
  {}
[2026-03-13 16:33:32] [INFO] [支撑位跌破警报-69000] CHECK_START
  {}
[2026-03-13 16:33:34] [INFO] [支撑位跌破警报-69000] CHECK_PASSED
  {}
[2026-03-13 16:33:34] [INFO] [支撑位跌破警报-68671-7日SMA] CHECK_PASSED
  {}
[2026-03-13 16:38:26] [INFO] [支撑位跌破警报-68671-7日SMA] CHECK_START
  {}
[2026-03-13 16:38:26] [INFO] [支撑位跌破警报-69000] CHECK_START
  {}
[2026-03-13 16:38:28] [INFO] [支撑位跌破警报-68671-7日SMA] CHECK_PASSED
  {}
[2026-03-13 16:38:29] [INFO] [支撑位跌破警报-69000] CHECK_PASSED
  {}
[2026-03-13 16:43:19] [INFO] [支撑位跌破警报-68671-7日SMA] CHECK_START
  {}
[2026-03-13 16:43:19] [INFO] [支撑位跌破警报-69000] CHECK_START
  {}
[2026-03-13 16:43:21] [INFO] [支撑位跌破警报-69000] CHECK_PASSED
  {}
[2026-03-13 16:43:22] [INFO] [支撑位跌破警报-68671-7日SMA] CHECK_PASSED
  {}
[2026-03-13 16:48:12] [INFO] [支撑位跌破警报-68671-7日SMA] CHECK_START
  {}
[2026-03-13 16:48:12] [INFO] [支撑位跌破警报-69000] CHECK_START
  {}
[2026-03-13 16:48:14] [INFO] [支撑位跌破警报-69000] CHECK_PASSED
  {}
[2026-03-13 16:48:16] [INFO] [支撑位跌破警报-68671-7日SMA] CHECK_PASSED
  {}
[2026-03-13 16:53:06] [INFO] [支撑位跌破警报-68671-7日SMA] CHECK_START
  {}
[2026-03-13 16:53:06] [INFO] [支撑位跌破警报-69000] CHECK_START
  {}
[2026-03-13 16:53:08] [INFO] [支撑位跌破警报-68671-7日SMA] CHECK_PASSED
  {}
[2026-03-13 16:53:08] [INFO] [支撑位跌破警报-69000] CHECK_PASSED
  {}
[2026-03-13 16:57:59] [INFO] [支撑位跌破警报-68671-7日SMA] CHECK_START
  {}
[2026-03-13 16:57:59] [INFO] [支撑位跌破警报-69000] CHECK_START
  {}
[2026-03-13 16:58:00] [INFO] [支撑位跌破警报-69000] CHECK_PASSED
  {}
[2026-03-13 16:58:01] [INFO] [支撑位跌破警报-68671-7日SMA] CHECK_PASSED
  {}
[2026-03-13 17:02:51] [INFO] [支撑位跌破警报-68671-7日SMA] CHECK_START
  {}
[2026-03-13 17:02:51] [INFO] [支撑位跌破警报-69000] CHECK_START
  {}
[2026-03-13 17:02:53] [INFO] [支撑位跌破警报-68671-7日SMA] CHECK_PASSED
  {}
[2026-03-13 17:03:21] [INFO] [支撑位跌破警报-69000] CHECK_PASSED
  {}
[2026-03-13 17:07:44] [INFO] [支撑位跌破警报-68671-7日SMA] CHECK_START
  {}
[2026-03-13 17:07:44] [INFO] [支撑位跌破警报-69000] CHECK_START
  {}
[2026-03-13 17:07:45] [INFO] [支撑位跌破警报-69000] CHECK_PASSED
  {}
[2026-03-13 17:07:47] [INFO] [支撑位跌破警报-68671-7日SMA] CHECK_PASSED
  {}
[2026-03-13 17:12:36] [INFO] [支撑位跌破警报-68671-7日SMA] CHECK_START
  {}
[2026-03-13 17:12:36] [INFO] [支撑位跌破警报-69000] CHECK_START
  {}
[2026-03-13 17:12:38] [INFO] [支撑位跌破警报-69000] CHECK_PASSED
  {}
[2026-03-13 17:12:38] [INFO] [支撑位跌破警报-68671-7日SMA] CHECK_PASSED
  {}
[2026-03-13 17:17:29] [INFO] [支撑位跌破警报-68671-7日SMA] CHECK_START
  {}
[2026-03-13 17:17:29] [INFO] [支撑位跌破警报-69000] CHECK_START
  {}
[2026-03-13 17:17:31] [INFO] [支撑位跌破警报-68671-7日SMA] CHECK_PASSED
  {}
[2026-03-13 17:17:31] [INFO] [支撑位跌破警报-69000] CHECK_PASSED
  {}
[2026-03-13 17:22:20] [INFO] [支撑位跌破警报-68671-7日SMA] CHECK_START
  {}
[2026-03-13 17:22:20] [INFO] [支撑位跌破警报-69000] CHECK_START
  {}
[2026-03-13 17:22:22] [INFO] [支撑位跌破警报-68671-7日SMA] CHECK_PASSED
  {}
[2026-03-13 17:22:23] [INFO] [支撑位跌破警报-69000] CHECK_PASSED
  {}
[2026-03-13 17:27:12] [INFO] [支撑位跌破警报-68671-7日SMA] CHECK_START
  {}
[2026-03-13 17:27:12] [INFO] [支撑位跌破警报-69000] CHECK_START
  {}
[2026-03-13 17:27:13] [INFO] [支撑位跌破警报-69000] CHECK_PASSED
  {}
[2026-03-13 17:27:14] [INFO] [支撑位跌破警报-68671-7日SMA] CHECK_PASSED
  {}
[2026-03-13 17:32:03] [INFO] [支撑位跌破警报-68671-7日SMA] CHECK_START
  {}
[2026-03-13 17:32:03] [INFO] [支撑位跌破警报-69000] CHECK_START
  {}
[2026-03-13 17:32:05] [INFO] [支撑位跌破警报-68671-7日SMA] CHECK_PASSED
  {}
[2026-03-13 17:32:05] [INFO] [支撑位跌破警报-69000] CHECK_PASSED
  {}
[2026-03-13 17:36:55] [INFO] [支撑位跌破警报-68671-7日SMA] CHECK_START
  {}
[2026-03-13 17:36:55] [INFO] [支撑位跌破警报-69000] CHECK_START
  {}
[2026-03-13 17:36:56] [INFO] [支撑位跌破警报-69000] CHECK_PASSED
  {}
[2026-03-13 17:36:57] [INFO] [支撑位跌破警报-68671-7日SMA] CHECK_PASSED
  {}
[2026-03-13 17:41:46] [INFO] [支撑位跌破警报-68671-7日SMA] CHECK_START
  {}
[2026-03-13 17:41:46] [INFO] [支撑位跌破警报-69000] CHECK_START
  {}
[2026-03-13 17:41:48] [INFO] [支撑位跌破警报-68671-7日SMA] CHECK_PASSED
  {}
[2026-03-13 17:41:48] [INFO] [支撑位跌破警报-69000] CHECK_PASSED
  {}
[2026-03-13 17:46:37] [INFO] [支撑位跌破警报-68671-7日SMA] CHECK_START
  {}
[2026-03-13 17:46:37] [INFO] [支撑位跌破警报-69000] CHECK_START
  {}
[2026-03-13 17:46:39] [INFO] [支撑位跌破警报-68671-7日SMA] CHECK_PASSED
  {}
[2026-03-13 17:46:40] [INFO] [支撑位跌破警报-69000] CHECK_PASSED
  {}
[2026-03-13 17:51:29] [INFO] [支撑位跌破警报-68671-7日SMA] CHECK_START
  {}
[2026-03-13 17:51:29] [INFO] [支撑位跌破警报-69000] CHECK_START
  {}
[2026-03-13 17:51:29] [INFO] [支撑位跌破警报-69000] CHECK_PASSED
  {}
[2026-03-13 17:51:29] [INFO] [支撑位跌破警报-68671-7日SMA] CHECK_PASSED
  {}
[2026-03-13 17:56:19] [INFO] [支撑位跌破警报-68671-7日SMA] CHECK_START
  {}
[2026-03-13 17:56:19] [INFO] [支撑位跌破警报-69000] CHECK_START
  {}
[2026-03-13 17:56:20] [INFO] [支撑位跌破警报-68671-7日SMA] CHECK_PASSED
  {}
[2026-03-13 17:56:20] [INFO] [支撑位跌破警报-69000] CHECK_PASSED
  {}
[2026-03-13 18:01:10] [INFO] [支撑位跌破警报-68671-7日SMA] CHECK_START
  {}
[2026-03-13 18:01:10] [INFO] [支撑位跌破警报-69000] CHECK_START
  {}
[2026-03-13 18:01:12] [INFO] [支撑位跌破警报-68671-7日SMA] CHECK_PASSED
  {}
[2026-03-13 18:01:12] [INFO] [支撑位跌破警报-69000] CHECK_PASSED
  {}
[2026-03-13 18:02:08] [INFO] [支撑位跌破警报-68671-7日SMA] 检测到规则文件已不存在
  {"path":"/home/administrator/.openclaw/july-btc-analyzer/skills/btc-alert/rules/2026-03-11-support-68671.js"}
[2026-03-13 18:02:08] [INFO] [支撑位跌破警报-68671-7日SMA] RULE_UNLOADED
  {"reason":"file_removed"}
[2026-03-13 18:02:08] [INFO] [支撑位跌破警报-69000] 检测到规则文件已不存在
  {"path":"/home/administrator/.openclaw/july-btc-analyzer/skills/btc-alert/rules/2026-03-12-support-69000.js"}
[2026-03-13 18:02:08] [INFO] [支撑位跌破警报-69000] RULE_UNLOADED
  {"reason":"file_removed"}
[2026-03-13 18:02:25] [INFO] [Engine] 引擎关闭 (SIGINT)
[2026-03-13 18:02:26] [INFO] [Engine] 引擎启动
  {"rulesDir":"/home/administrator/.openclaw/july-btc-analyzer/skills/btc-alert/rules","archiveDir":"/home/administrator/.openclaw/july-btc-analyzer/skills/btc-alert/rules-archive","logFile":"/home/administrator/.openclaw/july-btc-analyzer/logs/alert-engine.log"}
[2026-03-13 18:02:26] [INFO] [压力位突破警报-72685-30日高点] TIMER_STARTED
  {"interval":"300s","file":"2026-03-13-resistance-72685.js"}
[2026-03-13 18:02:26] [INFO] [压力位突破警报-72685-30日高点] CHECK_START
  {}
[2026-03-13 18:02:26] [INFO] [压力位突破警报-75000-心理阻力] TIMER_STARTED
  {"interval":"300s","file":"2026-03-13-resistance-75000.js"}
[2026-03-13 18:02:26] [INFO] [压力位突破警报-75000-心理阻力] CHECK_START
  {}
[2026-03-13 18:02:26] [INFO] [支撑位跌破警报-70500-突破确认] TIMER_STARTED
  {"interval":"300s","file":"2026-03-13-support-70500.js"}
[2026-03-13 18:02:26] [INFO] [支撑位跌破警报-70500-突破确认] CHECK_START
  {}
[2026-03-13 18:02:26] [INFO] [Engine] 规则加载完成
  {"count":3}
[2026-03-13 18:02:27] [INFO] [压力位突破警报-72685-30日高点] CHECK_PASSED
  {}
[2026-03-13 18:02:27] [INFO] [压力位突破警报-75000-心理阻力] CHECK_PASSED
  {}
[2026-03-13 18:02:28] [INFO] [支撑位跌破警报-70500-突破确认] CHECK_PASSED
  {}
[2026-03-13 18:07:16] [INFO] [压力位突破警报-72685-30日高点] CHECK_START
  {}
[2026-03-13 18:07:16] [INFO] [压力位突破警报-75000-心理阻力] CHECK_START
  {}
[2026-03-13 18:07:16] [INFO] [支撑位跌破警报-70500-突破确认] CHECK_START
  {}
[2026-03-13 18:07:17] [INFO] [支撑位跌破警报-70500-突破确认] CHECK_PASSED
  {}
[2026-03-13 18:07:17] [INFO] [压力位突破警报-75000-心理阻力] CHECK_PASSED
  {}
[2026-03-13 18:07:17] [INFO] [压力位突破警报-72685-30日高点] CHECK_PASSED
  {}
[2026-03-13 18:12:07] [INFO] [压力位突破警报-72685-30日高点] CHECK_START
  {}
[2026-03-13 18:12:07] [INFO] [压力位突破警报-75000-心理阻力] CHECK_START
  {}
[2026-03-13 18:12:07] [INFO] [支撑位跌破警报-70500-突破确认] CHECK_START
  {}
[2026-03-13 18:12:08] [INFO] [压力位突破警报-75000-心理阻力] CHECK_PASSED
  {}
[2026-03-13 18:12:08] [INFO] [压力位突破警报-72685-30日高点] CHECK_PASSED
  {}
[2026-03-13 18:12:08] [INFO] [支撑位跌破警报-70500-突破确认] CHECK_PASSED
  {}
[2026-03-13 18:16:57] [INFO] [压力位突破警报-72685-30日高点] CHECK_START
  {}
[2026-03-13 18:16:57] [INFO] [压力位突破警报-75000-心理阻力] CHECK_START
  {}
[2026-03-13 18:16:57] [INFO] [支撑位跌破警报-70500-突破确认] CHECK_START
  {}
[2026-03-13 18:16:58] [INFO] [压力位突破警报-72685-30日高点] CHECK_PASSED
  {}
[2026-03-13 18:16:58] [INFO] [支撑位跌破警报-70500-突破确认] CHECK_PASSED
  {}
[2026-03-13 18:16:59] [INFO] [压力位突破警报-75000-心理阻力] CHECK_PASSED
  {}
[2026-03-13 18:21:47] [INFO] [压力位突破警报-72685-30日高点] CHECK_START
  {}
[2026-03-13 18:21:47] [INFO] [压力位突破警报-75000-心理阻力] CHECK_START
  {}
[2026-03-13 18:21:47] [INFO] [支撑位跌破警报-70500-突破确认] CHECK_START
  {}
[2026-03-13 18:21:48] [INFO] [压力位突破警报-72685-30日高点] CHECK_PASSED
  {}
[2026-03-13 18:21:48] [INFO] [压力位突破警报-75000-心理阻力] CHECK_PASSED
  {}
[2026-03-13 18:21:48] [INFO] [支撑位跌破警报-70500-突破确认] CHECK_PASSED
  {}
[2026-03-13 18:26:37] [INFO] [压力位突破警报-72685-30日高点] CHECK_START
  {}
[2026-03-13 18:26:37] [INFO] [压力位突破警报-75000-心理阻力] CHECK_START
  {}
[2026-03-13 18:26:37] [INFO] [支撑位跌破警报-70500-突破确认] CHECK_START
  {}
[2026-03-13 18:26:38] [INFO] [支撑位跌破警报-70500-突破确认] CHECK_PASSED
  {}
[2026-03-13 18:26:39] [INFO] [压力位突破警报-75000-心理阻力] CHECK_PASSED
  {}
[2026-03-13 18:26:39] [INFO] [压力位突破警报-72685-30日高点] CHECK_PASSED
  {}
[2026-03-13 18:31:27] [INFO] [压力位突破警报-72685-30日高点] CHECK_START
  {}
[2026-03-13 18:31:27] [INFO] [压力位突破警报-75000-心理阻力] CHECK_START
  {}
[2026-03-13 18:31:27] [INFO] [支撑位跌破警报-70500-突破确认] CHECK_START
  {}
[2026-03-13 18:31:28] [INFO] [压力位突破警报-75000-心理阻力] CHECK_PASSED
  {}
[2026-03-13 18:31:29] [INFO] [压力位突破警报-72685-30日高点] CHECK_PASSED
  {}
[2026-03-13 18:31:29] [INFO] [支撑位跌破警报-70500-突破确认] CHECK_PASSED
  {}
[2026-03-13 18:36:17] [INFO] [压力位突破警报-72685-30日高点] CHECK_START
  {}
[2026-03-13 18:36:17] [INFO] [压力位突破警报-75000-心理阻力] CHECK_START
  {}
[2026-03-13 18:36:17] [INFO] [支撑位跌破警报-70500-突破确认] CHECK_START
  {}
[2026-03-13 18:36:18] [INFO] [支撑位跌破警报-70500-突破确认] CHECK_PASSED
  {}
[2026-03-13 18:36:19] [INFO] [压力位突破警报-75000-心理阻力] CHECK_PASSED
  {}
[2026-03-13 18:36:20] [INFO] [压力位突破警报-72685-30日高点] CHECK_PASSED
  {}
[2026-03-13 18:41:06] [INFO] [压力位突破警报-72685-30日高点] CHECK_START
  {}
[2026-03-13 18:41:06] [INFO] [压力位突破警报-75000-心理阻力] CHECK_START
  {}
[2026-03-13 18:41:06] [INFO] [支撑位跌破警报-70500-突破确认] CHECK_START
  {}
[2026-03-13 18:41:08] [INFO] [压力位突破警报-75000-心理阻力] CHECK_PASSED
  {}
[2026-03-13 18:41:08] [INFO] [压力位突破警报-72685-30日高点] CHECK_PASSED
  {}
[2026-03-13 18:41:10] [INFO] [支撑位跌破警报-70500-突破确认] CHECK_PASSED
  {}
[2026-03-13 18:45:55] [INFO] [压力位突破警报-72685-30日高点] CHECK_START
  {}
[2026-03-13 18:45:55] [INFO] [压力位突破警报-75000-心理阻力] CHECK_START
  {}
[2026-03-13 18:45:55] [INFO] [支撑位跌破警报-70500-突破确认] CHECK_START
  {}
[2026-03-13 18:45:57] [INFO] [压力位突破警报-72685-30日高点] CHECK_PASSED
  {}
[2026-03-13 18:45:57] [INFO] [支撑位跌破警报-70500-突破确认] CHECK_PASSED
  {}
[2026-03-13 18:45:58] [INFO] [压力位突破警报-75000-心理阻力] CHECK_PASSED
  {}
[2026-03-13 18:50:44] [INFO] [压力位突破警报-72685-30日高点] CHECK_START
  {}
[2026-03-13 18:50:44] [INFO] [压力位突破警报-75000-心理阻力] CHECK_START
  {}
[2026-03-13 18:50:44] [INFO] [支撑位跌破警报-70500-突破确认] CHECK_START
  {}
[2026-03-13 18:50:46] [INFO] [压力位突破警报-72685-30日高点] CHECK_PASSED
  {}
[2026-03-13 18:50:46] [INFO] [支撑位跌破警报-70500-突破确认] CHECK_PASSED
  {}
[2026-03-13 18:50:46] [INFO] [压力位突破警报-75000-心理阻力] CHECK_PASSED
  {}
[2026-03-13 18:55:34] [INFO] [压力位突破警报-72685-30日高点] CHECK_START
  {}
[2026-03-13 18:55:34] [INFO] [压力位突破警报-75000-心理阻力] CHECK_START
  {}
[2026-03-13 18:55:34] [INFO] [支撑位跌破警报-70500-突破确认] CHECK_START
  {}
[2026-03-13 18:55:36] [INFO] [压力位突破警报-72685-30日高点] CHECK_PASSED
  {}
[2026-03-13 18:55:36] [INFO] [压力位突破警报-75000-心理阻力] CHECK_PASSED
  {}
[2026-03-13 18:55:37] [INFO] [支撑位跌破警报-70500-突破确认] CHECK_PASSED
  {}
[2026-03-13 19:00:23] [INFO] [压力位突破警报-72685-30日高点] CHECK_START
  {}
[2026-03-13 19:00:23] [INFO] [压力位突破警报-75000-心理阻力] CHECK_START
  {}
[2026-03-13 19:00:23] [INFO] [支撑位跌破警报-70500-突破确认] CHECK_START
  {}
[2026-03-13 19:00:24] [INFO] [压力位突破警报-75000-心理阻力] CHECK_PASSED
  {}
[2026-03-13 19:00:25] [INFO] [支撑位跌破警报-70500-突破确认] CHECK_PASSED
  {}
[2026-03-13 19:00:25] [INFO] [压力位突破警报-72685-30日高点] CHECK_PASSED
  {}
[2026-03-13 19:05:12] [INFO] [压力位突破警报-72685-30日高点] CHECK_START
  {}
[2026-03-13 19:05:12] [INFO] [压力位突破警报-75000-心理阻力] CHECK_START
  {}
[2026-03-13 19:05:12] [INFO] [支撑位跌破警报-70500-突破确认] CHECK_START
  {}
[2026-03-13 19:05:15] [INFO] [支撑位跌破警报-70500-突破确认] CHECK_PASSED
  {}
[2026-03-13 19:05:16] [INFO] [压力位突破警报-75000-心理阻力] CHECK_PASSED
  {}
[2026-03-13 19:05:16] [INFO] [压力位突破警报-72685-30日高点] CHECK_PASSED
  {}
[2026-03-13 19:10:00] [INFO] [压力位突破警报-72685-30日高点] CHECK_START
  {}
[2026-03-13 19:10:00] [INFO] [压力位突破警报-75000-心理阻力] CHECK_START
  {}
[2026-03-13 19:10:00] [INFO] [支撑位跌破警报-70500-突破确认] CHECK_START
  {}
[2026-03-13 19:10:02] [INFO] [支撑位跌破警报-70500-突破确认] CHECK_PASSED
  {}
[2026-03-13 19:10:02] [INFO] [压力位突破警报-72685-30日高点] CHECK_PASSED
  {}
[2026-03-13 19:10:03] [INFO] [压力位突破警报-75000-心理阻力] CHECK_PASSED
  {}
[2026-03-13 19:14:49] [INFO] [压力位突破警报-72685-30日高点] CHECK_START
  {}
[2026-03-13 19:14:49] [INFO] [压力位突破警报-75000-心理阻力] CHECK_START
  {}
[2026-03-13 19:14:49] [INFO] [支撑位跌破警报-70500-突破确认] CHECK_START
  {}
[2026-03-13 19:14:52] [INFO] [压力位突破警报-75000-心理阻力] CHECK_PASSED
  {}
[2026-03-13 19:14:52] [INFO] [支撑位跌破警报-70500-突破确认] CHECK_PASSED
  {}
[2026-03-13 19:14:55] [INFO] [压力位突破警报-72685-30日高点] CHECK_PASSED
  {}
[2026-03-13 19:19:38] [INFO] [压力位突破警报-72685-30日高点] CHECK_START
  {}
[2026-03-13 19:19:38] [INFO] [压力位突破警报-75000-心理阻力] CHECK_START
  {}
[2026-03-13 19:19:38] [INFO] [支撑位跌破警报-70500-突破确认] CHECK_START
  {}
[2026-03-13 19:19:40] [INFO] [支撑位跌破警报-70500-突破确认] CHECK_PASSED
  {}
[2026-03-13 19:19:41] [INFO] [压力位突破警报-72685-30日高点] CHECK_PASSED
  {}
[2026-03-13 19:19:42] [INFO] [压力位突破警报-75000-心理阻力] CHECK_PASSED
  {}
[2026-03-13 19:24:30] [INFO] [压力位突破警报-72685-30日高点] CHECK_START
  {}
[2026-03-13 19:24:30] [INFO] [压力位突破警报-75000-心理阻力] CHECK_START
  {}
[2026-03-13 19:24:30] [INFO] [支撑位跌破警报-70500-突破确认] CHECK_START
  {}
[2026-03-13 19:24:33] [INFO] [支撑位跌破警报-70500-突破确认] CHECK_PASSED
  {}
[2026-03-13 19:24:34] [INFO] [压力位突破警报-75000-心理阻力] CHECK_PASSED
  {}
[2026-03-13 19:24:59] [INFO] [压力位突破警报-72685-30日高点] CHECK_PASSED
  {}
[2026-03-13 19:29:21] [INFO] [压力位突破警报-72685-30日高点] CHECK_START
  {}
[2026-03-13 19:29:21] [INFO] [压力位突破警报-75000-心理阻力] CHECK_START
  {}
[2026-03-13 19:29:21] [INFO] [支撑位跌破警报-70500-突破确认] CHECK_START
  {}
[2026-03-13 19:29:23] [INFO] [压力位突破警报-75000-心理阻力] CHECK_PASSED
  {}
[2026-03-13 19:29:25] [INFO] [支撑位跌破警报-70500-突破确认] CHECK_PASSED
  {}
[2026-03-13 19:29:27] [INFO] [压力位突破警报-72685-30日高点] CHECK_PASSED
  {}
[2026-03-13 19:34:11] [INFO] [压力位突破警报-72685-30日高点] CHECK_START
  {}
[2026-03-13 19:34:11] [INFO] [压力位突破警报-75000-心理阻力] CHECK_START
  {}
[2026-03-13 19:34:11] [INFO] [支撑位跌破警报-70500-突破确认] CHECK_START
  {}
[2026-03-13 19:34:13] [INFO] [压力位突破警报-75000-心理阻力] CHECK_PASSED
  {}
[2026-03-13 19:34:13] [INFO] [支撑位跌破警报-70500-突破确认] CHECK_PASSED
  {}
[2026-03-13 19:34:14] [INFO] [压力位突破警报-72685-30日高点] CHECK_PASSED
  {}
[2026-03-13 19:39:01] [INFO] [压力位突破警报-72685-30日高点] CHECK_START
  {}
[2026-03-13 19:39:01] [INFO] [压力位突破警报-75000-心理阻力] CHECK_START
  {}
[2026-03-13 19:39:01] [INFO] [支撑位跌破警报-70500-突破确认] CHECK_START
  {}
[2026-03-13 19:39:03] [INFO] [压力位突破警报-72685-30日高点] CHECK_PASSED
  {}
[2026-03-13 19:39:04] [INFO] [压力位突破警报-75000-心理阻力] CHECK_PASSED
  {}
[2026-03-13 19:39:05] [INFO] [支撑位跌破警报-70500-突破确认] CHECK_PASSED
  {}
[2026-03-13 19:43:51] [INFO] [压力位突破警报-72685-30日高点] CHECK_START
  {}
[2026-03-13 19:43:51] [INFO] [压力位突破警报-75000-心理阻力] CHECK_START
  {}
[2026-03-13 19:43:51] [INFO] [支撑位跌破警报-70500-突破确认] CHECK_START
  {}
[2026-03-13 19:43:53] [INFO] [压力位突破警报-75000-心理阻力] CHECK_PASSED
  {}
[2026-03-13 19:43:53] [INFO] [支撑位跌破警报-70500-突破确认] CHECK_PASSED
  {}
[2026-03-13 19:43:57] [INFO] [压力位突破警报-72685-30日高点] CHECK_PASSED
  {}
[2026-03-13 19:48:39] [INFO] [压力位突破警报-72685-30日高点] CHECK_START
  {}
[2026-03-13 19:48:39] [INFO] [压力位突破警报-75000-心理阻力] CHECK_START
  {}
[2026-03-13 19:48:39] [INFO] [支撑位跌破警报-70500-突破确认] CHECK_START
  {}
[2026-03-13 19:48:43] [INFO] [支撑位跌破警报-70500-突破确认] CHECK_PASSED
  {}
[2026-03-13 19:48:44] [INFO] [压力位突破警报-75000-心理阻力] CHECK_PASSED
  {}
[2026-03-13 19:48:44] [INFO] [压力位突破警报-72685-30日高点] CHECK_PASSED
  {}
[2026-03-13 19:53:28] [INFO] [压力位突破警报-72685-30日高点] CHECK_START
  {}
[2026-03-13 19:53:28] [INFO] [压力位突破警报-75000-心理阻力] CHECK_START
  {}
[2026-03-13 19:53:28] [INFO] [支撑位跌破警报-70500-突破确认] CHECK_START
  {}
[2026-03-13 19:53:30] [INFO] [支撑位跌破警报-70500-突破确认] CHECK_PASSED
  {}
[2026-03-13 19:53:30] [INFO] [压力位突破警报-72685-30日高点] CHECK_PASSED
  {}
[2026-03-13 19:53:30] [INFO] [压力位突破警报-75000-心理阻力] CHECK_PASSED
  {}
[2026-03-13 19:58:17] [INFO] [压力位突破警报-72685-30日高点] CHECK_START
  {}
[2026-03-13 19:58:17] [INFO] [压力位突破警报-75000-心理阻力] CHECK_START
  {}
[2026-03-13 19:58:17] [INFO] [支撑位跌破警报-70500-突破确认] CHECK_START
  {}
[2026-03-13 19:58:21] [INFO] [压力位突破警报-72685-30日高点] CHECK_PASSED
  {}
[2026-03-13 19:58:22] [INFO] [支撑位跌破警报-70500-突破确认] CHECK_PASSED
  {}
[2026-03-13 19:58:22] [INFO] [压力位突破警报-75000-心理阻力] CHECK_PASSED
  {}
[2026-03-13 20:03:05] [INFO] [压力位突破警报-72685-30日高点] CHECK_START
  {}
[2026-03-13 20:03:05] [INFO] [压力位突破警报-75000-心理阻力] CHECK_START
  {}
[2026-03-13 20:03:05] [INFO] [支撑位跌破警报-70500-突破确认] CHECK_START
  {}
[2026-03-13 20:03:08] [INFO] [支撑位跌破警报-70500-突破确认] CHECK_PASSED
  {}
[2026-03-13 20:03:10] [INFO] [压力位突破警报-72685-30日高点] CHECK_PASSED
  {}
[2026-03-13 20:03:10] [INFO] [压力位突破警报-75000-心理阻力] CHECK_PASSED
  {}
[2026-03-13 20:07:53] [INFO] [压力位突破警报-72685-30日高点] CHECK_START
  {}
[2026-03-13 20:07:53] [INFO] [压力位突破警报-75000-心理阻力] CHECK_START
  {}
[2026-03-13 20:07:53] [INFO] [支撑位跌破警报-70500-突破确认] CHECK_START
  {}
[2026-03-13 20:07:56] [INFO] [支撑位跌破警报-70500-突破确认] CHECK_PASSED
  {}
[2026-03-13 20:07:56] [INFO] [压力位突破警报-75000-心理阻力] CHECK_PASSED
  {}
[2026-03-13 20:07:56] [INFO] [压力位突破警报-72685-30日高点] CHECK_PASSED
  {}
[2026-03-13 20:12:42] [INFO] [压力位突破警报-72685-30日高点] CHECK_START
  {}
[2026-03-13 20:12:42] [INFO] [压力位突破警报-75000-心理阻力] CHECK_START
  {}
[2026-03-13 20:12:42] [INFO] [支撑位跌破警报-70500-突破确认] CHECK_START
  {}
[2026-03-13 20:12:44] [INFO] [支撑位跌破警报-70500-突破确认] CHECK_PASSED
  {}
[2026-03-13 20:12:44] [INFO] [压力位突破警报-75000-心理阻力] CHECK_PASSED
  {}
[2026-03-13 20:12:45] [INFO] [压力位突破警报-72685-30日高点] CHECK_PASSED
  {}
[2026-03-13 20:17:29] [INFO] [压力位突破警报-72685-30日高点] CHECK_START
  {}
[2026-03-13 20:17:29] [INFO] [压力位突破警报-75000-心理阻力] CHECK_START
  {}
[2026-03-13 20:17:29] [INFO] [支撑位跌破警报-70500-突破确认] CHECK_START
  {}
[2026-03-13 20:17:30] [INFO] [压力位突破警报-75000-心理阻力] CHECK_PASSED
  {}
[2026-03-13 20:17:31] [INFO] [支撑位跌破警报-70500-突破确认] CHECK_PASSED
  {}
[2026-03-13 20:17:31] [INFO] [压力位突破警报-72685-30日高点] CHECK_PASSED
  {}
[2026-03-13 20:22:18] [INFO] [压力位突破警报-72685-30日高点] CHECK_START
  {}
[2026-03-13 20:22:18] [INFO] [压力位突破警报-75000-心理阻力] CHECK_START
  {}
[2026-03-13 20:22:18] [INFO] [支撑位跌破警报-70500-突破确认] CHECK_START
  {}
[2026-03-13 20:22:19] [INFO] [压力位突破警报-72685-30日高点] CHECK_PASSED
  {}
[2026-03-13 20:22:21] [INFO] [压力位突破警报-75000-心理阻力] CHECK_PASSED
  {}
[2026-03-13 20:22:23] [INFO] [支撑位跌破警报-70500-突破确认] CHECK_PASSED
  {}
[2026-03-13 20:27:06] [INFO] [压力位突破警报-72685-30日高点] CHECK_START
  {}
[2026-03-13 20:27:06] [INFO] [压力位突破警报-75000-心理阻力] CHECK_START
  {}
[2026-03-13 20:27:06] [INFO] [支撑位跌破警报-70500-突破确认] CHECK_START
  {}
[2026-03-13 20:27:08] [INFO] [支撑位跌破警报-70500-突破确认] CHECK_PASSED
  {}
[2026-03-13 20:27:08] [INFO] [压力位突破警报-75000-心理阻力] CHECK_PASSED
  {}
[2026-03-13 20:27:10] [INFO] [压力位突破警报-72685-30日高点] CHECK_PASSED
  {}
[2026-03-13 20:31:59] [INFO] [压力位突破警报-72685-30日高点] CHECK_START
  {}
[2026-03-13 20:31:59] [INFO] [压力位突破警报-75000-心理阻力] CHECK_START
  {}
[2026-03-13 20:31:59] [INFO] [支撑位跌破警报-70500-突破确认] CHECK_START
  {}
[2026-03-13 20:32:01] [INFO] [压力位突破警报-72685-30日高点] CHECK_PASSED
  {}
[2026-03-13 20:32:03] [INFO] [支撑位跌破警报-70500-突破确认] CHECK_PASSED
  {}
[2026-03-13 20:32:04] [INFO] [压力位突破警报-75000-心理阻力] CHECK_PASSED
  {}
[2026-03-13 20:36:52] [INFO] [压力位突破警报-72685-30日高点] CHECK_START
  {}
[2026-03-13 20:36:52] [INFO] [压力位突破警报-75000-心理阻力] CHECK_START
  {}
[2026-03-13 20:36:52] [INFO] [支撑位跌破警报-70500-突破确认] CHECK_START
  {}
[2026-03-13 20:36:54] [INFO] [压力位突破警报-72685-30日高点] CHECK_PASSED
  {}
[2026-03-13 20:36:55] [INFO] [压力位突破警报-75000-心理阻力] CHECK_PASSED
  {}
[2026-03-13 20:36:55] [INFO] [支撑位跌破警报-70500-突破确认] CHECK_PASSED
  {}
[2026-03-13 20:41:42] [INFO] [压力位突破警报-72685-30日高点] CHECK_START
  {}
[2026-03-13 20:41:42] [INFO] [压力位突破警报-75000-心理阻力] CHECK_START
  {}
[2026-03-13 20:41:42] [INFO] [支撑位跌破警报-70500-突破确认] CHECK_START
  {}
[2026-03-13 20:41:45] [INFO] [支撑位跌破警报-70500-突破确认] CHECK_PASSED
  {}
[2026-03-13 20:41:46] [INFO] [压力位突破警报-75000-心理阻力] CHECK_PASSED
  {}
[2026-03-13 20:41:46] [INFO] [压力位突破警报-72685-30日高点] CHECK_PASSED
  {}
[2026-03-13 20:46:35] [INFO] [压力位突破警报-72685-30日高点] CHECK_START
  {}
[2026-03-13 20:46:35] [INFO] [压力位突破警报-75000-心理阻力] CHECK_START
  {}
[2026-03-13 20:46:35] [INFO] [支撑位跌破警报-70500-突破确认] CHECK_START
  {}
[2026-03-13 20:46:37] [INFO] [支撑位跌破警报-70500-突破确认] CHECK_PASSED
  {}
[2026-03-13 20:46:39] [INFO] [压力位突破警报-72685-30日高点] CHECK_PASSED
  {}
[2026-03-13 20:46:41] [INFO] [压力位突破警报-75000-心理阻力] CHECK_PASSED
  {}
[2026-03-13 20:51:25] [INFO] [压力位突破警报-72685-30日高点] CHECK_START
  {}
[2026-03-13 20:51:25] [INFO] [压力位突破警报-75000-心理阻力] CHECK_START
  {}
[2026-03-13 20:51:25] [INFO] [支撑位跌破警报-70500-突破确认] CHECK_START
  {}
[2026-03-13 20:51:28] [INFO] [压力位突破警报-72685-30日高点] TRIGGERED
  {}
[2026-03-13 20:51:29] [INFO] [支撑位跌破警报-70500-突破确认] CHECK_PASSED
  {}
[2026-03-13 20:51:29] [INFO] [压力位突破警报-75000-心理阻力] CHECK_PASSED
  {}
[2026-03-13 20:51:30] [INFO] [压力位突破警报-72685-30日高点] DATA_COLLECTED
  {"dataKeys":["alertTime","currentPrice","priceChange","volume24h","fearGreedIndex","klines15m","triggerPrice","alertType"]}
[2026-03-13 20:51:30] [INFO] [压力位突破警报-72685-30日高点] TRIGGER_COMPLETED
  {}
[2026-03-13 20:56:14] [INFO] [压力位突破警报-72685-30日高点] CHECK_START
  {}
[2026-03-13 20:56:14] [INFO] [压力位突破警报-72685-30日高点] CHECK_PASSED
  {}
[2026-03-13 20:56:14] [INFO] [压力位突破警报-75000-心理阻力] CHECK_START
  {}
[2026-03-13 20:56:14] [INFO] [压力位突破警报-75000-心理阻力] CHECK_PASSED
  {}
[2026-03-13 20:56:14] [INFO] [支撑位跌破警报-70500-突破确认] CHECK_START
  {}
[2026-03-13 20:56:14] [INFO] [支撑位跌破警报-70500-突破确认] CHECK_PASSED
  {}
[2026-03-13 21:00:05] [INFO] [压力位突破警报-72685-30日高点] 检测到规则文件已不存在
  {"path":"/home/administrator/.openclaw/july-btc-analyzer/skills/btc-alert/rules/2026-03-13-resistance-72685.js"}
[2026-03-13 21:00:05] [INFO] [压力位突破警报-72685-30日高点] RULE_UNLOADED
  {"reason":"file_removed"}
[2026-03-13 21:00:41] [INFO] [Engine] 引擎关闭 (SIGINT)
[2026-03-13 21:00:41] [INFO] [Engine] 引擎启动
  {"rulesDir":"/home/administrator/.openclaw/july-btc-analyzer/skills/btc-alert/rules","archiveDir":"/home/administrator/.openclaw/july-btc-analyzer/skills/btc-alert/rules-archive","logFile":"/home/administrator/.openclaw/july-btc-analyzer/logs/alert-engine.log"}
[2026-03-13 21:00:41] [INFO] [压力位突破警报-75000-心理阻力] TIMER_STARTED
  {"interval":"300s","file":"2026-03-13-resistance-75000.js"}
[2026-03-13 21:00:41] [INFO] [压力位突破警报-75000-心理阻力] CHECK_START
  {}
[2026-03-13 21:00:41] [INFO] [压力位突破警报-78000-中期目标] TIMER_STARTED
  {"interval":"300s","file":"2026-03-13-resistance-78000.js"}
[2026-03-13 21:00:41] [INFO] [压力位突破警报-78000-中期目标] CHECK_START
  {}
[2026-03-13 21:00:41] [INFO] [支撑位跌破警报-70500-突破确认] TIMER_STARTED
  {"interval":"300s","file":"2026-03-13-support-70500.js"}
[2026-03-13 21:00:41] [INFO] [支撑位跌破警报-70500-突破确认] CHECK_START
  {}
[2026-03-13 21:00:41] [INFO] [支撑位跌破警报-72000-突破后支撑] TIMER_STARTED
  {"interval":"300s","file":"2026-03-13-support-72000.js"}
[2026-03-13 21:00:41] [INFO] [支撑位跌破警报-72000-突破后支撑] CHECK_START
  {}
[2026-03-13 21:00:41] [INFO] [Engine] 规则加载完成
  {"count":4}
[2026-03-13 21:00:43] [INFO] [支撑位跌破警报-70500-突破确认] CHECK_PASSED
  {}
[2026-03-13 21:00:44] [INFO] [支撑位跌破警报-72000-突破后支撑] CHECK_PASSED
  {}
[2026-03-13 21:00:45] [INFO] [压力位突破警报-78000-中期目标] CHECK_PASSED
  {}
[2026-03-13 21:00:45] [INFO] [压力位突破警报-75000-心理阻力] CHECK_PASSED
  {}
[2026-03-13 21:05:29] [INFO] [压力位突破警报-75000-心理阻力] CHECK_START
  {}
[2026-03-13 21:05:29] [INFO] [压力位突破警报-78000-中期目标] CHECK_START
  {}
[2026-03-13 21:05:29] [INFO] [支撑位跌破警报-70500-突破确认] CHECK_START
  {}
[2026-03-13 21:05:29] [INFO] [支撑位跌破警报-72000-突破后支撑] CHECK_START
  {}
[2026-03-13 21:05:29] [INFO] [支撑位跌破警报-70500-突破确认] 检测到规则文件已不存在
  {"path":"/home/administrator/.openclaw/july-btc-analyzer/skills/btc-alert/rules/2026-03-13-support-70500.js"}
[2026-03-13 21:05:29] [INFO] [支撑位跌破警报-70500-突破确认] RULE_UNLOADED
  {"reason":"file_removed"}
[2026-03-13 21:05:31] [INFO] [支撑位跌破警报-70500-突破确认] CHECK_PASSED
  {}
[2026-03-13 21:05:32] [INFO] [压力位突破警报-75000-心理阻力] CHECK_PASSED
  {}
[2026-03-13 21:05:32] [INFO] [支撑位跌破警报-72000-突破后支撑] CHECK_PASSED
  {}
[2026-03-13 21:05:36] [INFO] [压力位突破警报-78000-中期目标] CHECK_PASSED
  {}
[2026-03-13 21:10:17] [INFO] [压力位突破警报-75000-心理阻力] CHECK_START
  {}
[2026-03-13 21:10:17] [INFO] [压力位突破警报-78000-中期目标] CHECK_START
  {}
[2026-03-13 21:10:17] [INFO] [支撑位跌破警报-72000-突破后支撑] CHECK_START
  {}
[2026-03-13 21:10:19] [INFO] [压力位突破警报-78000-中期目标] CHECK_PASSED
  {}
[2026-03-13 21:10:20] [INFO] [压力位突破警报-75000-心理阻力] CHECK_PASSED
  {}
[2026-03-13 21:10:22] [INFO] [支撑位跌破警报-72000-突破后支撑] CHECK_PASSED
  {}
[2026-03-13 21:15:09] [INFO] [压力位突破警报-75000-心理阻力] CHECK_START
  {}
[2026-03-13 21:15:09] [INFO] [压力位突破警报-78000-中期目标] CHECK_START
  {}
[2026-03-13 21:15:09] [INFO] [支撑位跌破警报-72000-突破后支撑] CHECK_START
  {}
[2026-03-13 21:15:11] [INFO] [压力位突破警报-78000-中期目标] CHECK_PASSED
  {}
[2026-03-13 21:15:12] [INFO] [支撑位跌破警报-72000-突破后支撑] CHECK_PASSED
  {}
[2026-03-13 21:15:13] [INFO] [压力位突破警报-75000-心理阻力] CHECK_PASSED
  {}
[2026-03-13 21:19:59] [INFO] [压力位突破警报-75000-心理阻力] CHECK_START
  {}
[2026-03-13 21:19:59] [INFO] [压力位突破警报-78000-中期目标] CHECK_START
  {}
[2026-03-13 21:19:59] [INFO] [支撑位跌破警报-72000-突破后支撑] CHECK_START
  {}
[2026-03-13 21:20:00] [INFO] [压力位突破警报-78000-中期目标] CHECK_PASSED
  {}
[2026-03-13 21:20:01] [INFO] [压力位突破警报-75000-心理阻力] CHECK_PASSED
  {}
[2026-03-13 21:20:03] [INFO] [支撑位跌破警报-72000-突破后支撑] CHECK_PASSED
  {}
[2026-03-13 21:24:47] [INFO] [压力位突破警报-75000-心理阻力] CHECK_START
  {}
[2026-03-13 21:24:47] [INFO] [压力位突破警报-78000-中期目标] CHECK_START
  {}
[2026-03-13 21:24:47] [INFO] [支撑位跌破警报-72000-突破后支撑] CHECK_START
  {}
[2026-03-13 21:24:49] [INFO] [压力位突破警报-75000-心理阻力] CHECK_PASSED
  {}
[2026-03-13 21:24:51] [INFO] [压力位突破警报-78000-中期目标] CHECK_PASSED
  {}
[2026-03-13 21:25:01] [INFO] [支撑位跌破警报-72000-突破后支撑] CHECK_PASSED
  {}
[2026-03-13 21:29:36] [INFO] [压力位突破警报-75000-心理阻力] CHECK_START
  {}
[2026-03-13 21:29:36] [INFO] [压力位突破警报-78000-中期目标] CHECK_START
  {}
[2026-03-13 21:29:36] [INFO] [支撑位跌破警报-72000-突破后支撑] CHECK_START
  {}
[2026-03-13 21:29:39] [INFO] [压力位突破警报-78000-中期目标] CHECK_PASSED
  {}
[2026-03-13 21:29:39] [INFO] [支撑位跌破警报-72000-突破后支撑] CHECK_PASSED
  {}
[2026-03-13 21:29:42] [INFO] [压力位突破警报-75000-心理阻力] CHECK_PASSED
  {}
[2026-03-13 21:34:25] [INFO] [压力位突破警报-75000-心理阻力] CHECK_START
  {}
[2026-03-13 21:34:25] [INFO] [压力位突破警报-78000-中期目标] CHECK_START
  {}
[2026-03-13 21:34:25] [INFO] [支撑位跌破警报-72000-突破后支撑] CHECK_START
  {}
[2026-03-13 21:34:26] [INFO] [压力位突破警报-78000-中期目标] CHECK_PASSED
  {}
[2026-03-13 21:34:28] [INFO] [支撑位跌破警报-72000-突破后支撑] CHECK_PASSED
  {}
[2026-03-13 21:34:29] [INFO] [压力位突破警报-75000-心理阻力] CHECK_PASSED
  {}
[2026-03-13 21:39:11] [INFO] [压力位突破警报-75000-心理阻力] CHECK_START
  {}
[2026-03-13 21:39:11] [INFO] [压力位突破警报-78000-中期目标] CHECK_START
  {}
[2026-03-13 21:39:11] [INFO] [支撑位跌破警报-72000-突破后支撑] CHECK_START
  {}
[2026-03-13 21:39:13] [INFO] [压力位突破警报-78000-中期目标] CHECK_PASSED
  {}
[2026-03-13 21:39:16] [INFO] [压力位突破警报-75000-心理阻力] CHECK_PASSED
  {}
[2026-03-13 21:39:16] [INFO] [支撑位跌破警报-72000-突破后支撑] CHECK_PASSED
  {}
[2026-03-13 21:43:57] [INFO] [压力位突破警报-75000-心理阻力] CHECK_START
  {}
[2026-03-13 21:43:57] [INFO] [压力位突破警报-78000-中期目标] CHECK_START
  {}
[2026-03-13 21:43:57] [INFO] [支撑位跌破警报-72000-突破后支撑] CHECK_START
  {}
[2026-03-13 21:43:59] [INFO] [压力位突破警报-78000-中期目标] CHECK_PASSED
  {}
[2026-03-13 21:44:01] [INFO] [压力位突破警报-75000-心理阻力] CHECK_PASSED
  {}
[2026-03-13 21:44:01] [INFO] [支撑位跌破警报-72000-突破后支撑] CHECK_PASSED
  {}
[2026-03-13 21:48:48] [INFO] [压力位突破警报-75000-心理阻力] CHECK_START
  {}
[2026-03-13 21:48:48] [INFO] [压力位突破警报-78000-中期目标] CHECK_START
  {}
[2026-03-13 21:48:48] [INFO] [支撑位跌破警报-72000-突破后支撑] CHECK_START
  {}
[2026-03-13 21:48:52] [INFO] [压力位突破警报-78000-中期目标] CHECK_PASSED
  {}
[2026-03-13 21:48:52] [INFO] [支撑位跌破警报-72000-突破后支撑] CHECK_PASSED
  {}
[2026-03-13 21:48:54] [INFO] [压力位突破警报-75000-心理阻力] CHECK_PASSED
  {}
[2026-03-13 21:53:38] [INFO] [压力位突破警报-75000-心理阻力] CHECK_START
  {}
[2026-03-13 21:53:38] [INFO] [压力位突破警报-78000-中期目标] CHECK_START
  {}
[2026-03-13 21:53:38] [INFO] [支撑位跌破警报-72000-突破后支撑] CHECK_START
  {}
[2026-03-13 21:53:41] [INFO] [压力位突破警报-78000-中期目标] CHECK_PASSED
  {}
[2026-03-13 21:53:43] [INFO] [压力位突破警报-75000-心理阻力] CHECK_PASSED
  {}
[2026-03-13 21:53:44] [INFO] [支撑位跌破警报-72000-突破后支撑] CHECK_PASSED
  {}
[2026-03-13 21:58:27] [INFO] [压力位突破警报-75000-心理阻力] CHECK_START
  {}
[2026-03-13 21:58:27] [INFO] [压力位突破警报-78000-中期目标] CHECK_START
  {}
[2026-03-13 21:58:27] [INFO] [支撑位跌破警报-72000-突破后支撑] CHECK_START
  {}
[2026-03-13 21:58:27] [INFO] [压力位突破警报-75000-心理阻力] CHECK_PASSED
  {}
[2026-03-13 21:58:28] [INFO] [支撑位跌破警报-72000-突破后支撑] CHECK_PASSED
  {}
[2026-03-13 21:58:28] [INFO] [压力位突破警报-78000-中期目标] CHECK_PASSED
  {}
[2026-03-13 22:03:13] [INFO] [压力位突破警报-75000-心理阻力] CHECK_START
  {}
[2026-03-13 22:03:13] [INFO] [压力位突破警报-78000-中期目标] CHECK_START
  {}
[2026-03-13 22:03:13] [INFO] [支撑位跌破警报-72000-突破后支撑] CHECK_START
  {}
[2026-03-13 22:03:15] [INFO] [支撑位跌破警报-72000-突破后支撑] CHECK_PASSED
  {}
[2026-03-13 22:03:18] [INFO] [压力位突破警报-78000-中期目标] CHECK_PASSED
  {}
[2026-03-13 22:03:44] [INFO] [压力位突破警报-75000-心理阻力] CHECK_PASSED
  {}
[2026-03-13 22:07:59] [INFO] [压力位突破警报-75000-心理阻力] CHECK_START
  {}
[2026-03-13 22:07:59] [INFO] [压力位突破警报-78000-中期目标] CHECK_START
  {}
[2026-03-13 22:07:59] [INFO] [支撑位跌破警报-72000-突破后支撑] CHECK_START
  {}
[2026-03-13 22:08:01] [INFO] [压力位突破警报-75000-心理阻力] CHECK_PASSED
  {}
[2026-03-13 22:08:01] [INFO] [支撑位跌破警报-72000-突破后支撑] CHECK_PASSED
  {}
[2026-03-13 22:08:02] [INFO] [压力位突破警报-78000-中期目标] CHECK_PASSED
  {}
[2026-03-13 22:12:45] [INFO] [压力位突破警报-75000-心理阻力] CHECK_START
  {}
[2026-03-13 22:12:45] [INFO] [压力位突破警报-78000-中期目标] CHECK_START
  {}
[2026-03-13 22:12:45] [INFO] [支撑位跌破警报-72000-突破后支撑] CHECK_START
  {}
[2026-03-13 22:12:47] [INFO] [压力位突破警报-78000-中期目标] CHECK_PASSED
  {}
[2026-03-13 22:12:49] [INFO] [压力位突破警报-75000-心理阻力] CHECK_PASSED
  {}
[2026-03-13 22:12:49] [INFO] [支撑位跌破警报-72000-突破后支撑] CHECK_PASSED
  {}
[2026-03-13 22:17:31] [INFO] [压力位突破警报-75000-心理阻力] CHECK_START
  {}
[2026-03-13 22:17:31] [INFO] [压力位突破警报-78000-中期目标] CHECK_START
  {}
[2026-03-13 22:17:31] [INFO] [支撑位跌破警报-72000-突破后支撑] CHECK_START
  {}
[2026-03-13 22:17:33] [INFO] [压力位突破警报-75000-心理阻力] CHECK_PASSED
  {}
[2026-03-13 22:17:33] [INFO] [压力位突破警报-78000-中期目标] CHECK_PASSED
  {}
[2026-03-13 22:17:34] [INFO] [支撑位跌破警报-72000-突破后支撑] CHECK_PASSED
  {}
[2026-03-13 22:22:19] [INFO] [压力位突破警报-75000-心理阻力] CHECK_START
  {}
[2026-03-13 22:22:19] [INFO] [压力位突破警报-78000-中期目标] CHECK_START
  {}
[2026-03-13 22:22:19] [INFO] [支撑位跌破警报-72000-突破后支撑] CHECK_START
  {}
[2026-03-13 22:22:21] [INFO] [压力位突破警报-78000-中期目标] CHECK_PASSED
  {}
[2026-03-13 22:22:21] [INFO] [压力位突破警报-75000-心理阻力] CHECK_PASSED
  {}
[2026-03-13 22:22:21] [INFO] [支撑位跌破警报-72000-突破后支撑] CHECK_PASSED
  {}
[2026-03-13 22:27:04] [INFO] [压力位突破警报-75000-心理阻力] CHECK_START
  {}
[2026-03-13 22:27:04] [INFO] [压力位突破警报-78000-中期目标] CHECK_START
  {}
[2026-03-13 22:27:04] [INFO] [支撑位跌破警报-72000-突破后支撑] CHECK_START
  {}
[2026-03-13 22:27:06] [INFO] [支撑位跌破警报-72000-突破后支撑] CHECK_PASSED
  {}
[2026-03-13 22:27:09] [INFO] [压力位突破警报-78000-中期目标] CHECK_PASSED
  {}
[2026-03-13 22:27:09] [INFO] [压力位突破警报-75000-心理阻力] CHECK_PASSED
  {}
[2026-03-13 22:31:51] [INFO] [压力位突破警报-75000-心理阻力] CHECK_START
  {}
[2026-03-13 22:31:51] [INFO] [压力位突破警报-78000-中期目标] CHECK_START
  {}
[2026-03-13 22:31:51] [INFO] [支撑位跌破警报-72000-突破后支撑] CHECK_START
  {}
[2026-03-13 22:31:53] [INFO] [压力位突破警报-75000-心理阻力] CHECK_PASSED
  {}
[2026-03-13 22:31:54] [INFO] [压力位突破警报-78000-中期目标] CHECK_PASSED
  {}
[2026-03-13 22:31:54] [INFO] [支撑位跌破警报-72000-突破后支撑] CHECK_PASSED
  {}
[2026-03-13 22:36:37] [INFO] [压力位突破警报-75000-心理阻力] CHECK_START
  {}
[2026-03-13 22:36:37] [INFO] [压力位突破警报-78000-中期目标] CHECK_START
  {}
[2026-03-13 22:36:37] [INFO] [支撑位跌破警报-72000-突破后支撑] CHECK_START
  {}
[2026-03-13 22:36:39] [INFO] [压力位突破警报-75000-心理阻力] CHECK_PASSED
  {}
[2026-03-13 22:36:39] [INFO] [压力位突破警报-78000-中期目标] CHECK_PASSED
  {}
[2026-03-13 22:36:46] [INFO] [支撑位跌破警报-72000-突破后支撑] CHECK_PASSED
  {}
[2026-03-13 22:41:23] [INFO] [压力位突破警报-75000-心理阻力] CHECK_START
  {}
[2026-03-13 22:41:23] [INFO] [压力位突破警报-78000-中期目标] CHECK_START
  {}
[2026-03-13 22:41:23] [INFO] [支撑位跌破警报-72000-突破后支撑] CHECK_START
  {}
[2026-03-13 22:41:24] [INFO] [支撑位跌破警报-72000-突破后支撑] CHECK_PASSED
  {}
[2026-03-13 22:41:24] [INFO] [压力位突破警报-75000-心理阻力] CHECK_PASSED
  {}
[2026-03-13 22:41:24] [INFO] [压力位突破警报-78000-中期目标] CHECK_PASSED
  {}
[2026-03-13 22:46:08] [INFO] [压力位突破警报-75000-心理阻力] CHECK_START
  {}
[2026-03-13 22:46:08] [INFO] [压力位突破警报-78000-中期目标] CHECK_START
  {}
[2026-03-13 22:46:08] [INFO] [支撑位跌破警报-72000-突破后支撑] CHECK_START
  {}
[2026-03-13 22:46:10] [INFO] [压力位突破警报-75000-心理阻力] CHECK_PASSED
  {}
[2026-03-13 22:46:10] [INFO] [支撑位跌破警报-72000-突破后支撑] CHECK_PASSED
  {}
[2026-03-13 22:46:10] [INFO] [压力位突破警报-78000-中期目标] CHECK_PASSED
  {}
[2026-03-13 22:50:54] [INFO] [压力位突破警报-75000-心理阻力] CHECK_START
  {}
[2026-03-13 22:50:54] [INFO] [压力位突破警报-78000-中期目标] CHECK_START
  {}
[2026-03-13 22:50:54] [INFO] [支撑位跌破警报-72000-突破后支撑] CHECK_START
  {}
[2026-03-13 22:50:57] [INFO] [压力位突破警报-75000-心理阻力] CHECK_PASSED
  {}
[2026-03-13 22:51:00] [INFO] [支撑位跌破警报-72000-突破后支撑] CHECK_PASSED
  {}
[2026-03-13 22:51:00] [INFO] [压力位突破警报-78000-中期目标] CHECK_PASSED
  {}
[2026-03-13 22:55:40] [INFO] [压力位突破警报-75000-心理阻力] CHECK_START
  {}
[2026-03-13 22:55:40] [INFO] [压力位突破警报-78000-中期目标] CHECK_START
  {}
[2026-03-13 22:55:40] [INFO] [支撑位跌破警报-72000-突破后支撑] CHECK_START
  {}
[2026-03-13 22:55:45] [INFO] [压力位突破警报-75000-心理阻力] CHECK_PASSED
  {}
[2026-03-13 22:55:45] [INFO] [压力位突破警报-78000-中期目标] CHECK_PASSED
  {}
[2026-03-13 22:55:48] [INFO] [支撑位跌破警报-72000-突破后支撑] CHECK_PASSED
  {}
[2026-03-13 23:00:25] [INFO] [压力位突破警报-75000-心理阻力] CHECK_START
  {}
[2026-03-13 23:00:25] [INFO] [压力位突破警报-78000-中期目标] CHECK_START
  {}
[2026-03-13 23:00:25] [INFO] [支撑位跌破警报-72000-突破后支撑] CHECK_START
  {}
[2026-03-13 23:00:27] [INFO] [压力位突破警报-78000-中期目标] CHECK_PASSED
  {}
[2026-03-13 23:00:28] [INFO] [压力位突破警报-75000-心理阻力] CHECK_PASSED
  {}
[2026-03-13 23:00:32] [INFO] [支撑位跌破警报-72000-突破后支撑] CHECK_PASSED
  {}
[2026-03-13 23:05:11] [INFO] [压力位突破警报-75000-心理阻力] CHECK_START
  {}
[2026-03-13 23:05:11] [INFO] [压力位突破警报-78000-中期目标] CHECK_START
  {}
[2026-03-13 23:05:11] [INFO] [支撑位跌破警报-72000-突破后支撑] CHECK_START
  {}
[2026-03-13 23:05:13] [INFO] [支撑位跌破警报-72000-突破后支撑] CHECK_PASSED
  {}
[2026-03-13 23:05:13] [INFO] [压力位突破警报-78000-中期目标] CHECK_PASSED
  {}
[2026-03-13 23:05:15] [INFO] [压力位突破警报-75000-心理阻力] CHECK_PASSED
  {}
[2026-03-13 23:09:55] [INFO] [压力位突破警报-75000-心理阻力] CHECK_START
  {}
[2026-03-13 23:09:55] [INFO] [压力位突破警报-78000-中期目标] CHECK_START
  {}
[2026-03-13 23:09:55] [INFO] [支撑位跌破警报-72000-突破后支撑] CHECK_START
  {}
[2026-03-13 23:09:56] [INFO] [压力位突破警报-75000-心理阻力] CHECK_PASSED
  {}
[2026-03-13 23:09:58] [INFO] [支撑位跌破警报-72000-突破后支撑] CHECK_PASSED
  {}
[2026-03-13 23:09:59] [INFO] [压力位突破警报-78000-中期目标] CHECK_PASSED
  {}
[2026-03-13 23:12:58] [INFO] [Engine] 引擎关闭 (SIGINT)
[2026-03-13 23:12:58] [INFO] [Engine] 引擎启动
  {"rulesDir":"/home/administrator/.openclaw/july-btc-analyzer/skills/btc-alert/rules","archiveDir":"/home/administrator/.openclaw/july-btc-analyzer/skills/btc-alert/rules-archive","logFile":"/home/administrator/.openclaw/july-btc-analyzer/logs/alert-engine.log"}
[2026-03-13 23:12:58] [INFO] [压力位突破警报-75000-心理阻力] TIMER_STARTED
  {"interval":"300s","file":"2026-03-13-resistance-75000.js"}
[2026-03-13 23:12:58] [INFO] [压力位突破警报-75000-心理阻力] CHECK_START
  {}
[2026-03-13 23:12:58] [INFO] [压力位突破警报-78000-中期目标] TIMER_STARTED
  {"interval":"300s","file":"2026-03-13-resistance-78000.js"}
[2026-03-13 23:12:58] [INFO] [压力位突破警报-78000-中期目标] CHECK_START
  {}
[2026-03-13 23:12:58] [INFO] [支撑位跌破警报-70000-关键支撑] TIMER_STARTED
  {"interval":"300s","file":"2026-03-13-support-70000.js"}
[2026-03-13 23:12:58] [INFO] [支撑位跌破警报-70000-关键支撑] CHECK_START
  {}
[2026-03-13 23:12:58] [INFO] [支撑位跌破警报-72000-突破后支撑] TIMER_STARTED
  {"interval":"300s","file":"2026-03-13-support-72000.js"}
[2026-03-13 23:12:58] [INFO] [支撑位跌破警报-72000-突破后支撑] CHECK_START
  {}
[2026-03-13 23:12:58] [INFO] [Engine] 规则加载完成
  {"count":4}
[2026-03-13 23:13:01] [INFO] [支撑位跌破警报-70000-关键支撑] CHECK_PASSED
  {}
[2026-03-13 23:13:01] [INFO] [支撑位跌破警报-72000-突破后支撑] CHECK_PASSED
  {}
[2026-03-13 23:13:01] [INFO] [压力位突破警报-75000-心理阻力] CHECK_PASSED
  {}
[2026-03-13 23:13:02] [INFO] [压力位突破警报-78000-中期目标] CHECK_PASSED
  {}
[2026-03-13 23:17:42] [INFO] [压力位突破警报-75000-心理阻力] CHECK_START
  {}
[2026-03-13 23:17:42] [INFO] [压力位突破警报-78000-中期目标] CHECK_START
  {}
[2026-03-13 23:17:42] [INFO] [支撑位跌破警报-70000-关键支撑] CHECK_START
  {}
[2026-03-13 23:17:42] [INFO] [支撑位跌破警报-72000-突破后支撑] CHECK_START
  {}
[2026-03-13 23:17:45] [INFO] [压力位突破警报-75000-心理阻力] CHECK_PASSED
  {}
[2026-03-13 23:17:45] [INFO] [压力位突破警报-78000-中期目标] CHECK_PASSED
  {}
[2026-03-13 23:17:45] [INFO] [支撑位跌破警报-70000-关键支撑] CHECK_PASSED
  {}
[2026-03-13 23:17:49] [INFO] [支撑位跌破警报-72000-突破后支撑] CHECK_PASSED
  {}
[2026-03-13 23:22:27] [INFO] [压力位突破警报-75000-心理阻力] CHECK_START
  {}
[2026-03-13 23:22:27] [INFO] [压力位突破警报-78000-中期目标] CHECK_START
  {}
[2026-03-13 23:22:27] [INFO] [支撑位跌破警报-70000-关键支撑] CHECK_START
  {}
[2026-03-13 23:22:27] [INFO] [支撑位跌破警报-72000-突破后支撑] CHECK_START
  {}
[2026-03-13 23:22:30] [INFO] [支撑位跌破警报-70000-关键支撑] CHECK_PASSED
  {}
[2026-03-13 23:22:30] [INFO] [压力位突破警报-75000-心理阻力] CHECK_PASSED
  {}
[2026-03-13 23:22:29] [INFO] [压力位突破警报-78000-中期目标] CHECK_PASSED
  {}
[2026-03-13 23:22:30] [INFO] [支撑位跌破警报-72000-突破后支撑] CHECK_PASSED
  {}
[2026-03-13 23:27:10] [INFO] [压力位突破警报-75000-心理阻力] CHECK_START
  {}
[2026-03-13 23:27:10] [INFO] [压力位突破警报-78000-中期目标] CHECK_START
  {}
[2026-03-13 23:27:10] [INFO] [支撑位跌破警报-70000-关键支撑] CHECK_START
  {}
[2026-03-13 23:27:10] [INFO] [支撑位跌破警报-72000-突破后支撑] CHECK_START
  {}
[2026-03-13 23:27:11] [INFO] [压力位突破警报-78000-中期目标] CHECK_PASSED
  {}
[2026-03-13 23:27:13] [INFO] [压力位突破警报-75000-心理阻力] CHECK_PASSED
  {}
[2026-03-13 23:27:13] [INFO] [支撑位跌破警报-70000-关键支撑] CHECK_PASSED
  {}
[2026-03-13 23:27:13] [INFO] [支撑位跌破警报-72000-突破后支撑] CHECK_PASSED
  {}
[2026-03-13 23:32:01] [INFO] [压力位突破警报-75000-心理阻力] CHECK_START
  {}
[2026-03-13 23:32:01] [INFO] [压力位突破警报-78000-中期目标] CHECK_START
  {}
[2026-03-13 23:32:01] [INFO] [支撑位跌破警报-70000-关键支撑] CHECK_START
  {}
[2026-03-13 23:32:01] [INFO] [支撑位跌破警报-72000-突破后支撑] CHECK_START
  {}
[2026-03-13 23:32:03] [INFO] [支撑位跌破警报-70000-关键支撑] CHECK_PASSED
  {}
[2026-03-13 23:32:02] [INFO] [压力位突破警报-78000-中期目标] CHECK_PASSED
  {}
[2026-03-13 23:32:04] [INFO] [压力位突破警报-75000-心理阻力] CHECK_PASSED
  {}
[2026-03-13 23:32:05] [INFO] [支撑位跌破警报-72000-突破后支撑] CHECK_PASSED
  {}
[2026-03-13 23:36:52] [INFO] [压力位突破警报-75000-心理阻力] CHECK_START
  {}
[2026-03-13 23:36:52] [INFO] [压力位突破警报-78000-中期目标] CHECK_START
  {}
[2026-03-13 23:36:52] [INFO] [支撑位跌破警报-70000-关键支撑] CHECK_START
  {}
[2026-03-13 23:36:52] [INFO] [支撑位跌破警报-72000-突破后支撑] CHECK_START
  {}
[2026-03-13 23:36:54] [INFO] [支撑位跌破警报-70000-关键支撑] CHECK_PASSED
  {}
[2026-03-13 23:36:54] [INFO] [支撑位跌破警报-72000-突破后支撑] CHECK_PASSED
  {}
[2026-03-13 23:36:55] [INFO] [压力位突破警报-75000-心理阻力] CHECK_PASSED
  {}
[2026-03-13 23:36:58] [INFO] [压力位突破警报-78000-中期目标] CHECK_PASSED
  {}
[2026-03-13 23:41:40] [INFO] [压力位突破警报-75000-心理阻力] CHECK_START
  {}
[2026-03-13 23:41:40] [INFO] [压力位突破警报-78000-中期目标] CHECK_START
  {}
[2026-03-13 23:41:40] [INFO] [支撑位跌破警报-70000-关键支撑] CHECK_START
  {}
[2026-03-13 23:41:40] [INFO] [支撑位跌破警报-72000-突破后支撑] CHECK_START
  {}
[2026-03-13 23:41:42] [INFO] [压力位突破警报-75000-心理阻力] CHECK_PASSED
  {}
[2026-03-13 23:41:43] [INFO] [支撑位跌破警报-72000-突破后支撑] CHECK_PASSED
  {}
[2026-03-13 23:41:43] [INFO] [支撑位跌破警报-70000-关键支撑] CHECK_PASSED
  {}
[2026-03-13 23:41:43] [INFO] [压力位突破警报-78000-中期目标] CHECK_PASSED
  {}
[2026-03-13 23:46:30] [INFO] [压力位突破警报-75000-心理阻力] CHECK_START
  {}
[2026-03-13 23:46:30] [INFO] [压力位突破警报-78000-中期目标] CHECK_START
  {}
[2026-03-13 23:46:30] [INFO] [支撑位跌破警报-70000-关键支撑] CHECK_START
  {}
[2026-03-13 23:46:30] [INFO] [支撑位跌破警报-72000-突破后支撑] CHECK_START
  {}
[2026-03-13 23:46:30] [INFO] [支撑位跌破警报-70000-关键支撑] CHECK_PASSED
  {}
[2026-03-13 23:46:31] [INFO] [压力位突破警报-78000-中期目标] CHECK_PASSED
  {}
[2026-03-13 23:46:31] [INFO] [压力位突破警报-75000-心理阻力] CHECK_PASSED
  {}
[2026-03-13 23:46:33] [INFO] [支撑位跌破警报-72000-突破后支撑] TRIGGERED
  {}
[2026-03-13 23:46:38] [INFO] [支撑位跌破警报-72000-突破后支撑] DATA_COLLECTED
  {"dataKeys":["alertTime","currentPrice","priceChange","volume24h","fearGreedIndex","klines15m","triggerPrice","alertType"]}
[2026-03-13 23:46:38] [INFO] [支撑位跌破警报-72000-突破后支撑] TRIGGER_COMPLETED
  {}
[2026-03-13 23:49:18] [INFO] [Engine] 引擎关闭 (SIGINT)
[2026-03-13 23:49:18] [INFO] [Engine] 引擎启动
  {"rulesDir":"/home/administrator/.openclaw/july-btc-analyzer/skills/btc-alert/rules","archiveDir":"/home/administrator/.openclaw/july-btc-analyzer/skills/btc-alert/rules-archive","logFile":"/home/administrator/.openclaw/july-btc-analyzer/logs/alert-engine.log"}
[2026-03-13 23:49:18] [INFO] [压力位突破警报-74084-3月4日高点] TIMER_STARTED
  {"interval":"300s","file":"2026-03-13-resistance-74084.js"}
[2026-03-13 23:49:18] [INFO] [压力位突破警报-74084-3月4日高点] CHECK_START
  {}
[2026-03-13 23:49:18] [INFO] [压力位突破警报-75000-心理阻力] TIMER_STARTED
  {"interval":"300s","file":"2026-03-13-resistance-75000.js"}
[2026-03-13 23:49:18] [INFO] [压力位突破警报-75000-心理阻力] CHECK_START
  {}
[2026-03-13 23:49:18] [INFO] [压力位突破警报-78000-中期目标] TIMER_STARTED
  {"interval":"300s","file":"2026-03-13-resistance-78000.js"}
[2026-03-13 23:49:18] [INFO] [压力位突破警报-78000-中期目标] CHECK_START
  {}
[2026-03-13 23:49:18] [INFO] [支撑位跌破警报-70000-关键支撑] TIMER_STARTED
  {"interval":"300s","file":"2026-03-13-support-70000.js"}
[2026-03-13 23:49:18] [INFO] [支撑位跌破警报-70000-关键支撑] CHECK_START
  {}
[2026-03-13 23:49:18] [INFO] [Engine] 规则加载完成
  {"count":4}
[2026-03-13 23:49:20] [INFO] [支撑位跌破警报-70000-关键支撑] CHECK_PASSED
  {}
[2026-03-13 23:49:20] [INFO] [压力位突破警报-78000-中期目标] CHECK_PASSED
  {}
[2026-03-13 23:49:21] [INFO] [压力位突破警报-74084-3月4日高点] CHECK_PASSED
  {}
[2026-03-13 23:49:21] [INFO] [压力位突破警报-75000-心理阻力] CHECK_PASSED
  {}
[2026-03-13 23:54:07] [INFO] [压力位突破警报-74084-3月4日高点] CHECK_START
  {}
[2026-03-13 23:54:07] [INFO] [压力位突破警报-75000-心理阻力] CHECK_START
  {}
[2026-03-13 23:54:07] [INFO] [压力位突破警报-78000-中期目标] CHECK_START
  {}
[2026-03-13 23:54:07] [INFO] [支撑位跌破警报-70000-关键支撑] CHECK_START
  {}
[2026-03-13 23:54:08] [INFO] [压力位突破警报-78000-中期目标] CHECK_PASSED
  {}
[2026-03-13 23:54:09] [INFO] [支撑位跌破警报-70000-关键支撑] CHECK_PASSED
  {}
[2026-03-13 23:54:13] [INFO] [压力位突破警报-74084-3月4日高点] CHECK_PASSED
  {}
[2026-03-13 23:54:14] [INFO] [压力位突破警报-75000-心理阻力] CHECK_PASSED
  {}
[2026-03-13 23:58:54] [INFO] [压力位突破警报-74084-3月4日高点] CHECK_START
  {}
[2026-03-13 23:58:54] [INFO] [压力位突破警报-75000-心理阻力] CHECK_START
  {}
[2026-03-13 23:58:54] [INFO] [压力位突破警报-78000-中期目标] CHECK_START
  {}
[2026-03-13 23:58:54] [INFO] [支撑位跌破警报-70000-关键支撑] CHECK_START
  {}
[2026-03-13 23:58:57] [INFO] [压力位突破警报-74084-3月4日高点] CHECK_PASSED
  {}
[2026-03-13 23:58:59] [INFO] [压力位突破警报-78000-中期目标] CHECK_PASSED
  {}
[2026-03-13 23:58:59] [INFO] [支撑位跌破警报-70000-关键支撑] CHECK_PASSED
  {}
[2026-03-13 23:58:59] [INFO] [压力位突破警报-75000-心理阻力] CHECK_PASSED
  {}
[2026-03-14 00:03:41] [INFO] [压力位突破警报-74084-3月4日高点] CHECK_START
  {}
[2026-03-14 00:03:41] [INFO] [压力位突破警报-75000-心理阻力] CHECK_START
  {}
[2026-03-14 00:03:41] [INFO] [压力位突破警报-78000-中期目标] CHECK_START
  {}
[2026-03-14 00:03:41] [INFO] [支撑位跌破警报-70000-关键支撑] CHECK_START
  {}
[2026-03-14 00:03:43] [INFO] [压力位突破警报-78000-中期目标] CHECK_PASSED
  {}
[2026-03-14 00:03:43] [INFO] [支撑位跌破警报-70000-关键支撑] CHECK_PASSED
  {}
[2026-03-14 00:03:45] [INFO] [压力位突破警报-74084-3月4日高点] CHECK_PASSED
  {}
[2026-03-14 00:03:48] [INFO] [压力位突破警报-75000-心理阻力] CHECK_PASSED
  {}
[2026-03-14 00:08:26] [INFO] [压力位突破警报-74084-3月4日高点] CHECK_START
  {}
[2026-03-14 00:08:26] [INFO] [压力位突破警报-75000-心理阻力] CHECK_START
  {}
[2026-03-14 00:08:26] [INFO] [压力位突破警报-78000-中期目标] CHECK_START
  {}
[2026-03-14 00:08:26] [INFO] [支撑位跌破警报-70000-关键支撑] CHECK_START
  {}
[2026-03-14 00:08:27] [INFO] [压力位突破警报-75000-心理阻力] CHECK_PASSED
  {}
[2026-03-14 00:08:28] [INFO] [压力位突破警报-74084-3月4日高点] CHECK_PASSED
  {}
[2026-03-14 00:08:29] [INFO] [压力位突破警报-78000-中期目标] CHECK_PASSED
  {}
[2026-03-14 00:08:29] [INFO] [支撑位跌破警报-70000-关键支撑] CHECK_PASSED
  {}
[2026-03-14 00:13:11] [INFO] [压力位突破警报-74084-3月4日高点] CHECK_START
  {}
[2026-03-14 00:13:11] [INFO] [压力位突破警报-75000-心理阻力] CHECK_START
  {}
[2026-03-14 00:13:11] [INFO] [压力位突破警报-78000-中期目标] CHECK_START
  {}
[2026-03-14 00:13:11] [INFO] [支撑位跌破警报-70000-关键支撑] CHECK_START
  {}
[2026-03-14 00:13:13] [INFO] [压力位突破警报-74084-3月4日高点] CHECK_PASSED
  {}
[2026-03-14 00:13:14] [INFO] [支撑位跌破警报-70000-关键支撑] CHECK_PASSED
  {}
[2026-03-14 00:13:14] [INFO] [压力位突破警报-75000-心理阻力] CHECK_PASSED
  {}
[2026-03-14 00:13:18] [INFO] [压力位突破警报-78000-中期目标] CHECK_PASSED
  {}
[2026-03-14 00:18:00] [INFO] [压力位突破警报-74084-3月4日高点] CHECK_START
  {}
[2026-03-14 00:18:00] [INFO] [压力位突破警报-75000-心理阻力] CHECK_START
  {}
[2026-03-14 00:18:00] [INFO] [压力位突破警报-78000-中期目标] CHECK_START
  {}
[2026-03-14 00:18:00] [INFO] [支撑位跌破警报-70000-关键支撑] CHECK_START
  {}
[2026-03-14 00:18:01] [INFO] [支撑位跌破警报-70000-关键支撑] CHECK_PASSED
  {}
[2026-03-14 00:18:01] [INFO] [压力位突破警报-78000-中期目标] CHECK_PASSED
  {}
[2026-03-14 00:18:02] [INFO] [压力位突破警报-74084-3月4日高点] CHECK_PASSED
  {}
[2026-03-14 00:18:03] [INFO] [压力位突破警报-75000-心理阻力] CHECK_PASSED
  {}
[2026-03-14 00:22:48] [INFO] [压力位突破警报-74084-3月4日高点] CHECK_START
  {}
[2026-03-14 00:22:48] [INFO] [压力位突破警报-75000-心理阻力] CHECK_START
  {}
[2026-03-14 00:22:48] [INFO] [压力位突破警报-78000-中期目标] CHECK_START
  {}
[2026-03-14 00:22:48] [INFO] [支撑位跌破警报-70000-关键支撑] CHECK_START
  {}
[2026-03-14 00:22:50] [INFO] [支撑位跌破警报-70000-关键支撑] CHECK_PASSED
  {}
[2026-03-14 00:22:51] [INFO] [压力位突破警报-78000-中期目标] CHECK_PASSED
  {}
[2026-03-14 00:22:52] [INFO] [压力位突破警报-75000-心理阻力] CHECK_PASSED
  {}
[2026-03-14 00:22:59] [INFO] [压力位突破警报-74084-3月4日高点] CHECK_PASSED
  {}
[2026-03-14 00:27:34] [INFO] [压力位突破警报-74084-3月4日高点] CHECK_START
  {}
[2026-03-14 00:27:34] [INFO] [压力位突破警报-75000-心理阻力] CHECK_START
  {}
[2026-03-14 00:27:34] [INFO] [压力位突破警报-78000-中期目标] CHECK_START
  {}
[2026-03-14 00:27:34] [INFO] [支撑位跌破警报-70000-关键支撑] CHECK_START
  {}
[2026-03-14 00:27:37] [INFO] [支撑位跌破警报-70000-关键支撑] CHECK_PASSED
  {}
[2026-03-14 00:27:37] [INFO] [压力位突破警报-74084-3月4日高点] CHECK_PASSED
  {}
[2026-03-14 00:27:37] [INFO] [压力位突破警报-78000-中期目标] CHECK_PASSED
  {}
[2026-03-14 00:27:40] [INFO] [压力位突破警报-75000-心理阻力] CHECK_PASSED
  {}
[2026-03-14 00:32:23] [INFO] [压力位突破警报-74084-3月4日高点] CHECK_START
  {}
[2026-03-14 00:32:23] [INFO] [压力位突破警报-75000-心理阻力] CHECK_START
  {}
[2026-03-14 00:32:23] [INFO] [压力位突破警报-78000-中期目标] CHECK_START
  {}
[2026-03-14 00:32:23] [INFO] [支撑位跌破警报-70000-关键支撑] CHECK_START
  {}
[2026-03-14 00:32:24] [INFO] [压力位突破警报-78000-中期目标] CHECK_PASSED
  {}
[2026-03-14 00:32:25] [INFO] [支撑位跌破警报-70000-关键支撑] CHECK_PASSED
  {}
[2026-03-14 00:32:26] [INFO] [压力位突破警报-75000-心理阻力] CHECK_PASSED
  {}
[2026-03-14 00:32:26] [INFO] [压力位突破警报-74084-3月4日高点] CHECK_PASSED
  {}
[2026-03-14 00:37:13] [INFO] [压力位突破警报-74084-3月4日高点] CHECK_START
  {}
[2026-03-14 00:37:13] [INFO] [压力位突破警报-75000-心理阻力] CHECK_START
  {}
[2026-03-14 00:37:13] [INFO] [压力位突破警报-78000-中期目标] CHECK_START
  {}
[2026-03-14 00:37:13] [INFO] [支撑位跌破警报-70000-关键支撑] CHECK_START
  {}
[2026-03-14 00:37:15] [INFO] [支撑位跌破警报-70000-关键支撑] CHECK_PASSED
  {}
[2026-03-14 00:37:15] [INFO] [压力位突破警报-78000-中期目标] CHECK_PASSED
  {}
[2026-03-14 00:37:15] [INFO] [压力位突破警报-75000-心理阻力] CHECK_PASSED
  {}
[2026-03-14 00:37:15] [INFO] [压力位突破警报-74084-3月4日高点] CHECK_PASSED
  {}
[2026-03-14 00:41:43] [INFO] [Engine] 引擎关闭 (SIGINT)
[2026-03-14 01:51:56] [INFO] [Engine] 引擎启动
  {"rulesDir":"/home/administrator/.openclaw/july-btc-analyzer/skills/btc-alert/rules","archiveDir":"/home/administrator/.openclaw/july-btc-analyzer/skills/btc-alert/rules-archive","logFile":"/home/administrator/.openclaw/july-btc-analyzer/logs/alert-engine.log"}
[2026-03-14 01:51:56] [INFO] [压力位突破警报-74084-3月4日高点] TIMER_STARTED
  {"interval":"300s","file":"2026-03-13-resistance-74084.js"}
[2026-03-14 01:51:56] [INFO] [压力位突破警报-74084-3月4日高点] CHECK_START
  {}
[2026-03-14 01:51:56] [INFO] [压力位突破警报-75000-心理阻力] TIMER_STARTED
  {"interval":"300s","file":"2026-03-13-resistance-75000.js"}
[2026-03-14 01:51:56] [INFO] [压力位突破警报-75000-心理阻力] CHECK_START
  {}
[2026-03-14 01:51:56] [INFO] [压力位突破警报-78000-中期目标] TIMER_STARTED
  {"interval":"300s","file":"2026-03-13-resistance-78000.js"}
[2026-03-14 01:51:56] [INFO] [压力位突破警报-78000-中期目标] CHECK_START
  {}
[2026-03-14 01:51:56] [INFO] [支撑位跌破警报-70000-关键支撑] TIMER_STARTED
  {"interval":"300s","file":"2026-03-13-support-70000.js"}
[2026-03-14 01:51:56] [INFO] [支撑位跌破警报-70000-关键支撑] CHECK_START
  {}
[2026-03-14 01:51:56] [INFO] [Engine] 规则加载完成
  {"count":4}
[2026-03-14 01:51:58] [INFO] [压力位突破警报-75000-心理阻力] CHECK_PASSED
  {}
[2026-03-14 01:51:58] [INFO] [压力位突破警报-74084-3月4日高点] CHECK_PASSED
  {}
[2026-03-14 01:51:59] [INFO] [压力位突破警报-78000-中期目标] CHECK_PASSED
  {}
[2026-03-14 01:52:00] [INFO] [支撑位跌破警报-70000-关键支撑] CHECK_PASSED
  {}
[2026-03-14 01:57:02] [INFO] [压力位突破警报-74084-3月4日高点] CHECK_START
  {}
[2026-03-14 01:57:02] [INFO] [压力位突破警报-75000-心理阻力] CHECK_START
  {}
[2026-03-14 01:57:02] [INFO] [压力位突破警报-78000-中期目标] CHECK_START
  {}
[2026-03-14 01:57:02] [INFO] [支撑位跌破警报-70000-关键支撑] CHECK_START
  {}
[2026-03-14 01:57:03] [INFO] [支撑位跌破警报-70000-关键支撑] CHECK_PASSED
  {}
[2026-03-14 01:57:04] [INFO] [压力位突破警报-75000-心理阻力] CHECK_PASSED
  {}
[2026-03-14 01:57:04] [INFO] [压力位突破警报-78000-中期目标] CHECK_PASSED
  {}
[2026-03-14 01:57:05] [INFO] [压力位突破警报-74084-3月4日高点] CHECK_PASSED
  {}
[2026-03-14 02:02:12] [INFO] [压力位突破警报-74084-3月4日高点] CHECK_START
  {}
[2026-03-14 02:02:12] [INFO] [压力位突破警报-75000-心理阻力] CHECK_START
  {}
[2026-03-14 02:02:12] [INFO] [压力位突破警报-78000-中期目标] CHECK_START
  {}
[2026-03-14 02:02:12] [INFO] [支撑位跌破警报-70000-关键支撑] CHECK_START
  {}
[2026-03-14 02:02:14] [INFO] [压力位突破警报-78000-中期目标] CHECK_PASSED
  {}
[2026-03-14 02:02:14] [INFO] [支撑位跌破警报-70000-关键支撑] CHECK_PASSED
  {}
[2026-03-14 02:02:15] [INFO] [压力位突破警报-75000-心理阻力] CHECK_PASSED
  {}
[2026-03-14 02:02:16] [INFO] [压力位突破警报-74084-3月4日高点] CHECK_PASSED
  {}
[2026-03-14 02:07:16] [INFO] [压力位突破警报-74084-3月4日高点] CHECK_START
  {}
[2026-03-14 02:07:16] [INFO] [压力位突破警报-75000-心理阻力] CHECK_START
  {}
[2026-03-14 02:07:16] [INFO] [压力位突破警报-78000-中期目标] CHECK_START
  {}
[2026-03-14 02:07:16] [INFO] [支撑位跌破警报-70000-关键支撑] CHECK_START
  {}
[2026-03-14 02:07:18] [INFO] [压力位突破警报-78000-中期目标] CHECK_PASSED
  {}
[2026-03-14 02:07:18] [INFO] [压力位突破警报-74084-3月4日高点] CHECK_PASSED
  {}
[2026-03-14 02:07:18] [INFO] [支撑位跌破警报-70000-关键支撑] CHECK_PASSED
  {}
[2026-03-14 02:07:21] [INFO] [压力位突破警报-75000-心理阻力] CHECK_PASSED
  {}
[2026-03-14 02:12:22] [INFO] [压力位突破警报-74084-3月4日高点] CHECK_START
  {}
[2026-03-14 02:12:22] [INFO] [压力位突破警报-75000-心理阻力] CHECK_START
  {}
[2026-03-14 02:12:22] [INFO] [压力位突破警报-78000-中期目标] CHECK_START
  {}
[2026-03-14 02:12:22] [INFO] [支撑位跌破警报-70000-关键支撑] CHECK_START
  {}
[2026-03-14 02:12:24] [INFO] [支撑位跌破警报-70000-关键支撑] CHECK_PASSED
  {}
[2026-03-14 02:12:24] [INFO] [压力位突破警报-75000-心理阻力] CHECK_PASSED
  {}
[2026-03-14 02:12:25] [INFO] [压力位突破警报-78000-中期目标] CHECK_PASSED
  {}
[2026-03-14 02:12:29] [INFO] [压力位突破警报-74084-3月4日高点] CHECK_PASSED
  {}
[2026-03-14 02:17:29] [INFO] [压力位突破警报-74084-3月4日高点] CHECK_START
  {}
[2026-03-14 02:17:29] [INFO] [压力位突破警报-75000-心理阻力] CHECK_START
  {}
[2026-03-14 02:17:29] [INFO] [压力位突破警报-78000-中期目标] CHECK_START
  {}
[2026-03-14 02:17:29] [INFO] [支撑位跌破警报-70000-关键支撑] CHECK_START
  {}
[2026-03-14 02:17:31] [INFO] [压力位突破警报-78000-中期目标] CHECK_PASSED
  {}
[2026-03-14 02:17:31] [INFO] [压力位突破警报-75000-心理阻力] CHECK_PASSED
  {}
[2026-03-14 02:17:32] [INFO] [支撑位跌破警报-70000-关键支撑] CHECK_PASSED
  {}
[2026-03-14 02:17:33] [INFO] [压力位突破警报-74084-3月4日高点] CHECK_PASSED
  {}
[2026-03-14 02:22:36] [INFO] [压力位突破警报-74084-3月4日高点] CHECK_START
  {}
[2026-03-14 02:22:36] [INFO] [压力位突破警报-75000-心理阻力] CHECK_START
  {}
[2026-03-14 02:22:36] [INFO] [压力位突破警报-78000-中期目标] CHECK_START
  {}
[2026-03-14 02:22:36] [INFO] [支撑位跌破警报-70000-关键支撑] CHECK_START
  {}
[2026-03-14 02:22:38] [INFO] [压力位突破警报-75000-心理阻力] CHECK_PASSED
  {}
[2026-03-14 02:22:38] [INFO] [压力位突破警报-74084-3月4日高点] CHECK_PASSED
  {}
[2026-03-14 02:22:39] [INFO] [支撑位跌破警报-70000-关键支撑] CHECK_PASSED
  {}
[2026-03-14 02:22:40] [INFO] [压力位突破警报-78000-中期目标] CHECK_PASSED
  {}
[2026-03-14 02:27:44] [INFO] [压力位突破警报-74084-3月4日高点] CHECK_START
  {}
[2026-03-14 02:27:44] [INFO] [压力位突破警报-75000-心理阻力] CHECK_START
  {}
[2026-03-14 02:27:44] [INFO] [压力位突破警报-78000-中期目标] CHECK_START
  {}
[2026-03-14 02:27:44] [INFO] [支撑位跌破警报-70000-关键支撑] CHECK_START
  {}
[2026-03-14 02:27:46] [INFO] [压力位突破警报-78000-中期目标] CHECK_PASSED
  {}
[2026-03-14 02:27:46] [INFO] [压力位突破警报-75000-心理阻力] CHECK_PASSED
  {}
[2026-03-14 02:27:46] [INFO] [支撑位跌破警报-70000-关键支撑] CHECK_PASSED
  {}
[2026-03-14 02:27:48] [INFO] [压力位突破警报-74084-3月4日高点] CHECK_PASSED
  {}
[2026-03-14 02:32:52] [INFO] [压力位突破警报-74084-3月4日高点] CHECK_START
  {}
[2026-03-14 02:32:52] [INFO] [压力位突破警报-75000-心理阻力] CHECK_START
  {}
[2026-03-14 02:32:52] [INFO] [压力位突破警报-78000-中期目标] CHECK_START
  {}
[2026-03-14 02:32:52] [INFO] [支撑位跌破警报-70000-关键支撑] CHECK_START
  {}
[2026-03-14 02:32:54] [INFO] [压力位突破警报-75000-心理阻力] CHECK_PASSED
  {}
[2026-03-14 02:32:54] [INFO] [支撑位跌破警报-70000-关键支撑] CHECK_PASSED
  {}
[2026-03-14 02:32:54] [INFO] [压力位突破警报-74084-3月4日高点] CHECK_PASSED
  {}
[2026-03-14 02:32:55] [INFO] [压力位突破警报-78000-中期目标] CHECK_PASSED
  {}
[2026-03-14 02:38:00] [INFO] [压力位突破警报-74084-3月4日高点] CHECK_START
  {}
[2026-03-14 02:38:00] [INFO] [压力位突破警报-75000-心理阻力] CHECK_START
  {}
[2026-03-14 02:38:00] [INFO] [压力位突破警报-78000-中期目标] CHECK_START
  {}
[2026-03-14 02:38:00] [INFO] [支撑位跌破警报-70000-关键支撑] CHECK_START
  {}
[2026-03-14 02:38:02] [INFO] [支撑位跌破警报-70000-关键支撑] CHECK_PASSED
  {}
[2026-03-14 02:38:02] [INFO] [压力位突破警报-78000-中期目标] CHECK_PASSED
  {}
[2026-03-14 02:38:02] [INFO] [压力位突破警报-74084-3月4日高点] CHECK_PASSED
  {}
[2026-03-14 02:38:03] [INFO] [压力位突破警报-75000-心理阻力] CHECK_PASSED
  {}
[2026-03-14 02:43:07] [INFO] [压力位突破警报-74084-3月4日高点] CHECK_START
  {}
[2026-03-14 02:43:07] [INFO] [压力位突破警报-75000-心理阻力] CHECK_START
  {}
[2026-03-14 02:43:07] [INFO] [压力位突破警报-78000-中期目标] CHECK_START
  {}
[2026-03-14 02:43:07] [INFO] [支撑位跌破警报-70000-关键支撑] CHECK_START
  {}
[2026-03-14 02:43:08] [INFO] [压力位突破警报-74084-3月4日高点] CHECK_PASSED
  {}
[2026-03-14 02:43:08] [INFO] [支撑位跌破警报-70000-关键支撑] CHECK_PASSED
  {}
[2026-03-14 02:43:08] [INFO] [压力位突破警报-78000-中期目标] CHECK_PASSED
  {}
[2026-03-14 02:43:09] [INFO] [压力位突破警报-75000-心理阻力] CHECK_PASSED
  {}
[2026-03-14 02:48:13] [INFO] [压力位突破警报-74084-3月4日高点] CHECK_START
  {}
[2026-03-14 02:48:13] [INFO] [压力位突破警报-75000-心理阻力] CHECK_START
  {}
[2026-03-14 02:48:13] [INFO] [压力位突破警报-78000-中期目标] CHECK_START
  {}
[2026-03-14 02:48:13] [INFO] [支撑位跌破警报-70000-关键支撑] CHECK_START
  {}
[2026-03-14 02:48:15] [INFO] [支撑位跌破警报-70000-关键支撑] CHECK_PASSED
  {}
[2026-03-14 02:48:15] [INFO] [压力位突破警报-78000-中期目标] CHECK_PASSED
  {}
[2026-03-14 02:48:15] [INFO] [压力位突破警报-74084-3月4日高点] CHECK_PASSED
  {}
[2026-03-14 02:48:15] [INFO] [压力位突破警报-75000-心理阻力] CHECK_PASSED
  {}
[2026-03-14 02:53:22] [INFO] [压力位突破警报-74084-3月4日高点] CHECK_START
  {}
[2026-03-14 02:53:22] [INFO] [压力位突破警报-75000-心理阻力] CHECK_START
  {}
[2026-03-14 02:53:22] [INFO] [压力位突破警报-78000-中期目标] CHECK_START
  {}
[2026-03-14 02:53:22] [INFO] [支撑位跌破警报-70000-关键支撑] CHECK_START
  {}
[2026-03-14 02:53:23] [INFO] [压力位突破警报-78000-中期目标] CHECK_PASSED
  {}
[2026-03-14 02:53:23] [INFO] [压力位突破警报-75000-心理阻力] CHECK_PASSED
  {}
[2026-03-14 02:53:23] [INFO] [支撑位跌破警报-70000-关键支撑] CHECK_PASSED
  {}
[2026-03-14 02:53:23] [INFO] [压力位突破警报-74084-3月4日高点] CHECK_PASSED
  {}
[2026-03-14 02:58:29] [INFO] [压力位突破警报-74084-3月4日高点] CHECK_START
  {}
[2026-03-14 02:58:29] [INFO] [压力位突破警报-75000-心理阻力] CHECK_START
  {}
[2026-03-14 02:58:29] [INFO] [压力位突破警报-78000-中期目标] CHECK_START
  {}
[2026-03-14 02:58:29] [INFO] [支撑位跌破警报-70000-关键支撑] CHECK_START
  {}
[2026-03-14 02:58:30] [INFO] [压力位突破警报-78000-中期目标] CHECK_PASSED
  {}
[2026-03-14 02:58:30] [INFO] [支撑位跌破警报-70000-关键支撑] CHECK_PASSED
  {}
[2026-03-14 02:58:30] [INFO] [压力位突破警报-74084-3月4日高点] CHECK_PASSED
  {}
[2026-03-14 02:58:31] [INFO] [压力位突破警报-75000-心理阻力] CHECK_PASSED
  {}
[2026-03-14 03:03:35] [INFO] [压力位突破警报-74084-3月4日高点] CHECK_START
  {}
[2026-03-14 03:03:35] [INFO] [压力位突破警报-75000-心理阻力] CHECK_START
  {}
[2026-03-14 03:03:35] [INFO] [压力位突破警报-78000-中期目标] CHECK_START
  {}
[2026-03-14 03:03:35] [INFO] [支撑位跌破警报-70000-关键支撑] CHECK_START
  {}
[2026-03-14 03:03:36] [INFO] [压力位突破警报-75000-心理阻力] CHECK_PASSED
  {}
[2026-03-14 03:03:36] [INFO] [压力位突破警报-74084-3月4日高点] CHECK_PASSED
  {}
[2026-03-14 03:03:36] [INFO] [压力位突破警报-78000-中期目标] CHECK_PASSED
  {}
[2026-03-14 03:03:36] [INFO] [支撑位跌破警报-70000-关键支撑] CHECK_PASSED
  {}
[2026-03-14 03:08:42] [INFO] [压力位突破警报-74084-3月4日高点] CHECK_START
  {}
[2026-03-14 03:08:42] [INFO] [压力位突破警报-75000-心理阻力] CHECK_START
  {}
[2026-03-14 03:08:42] [INFO] [压力位突破警报-78000-中期目标] CHECK_START
  {}
[2026-03-14 03:08:42] [INFO] [支撑位跌破警报-70000-关键支撑] CHECK_START
  {}
[2026-03-14 03:08:43] [INFO] [压力位突破警报-78000-中期目标] CHECK_PASSED
  {}
[2026-03-14 03:08:43] [INFO] [压力位突破警报-74084-3月4日高点] CHECK_PASSED
  {}
[2026-03-14 03:08:43] [INFO] [压力位突破警报-75000-心理阻力] CHECK_PASSED
  {}
[2026-03-14 03:08:44] [INFO] [支撑位跌破警报-70000-关键支撑] CHECK_PASSED
  {}
[2026-03-14 03:13:48] [INFO] [压力位突破警报-74084-3月4日高点] CHECK_START
  {}
[2026-03-14 03:13:48] [INFO] [压力位突破警报-75000-心理阻力] CHECK_START
  {}
[2026-03-14 03:13:48] [INFO] [压力位突破警报-78000-中期目标] CHECK_START
  {}
[2026-03-14 03:13:48] [INFO] [支撑位跌破警报-70000-关键支撑] CHECK_START
  {}
[2026-03-14 03:13:49] [INFO] [支撑位跌破警报-70000-关键支撑] CHECK_PASSED
  {}
[2026-03-14 03:13:50] [INFO] [压力位突破警报-74084-3月4日高点] CHECK_PASSED
  {}
[2026-03-14 03:13:50] [INFO] [压力位突破警报-75000-心理阻力] CHECK_PASSED
  {}
[2026-03-14 03:13:50] [INFO] [压力位突破警报-78000-中期目标] CHECK_PASSED
  {}
[2026-03-14 03:18:54] [INFO] [压力位突破警报-74084-3月4日高点] CHECK_START
  {}
[2026-03-14 03:18:54] [INFO] [压力位突破警报-75000-心理阻力] CHECK_START
  {}
[2026-03-14 03:18:54] [INFO] [压力位突破警报-78000-中期目标] CHECK_START
  {}
[2026-03-14 03:18:54] [INFO] [支撑位跌破警报-70000-关键支撑] CHECK_START
  {}
[2026-03-14 03:18:55] [INFO] [压力位突破警报-75000-心理阻力] CHECK_PASSED
  {}
[2026-03-14 03:18:55] [INFO] [压力位突破警报-74084-3月4日高点] CHECK_PASSED
  {}
[2026-03-14 03:18:55] [INFO] [支撑位跌破警报-70000-关键支撑] CHECK_PASSED
  {}
[2026-03-14 03:18:56] [INFO] [压力位突破警报-78000-中期目标] CHECK_PASSED
  {}
[2026-03-14 03:24:00] [INFO] [压力位突破警报-74084-3月4日高点] CHECK_START
  {}
[2026-03-14 03:24:00] [INFO] [压力位突破警报-75000-心理阻力] CHECK_START
  {}
[2026-03-14 03:24:00] [INFO] [压力位突破警报-78000-中期目标] CHECK_START
  {}
[2026-03-14 03:24:00] [INFO] [支撑位跌破警报-70000-关键支撑] CHECK_START
  {}
[2026-03-14 03:24:01] [INFO] [压力位突破警报-78000-中期目标] CHECK_PASSED
  {}
[2026-03-14 03:24:01] [INFO] [压力位突破警报-75000-心理阻力] CHECK_PASSED
  {}
[2026-03-14 03:24:01] [INFO] [压力位突破警报-74084-3月4日高点] CHECK_PASSED
  {}
[2026-03-14 03:24:04] [INFO] [支撑位跌破警报-70000-关键支撑] CHECK_PASSED
  {}
[2026-03-14 03:29:08] [INFO] [压力位突破警报-74084-3月4日高点] CHECK_START
  {}
[2026-03-14 03:29:08] [INFO] [压力位突破警报-75000-心理阻力] CHECK_START
  {}
[2026-03-14 03:29:08] [INFO] [压力位突破警报-78000-中期目标] CHECK_START
  {}
[2026-03-14 03:29:08] [INFO] [支撑位跌破警报-70000-关键支撑] CHECK_START
  {}
[2026-03-14 03:29:10] [INFO] [压力位突破警报-75000-心理阻力] CHECK_PASSED
  {}
[2026-03-14 03:29:10] [INFO] [压力位突破警报-74084-3月4日高点] CHECK_PASSED
  {}
[2026-03-14 03:29:10] [INFO] [压力位突破警报-78000-中期目标] CHECK_PASSED
  {}
[2026-03-14 03:29:11] [INFO] [支撑位跌破警报-70000-关键支撑] CHECK_PASSED
  {}
[2026-03-14 03:34:16] [INFO] [压力位突破警报-74084-3月4日高点] CHECK_START
  {}
[2026-03-14 03:34:16] [INFO] [压力位突破警报-75000-心理阻力] CHECK_START
  {}
[2026-03-14 03:34:16] [INFO] [压力位突破警报-78000-中期目标] CHECK_START
  {}
[2026-03-14 03:34:16] [INFO] [支撑位跌破警报-70000-关键支撑] CHECK_START
  {}
[2026-03-14 03:34:17] [INFO] [压力位突破警报-74084-3月4日高点] CHECK_PASSED
  {}
[2026-03-14 03:34:17] [INFO] [支撑位跌破警报-70000-关键支撑] CHECK_PASSED
  {}
[2026-03-14 03:34:18] [INFO] [压力位突破警报-75000-心理阻力] CHECK_PASSED
  {}
[2026-03-14 03:34:18] [INFO] [压力位突破警报-78000-中期目标] CHECK_PASSED
  {}
[2026-03-14 03:39:24] [INFO] [压力位突破警报-74084-3月4日高点] CHECK_START
  {}
[2026-03-14 03:39:24] [INFO] [压力位突破警报-75000-心理阻力] CHECK_START
  {}
[2026-03-14 03:39:24] [INFO] [压力位突破警报-78000-中期目标] CHECK_START
  {}
[2026-03-14 03:39:24] [INFO] [支撑位跌破警报-70000-关键支撑] CHECK_START
  {}
[2026-03-14 03:39:25] [INFO] [压力位突破警报-74084-3月4日高点] CHECK_PASSED
  {}
[2026-03-14 03:39:25] [INFO] [压力位突破警报-78000-中期目标] CHECK_PASSED
  {}
[2026-03-14 03:39:25] [INFO] [压力位突破警报-75000-心理阻力] CHECK_PASSED
  {}
[2026-03-14 03:39:25] [INFO] [支撑位跌破警报-70000-关键支撑] CHECK_PASSED
  {}
[2026-03-14 03:44:32] [INFO] [压力位突破警报-74084-3月4日高点] CHECK_START
  {}
[2026-03-14 03:44:32] [INFO] [压力位突破警报-75000-心理阻力] CHECK_START
  {}
[2026-03-14 03:44:32] [INFO] [压力位突破警报-78000-中期目标] CHECK_START
  {}
[2026-03-14 03:44:32] [INFO] [支撑位跌破警报-70000-关键支撑] CHECK_START
  {}
[2026-03-14 03:44:33] [INFO] [支撑位跌破警报-70000-关键支撑] CHECK_PASSED
  {}
[2026-03-14 03:44:33] [INFO] [压力位突破警报-78000-中期目标] CHECK_PASSED
  {}
[2026-03-14 03:44:33] [INFO] [压力位突破警报-75000-心理阻力] CHECK_PASSED
  {}
[2026-03-14 03:44:33] [INFO] [压力位突破警报-74084-3月4日高点] CHECK_PASSED
  {}
[2026-03-14 03:49:39] [INFO] [压力位突破警报-74084-3月4日高点] CHECK_START
  {}
[2026-03-14 03:49:39] [INFO] [压力位突破警报-75000-心理阻力] CHECK_START
  {}
[2026-03-14 03:49:39] [INFO] [压力位突破警报-78000-中期目标] CHECK_START
  {}
[2026-03-14 03:49:39] [INFO] [支撑位跌破警报-70000-关键支撑] CHECK_START
  {}
[2026-03-14 03:49:41] [INFO] [压力位突破警报-74084-3月4日高点] CHECK_PASSED
  {}
[2026-03-14 03:49:41] [INFO] [支撑位跌破警报-70000-关键支撑] CHECK_PASSED
  {}
[2026-03-14 03:49:41] [INFO] [压力位突破警报-78000-中期目标] CHECK_PASSED
  {}
[2026-03-14 03:49:41] [INFO] [压力位突破警报-75000-心理阻力] CHECK_PASSED
  {}
[2026-03-14 03:54:46] [INFO] [压力位突破警报-74084-3月4日高点] CHECK_START
  {}
[2026-03-14 03:54:46] [INFO] [压力位突破警报-75000-心理阻力] CHECK_START
  {}
[2026-03-14 03:54:46] [INFO] [压力位突破警报-78000-中期目标] CHECK_START
  {}
[2026-03-14 03:54:46] [INFO] [支撑位跌破警报-70000-关键支撑] CHECK_START
  {}
[2026-03-14 03:54:47] [INFO] [压力位突破警报-78000-中期目标] CHECK_PASSED
  {}
[2026-03-14 03:54:47] [INFO] [支撑位跌破警报-70000-关键支撑] CHECK_PASSED
  {}
[2026-03-14 03:54:47] [INFO] [压力位突破警报-74084-3月4日高点] CHECK_PASSED
  {}
[2026-03-14 03:54:47] [INFO] [压力位突破警报-75000-心理阻力] CHECK_PASSED
  {}
[2026-03-14 03:59:53] [INFO] [压力位突破警报-74084-3月4日高点] CHECK_START
  {}
[2026-03-14 03:59:53] [INFO] [压力位突破警报-75000-心理阻力] CHECK_START
  {}
[2026-03-14 03:59:53] [INFO] [压力位突破警报-78000-中期目标] CHECK_START
  {}
[2026-03-14 03:59:53] [INFO] [支撑位跌破警报-70000-关键支撑] CHECK_START
  {}
[2026-03-14 03:59:54] [INFO] [压力位突破警报-75000-心理阻力] CHECK_PASSED
  {}
[2026-03-14 03:59:54] [INFO] [压力位突破警报-78000-中期目标] CHECK_PASSED
  {}
[2026-03-14 03:59:54] [INFO] [压力位突破警报-74084-3月4日高点] CHECK_PASSED
  {}
[2026-03-14 03:59:55] [INFO] [支撑位跌破警报-70000-关键支撑] CHECK_PASSED
  {}
[2026-03-14 04:05:00] [INFO] [压力位突破警报-74084-3月4日高点] CHECK_START
  {}
[2026-03-14 04:05:00] [INFO] [压力位突破警报-75000-心理阻力] CHECK_START
  {}
[2026-03-14 04:05:00] [INFO] [压力位突破警报-78000-中期目标] CHECK_START
  {}
[2026-03-14 04:05:00] [INFO] [支撑位跌破警报-70000-关键支撑] CHECK_START
  {}
[2026-03-14 04:05:01] [INFO] [压力位突破警报-78000-中期目标] CHECK_PASSED
  {}
[2026-03-14 04:05:02] [INFO] [压力位突破警报-75000-心理阻力] CHECK_PASSED
  {}
[2026-03-14 04:05:02] [INFO] [支撑位跌破警报-70000-关键支撑] CHECK_PASSED
  {}
[2026-03-14 04:05:03] [INFO] [压力位突破警报-74084-3月4日高点] CHECK_PASSED
  {}
[2026-03-14 04:10:08] [INFO] [压力位突破警报-74084-3月4日高点] CHECK_START
  {}
[2026-03-14 04:10:08] [INFO] [压力位突破警报-75000-心理阻力] CHECK_START
  {}
[2026-03-14 04:10:08] [INFO] [压力位突破警报-78000-中期目标] CHECK_START
  {}
[2026-03-14 04:10:08] [INFO] [支撑位跌破警报-70000-关键支撑] CHECK_START
  {}
[2026-03-14 04:10:09] [INFO] [压力位突破警报-74084-3月4日高点] CHECK_PASSED
  {}
[2026-03-14 04:10:10] [INFO] [压力位突破警报-75000-心理阻力] CHECK_PASSED
  {}
[2026-03-14 04:10:10] [INFO] [压力位突破警报-78000-中期目标] CHECK_PASSED
  {}
[2026-03-14 04:10:10] [INFO] [支撑位跌破警报-70000-关键支撑] CHECK_PASSED
  {}
[2026-03-14 04:15:17] [INFO] [压力位突破警报-74084-3月4日高点] CHECK_START
  {}
[2026-03-14 04:15:17] [INFO] [压力位突破警报-75000-心理阻力] CHECK_START
  {}
[2026-03-14 04:15:17] [INFO] [压力位突破警报-78000-中期目标] CHECK_START
  {}
[2026-03-14 04:15:17] [INFO] [支撑位跌破警报-70000-关键支撑] CHECK_START
  {}
[2026-03-14 04:15:18] [INFO] [压力位突破警报-75000-心理阻力] CHECK_PASSED
  {}
[2026-03-14 04:15:18] [INFO] [压力位突破警报-78000-中期目标] CHECK_PASSED
  {}
[2026-03-14 04:15:19] [INFO] [压力位突破警报-74084-3月4日高点] CHECK_PASSED
  {}
[2026-03-14 04:15:19] [INFO] [支撑位跌破警报-70000-关键支撑] CHECK_PASSED
  {}
[2026-03-14 04:20:25] [INFO] [压力位突破警报-74084-3月4日高点] CHECK_START
  {}
[2026-03-14 04:20:25] [INFO] [压力位突破警报-75000-心理阻力] CHECK_START
  {}
[2026-03-14 04:20:25] [INFO] [压力位突破警报-78000-中期目标] CHECK_START
  {}
[2026-03-14 04:20:25] [INFO] [支撑位跌破警报-70000-关键支撑] CHECK_START
  {}
[2026-03-14 04:20:26] [INFO] [压力位突破警报-74084-3月4日高点] CHECK_PASSED
  {}
[2026-03-14 04:20:26] [INFO] [支撑位跌破警报-70000-关键支撑] CHECK_PASSED
  {}
[2026-03-14 04:20:26] [INFO] [压力位突破警报-75000-心理阻力] CHECK_PASSED
  {}
[2026-03-14 04:20:27] [INFO] [压力位突破警报-78000-中期目标] CHECK_PASSED
  {}
[2026-03-14 04:25:33] [INFO] [压力位突破警报-74084-3月4日高点] CHECK_START
  {}
[2026-03-14 04:25:33] [INFO] [压力位突破警报-75000-心理阻力] CHECK_START
  {}
[2026-03-14 04:25:33] [INFO] [压力位突破警报-78000-中期目标] CHECK_START
  {}
[2026-03-14 04:25:33] [INFO] [支撑位跌破警报-70000-关键支撑] CHECK_START
  {}
[2026-03-14 04:25:34] [INFO] [支撑位跌破警报-70000-关键支撑] CHECK_PASSED
  {}
[2026-03-14 04:25:34] [INFO] [压力位突破警报-75000-心理阻力] CHECK_PASSED
  {}
[2026-03-14 04:25:34] [INFO] [压力位突破警报-78000-中期目标] CHECK_PASSED
  {}
[2026-03-14 04:25:34] [INFO] [压力位突破警报-74084-3月4日高点] CHECK_PASSED
  {}
[2026-03-14 04:30:40] [INFO] [压力位突破警报-74084-3月4日高点] CHECK_START
  {}
[2026-03-14 04:30:41] [INFO] [压力位突破警报-75000-心理阻力] CHECK_START
  {}
[2026-03-14 04:30:41] [INFO] [压力位突破警报-78000-中期目标] CHECK_START
  {}
[2026-03-14 04:30:41] [INFO] [支撑位跌破警报-70000-关键支撑] CHECK_START
  {}
[2026-03-14 04:30:42] [INFO] [压力位突破警报-75000-心理阻力] CHECK_PASSED
  {}
[2026-03-14 04:30:42] [INFO] [压力位突破警报-78000-中期目标] CHECK_PASSED
  {}
[2026-03-14 04:30:43] [INFO] [压力位突破警报-74084-3月4日高点] CHECK_PASSED
  {}
[2026-03-14 04:30:43] [INFO] [支撑位跌破警报-70000-关键支撑] CHECK_PASSED
  {}
[2026-03-14 04:35:49] [INFO] [压力位突破警报-74084-3月4日高点] CHECK_START
  {}
[2026-03-14 04:35:49] [INFO] [压力位突破警报-75000-心理阻力] CHECK_START
  {}
[2026-03-14 04:35:49] [INFO] [压力位突破警报-78000-中期目标] CHECK_START
  {}
[2026-03-14 04:35:49] [INFO] [支撑位跌破警报-70000-关键支撑] CHECK_START
  {}
[2026-03-14 04:35:50] [INFO] [压力位突破警报-74084-3月4日高点] CHECK_PASSED
  {}
[2026-03-14 04:35:50] [INFO] [压力位突破警报-78000-中期目标] CHECK_PASSED
  {}
[2026-03-14 04:35:50] [INFO] [压力位突破警报-75000-心理阻力] CHECK_PASSED
  {}
[2026-03-14 04:35:50] [INFO] [支撑位跌破警报-70000-关键支撑] CHECK_PASSED
  {}
[2026-03-14 04:40:56] [INFO] [压力位突破警报-74084-3月4日高点] CHECK_START
  {}
[2026-03-14 04:40:56] [INFO] [压力位突破警报-75000-心理阻力] CHECK_START
  {}
[2026-03-14 04:40:56] [INFO] [压力位突破警报-78000-中期目标] CHECK_START
  {}
[2026-03-14 04:40:56] [INFO] [支撑位跌破警报-70000-关键支撑] CHECK_START
  {}
[2026-03-14 04:40:57] [INFO] [支撑位跌破警报-70000-关键支撑] CHECK_PASSED
  {}
[2026-03-14 04:40:57] [INFO] [压力位突破警报-78000-中期目标] CHECK_PASSED
  {}
[2026-03-14 04:40:57] [INFO] [压力位突破警报-74084-3月4日高点] CHECK_PASSED
  {}
[2026-03-14 04:40:57] [INFO] [压力位突破警报-75000-心理阻力] CHECK_PASSED
  {}
[2026-03-14 04:46:03] [INFO] [压力位突破警报-74084-3月4日高点] CHECK_START
  {}
[2026-03-14 04:46:03] [INFO] [压力位突破警报-75000-心理阻力] CHECK_START
  {}
[2026-03-14 04:46:03] [INFO] [压力位突破警报-78000-中期目标] CHECK_START
  {}
[2026-03-14 04:46:03] [INFO] [支撑位跌破警报-70000-关键支撑] CHECK_START
  {}
[2026-03-14 04:46:04] [INFO] [支撑位跌破警报-70000-关键支撑] CHECK_PASSED
  {}
[2026-03-14 04:46:04] [INFO] [压力位突破警报-75000-心理阻力] CHECK_PASSED
  {}
[2026-03-14 04:46:04] [INFO] [压力位突破警报-78000-中期目标] CHECK_PASSED
  {}
[2026-03-14 04:46:04] [INFO] [压力位突破警报-74084-3月4日高点] CHECK_PASSED
  {}
[2026-03-14 04:51:11] [INFO] [压力位突破警报-74084-3月4日高点] CHECK_START
  {}
[2026-03-14 04:51:11] [INFO] [压力位突破警报-75000-心理阻力] CHECK_START
  {}
[2026-03-14 04:51:11] [INFO] [压力位突破警报-78000-中期目标] CHECK_START
  {}
[2026-03-14 04:51:11] [INFO] [支撑位跌破警报-70000-关键支撑] CHECK_START
  {}
[2026-03-14 04:51:12] [INFO] [压力位突破警报-78000-中期目标] CHECK_PASSED
  {}
[2026-03-14 04:51:12] [INFO] [支撑位跌破警报-70000-关键支撑] CHECK_PASSED
  {}
[2026-03-14 04:51:12] [INFO] [压力位突破警报-74084-3月4日高点] CHECK_PASSED
  {}
[2026-03-14 04:51:14] [INFO] [压力位突破警报-75000-心理阻力] CHECK_PASSED
  {}
[2026-03-14 04:56:18] [INFO] [压力位突破警报-74084-3月4日高点] CHECK_START
  {}
[2026-03-14 04:56:18] [INFO] [压力位突破警报-75000-心理阻力] CHECK_START
  {}
[2026-03-14 04:56:18] [INFO] [压力位突破警报-78000-中期目标] CHECK_START
  {}
[2026-03-14 04:56:18] [INFO] [支撑位跌破警报-70000-关键支撑] CHECK_START
  {}
[2026-03-14 04:56:19] [INFO] [支撑位跌破警报-70000-关键支撑] CHECK_PASSED
  {}
[2026-03-14 04:56:19] [INFO] [压力位突破警报-75000-心理阻力] CHECK_PASSED
  {}
[2026-03-14 04:56:19] [INFO] [压力位突破警报-78000-中期目标] CHECK_PASSED
  {}
[2026-03-14 04:56:19] [INFO] [压力位突破警报-74084-3月4日高点] CHECK_PASSED
  {}
[2026-03-14 05:01:24] [INFO] [压力位突破警报-74084-3月4日高点] CHECK_START
  {}
[2026-03-14 05:01:24] [INFO] [压力位突破警报-75000-心理阻力] CHECK_START
  {}
[2026-03-14 05:01:24] [INFO] [压力位突破警报-78000-中期目标] CHECK_START
  {}
[2026-03-14 05:01:24] [INFO] [支撑位跌破警报-70000-关键支撑] CHECK_START
  {}
[2026-03-14 05:01:26] [INFO] [压力位突破警报-78000-中期目标] CHECK_PASSED
  {}
[2026-03-14 05:01:26] [INFO] [支撑位跌破警报-70000-关键支撑] CHECK_PASSED
  {}
[2026-03-14 05:01:26] [INFO] [压力位突破警报-74084-3月4日高点] CHECK_PASSED
  {}
[2026-03-14 05:01:26] [INFO] [压力位突破警报-75000-心理阻力] CHECK_PASSED
  {}
[2026-03-14 05:06:31] [INFO] [压力位突破警报-74084-3月4日高点] CHECK_START
  {}
[2026-03-14 05:06:31] [INFO] [压力位突破警报-75000-心理阻力] CHECK_START
  {}
[2026-03-14 05:06:31] [INFO] [压力位突破警报-78000-中期目标] CHECK_START
  {}
[2026-03-14 05:06:31] [INFO] [支撑位跌破警报-70000-关键支撑] CHECK_START
  {}
[2026-03-14 05:06:32] [INFO] [支撑位跌破警报-70000-关键支撑] CHECK_PASSED
  {}
[2026-03-14 05:06:32] [INFO] [压力位突破警报-75000-心理阻力] CHECK_PASSED
  {}
[2026-03-14 05:06:32] [INFO] [压力位突破警报-74084-3月4日高点] CHECK_PASSED
  {}
[2026-03-14 05:06:32] [INFO] [压力位突破警报-78000-中期目标] CHECK_PASSED
  {}
[2026-03-14 05:11:37] [INFO] [压力位突破警报-74084-3月4日高点] CHECK_START
  {}
[2026-03-14 05:11:37] [INFO] [压力位突破警报-75000-心理阻力] CHECK_START
  {}
[2026-03-14 05:11:37] [INFO] [压力位突破警报-78000-中期目标] CHECK_START
  {}
[2026-03-14 05:11:37] [INFO] [支撑位跌破警报-70000-关键支撑] CHECK_START
  {}
[2026-03-14 05:11:39] [INFO] [压力位突破警报-78000-中期目标] CHECK_PASSED
  {}
[2026-03-14 05:11:39] [INFO] [压力位突破警报-75000-心理阻力] CHECK_PASSED
  {}
[2026-03-14 05:11:39] [INFO] [压力位突破警报-74084-3月4日高点] CHECK_PASSED
  {}
[2026-03-14 05:11:39] [INFO] [支撑位跌破警报-70000-关键支撑] CHECK_PASSED
  {}
[2026-03-14 05:16:44] [INFO] [压力位突破警报-74084-3月4日高点] CHECK_START
  {}
[2026-03-14 05:16:44] [INFO] [压力位突破警报-75000-心理阻力] CHECK_START
  {}
[2026-03-14 05:16:44] [INFO] [压力位突破警报-78000-中期目标] CHECK_START
  {}
[2026-03-14 05:16:44] [INFO] [支撑位跌破警报-70000-关键支撑] CHECK_START
  {}
[2026-03-14 05:16:45] [INFO] [支撑位跌破警报-70000-关键支撑] CHECK_PASSED
  {}
[2026-03-14 05:16:45] [INFO] [压力位突破警报-74084-3月4日高点] CHECK_PASSED
  {}
[2026-03-14 05:16:45] [INFO] [压力位突破警报-78000-中期目标] CHECK_PASSED
  {}
[2026-03-14 05:16:45] [INFO] [压力位突破警报-75000-心理阻力] CHECK_PASSED
  {}
[2026-03-14 05:21:49] [INFO] [压力位突破警报-74084-3月4日高点] CHECK_START
  {}
[2026-03-14 05:21:49] [INFO] [压力位突破警报-75000-心理阻力] CHECK_START
  {}
[2026-03-14 05:21:49] [INFO] [压力位突破警报-78000-中期目标] CHECK_START
  {}
[2026-03-14 05:21:49] [INFO] [支撑位跌破警报-70000-关键支撑] CHECK_START
  {}
[2026-03-14 05:21:51] [INFO] [支撑位跌破警报-70000-关键支撑] CHECK_PASSED
  {}
[2026-03-14 05:21:51] [INFO] [压力位突破警报-78000-中期目标] CHECK_PASSED
  {}
[2026-03-14 05:21:51] [INFO] [压力位突破警报-75000-心理阻力] CHECK_PASSED
  {}
[2026-03-14 05:21:51] [INFO] [压力位突破警报-74084-3月4日高点] CHECK_PASSED
  {}
[2026-03-14 05:26:54] [INFO] [压力位突破警报-74084-3月4日高点] CHECK_START
  {}
[2026-03-14 05:26:54] [INFO] [压力位突破警报-75000-心理阻力] CHECK_START
  {}
[2026-03-14 05:26:54] [INFO] [压力位突破警报-78000-中期目标] CHECK_START
  {}
[2026-03-14 05:26:54] [INFO] [支撑位跌破警报-70000-关键支撑] CHECK_START
  {}
[2026-03-14 05:26:55] [INFO] [支撑位跌破警报-70000-关键支撑] CHECK_PASSED
  {}
[2026-03-14 05:26:55] [INFO] [压力位突破警报-74084-3月4日高点] CHECK_PASSED
  {}
[2026-03-14 05:26:55] [INFO] [压力位突破警报-78000-中期目标] CHECK_PASSED
  {}
[2026-03-14 05:26:55] [INFO] [压力位突破警报-75000-心理阻力] CHECK_PASSED
  {}
[2026-03-14 05:31:56] [INFO] [压力位突破警报-74084-3月4日高点] CHECK_START
  {}
[2026-03-14 05:31:56] [INFO] [压力位突破警报-75000-心理阻力] CHECK_START
  {}
[2026-03-14 05:31:56] [INFO] [压力位突破警报-78000-中期目标] CHECK_START
  {}
[2026-03-14 05:31:56] [INFO] [支撑位跌破警报-70000-关键支撑] CHECK_START
  {}
[2026-03-14 05:31:57] [INFO] [压力位突破警报-74084-3月4日高点] CHECK_PASSED
  {}
[2026-03-14 05:31:57] [INFO] [压力位突破警报-75000-心理阻力] CHECK_PASSED
  {}
[2026-03-14 05:31:58] [INFO] [压力位突破警报-78000-中期目标] CHECK_PASSED
  {}
[2026-03-14 05:31:58] [INFO] [支撑位跌破警报-70000-关键支撑] CHECK_PASSED
  {}
[2026-03-14 05:37:01] [INFO] [压力位突破警报-74084-3月4日高点] CHECK_START
  {}
[2026-03-14 05:37:01] [INFO] [压力位突破警报-75000-心理阻力] CHECK_START
  {}
[2026-03-14 05:37:01] [INFO] [压力位突破警报-78000-中期目标] CHECK_START
  {}
[2026-03-14 05:37:01] [INFO] [支撑位跌破警报-70000-关键支撑] CHECK_START
  {}
[2026-03-14 05:37:02] [INFO] [压力位突破警报-74084-3月4日高点] CHECK_PASSED
  {}
[2026-03-14 05:37:02] [INFO] [压力位突破警报-75000-心理阻力] CHECK_PASSED
  {}
[2026-03-14 05:37:02] [INFO] [压力位突破警报-78000-中期目标] CHECK_PASSED
  {}
[2026-03-14 05:37:02] [INFO] [支撑位跌破警报-70000-关键支撑] CHECK_PASSED
  {}
[2026-03-14 05:42:06] [INFO] [压力位突破警报-74084-3月4日高点] CHECK_START
  {}
[2026-03-14 05:42:06] [INFO] [压力位突破警报-75000-心理阻力] CHECK_START
  {}
[2026-03-14 05:42:06] [INFO] [压力位突破警报-78000-中期目标] CHECK_START
  {}
[2026-03-14 05:42:06] [INFO] [支撑位跌破警报-70000-关键支撑] CHECK_START
  {}
[2026-03-14 05:42:07] [INFO] [压力位突破警报-75000-心理阻力] CHECK_PASSED
  {}
[2026-03-14 05:42:07] [INFO] [支撑位跌破警报-70000-关键支撑] CHECK_PASSED
  {}
[2026-03-14 05:42:07] [INFO] [压力位突破警报-74084-3月4日高点] CHECK_PASSED
  {}
[2026-03-14 05:42:08] [INFO] [压力位突破警报-78000-中期目标] CHECK_PASSED
  {}
[2026-03-14 05:47:11] [INFO] [压力位突破警报-74084-3月4日高点] CHECK_START
  {}
[2026-03-14 05:47:11] [INFO] [压力位突破警报-75000-心理阻力] CHECK_START
  {}
[2026-03-14 05:47:11] [INFO] [压力位突破警报-78000-中期目标] CHECK_START
  {}
[2026-03-14 05:47:11] [INFO] [支撑位跌破警报-70000-关键支撑] CHECK_START
  {}
[2026-03-14 05:47:12] [INFO] [压力位突破警报-78000-中期目标] CHECK_PASSED
  {}
[2026-03-14 05:47:12] [INFO] [压力位突破警报-74084-3月4日高点] CHECK_PASSED
  {}
[2026-03-14 05:47:12] [INFO] [压力位突破警报-75000-心理阻力] CHECK_PASSED
  {}
[2026-03-14 05:47:13] [INFO] [支撑位跌破警报-70000-关键支撑] CHECK_PASSED
  {}
[2026-03-14 05:52:16] [INFO] [压力位突破警报-74084-3月4日高点] CHECK_START
  {}
[2026-03-14 05:52:16] [INFO] [压力位突破警报-75000-心理阻力] CHECK_START
  {}
[2026-03-14 05:52:16] [INFO] [压力位突破警报-78000-中期目标] CHECK_START
  {}
[2026-03-14 05:52:16] [INFO] [支撑位跌破警报-70000-关键支撑] CHECK_START
  {}
[2026-03-14 05:52:17] [INFO] [压力位突破警报-74084-3月4日高点] CHECK_PASSED
  {}
[2026-03-14 05:52:17] [INFO] [压力位突破警报-78000-中期目标] CHECK_PASSED
  {}
[2026-03-14 05:52:18] [INFO] [压力位突破警报-75000-心理阻力] CHECK_PASSED
  {}
[2026-03-14 05:52:18] [INFO] [支撑位跌破警报-70000-关键支撑] CHECK_PASSED
  {}
[2026-03-14 05:57:21] [INFO] [压力位突破警报-74084-3月4日高点] CHECK_START
  {}
[2026-03-14 05:57:21] [INFO] [压力位突破警报-75000-心理阻力] CHECK_START
  {}
[2026-03-14 05:57:21] [INFO] [压力位突破警报-78000-中期目标] CHECK_START
  {}
[2026-03-14 05:57:21] [INFO] [支撑位跌破警报-70000-关键支撑] CHECK_START
  {}
[2026-03-14 05:57:22] [INFO] [支撑位跌破警报-70000-关键支撑] CHECK_PASSED
  {}
[2026-03-14 05:57:22] [INFO] [压力位突破警报-74084-3月4日高点] CHECK_PASSED
  {}
[2026-03-14 05:57:22] [INFO] [压力位突破警报-75000-心理阻力] CHECK_PASSED
  {}
[2026-03-14 05:57:22] [INFO] [压力位突破警报-78000-中期目标] CHECK_PASSED
  {}
[2026-03-14 06:02:26] [INFO] [压力位突破警报-74084-3月4日高点] CHECK_START
  {}
[2026-03-14 06:02:26] [INFO] [压力位突破警报-75000-心理阻力] CHECK_START
  {}
[2026-03-14 06:02:26] [INFO] [压力位突破警报-78000-中期目标] CHECK_START
  {}
[2026-03-14 06:02:26] [INFO] [支撑位跌破警报-70000-关键支撑] CHECK_START
  {}
[2026-03-14 06:02:27] [INFO] [支撑位跌破警报-70000-关键支撑] CHECK_PASSED
  {}
[2026-03-14 06:02:27] [INFO] [压力位突破警报-78000-中期目标] CHECK_PASSED
  {}
[2026-03-14 06:02:27] [INFO] [压力位突破警报-75000-心理阻力] CHECK_PASSED
  {}
[2026-03-14 06:02:27] [INFO] [压力位突破警报-74084-3月4日高点] CHECK_PASSED
  {}
[2026-03-14 06:07:31] [INFO] [压力位突破警报-74084-3月4日高点] CHECK_START
  {}
[2026-03-14 06:07:31] [INFO] [压力位突破警报-75000-心理阻力] CHECK_START
  {}
[2026-03-14 06:07:31] [INFO] [压力位突破警报-78000-中期目标] CHECK_START
  {}
[2026-03-14 06:07:31] [INFO] [支撑位跌破警报-70000-关键支撑] CHECK_START
  {}
[2026-03-14 06:07:32] [INFO] [支撑位跌破警报-70000-关键支撑] CHECK_PASSED
  {}
[2026-03-14 06:07:32] [INFO] [压力位突破警报-74084-3月4日高点] CHECK_PASSED
  {}
[2026-03-14 06:07:32] [INFO] [压力位突破警报-75000-心理阻力] CHECK_PASSED
  {}
[2026-03-14 06:07:33] [INFO] [压力位突破警报-78000-中期目标] CHECK_PASSED
  {}
[2026-03-14 06:12:36] [INFO] [压力位突破警报-74084-3月4日高点] CHECK_START
  {}
[2026-03-14 06:12:36] [INFO] [压力位突破警报-75000-心理阻力] CHECK_START
  {}
[2026-03-14 06:12:36] [INFO] [压力位突破警报-78000-中期目标] CHECK_START
  {}
[2026-03-14 06:12:36] [INFO] [支撑位跌破警报-70000-关键支撑] CHECK_START
  {}
[2026-03-14 06:12:37] [INFO] [压力位突破警报-78000-中期目标] CHECK_PASSED
  {}
[2026-03-14 06:12:37] [INFO] [压力位突破警报-75000-心理阻力] CHECK_PASSED
  {}
[2026-03-14 06:12:37] [INFO] [支撑位跌破警报-70000-关键支撑] CHECK_PASSED
  {}
[2026-03-14 06:12:37] [INFO] [压力位突破警报-74084-3月4日高点] CHECK_PASSED
  {}
[2026-03-14 06:17:36] [INFO] [压力位突破警报-74084-3月4日高点] CHECK_START
  {}
[2026-03-14 06:17:36] [INFO] [压力位突破警报-75000-心理阻力] CHECK_START
  {}
[2026-03-14 06:17:36] [INFO] [压力位突破警报-78000-中期目标] CHECK_START
  {}
[2026-03-14 06:17:36] [INFO] [支撑位跌破警报-70000-关键支撑] CHECK_START
  {}
[2026-03-14 06:17:37] [INFO] [压力位突破警报-75000-心理阻力] CHECK_PASSED
  {}
[2026-03-14 06:17:37] [INFO] [压力位突破警报-74084-3月4日高点] CHECK_PASSED
  {}
[2026-03-14 06:17:37] [INFO] [压力位突破警报-78000-中期目标] CHECK_PASSED
  {}
[2026-03-14 06:17:37] [INFO] [支撑位跌破警报-70000-关键支撑] CHECK_PASSED
  {}
[2026-03-14 06:22:36] [INFO] [压力位突破警报-74084-3月4日高点] CHECK_START
  {}
[2026-03-14 06:22:36] [INFO] [压力位突破警报-75000-心理阻力] CHECK_START
  {}
[2026-03-14 06:22:36] [INFO] [压力位突破警报-78000-中期目标] CHECK_START
  {}
[2026-03-14 06:22:36] [INFO] [支撑位跌破警报-70000-关键支撑] CHECK_START
  {}
[2026-03-14 06:22:37] [INFO] [压力位突破警报-75000-心理阻力] CHECK_PASSED
  {}
[2026-03-14 06:22:37] [INFO] [压力位突破警报-74084-3月4日高点] CHECK_PASSED
  {}
[2026-03-14 06:22:37] [INFO] [压力位突破警报-78000-中期目标] CHECK_PASSED
  {}
[2026-03-14 06:22:37] [INFO] [支撑位跌破警报-70000-关键支撑] CHECK_PASSED
  {}
[2026-03-14 06:27:36] [INFO] [压力位突破警报-74084-3月4日高点] CHECK_START
  {}
[2026-03-14 06:27:36] [INFO] [压力位突破警报-75000-心理阻力] CHECK_START
  {}
[2026-03-14 06:27:36] [INFO] [压力位突破警报-78000-中期目标] CHECK_START
  {}
[2026-03-14 06:27:36] [INFO] [支撑位跌破警报-70000-关键支撑] CHECK_START
  {}
[2026-03-14 06:27:37] [INFO] [压力位突破警报-75000-心理阻力] CHECK_PASSED
  {}
[2026-03-14 06:27:37] [INFO] [压力位突破警报-74084-3月4日高点] CHECK_PASSED
  {}
[2026-03-14 06:27:37] [INFO] [支撑位跌破警报-70000-关键支撑] CHECK_PASSED
  {}
[2026-03-14 06:28:06] [INFO] [压力位突破警报-78000-中期目标] CHECK_PASSED
  {}
[2026-03-14 06:32:36] [INFO] [压力位突破警报-74084-3月4日高点] CHECK_START
  {}
[2026-03-14 06:32:36] [INFO] [压力位突破警报-75000-心理阻力] CHECK_START
  {}
[2026-03-14 06:32:36] [INFO] [压力位突破警报-78000-中期目标] CHECK_START
  {}
[2026-03-14 06:32:36] [INFO] [支撑位跌破警报-70000-关键支撑] CHECK_START
  {}
[2026-03-14 06:32:38] [INFO] [压力位突破警报-74084-3月4日高点] CHECK_PASSED
  {}
[2026-03-14 06:32:38] [INFO] [压力位突破警报-78000-中期目标] CHECK_PASSED
  {}
[2026-03-14 06:32:38] [INFO] [压力位突破警报-75000-心理阻力] CHECK_PASSED
  {}
[2026-03-14 06:32:38] [INFO] [支撑位跌破警报-70000-关键支撑] CHECK_PASSED
  {}
[2026-03-14 06:37:36] [INFO] [压力位突破警报-74084-3月4日高点] CHECK_START
  {}
[2026-03-14 06:37:36] [INFO] [压力位突破警报-75000-心理阻力] CHECK_START
  {}
[2026-03-14 06:37:36] [INFO] [压力位突破警报-78000-中期目标] CHECK_START
  {}
[2026-03-14 06:37:36] [INFO] [支撑位跌破警报-70000-关键支撑] CHECK_START
  {}
[2026-03-14 06:37:37] [INFO] [压力位突破警报-78000-中期目标] CHECK_PASSED
  {}
[2026-03-14 06:37:38] [INFO] [支撑位跌破警报-70000-关键支撑] CHECK_PASSED
  {}
[2026-03-14 06:37:38] [INFO] [压力位突破警报-75000-心理阻力] CHECK_PASSED
  {}
[2026-03-14 06:37:38] [INFO] [压力位突破警报-74084-3月4日高点] CHECK_PASSED
  {}
[2026-03-14 06:42:36] [INFO] [压力位突破警报-74084-3月4日高点] CHECK_START
  {}
[2026-03-14 06:42:36] [INFO] [压力位突破警报-75000-心理阻力] CHECK_START
  {}
[2026-03-14 06:42:36] [INFO] [压力位突破警报-78000-中期目标] CHECK_START
  {}
[2026-03-14 06:42:36] [INFO] [支撑位跌破警报-70000-关键支撑] CHECK_START
  {}
[2026-03-14 06:42:37] [INFO] [压力位突破警报-74084-3月4日高点] CHECK_PASSED
  {}
[2026-03-14 06:42:38] [INFO] [压力位突破警报-75000-心理阻力] CHECK_PASSED
  {}
[2026-03-14 06:42:38] [INFO] [压力位突破警报-78000-中期目标] CHECK_PASSED
  {}
[2026-03-14 06:42:38] [INFO] [支撑位跌破警报-70000-关键支撑] CHECK_PASSED
  {}
[2026-03-14 06:47:36] [INFO] [压力位突破警报-74084-3月4日高点] CHECK_START
  {}
[2026-03-14 06:47:36] [INFO] [压力位突破警报-75000-心理阻力] CHECK_START
  {}
[2026-03-14 06:47:36] [INFO] [压力位突破警报-78000-中期目标] CHECK_START
  {}
[2026-03-14 06:47:36] [INFO] [支撑位跌破警报-70000-关键支撑] CHECK_START
  {}
[2026-03-14 06:47:37] [INFO] [压力位突破警报-75000-心理阻力] CHECK_PASSED
  {}
[2026-03-14 06:47:37] [INFO] [支撑位跌破警报-70000-关键支撑] CHECK_PASSED
  {}
[2026-03-14 06:47:38] [INFO] [压力位突破警报-78000-中期目标] CHECK_PASSED
  {}
[2026-03-14 06:47:38] [INFO] [压力位突破警报-74084-3月4日高点] CHECK_PASSED
  {}
[2026-03-14 06:52:36] [INFO] [压力位突破警报-74084-3月4日高点] CHECK_START
  {}
[2026-03-14 06:52:36] [INFO] [压力位突破警报-75000-心理阻力] CHECK_START
  {}
[2026-03-14 06:52:36] [INFO] [压力位突破警报-78000-中期目标] CHECK_START
  {}
[2026-03-14 06:52:36] [INFO] [支撑位跌破警报-70000-关键支撑] CHECK_START
  {}
[2026-03-14 06:52:37] [INFO] [压力位突破警报-74084-3月4日高点] CHECK_PASSED
  {}
[2026-03-14 06:52:37] [INFO] [支撑位跌破警报-70000-关键支撑] CHECK_PASSED
  {}
[2026-03-14 06:52:38] [INFO] [压力位突破警报-75000-心理阻力] CHECK_PASSED
  {}
[2026-03-14 06:52:38] [INFO] [压力位突破警报-78000-中期目标] CHECK_PASSED
  {}
[2026-03-14 06:57:36] [INFO] [压力位突破警报-74084-3月4日高点] CHECK_START
  {}
[2026-03-14 06:57:36] [INFO] [压力位突破警报-75000-心理阻力] CHECK_START
  {}
[2026-03-14 06:57:36] [INFO] [压力位突破警报-78000-中期目标] CHECK_START
  {}
[2026-03-14 06:57:36] [INFO] [支撑位跌破警报-70000-关键支撑] CHECK_START
  {}
[2026-03-14 06:57:37] [INFO] [压力位突破警报-74084-3月4日高点] CHECK_PASSED
  {}
[2026-03-14 06:57:37] [INFO] [压力位突破警报-75000-心理阻力] CHECK_PASSED
  {}
[2026-03-14 06:57:38] [INFO] [压力位突破警报-78000-中期目标] CHECK_PASSED
  {}
[2026-03-14 06:57:38] [INFO] [支撑位跌破警报-70000-关键支撑] CHECK_PASSED
  {}
[2026-03-14 07:02:36] [INFO] [压力位突破警报-74084-3月4日高点] CHECK_START
  {}
[2026-03-14 07:02:36] [INFO] [压力位突破警报-75000-心理阻力] CHECK_START
  {}
[2026-03-14 07:02:36] [INFO] [压力位突破警报-78000-中期目标] CHECK_START
  {}
[2026-03-14 07:02:36] [INFO] [支撑位跌破警报-70000-关键支撑] CHECK_START
  {}
[2026-03-14 07:02:37] [INFO] [支撑位跌破警报-70000-关键支撑] CHECK_PASSED
  {}
[2026-03-14 07:02:37] [INFO] [压力位突破警报-75000-心理阻力] CHECK_PASSED
  {}
[2026-03-14 07:02:38] [INFO] [压力位突破警报-74084-3月4日高点] CHECK_PASSED
  {}
[2026-03-14 07:02:38] [INFO] [压力位突破警报-78000-中期目标] CHECK_PASSED
  {}
[2026-03-14 07:07:36] [INFO] [压力位突破警报-74084-3月4日高点] CHECK_START
  {}
[2026-03-14 07:07:36] [INFO] [压力位突破警报-75000-心理阻力] CHECK_START
  {}
[2026-03-14 07:07:36] [INFO] [压力位突破警报-78000-中期目标] CHECK_START
  {}
[2026-03-14 07:07:36] [INFO] [支撑位跌破警报-70000-关键支撑] CHECK_START
  {}
[2026-03-14 07:07:37] [INFO] [压力位突破警报-75000-心理阻力] CHECK_PASSED
  {}
[2026-03-14 07:07:37] [INFO] [支撑位跌破警报-70000-关键支撑] CHECK_PASSED
  {}
[2026-03-14 07:07:38] [INFO] [压力位突破警报-74084-3月4日高点] CHECK_PASSED
  {}
[2026-03-14 07:07:38] [INFO] [压力位突破警报-78000-中期目标] CHECK_PASSED
  {}
[2026-03-14 07:12:36] [INFO] [压力位突破警报-74084-3月4日高点] CHECK_START
  {}
[2026-03-14 07:12:36] [INFO] [压力位突破警报-75000-心理阻力] CHECK_START
  {}
[2026-03-14 07:12:36] [INFO] [压力位突破警报-78000-中期目标] CHECK_START
  {}
[2026-03-14 07:12:36] [INFO] [支撑位跌破警报-70000-关键支撑] CHECK_START
  {}
[2026-03-14 07:12:37] [INFO] [压力位突破警报-74084-3月4日高点] CHECK_PASSED
  {}
[2026-03-14 07:12:37] [INFO] [压力位突破警报-78000-中期目标] CHECK_PASSED
  {}
[2026-03-14 07:12:38] [INFO] [支撑位跌破警报-70000-关键支撑] CHECK_PASSED
  {}
[2026-03-14 07:12:38] [INFO] [压力位突破警报-75000-心理阻力] CHECK_PASSED
  {}
[2026-03-14 07:17:36] [INFO] [压力位突破警报-74084-3月4日高点] CHECK_START
  {}
[2026-03-14 07:17:36] [INFO] [压力位突破警报-75000-心理阻力] CHECK_START
  {}
[2026-03-14 07:17:36] [INFO] [压力位突破警报-78000-中期目标] CHECK_START
  {}
[2026-03-14 07:17:36] [INFO] [支撑位跌破警报-70000-关键支撑] CHECK_START
  {}
[2026-03-14 07:17:37] [INFO] [压力位突破警报-75000-心理阻力] CHECK_PASSED
  {}
[2026-03-14 07:17:37] [INFO] [支撑位跌破警报-70000-关键支撑] CHECK_PASSED
  {}
[2026-03-14 07:17:38] [INFO] [压力位突破警报-74084-3月4日高点] CHECK_PASSED
  {}
[2026-03-14 07:17:38] [INFO] [压力位突破警报-78000-中期目标] CHECK_PASSED
  {}
[2026-03-14 07:22:36] [INFO] [压力位突破警报-74084-3月4日高点] CHECK_START
  {}
[2026-03-14 07:22:36] [INFO] [压力位突破警报-75000-心理阻力] CHECK_START
  {}
[2026-03-14 07:22:36] [INFO] [压力位突破警报-78000-中期目标] CHECK_START
  {}
[2026-03-14 07:22:36] [INFO] [支撑位跌破警报-70000-关键支撑] CHECK_START
  {}
[2026-03-14 07:22:38] [INFO] [压力位突破警报-74084-3月4日高点] CHECK_PASSED
  {}
[2026-03-14 07:22:38] [INFO] [压力位突破警报-75000-心理阻力] CHECK_PASSED
  {}
[2026-03-14 07:22:38] [INFO] [支撑位跌破警报-70000-关键支撑] CHECK_PASSED
  {}
[2026-03-14 07:22:38] [INFO] [压力位突破警报-78000-中期目标] CHECK_PASSED
  {}
[2026-03-14 07:27:36] [INFO] [压力位突破警报-74084-3月4日高点] CHECK_START
  {}
[2026-03-14 07:27:36] [INFO] [压力位突破警报-75000-心理阻力] CHECK_START
  {}
[2026-03-14 07:27:36] [INFO] [压力位突破警报-78000-中期目标] CHECK_START
  {}
[2026-03-14 07:27:36] [INFO] [支撑位跌破警报-70000-关键支撑] CHECK_START
  {}
[2026-03-14 07:27:37] [INFO] [压力位突破警报-78000-中期目标] CHECK_PASSED
  {}
[2026-03-14 07:27:37] [INFO] [压力位突破警报-75000-心理阻力] CHECK_PASSED
  {}
[2026-03-14 07:27:38] [INFO] [压力位突破警报-74084-3月4日高点] CHECK_PASSED
  {}
[2026-03-14 07:27:38] [INFO] [支撑位跌破警报-70000-关键支撑] CHECK_PASSED
  {}
[2026-03-14 07:32:36] [INFO] [压力位突破警报-74084-3月4日高点] CHECK_START
  {}
[2026-03-14 07:32:36] [INFO] [压力位突破警报-75000-心理阻力] CHECK_START
  {}
[2026-03-14 07:32:36] [INFO] [压力位突破警报-78000-中期目标] CHECK_START
  {}
[2026-03-14 07:32:36] [INFO] [支撑位跌破警报-70000-关键支撑] CHECK_START
  {}
[2026-03-14 07:32:37] [INFO] [压力位突破警报-74084-3月4日高点] CHECK_PASSED
  {}
[2026-03-14 07:32:37] [INFO] [压力位突破警报-78000-中期目标] CHECK_PASSED
  {}
[2026-03-14 07:32:38] [INFO] [压力位突破警报-75000-心理阻力] CHECK_PASSED
  {}
[2026-03-14 07:32:38] [INFO] [支撑位跌破警报-70000-关键支撑] CHECK_PASSED
  {}
[2026-03-14 07:37:36] [INFO] [压力位突破警报-74084-3月4日高点] CHECK_START
  {}
[2026-03-14 07:37:36] [INFO] [压力位突破警报-75000-心理阻力] CHECK_START
  {}
[2026-03-14 07:37:36] [INFO] [压力位突破警报-78000-中期目标] CHECK_START
  {}
[2026-03-14 07:37:36] [INFO] [支撑位跌破警报-70000-关键支撑] CHECK_START
  {}
[2026-03-14 07:37:38] [INFO] [支撑位跌破警报-70000-关键支撑] CHECK_PASSED
  {}
[2026-03-14 07:37:38] [INFO] [压力位突破警报-75000-心理阻力] CHECK_PASSED
  {}
[2026-03-14 07:37:38] [INFO] [压力位突破警报-78000-中期目标] CHECK_PASSED
  {}
[2026-03-14 07:37:38] [INFO] [压力位突破警报-74084-3月4日高点] CHECK_PASSED
  {}
[2026-03-14 07:42:36] [INFO] [压力位突破警报-74084-3月4日高点] CHECK_START
  {}
[2026-03-14 07:42:36] [INFO] [压力位突破警报-75000-心理阻力] CHECK_START
  {}
[2026-03-14 07:42:36] [INFO] [压力位突破警报-78000-中期目标] CHECK_START
  {}
[2026-03-14 07:42:36] [INFO] [支撑位跌破警报-70000-关键支撑] CHECK_START
  {}
[2026-03-14 07:42:37] [INFO] [压力位突破警报-78000-中期目标] CHECK_PASSED
  {}
[2026-03-14 07:42:37] [INFO] [支撑位跌破警报-70000-关键支撑] CHECK_PASSED
  {}
[2026-03-14 07:42:38] [INFO] [压力位突破警报-74084-3月4日高点] CHECK_PASSED
  {}
[2026-03-14 07:42:38] [INFO] [压力位突破警报-75000-心理阻力] CHECK_PASSED
  {}
[2026-03-14 07:47:36] [INFO] [压力位突破警报-74084-3月4日高点] CHECK_START
  {}
[2026-03-14 07:47:36] [INFO] [压力位突破警报-75000-心理阻力] CHECK_START
  {}
[2026-03-14 07:47:36] [INFO] [压力位突破警报-78000-中期目标] CHECK_START
  {}
[2026-03-14 07:47:36] [INFO] [支撑位跌破警报-70000-关键支撑] CHECK_START
  {}
[2026-03-14 07:47:37] [INFO] [支撑位跌破警报-70000-关键支撑] CHECK_PASSED
  {}
[2026-03-14 07:47:37] [INFO] [压力位突破警报-74084-3月4日高点] CHECK_PASSED
  {}
[2026-03-14 07:47:38] [INFO] [压力位突破警报-75000-心理阻力] CHECK_PASSED
  {}
[2026-03-14 07:47:38] [INFO] [压力位突破警报-78000-中期目标] CHECK_PASSED
  {}
[2026-03-14 07:52:36] [INFO] [压力位突破警报-74084-3月4日高点] CHECK_START
  {}
[2026-03-14 07:52:36] [INFO] [压力位突破警报-75000-心理阻力] CHECK_START
  {}
[2026-03-14 07:52:36] [INFO] [压力位突破警报-78000-中期目标] CHECK_START
  {}
[2026-03-14 07:52:36] [INFO] [支撑位跌破警报-70000-关键支撑] CHECK_START
  {}
[2026-03-14 07:52:37] [INFO] [支撑位跌破警报-70000-关键支撑] CHECK_PASSED
  {}
[2026-03-14 07:52:37] [INFO] [压力位突破警报-78000-中期目标] CHECK_PASSED
  {}
[2026-03-14 07:52:38] [INFO] [压力位突破警报-75000-心理阻力] CHECK_PASSED
  {}
[2026-03-14 07:52:38] [INFO] [压力位突破警报-74084-3月4日高点] CHECK_PASSED
  {}
[2026-03-14 07:57:36] [INFO] [压力位突破警报-74084-3月4日高点] CHECK_START
  {}
[2026-03-14 07:57:36] [INFO] [压力位突破警报-75000-心理阻力] CHECK_START
  {}
[2026-03-14 07:57:36] [INFO] [压力位突破警报-78000-中期目标] CHECK_START
  {}
[2026-03-14 07:57:36] [INFO] [支撑位跌破警报-70000-关键支撑] CHECK_START
  {}
[2026-03-14 07:57:38] [INFO] [支撑位跌破警报-70000-关键支撑] CHECK_PASSED
  {}
[2026-03-14 07:57:38] [INFO] [压力位突破警报-78000-中期目标] CHECK_PASSED
  {}
[2026-03-14 07:57:38] [INFO] [压力位突破警报-74084-3月4日高点] CHECK_PASSED
  {}
[2026-03-14 07:57:39] [INFO] [压力位突破警报-75000-心理阻力] CHECK_PASSED
  {}
[2026-03-14 08:02:36] [INFO] [压力位突破警报-74084-3月4日高点] CHECK_START
  {}
[2026-03-14 08:02:36] [INFO] [压力位突破警报-75000-心理阻力] CHECK_START
  {}
[2026-03-14 08:02:36] [INFO] [压力位突破警报-78000-中期目标] CHECK_START
  {}
[2026-03-14 08:02:36] [INFO] [支撑位跌破警报-70000-关键支撑] CHECK_START
  {}
[2026-03-14 08:02:38] [INFO] [压力位突破警报-74084-3月4日高点] CHECK_PASSED
  {}
[2026-03-14 08:02:38] [INFO] [压力位突破警报-78000-中期目标] CHECK_PASSED
  {}
[2026-03-14 08:02:38] [INFO] [支撑位跌破警报-70000-关键支撑] CHECK_PASSED
  {}
[2026-03-14 08:02:38] [INFO] [压力位突破警报-75000-心理阻力] CHECK_PASSED
  {}
[2026-03-14 08:07:36] [INFO] [压力位突破警报-74084-3月4日高点] CHECK_START
  {}
[2026-03-14 08:07:36] [INFO] [压力位突破警报-75000-心理阻力] CHECK_START
  {}
[2026-03-14 08:07:36] [INFO] [压力位突破警报-78000-中期目标] CHECK_START
  {}
[2026-03-14 08:07:36] [INFO] [支撑位跌破警报-70000-关键支撑] CHECK_START
  {}
[2026-03-14 08:07:38] [INFO] [压力位突破警报-74084-3月4日高点] CHECK_PASSED
  {}
[2026-03-14 08:07:38] [INFO] [压力位突破警报-78000-中期目标] CHECK_PASSED
  {}
[2026-03-14 08:07:38] [INFO] [支撑位跌破警报-70000-关键支撑] CHECK_PASSED
  {}
[2026-03-14 08:07:38] [INFO] [压力位突破警报-75000-心理阻力] CHECK_PASSED
  {}
[2026-03-14 08:12:36] [INFO] [压力位突破警报-74084-3月4日高点] CHECK_START
  {}
[2026-03-14 08:12:36] [INFO] [压力位突破警报-75000-心理阻力] CHECK_START
  {}
[2026-03-14 08:12:36] [INFO] [压力位突破警报-78000-中期目标] CHECK_START
  {}
[2026-03-14 08:12:36] [INFO] [支撑位跌破警报-70000-关键支撑] CHECK_START
  {}
[2026-03-14 08:12:37] [INFO] [支撑位跌破警报-70000-关键支撑] CHECK_PASSED
  {}
[2026-03-14 08:12:38] [INFO] [压力位突破警报-75000-心理阻力] CHECK_PASSED
  {}
[2026-03-14 08:12:38] [INFO] [压力位突破警报-74084-3月4日高点] CHECK_PASSED
  {}
[2026-03-14 08:12:38] [INFO] [压力位突破警报-78000-中期目标] CHECK_PASSED
  {}
[2026-03-14 08:17:36] [INFO] [压力位突破警报-74084-3月4日高点] CHECK_START
  {}
[2026-03-14 08:17:36] [INFO] [压力位突破警报-75000-心理阻力] CHECK_START
  {}
[2026-03-14 08:17:36] [INFO] [压力位突破警报-78000-中期目标] CHECK_START
  {}
[2026-03-14 08:17:36] [INFO] [支撑位跌破警报-70000-关键支撑] CHECK_START
  {}
[2026-03-14 08:17:37] [INFO] [压力位突破警报-75000-心理阻力] CHECK_PASSED
  {}
[2026-03-14 08:17:37] [INFO] [支撑位跌破警报-70000-关键支撑] CHECK_PASSED
  {}
[2026-03-14 08:17:38] [INFO] [压力位突破警报-74084-3月4日高点] CHECK_PASSED
  {}
[2026-03-14 08:17:38] [INFO] [压力位突破警报-78000-中期目标] CHECK_PASSED
  {}
[2026-03-14 08:22:36] [INFO] [压力位突破警报-74084-3月4日高点] CHECK_START
  {}
[2026-03-14 08:22:36] [INFO] [压力位突破警报-75000-心理阻力] CHECK_START
  {}
[2026-03-14 08:22:36] [INFO] [压力位突破警报-78000-中期目标] CHECK_START
  {}
[2026-03-14 08:22:36] [INFO] [支撑位跌破警报-70000-关键支撑] CHECK_START
  {}
[2026-03-14 08:22:37] [INFO] [支撑位跌破警报-70000-关键支撑] CHECK_PASSED
  {}
[2026-03-14 08:22:38] [INFO] [压力位突破警报-74084-3月4日高点] CHECK_PASSED
  {}
[2026-03-14 08:22:38] [INFO] [压力位突破警报-75000-心理阻力] CHECK_PASSED
  {}
[2026-03-14 08:22:39] [INFO] [压力位突破警报-78000-中期目标] CHECK_PASSED
  {}
[2026-03-14 08:27:36] [INFO] [压力位突破警报-74084-3月4日高点] CHECK_START
  {}
[2026-03-14 08:27:36] [INFO] [压力位突破警报-75000-心理阻力] CHECK_START
  {}
[2026-03-14 08:27:36] [INFO] [压力位突破警报-78000-中期目标] CHECK_START
  {}
[2026-03-14 08:27:36] [INFO] [支撑位跌破警报-70000-关键支撑] CHECK_START
  {}
[2026-03-14 08:27:38] [INFO] [压力位突破警报-78000-中期目标] CHECK_PASSED
  {}
[2026-03-14 08:27:38] [INFO] [支撑位跌破警报-70000-关键支撑] CHECK_PASSED
  {}
[2026-03-14 08:27:38] [INFO] [压力位突破警报-75000-心理阻力] CHECK_PASSED
  {}
[2026-03-14 08:27:38] [INFO] [压力位突破警报-74084-3月4日高点] CHECK_PASSED
  {}
[2026-03-14 08:32:36] [INFO] [压力位突破警报-74084-3月4日高点] CHECK_START
  {}
[2026-03-14 08:32:36] [INFO] [压力位突破警报-75000-心理阻力] CHECK_START
  {}
[2026-03-14 08:32:36] [INFO] [压力位突破警报-78000-中期目标] CHECK_START
  {}
[2026-03-14 08:32:36] [INFO] [支撑位跌破警报-70000-关键支撑] CHECK_START
  {}
[2026-03-14 08:32:37] [INFO] [压力位突破警报-78000-中期目标] CHECK_PASSED
  {}
[2026-03-14 08:32:38] [INFO] [支撑位跌破警报-70000-关键支撑] CHECK_PASSED
  {}
[2026-03-14 08:32:38] [INFO] [压力位突破警报-74084-3月4日高点] CHECK_PASSED
  {}
[2026-03-14 08:32:38] [INFO] [压力位突破警报-75000-心理阻力] CHECK_PASSED
  {}
[2026-03-14 08:37:36] [INFO] [压力位突破警报-74084-3月4日高点] CHECK_START
  {}
[2026-03-14 08:37:36] [INFO] [压力位突破警报-75000-心理阻力] CHECK_START
  {}
[2026-03-14 08:37:36] [INFO] [压力位突破警报-78000-中期目标] CHECK_START
  {}
[2026-03-14 08:37:36] [INFO] [支撑位跌破警报-70000-关键支撑] CHECK_START
  {}
[2026-03-14 08:37:37] [INFO] [压力位突破警报-75000-心理阻力] CHECK_PASSED
  {}
[2026-03-14 08:37:37] [INFO] [压力位突破警报-78000-中期目标] CHECK_PASSED
  {}
[2026-03-14 08:37:38] [INFO] [支撑位跌破警报-70000-关键支撑] CHECK_PASSED
  {}
[2026-03-14 08:37:38] [INFO] [压力位突破警报-74084-3月4日高点] CHECK_PASSED
  {}
[2026-03-14 08:42:36] [INFO] [压力位突破警报-74084-3月4日高点] CHECK_START
  {}
[2026-03-14 08:42:36] [INFO] [压力位突破警报-75000-心理阻力] CHECK_START
  {}
[2026-03-14 08:42:36] [INFO] [压力位突破警报-78000-中期目标] CHECK_START
  {}
[2026-03-14 08:42:36] [INFO] [支撑位跌破警报-70000-关键支撑] CHECK_START
  {}
[2026-03-14 08:42:37] [INFO] [支撑位跌破警报-70000-关键支撑] CHECK_PASSED
  {}
[2026-03-14 08:42:37] [INFO] [压力位突破警报-78000-中期目标] CHECK_PASSED
  {}
[2026-03-14 08:42:38] [INFO] [压力位突破警报-75000-心理阻力] CHECK_PASSED
  {}
[2026-03-14 08:42:38] [INFO] [压力位突破警报-74084-3月4日高点] CHECK_PASSED
  {}
[2026-03-14 08:47:36] [INFO] [压力位突破警报-74084-3月4日高点] CHECK_START
  {}
[2026-03-14 08:47:36] [INFO] [压力位突破警报-75000-心理阻力] CHECK_START
  {}
[2026-03-14 08:47:36] [INFO] [压力位突破警报-78000-中期目标] CHECK_START
  {}
[2026-03-14 08:47:36] [INFO] [支撑位跌破警报-70000-关键支撑] CHECK_START
  {}
[2026-03-14 08:47:37] [INFO] [压力位突破警报-74084-3月4日高点] CHECK_PASSED
  {}
[2026-03-14 08:47:38] [INFO] [压力位突破警报-75000-心理阻力] CHECK_PASSED
  {}
[2026-03-14 08:47:38] [INFO] [支撑位跌破警报-70000-关键支撑] CHECK_PASSED
  {}
[2026-03-14 08:47:38] [INFO] [压力位突破警报-78000-中期目标] CHECK_PASSED
  {}
[2026-03-14 08:52:36] [INFO] [压力位突破警报-74084-3月4日高点] CHECK_START
  {}
[2026-03-14 08:52:36] [INFO] [压力位突破警报-75000-心理阻力] CHECK_START
  {}
[2026-03-14 08:52:36] [INFO] [压力位突破警报-78000-中期目标] CHECK_START
  {}
[2026-03-14 08:52:36] [INFO] [支撑位跌破警报-70000-关键支撑] CHECK_START
  {}
[2026-03-14 08:52:37] [INFO] [压力位突破警报-78000-中期目标] CHECK_PASSED
  {}
[2026-03-14 08:52:38] [INFO] [支撑位跌破警报-70000-关键支撑] CHECK_PASSED
  {}
[2026-03-14 08:52:38] [INFO] [压力位突破警报-75000-心理阻力] CHECK_PASSED
  {}
[2026-03-14 08:52:38] [INFO] [压力位突破警报-74084-3月4日高点] CHECK_PASSED
  {}
[2026-03-14 08:57:36] [INFO] [压力位突破警报-74084-3月4日高点] CHECK_START
  {}
[2026-03-14 08:57:36] [INFO] [压力位突破警报-75000-心理阻力] CHECK_START
  {}
[2026-03-14 08:57:36] [INFO] [压力位突破警报-78000-中期目标] CHECK_START
  {}
[2026-03-14 08:57:36] [INFO] [支撑位跌破警报-70000-关键支撑] CHECK_START
  {}
[2026-03-14 08:57:38] [INFO] [支撑位跌破警报-70000-关键支撑] CHECK_PASSED
  {}
[2026-03-14 08:57:38] [INFO] [压力位突破警报-78000-中期目标] CHECK_PASSED
  {}
[2026-03-14 08:57:38] [INFO] [压力位突破警报-75000-心理阻力] CHECK_PASSED
  {}
[2026-03-14 08:57:38] [INFO] [压力位突破警报-74084-3月4日高点] CHECK_PASSED
  {}
[2026-03-14 09:02:36] [INFO] [压力位突破警报-74084-3月4日高点] CHECK_START
  {}
[2026-03-14 09:02:36] [INFO] [压力位突破警报-75000-心理阻力] CHECK_START
  {}
[2026-03-14 09:02:36] [INFO] [压力位突破警报-78000-中期目标] CHECK_START
  {}
[2026-03-14 09:02:36] [INFO] [支撑位跌破警报-70000-关键支撑] CHECK_START
  {}
[2026-03-14 09:02:38] [INFO] [压力位突破警报-75000-心理阻力] CHECK_PASSED
  {}
[2026-03-14 09:02:38] [INFO] [压力位突破警报-78000-中期目标] CHECK_PASSED
  {}
[2026-03-14 09:02:39] [INFO] [压力位突破警报-74084-3月4日高点] CHECK_PASSED
  {}
[2026-03-14 09:02:42] [INFO] [支撑位跌破警报-70000-关键支撑] CHECK_PASSED
  {}
[2026-03-14 09:07:36] [INFO] [压力位突破警报-74084-3月4日高点] CHECK_START
  {}
[2026-03-14 09:07:36] [INFO] [压力位突破警报-75000-心理阻力] CHECK_START
  {}
[2026-03-14 09:07:36] [INFO] [压力位突破警报-78000-中期目标] CHECK_START
  {}
[2026-03-14 09:07:36] [INFO] [支撑位跌破警报-70000-关键支撑] CHECK_START
  {}
[2026-03-14 09:07:38] [INFO] [压力位突破警报-78000-中期目标] CHECK_PASSED
  {}
[2026-03-14 09:07:38] [INFO] [压力位突破警报-74084-3月4日高点] CHECK_PASSED
  {}
[2026-03-14 09:07:39] [INFO] [压力位突破警报-75000-心理阻力] CHECK_PASSED
  {}
[2026-03-14 09:07:40] [INFO] [支撑位跌破警报-70000-关键支撑] CHECK_PASSED
  {}
[2026-03-14 09:12:36] [INFO] [压力位突破警报-74084-3月4日高点] CHECK_START
  {}
[2026-03-14 09:12:36] [INFO] [压力位突破警报-75000-心理阻力] CHECK_START
  {}
[2026-03-14 09:12:36] [INFO] [压力位突破警报-78000-中期目标] CHECK_START
  {}
[2026-03-14 09:12:36] [INFO] [支撑位跌破警报-70000-关键支撑] CHECK_START
  {}
[2026-03-14 09:12:37] [INFO] [压力位突破警报-78000-中期目标] CHECK_PASSED
  {}
[2026-03-14 09:12:37] [INFO] [支撑位跌破警报-70000-关键支撑] CHECK_PASSED
  {}
[2026-03-14 09:12:38] [INFO] [压力位突破警报-75000-心理阻力] CHECK_PASSED
  {}
[2026-03-14 09:12:38] [INFO] [压力位突破警报-74084-3月4日高点] CHECK_PASSED
  {}
[2026-03-14 09:17:36] [INFO] [压力位突破警报-74084-3月4日高点] CHECK_START
  {}
[2026-03-14 09:17:36] [INFO] [压力位突破警报-75000-心理阻力] CHECK_START
  {}
[2026-03-14 09:17:36] [INFO] [压力位突破警报-78000-中期目标] CHECK_START
  {}
[2026-03-14 09:17:36] [INFO] [支撑位跌破警报-70000-关键支撑] CHECK_START
  {}
[2026-03-14 09:17:38] [INFO] [压力位突破警报-78000-中期目标] CHECK_PASSED
  {}
[2026-03-14 09:17:38] [INFO] [压力位突破警报-75000-心理阻力] CHECK_PASSED
  {}
[2026-03-14 09:17:38] [INFO] [压力位突破警报-74084-3月4日高点] CHECK_PASSED
  {}
[2026-03-14 09:17:38] [INFO] [支撑位跌破警报-70000-关键支撑] CHECK_PASSED
  {}
[2026-03-14 09:22:36] [INFO] [压力位突破警报-74084-3月4日高点] CHECK_START
  {}
[2026-03-14 09:22:36] [INFO] [压力位突破警报-75000-心理阻力] CHECK_START
  {}
[2026-03-14 09:22:36] [INFO] [压力位突破警报-78000-中期目标] CHECK_START
  {}
[2026-03-14 09:22:36] [INFO] [支撑位跌破警报-70000-关键支撑] CHECK_START
  {}
[2026-03-14 09:22:37] [INFO] [压力位突破警报-74084-3月4日高点] CHECK_PASSED
  {}
[2026-03-14 09:22:38] [INFO] [压力位突破警报-75000-心理阻力] CHECK_PASSED
  {}
[2026-03-14 09:22:38] [INFO] [支撑位跌破警报-70000-关键支撑] CHECK_PASSED
  {}
[2026-03-14 09:22:39] [INFO] [压力位突破警报-78000-中期目标] CHECK_PASSED
  {}
[2026-03-14 09:27:36] [INFO] [压力位突破警报-74084-3月4日高点] CHECK_START
  {}
[2026-03-14 09:27:36] [INFO] [压力位突破警报-75000-心理阻力] CHECK_START
  {}
[2026-03-14 09:27:36] [INFO] [压力位突破警报-78000-中期目标] CHECK_START
  {}
[2026-03-14 09:27:36] [INFO] [支撑位跌破警报-70000-关键支撑] CHECK_START
  {}
[2026-03-14 09:27:37] [INFO] [支撑位跌破警报-70000-关键支撑] CHECK_PASSED
  {}
[2026-03-14 09:27:38] [INFO] [压力位突破警报-74084-3月4日高点] CHECK_PASSED
  {}
[2026-03-14 09:27:38] [INFO] [压力位突破警报-75000-心理阻力] CHECK_PASSED
  {}
[2026-03-14 09:27:38] [INFO] [压力位突破警报-78000-中期目标] CHECK_PASSED
  {}
[2026-03-14 09:32:36] [INFO] [压力位突破警报-74084-3月4日高点] CHECK_START
  {}
[2026-03-14 09:32:36] [INFO] [压力位突破警报-75000-心理阻力] CHECK_START
  {}
[2026-03-14 09:32:36] [INFO] [压力位突破警报-78000-中期目标] CHECK_START
  {}
[2026-03-14 09:32:36] [INFO] [支撑位跌破警报-70000-关键支撑] CHECK_START
  {}
[2026-03-14 09:32:38] [INFO] [支撑位跌破警报-70000-关键支撑] CHECK_PASSED
  {}
[2026-03-14 09:32:38] [INFO] [压力位突破警报-75000-心理阻力] CHECK_PASSED
  {}
[2026-03-14 09:32:38] [INFO] [压力位突破警报-78000-中期目标] CHECK_PASSED
  {}
[2026-03-14 09:32:39] [INFO] [压力位突破警报-74084-3月4日高点] CHECK_PASSED
  {}
[2026-03-14 09:37:36] [INFO] [压力位突破警报-74084-3月4日高点] CHECK_START
  {}
[2026-03-14 09:37:36] [INFO] [压力位突破警报-75000-心理阻力] CHECK_START
  {}
[2026-03-14 09:37:36] [INFO] [压力位突破警报-78000-中期目标] CHECK_START
  {}
[2026-03-14 09:37:36] [INFO] [支撑位跌破警报-70000-关键支撑] CHECK_START
  {}
[2026-03-14 09:37:38] [INFO] [压力位突破警报-78000-中期目标] CHECK_PASSED
  {}
[2026-03-14 09:37:38] [INFO] [支撑位跌破警报-70000-关键支撑] CHECK_PASSED
  {}
[2026-03-14 09:37:38] [INFO] [压力位突破警报-74084-3月4日高点] CHECK_PASSED
  {}
[2026-03-14 09:37:39] [INFO] [压力位突破警报-75000-心理阻力] CHECK_PASSED
  {}
[2026-03-14 09:42:36] [INFO] [压力位突破警报-74084-3月4日高点] CHECK_START
  {}
[2026-03-14 09:42:36] [INFO] [压力位突破警报-75000-心理阻力] CHECK_START
  {}
[2026-03-14 09:42:36] [INFO] [压力位突破警报-78000-中期目标] CHECK_START
  {}
[2026-03-14 09:42:36] [INFO] [支撑位跌破警报-70000-关键支撑] CHECK_START
  {}
[2026-03-14 09:42:38] [INFO] [压力位突破警报-78000-中期目标] CHECK_PASSED
  {}
[2026-03-14 09:42:38] [INFO] [压力位突破警报-75000-心理阻力] CHECK_PASSED
  {}
[2026-03-14 09:42:39] [INFO] [支撑位跌破警报-70000-关键支撑] CHECK_PASSED
  {}
[2026-03-14 09:42:39] [INFO] [压力位突破警报-74084-3月4日高点] CHECK_PASSED
  {}
[2026-03-14 09:47:36] [INFO] [压力位突破警报-74084-3月4日高点] CHECK_START
  {}
[2026-03-14 09:47:36] [INFO] [压力位突破警报-75000-心理阻力] CHECK_START
  {}
[2026-03-14 09:47:36] [INFO] [压力位突破警报-78000-中期目标] CHECK_START
  {}
[2026-03-14 09:47:36] [INFO] [支撑位跌破警报-70000-关键支撑] CHECK_START
  {}
[2026-03-14 09:47:37] [INFO] [压力位突破警报-75000-心理阻力] CHECK_PASSED
  {}
[2026-03-14 09:47:38] [INFO] [压力位突破警报-74084-3月4日高点] CHECK_PASSED
  {}
[2026-03-14 09:47:38] [INFO] [压力位突破警报-78000-中期目标] CHECK_PASSED
  {}
[2026-03-14 09:47:38] [INFO] [支撑位跌破警报-70000-关键支撑] CHECK_PASSED
  {}
[2026-03-14 09:52:36] [INFO] [压力位突破警报-74084-3月4日高点] CHECK_START
  {}
[2026-03-14 09:52:36] [INFO] [压力位突破警报-75000-心理阻力] CHECK_START
  {}
[2026-03-14 09:52:36] [INFO] [压力位突破警报-78000-中期目标] CHECK_START
  {}
[2026-03-14 09:52:36] [INFO] [支撑位跌破警报-70000-关键支撑] CHECK_START
  {}
[2026-03-14 09:52:37] [INFO] [支撑位跌破警报-70000-关键支撑] CHECK_PASSED
  {}
[2026-03-14 09:52:38] [INFO] [压力位突破警报-74084-3月4日高点] CHECK_PASSED
  {}
[2026-03-14 09:52:38] [INFO] [压力位突破警报-75000-心理阻力] CHECK_PASSED
  {}
[2026-03-14 09:52:40] [INFO] [压力位突破警报-78000-中期目标] CHECK_PASSED
  {}
[2026-03-14 09:57:36] [INFO] [压力位突破警报-74084-3月4日高点] CHECK_START
  {}
[2026-03-14 09:57:36] [INFO] [压力位突破警报-75000-心理阻力] CHECK_START
  {}
[2026-03-14 09:57:36] [INFO] [压力位突破警报-78000-中期目标] CHECK_START
  {}
[2026-03-14 09:57:36] [INFO] [支撑位跌破警报-70000-关键支撑] CHECK_START
  {}
[2026-03-14 09:57:38] [INFO] [支撑位跌破警报-70000-关键支撑] CHECK_PASSED
  {}
[2026-03-14 09:57:39] [INFO] [压力位突破警报-78000-中期目标] CHECK_PASSED
  {}
[2026-03-14 09:57:39] [INFO] [压力位突破警报-75000-心理阻力] CHECK_PASSED
  {}
[2026-03-14 09:57:39] [INFO] [压力位突破警报-74084-3月4日高点] CHECK_PASSED
  {}
[2026-03-14 10:02:36] [INFO] [压力位突破警报-74084-3月4日高点] CHECK_START
  {}
[2026-03-14 10:02:36] [INFO] [压力位突破警报-75000-心理阻力] CHECK_START
  {}
[2026-03-14 10:02:36] [INFO] [压力位突破警报-78000-中期目标] CHECK_START
  {}
[2026-03-14 10:02:36] [INFO] [支撑位跌破警报-70000-关键支撑] CHECK_START
  {}
[2026-03-14 10:02:38] [INFO] [压力位突破警报-74084-3月4日高点] CHECK_PASSED
  {}
[2026-03-14 10:02:38] [INFO] [压力位突破警报-78000-中期目标] CHECK_PASSED
  {}
[2026-03-14 10:02:38] [INFO] [压力位突破警报-75000-心理阻力] CHECK_PASSED
  {}
[2026-03-14 10:02:47] [INFO] [支撑位跌破警报-70000-关键支撑] CHECK_PASSED
  {}
[2026-03-14 10:07:36] [INFO] [压力位突破警报-74084-3月4日高点] CHECK_START
  {}
[2026-03-14 10:07:36] [INFO] [压力位突破警报-75000-心理阻力] CHECK_START
  {}
[2026-03-14 10:07:36] [INFO] [压力位突破警报-78000-中期目标] CHECK_START
  {}
[2026-03-14 10:07:36] [INFO] [支撑位跌破警报-70000-关键支撑] CHECK_START
  {}
[2026-03-14 10:07:37] [INFO] [压力位突破警报-74084-3月4日高点] CHECK_PASSED
  {}
[2026-03-14 10:07:37] [INFO] [压力位突破警报-78000-中期目标] CHECK_PASSED
  {}
[2026-03-14 10:07:38] [INFO] [支撑位跌破警报-70000-关键支撑] CHECK_PASSED
  {}
[2026-03-14 10:07:38] [INFO] [压力位突破警报-75000-心理阻力] CHECK_PASSED
  {}
[2026-03-14 10:12:36] [INFO] [压力位突破警报-74084-3月4日高点] CHECK_START
  {}
[2026-03-14 10:12:36] [INFO] [压力位突破警报-75000-心理阻力] CHECK_START
  {}
[2026-03-14 10:12:36] [INFO] [压力位突破警报-78000-中期目标] CHECK_START
  {}
[2026-03-14 10:12:36] [INFO] [支撑位跌破警报-70000-关键支撑] CHECK_START
  {}
[2026-03-14 10:12:38] [INFO] [压力位突破警报-78000-中期目标] CHECK_PASSED
  {}
[2026-03-14 10:12:40] [INFO] [压力位突破警报-74084-3月4日高点] CHECK_PASSED
  {}
[2026-03-14 10:12:40] [INFO] [支撑位跌破警报-70000-关键支撑] CHECK_PASSED
  {}
[2026-03-14 10:12:43] [INFO] [压力位突破警报-75000-心理阻力] CHECK_PASSED
  {}
[2026-03-14 10:17:36] [INFO] [压力位突破警报-74084-3月4日高点] CHECK_START
  {}
[2026-03-14 10:17:36] [INFO] [压力位突破警报-75000-心理阻力] CHECK_START
  {}
[2026-03-14 10:17:36] [INFO] [压力位突破警报-78000-中期目标] CHECK_START
  {}
[2026-03-14 10:17:36] [INFO] [支撑位跌破警报-70000-关键支撑] CHECK_START
  {}
[2026-03-14 10:17:37] [INFO] [压力位突破警报-78000-中期目标] CHECK_PASSED
  {}
[2026-03-14 10:17:37] [INFO] [支撑位跌破警报-70000-关键支撑] CHECK_PASSED
  {}
[2026-03-14 10:17:38] [INFO] [压力位突破警报-74084-3月4日高点] CHECK_PASSED
  {}
[2026-03-14 10:17:38] [INFO] [压力位突破警报-75000-心理阻力] CHECK_PASSED
  {}
[2026-03-14 10:22:36] [INFO] [压力位突破警报-74084-3月4日高点] CHECK_START
  {}
[2026-03-14 10:22:36] [INFO] [压力位突破警报-75000-心理阻力] CHECK_START
  {}
[2026-03-14 10:22:36] [INFO] [压力位突破警报-78000-中期目标] CHECK_START
  {}
[2026-03-14 10:22:36] [INFO] [支撑位跌破警报-70000-关键支撑] CHECK_START
  {}
[2026-03-14 10:22:38] [INFO] [压力位突破警报-75000-心理阻力] CHECK_PASSED
  {}
[2026-03-14 10:22:38] [INFO] [支撑位跌破警报-70000-关键支撑] CHECK_PASSED
  {}
[2026-03-14 10:22:38] [INFO] [压力位突破警报-74084-3月4日高点] CHECK_PASSED
  {}
[2026-03-14 10:22:41] [INFO] [压力位突破警报-78000-中期目标] CHECK_PASSED
  {}
[2026-03-14 10:27:36] [INFO] [压力位突破警报-74084-3月4日高点] CHECK_START
  {}
[2026-03-14 10:27:36] [INFO] [压力位突破警报-75000-心理阻力] CHECK_START
  {}
[2026-03-14 10:27:36] [INFO] [压力位突破警报-78000-中期目标] CHECK_START
  {}
[2026-03-14 10:27:36] [INFO] [支撑位跌破警报-70000-关键支撑] CHECK_START
  {}
[2026-03-14 10:27:37] [INFO] [支撑位跌破警报-70000-关键支撑] CHECK_PASSED
  {}
[2026-03-14 10:27:38] [INFO] [压力位突破警报-78000-中期目标] CHECK_PASSED
  {}
[2026-03-14 10:27:38] [INFO] [压力位突破警报-75000-心理阻力] CHECK_PASSED
  {}
[2026-03-14 10:27:40] [INFO] [压力位突破警报-74084-3月4日高点] CHECK_PASSED
  {}
[2026-03-14 10:32:36] [INFO] [压力位突破警报-74084-3月4日高点] CHECK_START
  {}
[2026-03-14 10:32:36] [INFO] [压力位突破警报-75000-心理阻力] CHECK_START
  {}
[2026-03-14 10:32:36] [INFO] [压力位突破警报-78000-中期目标] CHECK_START
  {}
[2026-03-14 10:32:36] [INFO] [支撑位跌破警报-70000-关键支撑] CHECK_START
  {}
[2026-03-14 10:32:37] [INFO] [压力位突破警报-78000-中期目标] CHECK_PASSED
  {}
[2026-03-14 10:32:38] [INFO] [压力位突破警报-75000-心理阻力] CHECK_PASSED
  {}
[2026-03-14 10:32:38] [INFO] [支撑位跌破警报-70000-关键支撑] CHECK_PASSED
  {}
[2026-03-14 10:32:46] [INFO] [压力位突破警报-74084-3月4日高点] CHECK_PASSED
  {}
[2026-03-14 10:37:36] [INFO] [压力位突破警报-74084-3月4日高点] CHECK_START
  {}
[2026-03-14 10:37:36] [INFO] [压力位突破警报-75000-心理阻力] CHECK_START
  {}
[2026-03-14 10:37:36] [INFO] [压力位突破警报-78000-中期目标] CHECK_START
  {}
[2026-03-14 10:37:36] [INFO] [支撑位跌破警报-70000-关键支撑] CHECK_START
  {}
[2026-03-14 10:37:37] [INFO] [压力位突破警报-78000-中期目标] CHECK_PASSED
  {}
[2026-03-14 10:37:38] [INFO] [支撑位跌破警报-70000-关键支撑] CHECK_PASSED
  {}
[2026-03-14 10:37:38] [INFO] [压力位突破警报-74084-3月4日高点] CHECK_PASSED
  {}
[2026-03-14 10:37:38] [INFO] [压力位突破警报-75000-心理阻力] CHECK_PASSED
  {}
[2026-03-14 10:42:36] [INFO] [压力位突破警报-74084-3月4日高点] CHECK_START
  {}
[2026-03-14 10:42:36] [INFO] [压力位突破警报-75000-心理阻力] CHECK_START
  {}
[2026-03-14 10:42:36] [INFO] [压力位突破警报-78000-中期目标] CHECK_START
  {}
[2026-03-14 10:42:36] [INFO] [支撑位跌破警报-70000-关键支撑] CHECK_START
  {}
[2026-03-14 10:42:38] [INFO] [支撑位跌破警报-70000-关键支撑] CHECK_PASSED
  {}
[2026-03-14 10:42:39] [INFO] [压力位突破警报-78000-中期目标] CHECK_PASSED
  {}
[2026-03-14 10:42:39] [INFO] [压力位突破警报-74084-3月4日高点] CHECK_PASSED
  {}
[2026-03-14 10:42:42] [INFO] [压力位突破警报-75000-心理阻力] CHECK_PASSED
  {}
[2026-03-14 10:47:36] [INFO] [压力位突破警报-74084-3月4日高点] CHECK_START
  {}
[2026-03-14 10:47:36] [INFO] [压力位突破警报-75000-心理阻力] CHECK_START
  {}
[2026-03-14 10:47:36] [INFO] [压力位突破警报-78000-中期目标] CHECK_START
  {}
[2026-03-14 10:47:36] [INFO] [支撑位跌破警报-70000-关键支撑] CHECK_START
  {}
[2026-03-14 10:47:38] [INFO] [支撑位跌破警报-70000-关键支撑] CHECK_PASSED
  {}
[2026-03-14 10:47:38] [INFO] [压力位突破警报-74084-3月4日高点] CHECK_PASSED
  {}
[2026-03-14 10:47:39] [INFO] [压力位突破警报-78000-中期目标] CHECK_PASSED
  {}
[2026-03-14 10:47:40] [INFO] [压力位突破警报-75000-心理阻力] CHECK_PASSED
  {}
[2026-03-14 10:52:36] [INFO] [压力位突破警报-74084-3月4日高点] CHECK_START
  {}
[2026-03-14 10:52:36] [INFO] [压力位突破警报-75000-心理阻力] CHECK_START
  {}
[2026-03-14 10:52:36] [INFO] [压力位突破警报-78000-中期目标] CHECK_START
  {}
[2026-03-14 10:52:36] [INFO] [支撑位跌破警报-70000-关键支撑] CHECK_START
  {}
[2026-03-14 10:52:37] [INFO] [支撑位跌破警报-70000-关键支撑] CHECK_PASSED
  {}
[2026-03-14 10:52:38] [INFO] [压力位突破警报-75000-心理阻力] CHECK_PASSED
  {}
[2026-03-14 10:52:39] [INFO] [压力位突破警报-74084-3月4日高点] CHECK_PASSED
  {}
[2026-03-14 10:52:41] [INFO] [压力位突破警报-78000-中期目标] CHECK_PASSED
  {}
[2026-03-14 10:57:36] [INFO] [压力位突破警报-74084-3月4日高点] CHECK_START
  {}
[2026-03-14 10:57:36] [INFO] [压力位突破警报-75000-心理阻力] CHECK_START
  {}
[2026-03-14 10:57:36] [INFO] [压力位突破警报-78000-中期目标] CHECK_START
  {}
[2026-03-14 10:57:36] [INFO] [支撑位跌破警报-70000-关键支撑] CHECK_START
  {}
[2026-03-14 10:57:37] [INFO] [压力位突破警报-74084-3月4日高点] CHECK_PASSED
  {}
[2026-03-14 10:57:37] [INFO] [压力位突破警报-75000-心理阻力] CHECK_PASSED
  {}
[2026-03-14 10:57:38] [INFO] [支撑位跌破警报-70000-关键支撑] CHECK_PASSED
  {}
[2026-03-14 10:57:38] [INFO] [压力位突破警报-78000-中期目标] CHECK_PASSED
  {}
[2026-03-14 11:02:36] [INFO] [压力位突破警报-74084-3月4日高点] CHECK_START
  {}
[2026-03-14 11:02:36] [INFO] [压力位突破警报-75000-心理阻力] CHECK_START
  {}
[2026-03-14 11:02:36] [INFO] [压力位突破警报-78000-中期目标] CHECK_START
  {}
[2026-03-14 11:02:36] [INFO] [支撑位跌破警报-70000-关键支撑] CHECK_START
  {}
[2026-03-14 11:02:38] [INFO] [支撑位跌破警报-70000-关键支撑] CHECK_PASSED
  {}
[2026-03-14 11:02:38] [INFO] [压力位突破警报-75000-心理阻力] CHECK_PASSED
  {}
[2026-03-14 11:02:39] [INFO] [压力位突破警报-78000-中期目标] CHECK_PASSED
  {}
[2026-03-14 11:02:45] [INFO] [压力位突破警报-74084-3月4日高点] CHECK_PASSED
  {}
[2026-03-14 11:07:36] [INFO] [压力位突破警报-74084-3月4日高点] CHECK_START
  {}
[2026-03-14 11:07:36] [INFO] [压力位突破警报-75000-心理阻力] CHECK_START
  {}
[2026-03-14 11:07:36] [INFO] [压力位突破警报-78000-中期目标] CHECK_START
  {}
[2026-03-14 11:07:36] [INFO] [支撑位跌破警报-70000-关键支撑] CHECK_START
  {}
[2026-03-14 11:07:38] [INFO] [支撑位跌破警报-70000-关键支撑] CHECK_PASSED
  {}
[2026-03-14 11:07:40] [INFO] [压力位突破警报-74084-3月4日高点] CHECK_PASSED
  {}
[2026-03-14 11:07:41] [INFO] [压力位突破警报-75000-心理阻力] CHECK_PASSED
  {}
[2026-03-14 11:07:44] [INFO] [压力位突破警报-78000-中期目标] CHECK_PASSED
  {}
[2026-03-14 11:12:36] [INFO] [压力位突破警报-74084-3月4日高点] CHECK_START
  {}
[2026-03-14 11:12:36] [INFO] [压力位突破警报-75000-心理阻力] CHECK_START
  {}
[2026-03-14 11:12:36] [INFO] [压力位突破警报-78000-中期目标] CHECK_START
  {}
[2026-03-14 11:12:36] [INFO] [支撑位跌破警报-70000-关键支撑] CHECK_START
  {}
[2026-03-14 11:12:38] [INFO] [支撑位跌破警报-70000-关键支撑] CHECK_PASSED
  {}
[2026-03-14 11:12:38] [INFO] [压力位突破警报-78000-中期目标] CHECK_PASSED
  {}
[2026-03-14 11:12:38] [INFO] [压力位突破警报-75000-心理阻力] CHECK_PASSED
  {}
[2026-03-14 11:12:39] [INFO] [压力位突破警报-74084-3月4日高点] CHECK_PASSED
  {}
[2026-03-14 11:17:36] [INFO] [压力位突破警报-74084-3月4日高点] CHECK_START
  {}
[2026-03-14 11:17:36] [INFO] [压力位突破警报-75000-心理阻力] CHECK_START
  {}
[2026-03-14 11:17:36] [INFO] [压力位突破警报-78000-中期目标] CHECK_START
  {}
[2026-03-14 11:17:36] [INFO] [支撑位跌破警报-70000-关键支撑] CHECK_START
  {}
[2026-03-14 11:17:38] [INFO] [压力位突破警报-74084-3月4日高点] CHECK_PASSED
  {}
[2026-03-14 11:17:41] [INFO] [压力位突破警报-78000-中期目标] CHECK_PASSED
  {}
[2026-03-14 11:17:42] [INFO] [支撑位跌破警报-70000-关键支撑] CHECK_PASSED
  {}
[2026-03-14 11:17:46] [INFO] [压力位突破警报-75000-心理阻力] CHECK_PASSED
  {}
[2026-03-14 11:22:36] [INFO] [压力位突破警报-74084-3月4日高点] CHECK_START
  {}
[2026-03-14 11:22:36] [INFO] [压力位突破警报-75000-心理阻力] CHECK_START
  {}
[2026-03-14 11:22:36] [INFO] [压力位突破警报-78000-中期目标] CHECK_START
  {}
[2026-03-14 11:22:36] [INFO] [支撑位跌破警报-70000-关键支撑] CHECK_START
  {}
[2026-03-14 11:22:38] [INFO] [压力位突破警报-78000-中期目标] CHECK_PASSED
  {}
[2026-03-14 11:22:38] [INFO] [支撑位跌破警报-70000-关键支撑] CHECK_PASSED
  {}
[2026-03-14 11:22:39] [INFO] [压力位突破警报-74084-3月4日高点] CHECK_PASSED
  {}
[2026-03-14 11:22:41] [INFO] [压力位突破警报-75000-心理阻力] CHECK_PASSED
  {}
[2026-03-14 11:27:36] [INFO] [压力位突破警报-74084-3月4日高点] CHECK_START
  {}
[2026-03-14 11:27:36] [INFO] [压力位突破警报-75000-心理阻力] CHECK_START
  {}
[2026-03-14 11:27:36] [INFO] [压力位突破警报-78000-中期目标] CHECK_START
  {}
[2026-03-14 11:27:36] [INFO] [支撑位跌破警报-70000-关键支撑] CHECK_START
  {}
[2026-03-14 11:27:37] [INFO] [支撑位跌破警报-70000-关键支撑] CHECK_PASSED
  {}
[2026-03-14 11:27:38] [INFO] [压力位突破警报-78000-中期目标] CHECK_PASSED
  {}
[2026-03-14 11:27:40] [INFO] [压力位突破警报-74084-3月4日高点] CHECK_PASSED
  {}
[2026-03-14 11:27:43] [INFO] [压力位突破警报-75000-心理阻力] CHECK_PASSED
  {}
[2026-03-14 11:32:36] [INFO] [压力位突破警报-74084-3月4日高点] CHECK_START
  {}
[2026-03-14 11:32:36] [INFO] [压力位突破警报-75000-心理阻力] CHECK_START
  {}
[2026-03-14 11:32:36] [INFO] [压力位突破警报-78000-中期目标] CHECK_START
  {}
[2026-03-14 11:32:36] [INFO] [支撑位跌破警报-70000-关键支撑] CHECK_START
  {}
[2026-03-14 11:32:46] [INFO] [压力位突破警报-74084-3月4日高点] CHECK_PASSED
  {}
[2026-03-14 11:32:46] [INFO] [压力位突破警报-75000-心理阻力] CHECK_PASSED
  {}
[2026-03-14 11:32:56] [INFO] [压力位突破警报-78000-中期目标] CHECK_PASSED
  {}
[2026-03-14 11:32:56] [INFO] [支撑位跌破警报-70000-关键支撑] CHECK_PASSED
  {}
[2026-03-14 11:37:36] [INFO] [压力位突破警报-74084-3月4日高点] CHECK_START
  {}
[2026-03-14 11:37:36] [INFO] [压力位突破警报-75000-心理阻力] CHECK_START
  {}
[2026-03-14 11:37:36] [INFO] [压力位突破警报-78000-中期目标] CHECK_START
  {}
[2026-03-14 11:37:36] [INFO] [支撑位跌破警报-70000-关键支撑] CHECK_START
  {}
[2026-03-14 11:37:38] [INFO] [压力位突破警报-75000-心理阻力] CHECK_PASSED
  {}
[2026-03-14 11:37:39] [INFO] [压力位突破警报-74084-3月4日高点] CHECK_PASSED
  {}
[2026-03-14 11:37:40] [INFO] [压力位突破警报-78000-中期目标] CHECK_PASSED
  {}
[2026-03-14 11:37:45] [INFO] [支撑位跌破警报-70000-关键支撑] CHECK_PASSED
  {}
[2026-03-14 11:42:36] [INFO] [压力位突破警报-74084-3月4日高点] CHECK_START
  {}
[2026-03-14 11:42:36] [INFO] [压力位突破警报-75000-心理阻力] CHECK_START
  {}
[2026-03-14 11:42:36] [INFO] [压力位突破警报-78000-中期目标] CHECK_START
  {}
[2026-03-14 11:42:36] [INFO] [支撑位跌破警报-70000-关键支撑] CHECK_START
  {}
[2026-03-14 11:42:39] [INFO] [支撑位跌破警报-70000-关键支撑] CHECK_PASSED
  {}
[2026-03-14 11:42:39] [INFO] [压力位突破警报-74084-3月4日高点] CHECK_PASSED
  {}
[2026-03-14 11:42:41] [INFO] [压力位突破警报-75000-心理阻力] CHECK_PASSED
  {}
[2026-03-14 11:42:43] [INFO] [压力位突破警报-78000-中期目标] CHECK_PASSED
  {}
[2026-03-14 11:47:36] [INFO] [压力位突破警报-74084-3月4日高点] CHECK_START
  {}
[2026-03-14 11:47:36] [INFO] [压力位突破警报-75000-心理阻力] CHECK_START
  {}
[2026-03-14 11:47:36] [INFO] [压力位突破警报-78000-中期目标] CHECK_START
  {}
[2026-03-14 11:47:36] [INFO] [支撑位跌破警报-70000-关键支撑] CHECK_START
  {}
[2026-03-14 11:47:39] [INFO] [压力位突破警报-75000-心理阻力] CHECK_PASSED
  {}
[2026-03-14 11:47:40] [INFO] [压力位突破警报-78000-中期目标] CHECK_PASSED
  {}
[2026-03-14 11:47:43] [INFO] [压力位突破警报-74084-3月4日高点] CHECK_PASSED
  {}
[2026-03-14 11:47:44] [INFO] [支撑位跌破警报-70000-关键支撑] CHECK_PASSED
  {}
[2026-03-14 11:52:35] [INFO] [压力位突破警报-74084-3月4日高点] CHECK_START
  {}
[2026-03-14 11:52:35] [INFO] [压力位突破警报-75000-心理阻力] CHECK_START
  {}
[2026-03-14 11:52:35] [INFO] [压力位突破警报-78000-中期目标] CHECK_START
  {}
[2026-03-14 11:52:35] [INFO] [支撑位跌破警报-70000-关键支撑] CHECK_START
  {}
[2026-03-14 11:52:37] [INFO] [压力位突破警报-75000-心理阻力] CHECK_PASSED
  {}
[2026-03-14 11:52:38] [INFO] [支撑位跌破警报-70000-关键支撑] CHECK_PASSED
  {}
[2026-03-14 11:52:39] [INFO] [压力位突破警报-74084-3月4日高点] CHECK_PASSED
  {}
[2026-03-14 11:52:41] [INFO] [压力位突破警报-78000-中期目标] CHECK_PASSED
  {}
[2026-03-14 11:57:35] [INFO] [压力位突破警报-74084-3月4日高点] CHECK_START
  {}
[2026-03-14 11:57:35] [INFO] [压力位突破警报-75000-心理阻力] CHECK_START
  {}
[2026-03-14 11:57:35] [INFO] [压力位突破警报-78000-中期目标] CHECK_START
  {}
[2026-03-14 11:57:35] [INFO] [支撑位跌破警报-70000-关键支撑] CHECK_START
  {}
[2026-03-14 11:57:37] [INFO] [压力位突破警报-74084-3月4日高点] CHECK_PASSED
  {}
[2026-03-14 11:57:37] [INFO] [支撑位跌破警报-70000-关键支撑] CHECK_PASSED
  {}
[2026-03-14 11:57:37] [INFO] [压力位突破警报-78000-中期目标] CHECK_PASSED
  {}
[2026-03-14 11:57:42] [INFO] [压力位突破警报-75000-心理阻力] CHECK_PASSED
  {}
[2026-03-14 12:02:35] [INFO] [压力位突破警报-74084-3月4日高点] CHECK_START
  {}
[2026-03-14 12:02:35] [INFO] [压力位突破警报-75000-心理阻力] CHECK_START
  {}
[2026-03-14 12:02:35] [INFO] [压力位突破警报-78000-中期目标] CHECK_START
  {}
[2026-03-14 12:02:35] [INFO] [支撑位跌破警报-70000-关键支撑] CHECK_START
  {}
[2026-03-14 12:02:38] [INFO] [压力位突破警报-74084-3月4日高点] CHECK_PASSED
  {}
[2026-03-14 12:02:40] [INFO] [压力位突破警报-75000-心理阻力] CHECK_PASSED
  {}
[2026-03-14 12:02:41] [INFO] [支撑位跌破警报-70000-关键支撑] CHECK_PASSED
  {}
[2026-03-14 12:02:42] [INFO] [压力位突破警报-78000-中期目标] CHECK_PASSED
  {}
[2026-03-14 12:07:35] [INFO] [压力位突破警报-74084-3月4日高点] CHECK_START
  {}
[2026-03-14 12:07:35] [INFO] [压力位突破警报-75000-心理阻力] CHECK_START
  {}
[2026-03-14 12:07:35] [INFO] [压力位突破警报-78000-中期目标] CHECK_START
  {}
[2026-03-14 12:07:35] [INFO] [支撑位跌破警报-70000-关键支撑] CHECK_START
  {}
[2026-03-14 12:07:37] [INFO] [支撑位跌破警报-70000-关键支撑] CHECK_PASSED
  {}
[2026-03-14 12:07:37] [INFO] [压力位突破警报-78000-中期目标] CHECK_PASSED
  {}
[2026-03-14 12:07:38] [INFO] [压力位突破警报-75000-心理阻力] CHECK_PASSED
  {}
[2026-03-14 12:07:39] [INFO] [压力位突破警报-74084-3月4日高点] CHECK_PASSED
  {}
[2026-03-14 12:12:34] [INFO] [压力位突破警报-74084-3月4日高点] CHECK_START
  {}
[2026-03-14 12:12:34] [INFO] [压力位突破警报-75000-心理阻力] CHECK_START
  {}
[2026-03-14 12:12:34] [INFO] [压力位突破警报-78000-中期目标] CHECK_START
  {}
[2026-03-14 12:12:34] [INFO] [支撑位跌破警报-70000-关键支撑] CHECK_START
  {}
[2026-03-14 12:12:35] [INFO] [压力位突破警报-75000-心理阻力] CHECK_PASSED
  {}
[2026-03-14 12:12:35] [INFO] [支撑位跌破警报-70000-关键支撑] CHECK_PASSED
  {}
[2026-03-14 12:12:37] [INFO] [压力位突破警报-78000-中期目标] CHECK_PASSED
  {}
[2026-03-14 12:12:37] [INFO] [压力位突破警报-74084-3月4日高点] CHECK_PASSED
  {}
[2026-03-14 12:17:33] [INFO] [压力位突破警报-74084-3月4日高点] CHECK_START
  {}
[2026-03-14 12:17:33] [INFO] [压力位突破警报-75000-心理阻力] CHECK_START
  {}
[2026-03-14 12:17:33] [INFO] [压力位突破警报-78000-中期目标] CHECK_START
  {}
[2026-03-14 12:17:33] [INFO] [支撑位跌破警报-70000-关键支撑] CHECK_START
  {}
[2026-03-14 12:17:35] [INFO] [支撑位跌破警报-70000-关键支撑] CHECK_PASSED
  {}
[2026-03-14 12:17:35] [INFO] [压力位突破警报-75000-心理阻力] CHECK_PASSED
  {}
[2026-03-14 12:17:36] [INFO] [压力位突破警报-74084-3月4日高点] CHECK_PASSED
  {}
[2026-03-14 12:17:36] [INFO] [压力位突破警报-78000-中期目标] CHECK_PASSED
  {}
[2026-03-14 12:22:32] [INFO] [压力位突破警报-74084-3月4日高点] CHECK_START
  {}
[2026-03-14 12:22:33] [INFO] [压力位突破警报-75000-心理阻力] CHECK_START
  {}
[2026-03-14 12:22:33] [INFO] [压力位突破警报-78000-中期目标] CHECK_START
  {}
[2026-03-14 12:22:33] [INFO] [支撑位跌破警报-70000-关键支撑] CHECK_START
  {}
[2026-03-14 12:22:34] [INFO] [压力位突破警报-75000-心理阻力] CHECK_PASSED
  {}
[2026-03-14 12:22:34] [INFO] [支撑位跌破警报-70000-关键支撑] CHECK_PASSED
  {}
[2026-03-14 12:22:34] [INFO] [压力位突破警报-74084-3月4日高点] CHECK_PASSED
  {}
[2026-03-14 12:22:35] [INFO] [压力位突破警报-78000-中期目标] CHECK_PASSED
  {}
[2026-03-14 12:27:32] [INFO] [压力位突破警报-74084-3月4日高点] CHECK_START
  {}
[2026-03-14 12:27:32] [INFO] [压力位突破警报-75000-心理阻力] CHECK_START
  {}
[2026-03-14 12:27:32] [INFO] [压力位突破警报-78000-中期目标] CHECK_START
  {}
[2026-03-14 12:27:32] [INFO] [支撑位跌破警报-70000-关键支撑] CHECK_START
  {}
[2026-03-14 12:27:33] [INFO] [压力位突破警报-78000-中期目标] CHECK_PASSED
  {}
[2026-03-14 12:27:36] [INFO] [支撑位跌破警报-70000-关键支撑] CHECK_PASSED
  {}
[2026-03-14 12:27:38] [INFO] [压力位突破警报-75000-心理阻力] CHECK_PASSED
  {}
[2026-03-14 12:27:39] [INFO] [压力位突破警报-74084-3月4日高点] CHECK_PASSED
  {}
[2026-03-14 12:32:31] [INFO] [压力位突破警报-74084-3月4日高点] CHECK_START
  {}
[2026-03-14 12:32:31] [INFO] [压力位突破警报-75000-心理阻力] CHECK_START
  {}
[2026-03-14 12:32:31] [INFO] [压力位突破警报-78000-中期目标] CHECK_START
  {}
[2026-03-14 12:32:31] [INFO] [支撑位跌破警报-70000-关键支撑] CHECK_START
  {}
[2026-03-14 12:32:32] [INFO] [支撑位跌破警报-70000-关键支撑] CHECK_PASSED
  {}
[2026-03-14 12:32:32] [INFO] [压力位突破警报-78000-中期目标] CHECK_PASSED
  {}
[2026-03-14 12:32:38] [INFO] [压力位突破警报-75000-心理阻力] CHECK_PASSED
  {}
[2026-03-14 12:32:40] [INFO] [压力位突破警报-74084-3月4日高点] CHECK_PASSED
  {}
[2026-03-14 12:37:31] [INFO] [压力位突破警报-74084-3月4日高点] CHECK_START
  {}
[2026-03-14 12:37:31] [INFO] [压力位突破警报-75000-心理阻力] CHECK_START
  {}
[2026-03-14 12:37:31] [INFO] [压力位突破警报-78000-中期目标] CHECK_START
  {}
[2026-03-14 12:37:31] [INFO] [支撑位跌破警报-70000-关键支撑] CHECK_START
  {}
[2026-03-14 12:37:32] [INFO] [压力位突破警报-78000-中期目标] CHECK_PASSED
  {}
[2026-03-14 12:37:32] [INFO] [压力位突破警报-74084-3月4日高点] CHECK_PASSED
  {}
[2026-03-14 12:37:32] [INFO] [压力位突破警报-75000-心理阻力] CHECK_PASSED
  {}
[2026-03-14 12:37:33] [INFO] [支撑位跌破警报-70000-关键支撑] CHECK_PASSED
  {}
[2026-03-14 12:42:29] [INFO] [压力位突破警报-74084-3月4日高点] CHECK_START
  {}
[2026-03-14 12:42:29] [INFO] [压力位突破警报-75000-心理阻力] CHECK_START
  {}
[2026-03-14 12:42:29] [INFO] [压力位突破警报-78000-中期目标] CHECK_START
  {}
[2026-03-14 12:42:29] [INFO] [支撑位跌破警报-70000-关键支撑] CHECK_START
  {}
[2026-03-14 12:42:31] [INFO] [支撑位跌破警报-70000-关键支撑] CHECK_PASSED
  {}
[2026-03-14 12:42:32] [INFO] [压力位突破警报-75000-心理阻力] CHECK_PASSED
  {}
[2026-03-14 12:42:33] [INFO] [压力位突破警报-74084-3月4日高点] CHECK_PASSED
  {}
[2026-03-14 12:42:34] [INFO] [压力位突破警报-78000-中期目标] CHECK_PASSED
  {}
[2026-03-14 12:47:28] [INFO] [压力位突破警报-74084-3月4日高点] CHECK_START
  {}
[2026-03-14 12:47:28] [INFO] [压力位突破警报-75000-心理阻力] CHECK_START
  {}
[2026-03-14 12:47:28] [INFO] [压力位突破警报-78000-中期目标] CHECK_START
  {}
[2026-03-14 12:47:28] [INFO] [支撑位跌破警报-70000-关键支撑] CHECK_START
  {}
[2026-03-14 12:47:30] [INFO] [压力位突破警报-75000-心理阻力] CHECK_PASSED
  {}
[2026-03-14 12:47:31] [INFO] [压力位突破警报-78000-中期目标] CHECK_PASSED
  {}
[2026-03-14 12:47:32] [INFO] [支撑位跌破警报-70000-关键支撑] CHECK_PASSED
  {}
[2026-03-14 12:47:37] [INFO] [压力位突破警报-74084-3月4日高点] CHECK_PASSED
  {}
[2026-03-14 12:52:28] [INFO] [压力位突破警报-74084-3月4日高点] CHECK_START
  {}
[2026-03-14 12:52:28] [INFO] [压力位突破警报-75000-心理阻力] CHECK_START
  {}
[2026-03-14 12:52:28] [INFO] [压力位突破警报-78000-中期目标] CHECK_START
  {}
[2026-03-14 12:52:28] [INFO] [支撑位跌破警报-70000-关键支撑] CHECK_START
  {}
[2026-03-14 12:52:29] [INFO] [支撑位跌破警报-70000-关键支撑] CHECK_PASSED
  {}
[2026-03-14 12:52:29] [INFO] [压力位突破警报-74084-3月4日高点] CHECK_PASSED
  {}
[2026-03-14 12:52:30] [INFO] [压力位突破警报-75000-心理阻力] CHECK_PASSED
  {}
[2026-03-14 12:52:32] [INFO] [压力位突破警报-78000-中期目标] CHECK_PASSED
  {}
[2026-03-14 12:57:26] [INFO] [压力位突破警报-74084-3月4日高点] CHECK_START
  {}
[2026-03-14 12:57:26] [INFO] [压力位突破警报-75000-心理阻力] CHECK_START
  {}
[2026-03-14 12:57:26] [INFO] [压力位突破警报-78000-中期目标] CHECK_START
  {}
[2026-03-14 12:57:26] [INFO] [支撑位跌破警报-70000-关键支撑] CHECK_START
  {}
[2026-03-14 12:57:27] [INFO] [支撑位跌破警报-70000-关键支撑] CHECK_PASSED
  {}
[2026-03-14 12:57:27] [INFO] [压力位突破警报-78000-中期目标] CHECK_PASSED
  {}
[2026-03-14 12:57:28] [INFO] [压力位突破警报-75000-心理阻力] CHECK_PASSED
  {}
[2026-03-14 12:57:30] [INFO] [压力位突破警报-74084-3月4日高点] CHECK_PASSED
  {}
[2026-03-14 13:02:24] [INFO] [压力位突破警报-74084-3月4日高点] CHECK_START
  {}
[2026-03-14 13:02:24] [INFO] [压力位突破警报-75000-心理阻力] CHECK_START
  {}
[2026-03-14 13:02:24] [INFO] [压力位突破警报-78000-中期目标] CHECK_START
  {}
[2026-03-14 13:02:24] [INFO] [支撑位跌破警报-70000-关键支撑] CHECK_START
  {}
[2026-03-14 13:02:26] [INFO] [压力位突破警报-75000-心理阻力] CHECK_PASSED
  {}
[2026-03-14 13:02:26] [INFO] [压力位突破警报-78000-中期目标] CHECK_PASSED
  {}
[2026-03-14 13:02:27] [INFO] [压力位突破警报-74084-3月4日高点] CHECK_PASSED
  {}
[2026-03-14 13:02:54] [INFO] [支撑位跌破警报-70000-关键支撑] CHECK_PASSED
  {}
[2026-03-14 13:07:23] [INFO] [压力位突破警报-74084-3月4日高点] CHECK_START
  {}
[2026-03-14 13:07:23] [INFO] [压力位突破警报-75000-心理阻力] CHECK_START
  {}
[2026-03-14 13:07:23] [INFO] [压力位突破警报-78000-中期目标] CHECK_START
  {}
[2026-03-14 13:07:23] [INFO] [支撑位跌破警报-70000-关键支撑] CHECK_START
  {}
[2026-03-14 13:07:25] [INFO] [支撑位跌破警报-70000-关键支撑] CHECK_PASSED
  {}
[2026-03-14 13:07:25] [INFO] [压力位突破警报-75000-心理阻力] CHECK_PASSED
  {}
[2026-03-14 13:07:25] [INFO] [压力位突破警报-78000-中期目标] CHECK_PASSED
  {}
[2026-03-14 13:07:28] [INFO] [压力位突破警报-74084-3月4日高点] CHECK_PASSED
  {}
[2026-03-14 13:12:19] [INFO] [压力位突破警报-74084-3月4日高点] CHECK_START
  {}
[2026-03-14 13:12:19] [INFO] [压力位突破警报-75000-心理阻力] CHECK_START
  {}
[2026-03-14 13:12:19] [INFO] [压力位突破警报-78000-中期目标] CHECK_START
  {}
[2026-03-14 13:12:19] [INFO] [支撑位跌破警报-70000-关键支撑] CHECK_START
  {}
[2026-03-14 13:12:21] [INFO] [压力位突破警报-74084-3月4日高点] CHECK_PASSED
  {}
[2026-03-14 13:12:21] [INFO] [支撑位跌破警报-70000-关键支撑] CHECK_PASSED
  {}
[2026-03-14 13:12:22] [INFO] [压力位突破警报-75000-心理阻力] CHECK_PASSED
  {}
[2026-03-14 13:12:24] [INFO] [压力位突破警报-78000-中期目标] CHECK_PASSED
  {}
[2026-03-14 13:17:13] [INFO] [压力位突破警报-74084-3月4日高点] CHECK_START
  {}
[2026-03-14 13:17:13] [INFO] [压力位突破警报-75000-心理阻力] CHECK_START
  {}
[2026-03-14 13:17:13] [INFO] [压力位突破警报-78000-中期目标] CHECK_START
  {}
[2026-03-14 13:17:13] [INFO] [支撑位跌破警报-70000-关键支撑] CHECK_START
  {}
[2026-03-14 13:17:15] [INFO] [压力位突破警报-78000-中期目标] CHECK_PASSED
  {}
[2026-03-14 13:17:15] [INFO] [压力位突破警报-74084-3月4日高点] CHECK_PASSED
  {}
[2026-03-14 13:17:15] [INFO] [压力位突破警报-75000-心理阻力] CHECK_PASSED
  {}
[2026-03-14 13:17:20] [INFO] [支撑位跌破警报-70000-关键支撑] CHECK_PASSED
  {}
[2026-03-14 13:22:08] [INFO] [压力位突破警报-74084-3月4日高点] CHECK_START
  {}
[2026-03-14 13:22:08] [INFO] [压力位突破警报-75000-心理阻力] CHECK_START
  {}
[2026-03-14 13:22:08] [INFO] [压力位突破警报-78000-中期目标] CHECK_START
  {}
[2026-03-14 13:22:08] [INFO] [支撑位跌破警报-70000-关键支撑] CHECK_START
  {}
[2026-03-14 13:22:10] [INFO] [压力位突破警报-78000-中期目标] CHECK_PASSED
  {}
[2026-03-14 13:22:12] [INFO] [压力位突破警报-75000-心理阻力] CHECK_PASSED
  {}
[2026-03-14 13:22:12] [INFO] [压力位突破警报-74084-3月4日高点] CHECK_PASSED
  {}
[2026-03-14 13:22:15] [INFO] [支撑位跌破警报-70000-关键支撑] CHECK_PASSED
  {}
[2026-03-14 13:27:02] [INFO] [压力位突破警报-74084-3月4日高点] CHECK_START
  {}
[2026-03-14 13:27:02] [INFO] [压力位突破警报-75000-心理阻力] CHECK_START
  {}
[2026-03-14 13:27:02] [INFO] [压力位突破警报-78000-中期目标] CHECK_START
  {}
[2026-03-14 13:27:02] [INFO] [支撑位跌破警报-70000-关键支撑] CHECK_START
  {}
[2026-03-14 13:27:05] [INFO] [压力位突破警报-78000-中期目标] CHECK_PASSED
  {}
[2026-03-14 13:27:05] [INFO] [支撑位跌破警报-70000-关键支撑] CHECK_PASSED
  {}
[2026-03-14 13:27:05] [INFO] [压力位突破警报-74084-3月4日高点] CHECK_PASSED
  {}
[2026-03-14 13:27:06] [INFO] [压力位突破警报-75000-心理阻力] CHECK_PASSED
  {}
[2026-03-14 13:31:58] [INFO] [压力位突破警报-74084-3月4日高点] CHECK_START
  {}
[2026-03-14 13:31:58] [INFO] [压力位突破警报-75000-心理阻力] CHECK_START
  {}
[2026-03-14 13:31:58] [INFO] [压力位突破警报-78000-中期目标] CHECK_START
  {}
[2026-03-14 13:31:58] [INFO] [支撑位跌破警报-70000-关键支撑] CHECK_START
  {}
[2026-03-14 13:32:00] [INFO] [支撑位跌破警报-70000-关键支撑] CHECK_PASSED
  {}
[2026-03-14 13:32:00] [INFO] [压力位突破警报-75000-心理阻力] CHECK_PASSED
  {}
[2026-03-14 13:32:00] [INFO] [压力位突破警报-74084-3月4日高点] CHECK_PASSED
  {}
[2026-03-14 13:32:02] [INFO] [压力位突破警报-78000-中期目标] CHECK_PASSED
  {}
[2026-03-14 13:36:54] [INFO] [压力位突破警报-74084-3月4日高点] CHECK_START
  {}
[2026-03-14 13:36:54] [INFO] [压力位突破警报-75000-心理阻力] CHECK_START
  {}
[2026-03-14 13:36:54] [INFO] [压力位突破警报-78000-中期目标] CHECK_START
  {}
[2026-03-14 13:36:54] [INFO] [支撑位跌破警报-70000-关键支撑] CHECK_START
  {}
[2026-03-14 13:36:55] [INFO] [压力位突破警报-78000-中期目标] CHECK_PASSED
  {}
[2026-03-14 13:36:55] [INFO] [压力位突破警报-74084-3月4日高点] CHECK_PASSED
  {}
[2026-03-14 13:36:55] [INFO] [压力位突破警报-75000-心理阻力] CHECK_PASSED
  {}
[2026-03-14 13:36:56] [INFO] [支撑位跌破警报-70000-关键支撑] CHECK_PASSED
  {}
[2026-03-14 13:41:48] [INFO] [压力位突破警报-74084-3月4日高点] CHECK_START
  {}
[2026-03-14 13:41:48] [INFO] [压力位突破警报-75000-心理阻力] CHECK_START
  {}
[2026-03-14 13:41:48] [INFO] [压力位突破警报-78000-中期目标] CHECK_START
  {}
[2026-03-14 13:41:48] [INFO] [支撑位跌破警报-70000-关键支撑] CHECK_START
  {}
[2026-03-14 13:41:50] [INFO] [支撑位跌破警报-70000-关键支撑] CHECK_PASSED
  {}
[2026-03-14 13:41:50] [INFO] [压力位突破警报-75000-心理阻力] CHECK_PASSED
  {}
[2026-03-14 13:41:50] [INFO] [压力位突破警报-74084-3月4日高点] CHECK_PASSED
  {}
[2026-03-14 13:41:51] [INFO] [压力位突破警报-78000-中期目标] CHECK_PASSED
  {}
[2026-03-14 13:46:43] [INFO] [压力位突破警报-74084-3月4日高点] CHECK_START
  {}
[2026-03-14 13:46:43] [INFO] [压力位突破警报-75000-心理阻力] CHECK_START
  {}
[2026-03-14 13:46:43] [INFO] [压力位突破警报-78000-中期目标] CHECK_START
  {}
[2026-03-14 13:46:43] [INFO] [支撑位跌破警报-70000-关键支撑] CHECK_START
  {}
[2026-03-14 13:46:44] [INFO] [压力位突破警报-74084-3月4日高点] CHECK_PASSED
  {}
[2026-03-14 13:46:44] [INFO] [压力位突破警报-78000-中期目标] CHECK_PASSED
  {}
[2026-03-14 13:46:44] [INFO] [支撑位跌破警报-70000-关键支撑] CHECK_PASSED
  {}
[2026-03-14 13:46:46] [INFO] [压力位突破警报-75000-心理阻力] CHECK_PASSED
  {}
[2026-03-14 13:51:37] [INFO] [压力位突破警报-74084-3月4日高点] CHECK_START
  {}
[2026-03-14 13:51:37] [INFO] [压力位突破警报-75000-心理阻力] CHECK_START
  {}
[2026-03-14 13:51:37] [INFO] [压力位突破警报-78000-中期目标] CHECK_START
  {}
[2026-03-14 13:51:37] [INFO] [支撑位跌破警报-70000-关键支撑] CHECK_START
  {}
[2026-03-14 13:51:38] [INFO] [压力位突破警报-78000-中期目标] CHECK_PASSED
  {}
[2026-03-14 13:51:40] [INFO] [压力位突破警报-74084-3月4日高点] CHECK_PASSED
  {}
[2026-03-14 13:51:40] [INFO] [支撑位跌破警报-70000-关键支撑] CHECK_PASSED
  {}
[2026-03-14 13:52:06] [INFO] [压力位突破警报-75000-心理阻力] CHECK_PASSED
  {}
[2026-03-14 13:56:30] [INFO] [压力位突破警报-74084-3月4日高点] CHECK_START
  {}
[2026-03-14 13:56:30] [INFO] [压力位突破警报-75000-心理阻力] CHECK_START
  {}
[2026-03-14 13:56:30] [INFO] [压力位突破警报-78000-中期目标] CHECK_START
  {}
[2026-03-14 13:56:30] [INFO] [支撑位跌破警报-70000-关键支撑] CHECK_START
  {}
[2026-03-14 13:56:31] [INFO] [压力位突破警报-78000-中期目标] CHECK_PASSED
  {}
[2026-03-14 13:56:31] [INFO] [支撑位跌破警报-70000-关键支撑] CHECK_PASSED
  {}
[2026-03-14 13:56:32] [INFO] [压力位突破警报-74084-3月4日高点] CHECK_PASSED
  {}
[2026-03-14 13:56:32] [INFO] [压力位突破警报-75000-心理阻力] CHECK_PASSED
  {}
[2026-03-14 14:01:24] [INFO] [压力位突破警报-74084-3月4日高点] CHECK_START
  {}
[2026-03-14 14:01:24] [INFO] [压力位突破警报-75000-心理阻力] CHECK_START
  {}
[2026-03-14 14:01:24] [INFO] [压力位突破警报-78000-中期目标] CHECK_START
  {}
[2026-03-14 14:01:24] [INFO] [支撑位跌破警报-70000-关键支撑] CHECK_START
  {}
[2026-03-14 14:01:25] [INFO] [支撑位跌破警报-70000-关键支撑] CHECK_PASSED
  {}
[2026-03-14 14:01:25] [INFO] [压力位突破警报-75000-心理阻力] CHECK_PASSED
  {}
[2026-03-14 14:01:26] [INFO] [压力位突破警报-74084-3月4日高点] CHECK_PASSED
  {}
[2026-03-14 14:01:26] [INFO] [压力位突破警报-78000-中期目标] CHECK_PASSED
  {}
[2026-03-14 14:06:18] [INFO] [压力位突破警报-74084-3月4日高点] CHECK_START
  {}
[2026-03-14 14:06:18] [INFO] [压力位突破警报-75000-心理阻力] CHECK_START
  {}
[2026-03-14 14:06:18] [INFO] [压力位突破警报-78000-中期目标] CHECK_START
  {}
[2026-03-14 14:06:18] [INFO] [支撑位跌破警报-70000-关键支撑] CHECK_START
  {}
[2026-03-14 14:06:20] [INFO] [压力位突破警报-75000-心理阻力] CHECK_PASSED
  {}
[2026-03-14 14:06:20] [INFO] [支撑位跌破警报-70000-关键支撑] CHECK_PASSED
  {}
[2026-03-14 14:06:20] [INFO] [压力位突破警报-78000-中期目标] CHECK_PASSED
  {}
[2026-03-14 14:06:20] [INFO] [压力位突破警报-74084-3月4日高点] CHECK_PASSED
  {}
[2026-03-14 14:11:12] [INFO] [压力位突破警报-74084-3月4日高点] CHECK_START
  {}
[2026-03-14 14:11:12] [INFO] [压力位突破警报-75000-心理阻力] CHECK_START
  {}
[2026-03-14 14:11:12] [INFO] [压力位突破警报-78000-中期目标] CHECK_START
  {}
[2026-03-14 14:11:12] [INFO] [支撑位跌破警报-70000-关键支撑] CHECK_START
  {}
[2026-03-14 14:11:14] [INFO] [支撑位跌破警报-70000-关键支撑] CHECK_PASSED
  {}
[2026-03-14 14:11:14] [INFO] [压力位突破警报-78000-中期目标] CHECK_PASSED
  {}
[2026-03-14 14:11:14] [INFO] [压力位突破警报-75000-心理阻力] CHECK_PASSED
  {}
[2026-03-14 14:11:15] [INFO] [压力位突破警报-74084-3月4日高点] CHECK_PASSED
  {}
[2026-03-14 14:16:08] [INFO] [压力位突破警报-74084-3月4日高点] CHECK_START
  {}
[2026-03-14 14:16:08] [INFO] [压力位突破警报-75000-心理阻力] CHECK_START
  {}
[2026-03-14 14:16:08] [INFO] [压力位突破警报-78000-中期目标] CHECK_START
  {}
[2026-03-14 14:16:08] [INFO] [支撑位跌破警报-70000-关键支撑] CHECK_START
  {}
[2026-03-14 14:16:10] [INFO] [压力位突破警报-74084-3月4日高点] CHECK_PASSED
  {}
[2026-03-14 14:16:12] [INFO] [支撑位跌破警报-70000-关键支撑] CHECK_PASSED
  {}
[2026-03-14 14:16:12] [INFO] [压力位突破警报-78000-中期目标] CHECK_PASSED
  {}
[2026-03-14 14:16:15] [INFO] [压力位突破警报-75000-心理阻力] CHECK_PASSED
  {}
[2026-03-14 14:21:03] [INFO] [压力位突破警报-74084-3月4日高点] CHECK_START
  {}
[2026-03-14 14:21:03] [INFO] [压力位突破警报-75000-心理阻力] CHECK_START
  {}
[2026-03-14 14:21:03] [INFO] [压力位突破警报-78000-中期目标] CHECK_START
  {}
[2026-03-14 14:21:03] [INFO] [支撑位跌破警报-70000-关键支撑] CHECK_START
  {}
[2026-03-14 14:21:04] [INFO] [支撑位跌破警报-70000-关键支撑] CHECK_PASSED
  {}
[2026-03-14 14:21:05] [INFO] [压力位突破警报-75000-心理阻力] CHECK_PASSED
  {}
[2026-03-14 14:21:05] [INFO] [压力位突破警报-74084-3月4日高点] CHECK_PASSED
  {}
[2026-03-14 14:21:06] [INFO] [压力位突破警报-78000-中期目标] CHECK_PASSED
  {}
[2026-03-14 14:25:58] [INFO] [压力位突破警报-74084-3月4日高点] CHECK_START
  {}
[2026-03-14 14:25:58] [INFO] [压力位突破警报-75000-心理阻力] CHECK_START
  {}
[2026-03-14 14:25:58] [INFO] [压力位突破警报-78000-中期目标] CHECK_START
  {}
[2026-03-14 14:25:58] [INFO] [支撑位跌破警报-70000-关键支撑] CHECK_START
  {}
[2026-03-14 14:25:59] [INFO] [压力位突破警报-78000-中期目标] CHECK_PASSED
  {}
[2026-03-14 14:26:00] [INFO] [支撑位跌破警报-70000-关键支撑] CHECK_PASSED
  {}
[2026-03-14 14:26:00] [INFO] [压力位突破警报-74084-3月4日高点] CHECK_PASSED
  {}
[2026-03-14 14:26:01] [INFO] [压力位突破警报-75000-心理阻力] CHECK_PASSED
  {}
[2026-03-14 14:30:52] [INFO] [压力位突破警报-74084-3月4日高点] CHECK_START
  {}
[2026-03-14 14:30:52] [INFO] [压力位突破警报-75000-心理阻力] CHECK_START
  {}
[2026-03-14 14:30:52] [INFO] [压力位突破警报-78000-中期目标] CHECK_START
  {}
[2026-03-14 14:30:52] [INFO] [支撑位跌破警报-70000-关键支撑] CHECK_START
  {}
[2026-03-14 14:30:55] [INFO] [支撑位跌破警报-70000-关键支撑] CHECK_PASSED
  {}
[2026-03-14 14:30:55] [INFO] [压力位突破警报-78000-中期目标] CHECK_PASSED
  {}
[2026-03-14 14:30:55] [INFO] [压力位突破警报-75000-心理阻力] CHECK_PASSED
  {}
[2026-03-14 14:30:56] [INFO] [压力位突破警报-74084-3月4日高点] CHECK_PASSED
  {}
[2026-03-14 14:35:45] [INFO] [压力位突破警报-74084-3月4日高点] CHECK_START
  {}
[2026-03-14 14:35:45] [INFO] [压力位突破警报-75000-心理阻力] CHECK_START
  {}
[2026-03-14 14:35:45] [INFO] [压力位突破警报-78000-中期目标] CHECK_START
  {}
[2026-03-14 14:35:45] [INFO] [支撑位跌破警报-70000-关键支撑] CHECK_START
  {}
[2026-03-14 14:35:47] [INFO] [压力位突破警报-75000-心理阻力] CHECK_PASSED
  {}
[2026-03-14 14:35:47] [INFO] [支撑位跌破警报-70000-关键支撑] CHECK_PASSED
  {}
[2026-03-14 14:35:48] [INFO] [压力位突破警报-74084-3月4日高点] CHECK_PASSED
  {}
[2026-03-14 14:35:51] [INFO] [压力位突破警报-78000-中期目标] CHECK_PASSED
  {}
[2026-03-14 14:40:38] [INFO] [压力位突破警报-74084-3月4日高点] CHECK_START
  {}
[2026-03-14 14:40:38] [INFO] [压力位突破警报-75000-心理阻力] CHECK_START
  {}
[2026-03-14 14:40:38] [INFO] [压力位突破警报-78000-中期目标] CHECK_START
  {}
[2026-03-14 14:40:38] [INFO] [支撑位跌破警报-70000-关键支撑] CHECK_START
  {}
[2026-03-14 14:40:40] [INFO] [支撑位跌破警报-70000-关键支撑] CHECK_PASSED
  {}
[2026-03-14 14:40:41] [INFO] [压力位突破警报-75000-心理阻力] CHECK_PASSED
  {}
[2026-03-14 14:40:41] [INFO] [压力位突破警报-78000-中期目标] CHECK_PASSED
  {}
[2026-03-14 14:40:42] [INFO] [压力位突破警报-74084-3月4日高点] CHECK_PASSED
  {}
[2026-03-14 14:45:30] [INFO] [压力位突破警报-74084-3月4日高点] CHECK_START
  {}
[2026-03-14 14:45:30] [INFO] [压力位突破警报-75000-心理阻力] CHECK_START
  {}
[2026-03-14 14:45:30] [INFO] [压力位突破警报-78000-中期目标] CHECK_START
  {}
[2026-03-14 14:45:30] [INFO] [支撑位跌破警报-70000-关键支撑] CHECK_START
  {}
[2026-03-14 14:45:32] [INFO] [压力位突破警报-78000-中期目标] CHECK_PASSED
  {}
[2026-03-14 14:45:33] [INFO] [压力位突破警报-74084-3月4日高点] CHECK_PASSED
  {}
[2026-03-14 14:45:33] [INFO] [支撑位跌破警报-70000-关键支撑] CHECK_PASSED
  {}
[2026-03-14 14:45:35] [INFO] [压力位突破警报-75000-心理阻力] CHECK_PASSED
  {}
[2026-03-14 14:50:26] [INFO] [压力位突破警报-74084-3月4日高点] CHECK_START
  {}
[2026-03-14 14:50:26] [INFO] [压力位突破警报-75000-心理阻力] CHECK_START
  {}
[2026-03-14 14:50:26] [INFO] [压力位突破警报-78000-中期目标] CHECK_START
  {}
[2026-03-14 14:50:26] [INFO] [支撑位跌破警报-70000-关键支撑] CHECK_START
  {}
[2026-03-14 14:50:28] [INFO] [压力位突破警报-78000-中期目标] CHECK_PASSED
  {}
[2026-03-14 14:50:28] [INFO] [压力位突破警报-74084-3月4日高点] CHECK_PASSED
  {}
[2026-03-14 14:50:28] [INFO] [压力位突破警报-75000-心理阻力] CHECK_PASSED
  {}
[2026-03-14 14:50:32] [INFO] [支撑位跌破警报-70000-关键支撑] CHECK_PASSED
  {}
[2026-03-14 14:55:20] [INFO] [压力位突破警报-74084-3月4日高点] CHECK_START
  {}
[2026-03-14 14:55:20] [INFO] [压力位突破警报-75000-心理阻力] CHECK_START
  {}
[2026-03-14 14:55:20] [INFO] [压力位突破警报-78000-中期目标] CHECK_START
  {}
[2026-03-14 14:55:20] [INFO] [支撑位跌破警报-70000-关键支撑] CHECK_START
  {}
[2026-03-14 14:55:22] [INFO] [压力位突破警报-74084-3月4日高点] CHECK_PASSED
  {}
[2026-03-14 14:55:22] [INFO] [支撑位跌破警报-70000-关键支撑] CHECK_PASSED
  {}
[2026-03-14 14:55:23] [INFO] [压力位突破警报-78000-中期目标] CHECK_PASSED
  {}
[2026-03-14 14:55:25] [INFO] [压力位突破警报-75000-心理阻力] CHECK_PASSED
  {}
[2026-03-14 15:00:14] [INFO] [压力位突破警报-74084-3月4日高点] CHECK_START
  {}
[2026-03-14 15:00:14] [INFO] [压力位突破警报-75000-心理阻力] CHECK_START
  {}
[2026-03-14 15:00:14] [INFO] [压力位突破警报-78000-中期目标] CHECK_START
  {}
[2026-03-14 15:00:14] [INFO] [支撑位跌破警报-70000-关键支撑] CHECK_START
  {}
[2026-03-14 15:00:15] [INFO] [压力位突破警报-78000-中期目标] CHECK_PASSED
  {}
[2026-03-14 15:00:15] [INFO] [压力位突破警报-75000-心理阻力] CHECK_PASSED
  {}
[2026-03-14 15:00:15] [INFO] [压力位突破警报-74084-3月4日高点] CHECK_PASSED
  {}
[2026-03-14 15:00:15] [INFO] [支撑位跌破警报-70000-关键支撑] CHECK_PASSED
  {}
[2026-03-14 15:05:07] [INFO] [压力位突破警报-74084-3月4日高点] CHECK_START
  {}
[2026-03-14 15:05:07] [INFO] [压力位突破警报-75000-心理阻力] CHECK_START
  {}
[2026-03-14 15:05:07] [INFO] [压力位突破警报-78000-中期目标] CHECK_START
  {}
[2026-03-14 15:05:07] [INFO] [支撑位跌破警报-70000-关键支撑] CHECK_START
  {}
[2026-03-14 15:05:09] [INFO] [压力位突破警报-75000-心理阻力] CHECK_PASSED
  {}
[2026-03-14 15:05:09] [INFO] [压力位突破警报-74084-3月4日高点] CHECK_PASSED
  {}
[2026-03-14 15:05:09] [INFO] [支撑位跌破警报-70000-关键支撑] CHECK_PASSED
  {}
[2026-03-14 15:05:12] [INFO] [压力位突破警报-78000-中期目标] CHECK_PASSED
  {}
[2026-03-14 15:10:01] [INFO] [压力位突破警报-74084-3月4日高点] CHECK_START
  {}
[2026-03-14 15:10:01] [INFO] [压力位突破警报-75000-心理阻力] CHECK_START
  {}
[2026-03-14 15:10:01] [INFO] [压力位突破警报-78000-中期目标] CHECK_START
  {}
[2026-03-14 15:10:01] [INFO] [支撑位跌破警报-70000-关键支撑] CHECK_START
  {}
[2026-03-14 15:10:03] [INFO] [压力位突破警报-78000-中期目标] CHECK_PASSED
  {}
[2026-03-14 15:10:03] [INFO] [压力位突破警报-75000-心理阻力] CHECK_PASSED
  {}
[2026-03-14 15:10:05] [INFO] [支撑位跌破警报-70000-关键支撑] CHECK_PASSED
  {}
[2026-03-14 15:10:05] [INFO] [压力位突破警报-74084-3月4日高点] CHECK_PASSED
  {}
[2026-03-14 15:14:56] [INFO] [压力位突破警报-74084-3月4日高点] CHECK_START
  {}
[2026-03-14 15:14:56] [INFO] [压力位突破警报-75000-心理阻力] CHECK_START
  {}
[2026-03-14 15:14:56] [INFO] [压力位突破警报-78000-中期目标] CHECK_START
  {}
[2026-03-14 15:14:56] [INFO] [支撑位跌破警报-70000-关键支撑] CHECK_START
  {}
[2026-03-14 15:14:58] [INFO] [压力位突破警报-75000-心理阻力] CHECK_PASSED
  {}
[2026-03-14 15:14:58] [INFO] [压力位突破警报-78000-中期目标] CHECK_PASSED
  {}
[2026-03-14 15:14:59] [INFO] [支撑位跌破警报-70000-关键支撑] CHECK_PASSED
  {}
[2026-03-14 15:15:00] [INFO] [压力位突破警报-74084-3月4日高点] CHECK_PASSED
  {}
[2026-03-14 15:19:48] [INFO] [压力位突破警报-74084-3月4日高点] CHECK_START
  {}
[2026-03-14 15:19:48] [INFO] [压力位突破警报-75000-心理阻力] CHECK_START
  {}
[2026-03-14 15:19:48] [INFO] [压力位突破警报-78000-中期目标] CHECK_START
  {}
[2026-03-14 15:19:48] [INFO] [支撑位跌破警报-70000-关键支撑] CHECK_START
  {}
[2026-03-14 15:19:49] [INFO] [压力位突破警报-75000-心理阻力] CHECK_PASSED
  {}
[2026-03-14 15:19:49] [INFO] [压力位突破警报-74084-3月4日高点] CHECK_PASSED
  {}
[2026-03-14 15:19:50] [INFO] [支撑位跌破警报-70000-关键支撑] CHECK_PASSED
  {}
[2026-03-14 15:19:53] [INFO] [压力位突破警报-78000-中期目标] CHECK_PASSED
  {}
[2026-03-14 15:24:40] [INFO] [压力位突破警报-74084-3月4日高点] CHECK_START
  {}
[2026-03-14 15:24:40] [INFO] [压力位突破警报-75000-心理阻力] CHECK_START
  {}
[2026-03-14 15:24:40] [INFO] [压力位突破警报-78000-中期目标] CHECK_START
  {}
[2026-03-14 15:24:40] [INFO] [支撑位跌破警报-70000-关键支撑] CHECK_START
  {}
[2026-03-14 15:24:42] [INFO] [压力位突破警报-78000-中期目标] CHECK_PASSED
  {}
[2026-03-14 15:24:43] [INFO] [压力位突破警报-75000-心理阻力] CHECK_PASSED
  {}
[2026-03-14 15:24:44] [INFO] [支撑位跌破警报-70000-关键支撑] CHECK_PASSED
  {}
[2026-03-14 15:24:45] [INFO] [压力位突破警报-74084-3月4日高点] CHECK_PASSED
  {}
[2026-03-14 15:29:32] [INFO] [压力位突破警报-74084-3月4日高点] CHECK_START
  {}
[2026-03-14 15:29:32] [INFO] [压力位突破警报-75000-心理阻力] CHECK_START
  {}
[2026-03-14 15:29:32] [INFO] [压力位突破警报-78000-中期目标] CHECK_START
  {}
[2026-03-14 15:29:32] [INFO] [支撑位跌破警报-70000-关键支撑] CHECK_START
  {}
[2026-03-14 15:29:33] [INFO] [压力位突破警报-74084-3月4日高点] CHECK_PASSED
  {}
[2026-03-14 15:29:33] [INFO] [压力位突破警报-78000-中期目标] CHECK_PASSED
  {}
[2026-03-14 15:29:33] [INFO] [压力位突破警报-75000-心理阻力] CHECK_PASSED
  {}
[2026-03-14 15:29:33] [INFO] [支撑位跌破警报-70000-关键支撑] CHECK_PASSED
  {}
[2026-03-14 15:34:23] [INFO] [压力位突破警报-74084-3月4日高点] CHECK_START
  {}
[2026-03-14 15:34:23] [INFO] [压力位突破警报-75000-心理阻力] CHECK_START
  {}
[2026-03-14 15:34:23] [INFO] [压力位突破警报-78000-中期目标] CHECK_START
  {}
[2026-03-14 15:34:23] [INFO] [支撑位跌破警报-70000-关键支撑] CHECK_START
  {}
[2026-03-14 15:34:25] [INFO] [压力位突破警报-75000-心理阻力] CHECK_PASSED
  {}
[2026-03-14 15:34:25] [INFO] [压力位突破警报-74084-3月4日高点] CHECK_PASSED
  {}
[2026-03-14 15:34:26] [INFO] [支撑位跌破警报-70000-关键支撑] CHECK_PASSED
  {}
[2026-03-14 15:34:27] [INFO] [压力位突破警报-78000-中期目标] CHECK_PASSED
  {}
[2026-03-14 15:39:14] [INFO] [压力位突破警报-74084-3月4日高点] CHECK_START
  {}
[2026-03-14 15:39:14] [INFO] [压力位突破警报-75000-心理阻力] CHECK_START
  {}
[2026-03-14 15:39:14] [INFO] [压力位突破警报-78000-中期目标] CHECK_START
  {}
[2026-03-14 15:39:14] [INFO] [支撑位跌破警报-70000-关键支撑] CHECK_START
  {}
[2026-03-14 15:39:15] [INFO] [支撑位跌破警报-70000-关键支撑] CHECK_PASSED
  {}
[2026-03-14 15:39:16] [INFO] [压力位突破警报-75000-心理阻力] CHECK_PASSED
  {}
[2026-03-14 15:39:16] [INFO] [压力位突破警报-74084-3月4日高点] CHECK_PASSED
  {}
[2026-03-14 15:39:17] [INFO] [压力位突破警报-78000-中期目标] CHECK_PASSED
  {}
[2026-03-14 15:44:05] [INFO] [压力位突破警报-74084-3月4日高点] CHECK_START
  {}
[2026-03-14 15:44:05] [INFO] [压力位突破警报-75000-心理阻力] CHECK_START
  {}
[2026-03-14 15:44:05] [INFO] [压力位突破警报-78000-中期目标] CHECK_START
  {}
[2026-03-14 15:44:05] [INFO] [支撑位跌破警报-70000-关键支撑] CHECK_START
  {}
[2026-03-14 15:44:06] [INFO] [压力位突破警报-75000-心理阻力] CHECK_PASSED
  {}
[2026-03-14 15:44:07] [INFO] [压力位突破警报-74084-3月4日高点] CHECK_PASSED
  {}
[2026-03-14 15:44:07] [INFO] [压力位突破警报-78000-中期目标] CHECK_PASSED
  {}
[2026-03-14 15:44:08] [INFO] [支撑位跌破警报-70000-关键支撑] CHECK_PASSED
  {}
[2026-03-14 15:48:56] [INFO] [压力位突破警报-74084-3月4日高点] CHECK_START
  {}
[2026-03-14 15:48:56] [INFO] [压力位突破警报-75000-心理阻力] CHECK_START
  {}
[2026-03-14 15:48:56] [INFO] [压力位突破警报-78000-中期目标] CHECK_START
  {}
[2026-03-14 15:48:56] [INFO] [支撑位跌破警报-70000-关键支撑] CHECK_START
  {}
[2026-03-14 15:48:57] [INFO] [支撑位跌破警报-70000-关键支撑] CHECK_PASSED
  {}
[2026-03-14 15:48:58] [INFO] [压力位突破警报-78000-中期目标] CHECK_PASSED
  {}
[2026-03-14 15:48:58] [INFO] [压力位突破警报-74084-3月4日高点] CHECK_PASSED
  {}
[2026-03-14 15:49:00] [INFO] [压力位突破警报-75000-心理阻力] CHECK_PASSED
  {}
[2026-03-14 15:53:46] [INFO] [压力位突破警报-74084-3月4日高点] CHECK_START
  {}
[2026-03-14 15:53:46] [INFO] [压力位突破警报-75000-心理阻力] CHECK_START
  {}
[2026-03-14 15:53:46] [INFO] [压力位突破警报-78000-中期目标] CHECK_START
  {}
[2026-03-14 15:53:46] [INFO] [支撑位跌破警报-70000-关键支撑] CHECK_START
  {}
[2026-03-14 15:53:48] [INFO] [压力位突破警报-75000-心理阻力] CHECK_PASSED
  {}
[2026-03-14 15:53:48] [INFO] [支撑位跌破警报-70000-关键支撑] CHECK_PASSED
  {}
[2026-03-14 15:53:49] [INFO] [压力位突破警报-74084-3月4日高点] CHECK_PASSED
  {}
[2026-03-14 15:53:54] [INFO] [压力位突破警报-78000-中期目标] CHECK_PASSED
  {}
[2026-03-14 15:58:37] [INFO] [压力位突破警报-74084-3月4日高点] CHECK_START
  {}
[2026-03-14 15:58:37] [INFO] [压力位突破警报-75000-心理阻力] CHECK_START
  {}
[2026-03-14 15:58:37] [INFO] [压力位突破警报-78000-中期目标] CHECK_START
  {}
[2026-03-14 15:58:37] [INFO] [支撑位跌破警报-70000-关键支撑] CHECK_START
  {}
[2026-03-14 15:58:39] [INFO] [支撑位跌破警报-70000-关键支撑] CHECK_PASSED
  {}
[2026-03-14 15:58:40] [INFO] [压力位突破警报-74084-3月4日高点] CHECK_PASSED
  {}
[2026-03-14 15:58:40] [INFO] [压力位突破警报-75000-心理阻力] CHECK_PASSED
  {}
[2026-03-14 15:58:42] [INFO] [压力位突破警报-78000-中期目标] CHECK_PASSED
  {}
[2026-03-14 16:03:27] [INFO] [压力位突破警报-74084-3月4日高点] CHECK_START
  {}
[2026-03-14 16:03:27] [INFO] [压力位突破警报-75000-心理阻力] CHECK_START
  {}
[2026-03-14 16:03:27] [INFO] [压力位突破警报-78000-中期目标] CHECK_START
  {}
[2026-03-14 16:03:27] [INFO] [支撑位跌破警报-70000-关键支撑] CHECK_START
  {}
[2026-03-14 16:03:28] [INFO] [压力位突破警报-74084-3月4日高点] CHECK_PASSED
  {}
[2026-03-14 16:03:28] [INFO] [压力位突破警报-75000-心理阻力] CHECK_PASSED
  {}
[2026-03-14 16:03:29] [INFO] [压力位突破警报-78000-中期目标] CHECK_PASSED
  {}
[2026-03-14 16:03:31] [INFO] [支撑位跌破警报-70000-关键支撑] CHECK_PASSED
  {}
[2026-03-14 16:08:18] [INFO] [压力位突破警报-74084-3月4日高点] CHECK_START
  {}
[2026-03-14 16:08:18] [INFO] [压力位突破警报-75000-心理阻力] CHECK_START
  {}
[2026-03-14 16:08:18] [INFO] [压力位突破警报-78000-中期目标] CHECK_START
  {}
[2026-03-14 16:08:18] [INFO] [支撑位跌破警报-70000-关键支撑] CHECK_START
  {}
[2026-03-14 16:08:19] [INFO] [支撑位跌破警报-70000-关键支撑] CHECK_PASSED
  {}
[2026-03-14 16:08:19] [INFO] [压力位突破警报-75000-心理阻力] CHECK_PASSED
  {}
[2026-03-14 16:08:19] [INFO] [压力位突破警报-78000-中期目标] CHECK_PASSED
  {}
[2026-03-14 16:08:20] [INFO] [压力位突破警报-74084-3月4日高点] CHECK_PASSED
  {}
[2026-03-14 16:13:06] [INFO] [压力位突破警报-74084-3月4日高点] CHECK_START
  {}
[2026-03-14 16:13:06] [INFO] [压力位突破警报-75000-心理阻力] CHECK_START
  {}
[2026-03-14 16:13:06] [INFO] [压力位突破警报-78000-中期目标] CHECK_START
  {}
[2026-03-14 16:13:06] [INFO] [支撑位跌破警报-70000-关键支撑] CHECK_START
  {}
[2026-03-14 16:13:09] [INFO] [压力位突破警报-74084-3月4日高点] CHECK_PASSED
  {}
[2026-03-14 16:13:09] [INFO] [压力位突破警报-78000-中期目标] CHECK_PASSED
  {}
[2026-03-14 16:13:10] [INFO] [支撑位跌破警报-70000-关键支撑] CHECK_PASSED
  {}
[2026-03-14 16:13:11] [INFO] [压力位突破警报-75000-心理阻力] CHECK_PASSED
  {}
[2026-03-14 16:17:59] [INFO] [压力位突破警报-74084-3月4日高点] CHECK_START
  {}
[2026-03-14 16:17:59] [INFO] [压力位突破警报-75000-心理阻力] CHECK_START
  {}
[2026-03-14 16:17:59] [INFO] [压力位突破警报-78000-中期目标] CHECK_START
  {}
[2026-03-14 16:17:59] [INFO] [支撑位跌破警报-70000-关键支撑] CHECK_START
  {}
[2026-03-14 16:18:01] [INFO] [压力位突破警报-78000-中期目标] CHECK_PASSED
  {}
[2026-03-14 16:18:01] [INFO] [压力位突破警报-75000-心理阻力] CHECK_PASSED
  {}
[2026-03-14 16:18:02] [INFO] [支撑位跌破警报-70000-关键支撑] CHECK_PASSED
  {}
[2026-03-14 16:18:04] [INFO] [压力位突破警报-74084-3月4日高点] CHECK_PASSED
  {}
[2026-03-14 16:22:52] [INFO] [压力位突破警报-74084-3月4日高点] CHECK_START
  {}
[2026-03-14 16:22:52] [INFO] [压力位突破警报-75000-心理阻力] CHECK_START
  {}
[2026-03-14 16:22:52] [INFO] [压力位突破警报-78000-中期目标] CHECK_START
  {}
[2026-03-14 16:22:52] [INFO] [支撑位跌破警报-70000-关键支撑] CHECK_START
  {}
[2026-03-14 16:22:54] [INFO] [压力位突破警报-75000-心理阻力] CHECK_PASSED
  {}
[2026-03-14 16:22:55] [INFO] [压力位突破警报-78000-中期目标] CHECK_PASSED
  {}
[2026-03-14 16:22:55] [INFO] [支撑位跌破警报-70000-关键支撑] CHECK_PASSED
  {}
[2026-03-14 16:22:57] [INFO] [压力位突破警报-74084-3月4日高点] CHECK_PASSED
  {}
[2026-03-14 16:27:46] [INFO] [压力位突破警报-74084-3月4日高点] CHECK_START
  {}
[2026-03-14 16:27:46] [INFO] [压力位突破警报-75000-心理阻力] CHECK_START
  {}
[2026-03-14 16:27:46] [INFO] [压力位突破警报-78000-中期目标] CHECK_START
  {}
[2026-03-14 16:27:46] [INFO] [支撑位跌破警报-70000-关键支撑] CHECK_START
  {}
[2026-03-14 16:27:48] [INFO] [压力位突破警报-74084-3月4日高点] CHECK_PASSED
  {}
[2026-03-14 16:27:49] [INFO] [压力位突破警报-78000-中期目标] CHECK_PASSED
  {}
[2026-03-14 16:27:50] [INFO] [支撑位跌破警报-70000-关键支撑] CHECK_PASSED
  {}
[2026-03-14 16:27:54] [INFO] [压力位突破警报-75000-心理阻力] CHECK_PASSED
  {}
[2026-03-14 16:32:40] [INFO] [压力位突破警报-74084-3月4日高点] CHECK_START
  {}
[2026-03-14 16:32:40] [INFO] [压力位突破警报-75000-心理阻力] CHECK_START
  {}
[2026-03-14 16:32:40] [INFO] [压力位突破警报-78000-中期目标] CHECK_START
  {}
[2026-03-14 16:32:40] [INFO] [支撑位跌破警报-70000-关键支撑] CHECK_START
  {}
[2026-03-14 16:32:42] [INFO] [支撑位跌破警报-70000-关键支撑] CHECK_PASSED
  {}
[2026-03-14 16:32:42] [INFO] [压力位突破警报-75000-心理阻力] CHECK_PASSED
  {}
[2026-03-14 16:32:43] [INFO] [压力位突破警报-78000-中期目标] CHECK_PASSED
  {}
[2026-03-14 16:32:44] [INFO] [压力位突破警报-74084-3月4日高点] CHECK_PASSED
  {}
[2026-03-14 16:37:32] [INFO] [压力位突破警报-74084-3月4日高点] CHECK_START
  {}
[2026-03-14 16:37:32] [INFO] [压力位突破警报-75000-心理阻力] CHECK_START
  {}
[2026-03-14 16:37:32] [INFO] [压力位突破警报-78000-中期目标] CHECK_START
  {}
[2026-03-14 16:37:32] [INFO] [支撑位跌破警报-70000-关键支撑] CHECK_START
  {}
[2026-03-14 16:37:33] [INFO] [压力位突破警报-74084-3月4日高点] CHECK_PASSED
  {}
[2026-03-14 16:37:34] [INFO] [支撑位跌破警报-70000-关键支撑] CHECK_PASSED
  {}
[2026-03-14 16:37:34] [INFO] [压力位突破警报-75000-心理阻力] CHECK_PASSED
  {}
[2026-03-14 16:37:35] [INFO] [压力位突破警报-78000-中期目标] CHECK_PASSED
  {}
[2026-03-14 16:42:22] [INFO] [压力位突破警报-74084-3月4日高点] CHECK_START
  {}
[2026-03-14 16:42:22] [INFO] [压力位突破警报-75000-心理阻力] CHECK_START
  {}
[2026-03-14 16:42:22] [INFO] [压力位突破警报-78000-中期目标] CHECK_START
  {}
[2026-03-14 16:42:22] [INFO] [支撑位跌破警报-70000-关键支撑] CHECK_START
  {}
[2026-03-14 16:42:23] [INFO] [支撑位跌破警报-70000-关键支撑] CHECK_PASSED
  {}
[2026-03-14 16:42:24] [INFO] [压力位突破警报-78000-中期目标] CHECK_PASSED
  {}
[2026-03-14 16:42:24] [INFO] [压力位突破警报-74084-3月4日高点] CHECK_PASSED
  {}
[2026-03-14 16:42:25] [INFO] [压力位突破警报-75000-心理阻力] CHECK_PASSED
  {}
[2026-03-14 16:47:15] [INFO] [压力位突破警报-74084-3月4日高点] CHECK_START
  {}
[2026-03-14 16:47:15] [INFO] [压力位突破警报-75000-心理阻力] CHECK_START
  {}
[2026-03-14 16:47:15] [INFO] [压力位突破警报-78000-中期目标] CHECK_START
  {}
[2026-03-14 16:47:15] [INFO] [支撑位跌破警报-70000-关键支撑] CHECK_START
  {}
[2026-03-14 16:47:16] [INFO] [压力位突破警报-75000-心理阻力] CHECK_PASSED
  {}
[2026-03-14 16:47:16] [INFO] [支撑位跌破警报-70000-关键支撑] CHECK_PASSED
  {}
[2026-03-14 16:47:16] [INFO] [压力位突破警报-78000-中期目标] CHECK_PASSED
  {}
[2026-03-14 16:47:18] [INFO] [压力位突破警报-74084-3月4日高点] CHECK_PASSED
  {}
[2026-03-14 16:52:08] [INFO] [压力位突破警报-74084-3月4日高点] CHECK_START
  {}
[2026-03-14 16:52:08] [INFO] [压力位突破警报-75000-心理阻力] CHECK_START
  {}
[2026-03-14 16:52:08] [INFO] [压力位突破警报-78000-中期目标] CHECK_START
  {}
[2026-03-14 16:52:08] [INFO] [支撑位跌破警报-70000-关键支撑] CHECK_START
  {}
[2026-03-14 16:52:09] [INFO] [压力位突破警报-75000-心理阻力] CHECK_PASSED
  {}
[2026-03-14 16:52:09] [INFO] [支撑位跌破警报-70000-关键支撑] CHECK_PASSED
  {}
[2026-03-14 16:52:10] [INFO] [压力位突破警报-74084-3月4日高点] CHECK_PASSED
  {}
[2026-03-14 16:52:11] [INFO] [压力位突破警报-78000-中期目标] CHECK_PASSED
  {}
[2026-03-14 16:57:03] [INFO] [压力位突破警报-74084-3月4日高点] CHECK_START
  {}
[2026-03-14 16:57:03] [INFO] [压力位突破警报-75000-心理阻力] CHECK_START
  {}
[2026-03-14 16:57:03] [INFO] [压力位突破警报-78000-中期目标] CHECK_START
  {}
[2026-03-14 16:57:03] [INFO] [支撑位跌破警报-70000-关键支撑] CHECK_START
  {}
[2026-03-14 16:57:04] [INFO] [压力位突破警报-78000-中期目标] CHECK_PASSED
  {}
[2026-03-14 16:57:05] [INFO] [压力位突破警报-75000-心理阻力] CHECK_PASSED
  {}
[2026-03-14 16:57:06] [INFO] [支撑位跌破警报-70000-关键支撑] CHECK_PASSED
  {}
[2026-03-14 16:57:07] [INFO] [压力位突破警报-74084-3月4日高点] CHECK_PASSED
  {}
[2026-03-14 17:01:56] [INFO] [压力位突破警报-74084-3月4日高点] CHECK_START
  {}
[2026-03-14 17:01:56] [INFO] [压力位突破警报-75000-心理阻力] CHECK_START
  {}
[2026-03-14 17:01:56] [INFO] [压力位突破警报-78000-中期目标] CHECK_START
  {}
[2026-03-14 17:01:56] [INFO] [支撑位跌破警报-70000-关键支撑] CHECK_START
  {}
[2026-03-14 17:01:57] [INFO] [压力位突破警报-75000-心理阻力] CHECK_PASSED
  {}
[2026-03-14 17:01:58] [INFO] [压力位突破警报-74084-3月4日高点] CHECK_PASSED
  {}
[2026-03-14 17:01:59] [INFO] [支撑位跌破警报-70000-关键支撑] CHECK_PASSED
  {}
[2026-03-14 17:01:59] [INFO] [压力位突破警报-78000-中期目标] CHECK_PASSED
  {}
[2026-03-14 17:06:48] [INFO] [压力位突破警报-74084-3月4日高点] CHECK_START
  {}
[2026-03-14 17:06:48] [INFO] [压力位突破警报-75000-心理阻力] CHECK_START
  {}
[2026-03-14 17:06:48] [INFO] [压力位突破警报-78000-中期目标] CHECK_START
  {}
[2026-03-14 17:06:48] [INFO] [支撑位跌破警报-70000-关键支撑] CHECK_START
  {}
[2026-03-14 17:06:49] [INFO] [支撑位跌破警报-70000-关键支撑] CHECK_PASSED
  {}
[2026-03-14 17:06:50] [INFO] [压力位突破警报-78000-中期目标] CHECK_PASSED
  {}
[2026-03-14 17:06:50] [INFO] [压力位突破警报-75000-心理阻力] CHECK_PASSED
  {}
[2026-03-14 17:06:53] [INFO] [压力位突破警报-74084-3月4日高点] CHECK_PASSED
  {}
[2026-03-14 17:11:39] [INFO] [压力位突破警报-74084-3月4日高点] CHECK_START
  {}
[2026-03-14 17:11:39] [INFO] [压力位突破警报-75000-心理阻力] CHECK_START
  {}
[2026-03-14 17:11:39] [INFO] [压力位突破警报-78000-中期目标] CHECK_START
  {}
[2026-03-14 17:11:39] [INFO] [支撑位跌破警报-70000-关键支撑] CHECK_START
  {}
[2026-03-14 17:11:40] [INFO] [支撑位跌破警报-70000-关键支撑] CHECK_PASSED
  {}
[2026-03-14 17:11:41] [INFO] [压力位突破警报-75000-心理阻力] CHECK_PASSED
  {}
[2026-03-14 17:11:41] [INFO] [压力位突破警报-74084-3月4日高点] CHECK_PASSED
  {}
[2026-03-14 17:11:42] [INFO] [压力位突破警报-78000-中期目标] CHECK_PASSED
  {}
[2026-03-14 17:16:31] [INFO] [压力位突破警报-74084-3月4日高点] CHECK_START
  {}
[2026-03-14 17:16:31] [INFO] [压力位突破警报-75000-心理阻力] CHECK_START
  {}
[2026-03-14 17:16:31] [INFO] [压力位突破警报-78000-中期目标] CHECK_START
  {}
[2026-03-14 17:16:31] [INFO] [支撑位跌破警报-70000-关键支撑] CHECK_START
  {}
[2026-03-14 17:16:33] [INFO] [压力位突破警报-78000-中期目标] CHECK_PASSED
  {}
[2026-03-14 17:16:33] [INFO] [支撑位跌破警报-70000-关键支撑] CHECK_PASSED
  {}
[2026-03-14 17:16:34] [INFO] [压力位突破警报-75000-心理阻力] CHECK_PASSED
  {}
[2026-03-14 17:16:34] [INFO] [压力位突破警报-74084-3月4日高点] CHECK_PASSED
  {}
[2026-03-14 17:21:22] [INFO] [压力位突破警报-74084-3月4日高点] CHECK_START
  {}
[2026-03-14 17:21:22] [INFO] [压力位突破警报-75000-心理阻力] CHECK_START
  {}
[2026-03-14 17:21:22] [INFO] [压力位突破警报-78000-中期目标] CHECK_START
  {}
[2026-03-14 17:21:22] [INFO] [支撑位跌破警报-70000-关键支撑] CHECK_START
  {}
[2026-03-14 17:21:23] [INFO] [压力位突破警报-78000-中期目标] CHECK_PASSED
  {}
[2026-03-14 17:21:24] [INFO] [压力位突破警报-75000-心理阻力] CHECK_PASSED
  {}
[2026-03-14 17:21:24] [INFO] [压力位突破警报-74084-3月4日高点] CHECK_PASSED
  {}
[2026-03-14 17:21:25] [INFO] [支撑位跌破警报-70000-关键支撑] CHECK_PASSED
  {}
[2026-03-14 22:40:26] [INFO] [Engine] 引擎启动
  {"rulesDir":"/home/administrator/.openclaw/july-btc-analyzer/skills/btc-alert/rules","archiveDir":"/home/administrator/.openclaw/july-btc-analyzer/skills/btc-alert/rules-archive","logFile":"/home/administrator/.openclaw/july-btc-analyzer/logs/alert-engine.log"}
[2026-03-14 22:40:26] [INFO] [压力位突破警报-74084-3月4日高点] TIMER_STARTED
  {"interval":"300s","file":"2026-03-13-resistance-74084.js"}
[2026-03-14 22:40:26] [INFO] [压力位突破警报-74084-3月4日高点] CHECK_START
  {}
[2026-03-14 22:40:26] [INFO] [压力位突破警报-75000-心理阻力] TIMER_STARTED
  {"interval":"300s","file":"2026-03-13-resistance-75000.js"}
[2026-03-14 22:40:26] [INFO] [压力位突破警报-75000-心理阻力] CHECK_START
  {}
[2026-03-14 22:40:26] [INFO] [压力位突破警报-78000-中期目标] TIMER_STARTED
  {"interval":"300s","file":"2026-03-13-resistance-78000.js"}
[2026-03-14 22:40:26] [INFO] [压力位突破警报-78000-中期目标] CHECK_START
  {}
[2026-03-14 22:40:26] [INFO] [支撑位跌破警报-70000-关键支撑] TIMER_STARTED
  {"interval":"300s","file":"2026-03-13-support-70000.js"}
[2026-03-14 22:40:26] [INFO] [支撑位跌破警报-70000-关键支撑] CHECK_START
  {}
[2026-03-14 22:40:26] [INFO] [支撑位跌破警报-68000-强支撑] TIMER_STARTED
  {"interval":"300s","file":"2026-03-14-support-68000.js"}
[2026-03-14 22:40:26] [INFO] [支撑位跌破警报-68000-强支撑] CHECK_START
  {}
[2026-03-14 22:40:26] [INFO] [Engine] 规则加载完成
  {"count":5}
[2026-03-14 22:40:28] [INFO] [压力位突破警报-74084-3月4日高点] CHECK_PASSED
  {}
[2026-03-14 22:40:29] [INFO] [支撑位跌破警报-70000-关键支撑] CHECK_PASSED
  {}
[2026-03-14 22:40:29] [INFO] [支撑位跌破警报-68000-强支撑] CHECK_PASSED
  {}
[2026-03-14 22:40:29] [INFO] [压力位突破警报-75000-心理阻力] CHECK_PASSED
  {}
[2026-03-14 22:40:32] [INFO] [压力位突破警报-78000-中期目标] CHECK_PASSED
  {}
[2026-03-14 22:45:38] [INFO] [压力位突破警报-74084-3月4日高点] CHECK_START
  {}
[2026-03-14 22:45:38] [INFO] [压力位突破警报-75000-心理阻力] CHECK_START
  {}
[2026-03-14 22:45:38] [INFO] [压力位突破警报-78000-中期目标] CHECK_START
  {}
[2026-03-14 22:45:38] [INFO] [支撑位跌破警报-70000-关键支撑] CHECK_START
  {}
[2026-03-14 22:45:38] [INFO] [支撑位跌破警报-68000-强支撑] CHECK_START
  {}
[2026-03-14 22:45:40] [INFO] [压力位突破警报-78000-中期目标] CHECK_PASSED
  {}
[2026-03-14 22:45:43] [INFO] [支撑位跌破警报-70000-关键支撑] CHECK_PASSED
  {}
[2026-03-14 22:45:44] [INFO] [压力位突破警报-74084-3月4日高点] CHECK_PASSED
  {}
[2026-03-14 22:45:46] [INFO] [压力位突破警报-75000-心理阻力] CHECK_PASSED
  {}
[2026-03-14 22:46:11] [INFO] [支撑位跌破警报-68000-强支撑] CHECK_PASSED
  {}
[2026-03-14 22:50:53] [INFO] [压力位突破警报-74084-3月4日高点] CHECK_START
  {}
[2026-03-14 22:50:53] [INFO] [压力位突破警报-75000-心理阻力] CHECK_START
  {}
[2026-03-14 22:50:53] [INFO] [压力位突破警报-78000-中期目标] CHECK_START
  {}
[2026-03-14 22:50:53] [INFO] [支撑位跌破警报-70000-关键支撑] CHECK_START
  {}
[2026-03-14 22:50:53] [INFO] [支撑位跌破警报-68000-强支撑] CHECK_START
  {}
[2026-03-14 22:50:55] [INFO] [支撑位跌破警报-68000-强支撑] CHECK_PASSED
  {}
[2026-03-14 22:50:55] [INFO] [压力位突破警报-74084-3月4日高点] CHECK_PASSED
  {}
[2026-03-14 22:50:57] [INFO] [压力位突破警报-75000-心理阻力] CHECK_PASSED
  {}
[2026-03-14 22:50:59] [INFO] [支撑位跌破警报-70000-关键支撑] CHECK_PASSED
  {}
[2026-03-14 22:50:59] [INFO] [压力位突破警报-78000-中期目标] CHECK_PASSED
  {}
[2026-03-14 22:56:04] [INFO] [压力位突破警报-74084-3月4日高点] CHECK_START
  {}
[2026-03-14 22:56:04] [INFO] [压力位突破警报-75000-心理阻力] CHECK_START
  {}
[2026-03-14 22:56:04] [INFO] [压力位突破警报-78000-中期目标] CHECK_START
  {}
[2026-03-14 22:56:04] [INFO] [支撑位跌破警报-70000-关键支撑] CHECK_START
  {}
[2026-03-14 22:56:04] [INFO] [支撑位跌破警报-68000-强支撑] CHECK_START
  {}
[2026-03-14 22:56:05] [INFO] [压力位突破警报-74084-3月4日高点] CHECK_PASSED
  {}
[2026-03-14 22:56:05] [INFO] [支撑位跌破警报-70000-关键支撑] CHECK_PASSED
  {}
[2026-03-14 22:56:06] [INFO] [支撑位跌破警报-68000-强支撑] CHECK_PASSED
  {}
[2026-03-14 22:56:10] [INFO] [压力位突破警报-78000-中期目标] CHECK_PASSED
  {}
[2026-03-14 22:56:10] [INFO] [压力位突破警报-75000-心理阻力] CHECK_PASSED
  {}
[2026-03-14 23:01:18] [INFO] [压力位突破警报-74084-3月4日高点] CHECK_START
  {}
[2026-03-14 23:01:18] [INFO] [压力位突破警报-75000-心理阻力] CHECK_START
  {}
[2026-03-14 23:01:18] [INFO] [压力位突破警报-78000-中期目标] CHECK_START
  {}
[2026-03-14 23:01:18] [INFO] [支撑位跌破警报-70000-关键支撑] CHECK_START
  {}
[2026-03-14 23:01:18] [INFO] [支撑位跌破警报-68000-强支撑] CHECK_START
  {}
[2026-03-14 23:01:19] [INFO] [压力位突破警报-78000-中期目标] CHECK_PASSED
  {}
[2026-03-14 23:01:21] [INFO] [压力位突破警报-75000-心理阻力] CHECK_PASSED
  {}
[2026-03-14 23:01:21] [INFO] [支撑位跌破警报-70000-关键支撑] CHECK_PASSED
  {}
[2026-03-14 23:01:23] [INFO] [压力位突破警报-74084-3月4日高点] CHECK_PASSED
  {}
[2026-03-14 23:01:26] [INFO] [支撑位跌破警报-68000-强支撑] CHECK_PASSED
  {}
[2026-03-14 23:06:32] [INFO] [压力位突破警报-74084-3月4日高点] CHECK_START
  {}
[2026-03-14 23:06:32] [INFO] [压力位突破警报-75000-心理阻力] CHECK_START
  {}
[2026-03-14 23:06:32] [INFO] [压力位突破警报-78000-中期目标] CHECK_START
  {}
[2026-03-14 23:06:32] [INFO] [支撑位跌破警报-70000-关键支撑] CHECK_START
  {}
[2026-03-14 23:06:32] [INFO] [支撑位跌破警报-68000-强支撑] CHECK_START
  {}
[2026-03-14 23:06:33] [INFO] [压力位突破警报-78000-中期目标] CHECK_PASSED
  {}
[2026-03-14 23:06:33] [INFO] [支撑位跌破警报-68000-强支撑] CHECK_PASSED
  {}
[2026-03-14 23:06:34] [INFO] [压力位突破警报-75000-心理阻力] CHECK_PASSED
  {}
[2026-03-14 23:06:34] [INFO] [支撑位跌破警报-70000-关键支撑] CHECK_PASSED
  {}
[2026-03-14 23:06:37] [INFO] [压力位突破警报-74084-3月4日高点] CHECK_PASSED
  {}
[2026-03-14 23:11:46] [INFO] [压力位突破警报-74084-3月4日高点] CHECK_START
  {}
[2026-03-14 23:11:46] [INFO] [压力位突破警报-75000-心理阻力] CHECK_START
  {}
[2026-03-14 23:11:46] [INFO] [压力位突破警报-78000-中期目标] CHECK_START
  {}
[2026-03-14 23:11:46] [INFO] [支撑位跌破警报-70000-关键支撑] CHECK_START
  {}
[2026-03-14 23:11:46] [INFO] [支撑位跌破警报-68000-强支撑] CHECK_START
  {}
[2026-03-14 23:11:48] [INFO] [压力位突破警报-74084-3月4日高点] CHECK_PASSED
  {}
[2026-03-14 23:11:48] [INFO] [支撑位跌破警报-70000-关键支撑] CHECK_PASSED
  {}
[2026-03-14 23:11:48] [INFO] [压力位突破警报-78000-中期目标] CHECK_PASSED
  {}
[2026-03-14 23:11:50] [INFO] [支撑位跌破警报-68000-强支撑] CHECK_PASSED
  {}
[2026-03-14 23:11:51] [INFO] [压力位突破警报-75000-心理阻力] CHECK_PASSED
  {}
[2026-03-14 23:16:59] [INFO] [压力位突破警报-74084-3月4日高点] CHECK_START
  {}
[2026-03-14 23:16:59] [INFO] [压力位突破警报-75000-心理阻力] CHECK_START
  {}
[2026-03-14 23:16:59] [INFO] [压力位突破警报-78000-中期目标] CHECK_START
  {}
[2026-03-14 23:16:59] [INFO] [支撑位跌破警报-70000-关键支撑] CHECK_START
  {}
[2026-03-14 23:16:59] [INFO] [支撑位跌破警报-68000-强支撑] CHECK_START
  {}
[2026-03-14 23:17:01] [INFO] [支撑位跌破警报-70000-关键支撑] CHECK_PASSED
  {}
[2026-03-14 23:17:02] [INFO] [压力位突破警报-74084-3月4日高点] CHECK_PASSED
  {}
[2026-03-14 23:17:03] [INFO] [支撑位跌破警报-68000-强支撑] CHECK_PASSED
  {}
[2026-03-14 23:17:03] [INFO] [压力位突破警报-75000-心理阻力] CHECK_PASSED
  {}
[2026-03-14 23:17:05] [INFO] [压力位突破警报-78000-中期目标] CHECK_PASSED
  {}
[2026-03-14 23:22:13] [INFO] [压力位突破警报-74084-3月4日高点] CHECK_START
  {}
[2026-03-14 23:22:13] [INFO] [压力位突破警报-75000-心理阻力] CHECK_START
  {}
[2026-03-14 23:22:13] [INFO] [压力位突破警报-78000-中期目标] CHECK_START
  {}
[2026-03-14 23:22:13] [INFO] [支撑位跌破警报-70000-关键支撑] CHECK_START
  {}
[2026-03-14 23:22:13] [INFO] [支撑位跌破警报-68000-强支撑] CHECK_START
  {}
[2026-03-14 23:22:15] [INFO] [压力位突破警报-78000-中期目标] CHECK_PASSED
  {}
[2026-03-14 23:22:16] [INFO] [支撑位跌破警报-70000-关键支撑] CHECK_PASSED
  {}
[2026-03-14 23:22:17] [INFO] [支撑位跌破警报-68000-强支撑] CHECK_PASSED
  {}
[2026-03-14 23:22:17] [INFO] [压力位突破警报-75000-心理阻力] CHECK_PASSED
  {}
[2026-03-14 23:22:18] [INFO] [压力位突破警报-74084-3月4日高点] CHECK_PASSED
  {}
[2026-03-14 23:27:25] [INFO] [压力位突破警报-74084-3月4日高点] CHECK_START
  {}
[2026-03-14 23:27:25] [INFO] [压力位突破警报-75000-心理阻力] CHECK_START
  {}
[2026-03-14 23:27:25] [INFO] [压力位突破警报-78000-中期目标] CHECK_START
  {}
[2026-03-14 23:27:25] [INFO] [支撑位跌破警报-70000-关键支撑] CHECK_START
  {}
[2026-03-14 23:27:25] [INFO] [支撑位跌破警报-68000-强支撑] CHECK_START
  {}
[2026-03-14 23:27:28] [INFO] [压力位突破警报-74084-3月4日高点] CHECK_PASSED
  {}
[2026-03-14 23:27:31] [INFO] [压力位突破警报-75000-心理阻力] CHECK_PASSED
  {}
[2026-03-14 23:27:32] [INFO] [支撑位跌破警报-68000-强支撑] CHECK_PASSED
  {}
[2026-03-14 23:27:32] [INFO] [支撑位跌破警报-70000-关键支撑] CHECK_PASSED
  {}
[2026-03-14 23:27:32] [INFO] [压力位突破警报-78000-中期目标] CHECK_PASSED
  {}
[2026-03-14 23:32:38] [INFO] [压力位突破警报-74084-3月4日高点] CHECK_START
  {}
[2026-03-14 23:32:38] [INFO] [压力位突破警报-75000-心理阻力] CHECK_START
  {}
[2026-03-14 23:32:38] [INFO] [压力位突破警报-78000-中期目标] CHECK_START
  {}
[2026-03-14 23:32:38] [INFO] [支撑位跌破警报-70000-关键支撑] CHECK_START
  {}
[2026-03-14 23:32:38] [INFO] [支撑位跌破警报-68000-强支撑] CHECK_START
  {}
[2026-03-14 23:32:40] [INFO] [压力位突破警报-78000-中期目标] CHECK_PASSED
  {}
[2026-03-14 23:32:41] [INFO] [支撑位跌破警报-68000-强支撑] CHECK_PASSED
  {}
[2026-03-14 23:32:41] [INFO] [支撑位跌破警报-70000-关键支撑] CHECK_PASSED
  {}
[2026-03-14 23:32:42] [INFO] [压力位突破警报-75000-心理阻力] CHECK_PASSED
  {}
[2026-03-14 23:32:51] [INFO] [压力位突破警报-74084-3月4日高点] CHECK_PASSED
  {}
[2026-03-14 23:37:55] [INFO] [压力位突破警报-74084-3月4日高点] CHECK_START
  {}
[2026-03-14 23:37:55] [INFO] [压力位突破警报-75000-心理阻力] CHECK_START
  {}
[2026-03-14 23:37:55] [INFO] [压力位突破警报-78000-中期目标] CHECK_START
  {}
[2026-03-14 23:37:55] [INFO] [支撑位跌破警报-70000-关键支撑] CHECK_START
  {}
[2026-03-14 23:37:55] [INFO] [支撑位跌破警报-68000-强支撑] CHECK_START
  {}
[2026-03-14 23:37:56] [INFO] [压力位突破警报-75000-心理阻力] CHECK_PASSED
  {}
[2026-03-14 23:37:56] [INFO] [支撑位跌破警报-70000-关键支撑] CHECK_PASSED
  {}
[2026-03-14 23:37:56] [INFO] [支撑位跌破警报-68000-强支撑] CHECK_PASSED
  {}
[2026-03-14 23:37:58] [INFO] [压力位突破警报-78000-中期目标] CHECK_PASSED
  {}
[2026-03-14 23:37:58] [INFO] [压力位突破警报-74084-3月4日高点] CHECK_PASSED
  {}
[2026-03-14 23:43:08] [INFO] [压力位突破警报-74084-3月4日高点] CHECK_START
  {}
[2026-03-14 23:43:08] [INFO] [压力位突破警报-75000-心理阻力] CHECK_START
  {}
[2026-03-14 23:43:08] [INFO] [压力位突破警报-78000-中期目标] CHECK_START
  {}
[2026-03-14 23:43:08] [INFO] [支撑位跌破警报-70000-关键支撑] CHECK_START
  {}
[2026-03-14 23:43:08] [INFO] [支撑位跌破警报-68000-强支撑] CHECK_START
  {}
[2026-03-14 23:43:10] [INFO] [支撑位跌破警报-70000-关键支撑] CHECK_PASSED
  {}
[2026-03-14 23:43:10] [INFO] [压力位突破警报-75000-心理阻力] CHECK_PASSED
  {}
[2026-03-14 23:43:10] [INFO] [压力位突破警报-74084-3月4日高点] CHECK_PASSED
  {}
[2026-03-14 23:43:11] [INFO] [支撑位跌破警报-68000-强支撑] CHECK_PASSED
  {}
[2026-03-14 23:43:12] [INFO] [压力位突破警报-78000-中期目标] CHECK_PASSED
  {}
[2026-03-14 23:48:20] [INFO] [压力位突破警报-74084-3月4日高点] CHECK_START
  {}
[2026-03-14 23:48:20] [INFO] [压力位突破警报-75000-心理阻力] CHECK_START
  {}
[2026-03-14 23:48:20] [INFO] [压力位突破警报-78000-中期目标] CHECK_START
  {}
[2026-03-14 23:48:20] [INFO] [支撑位跌破警报-70000-关键支撑] CHECK_START
  {}
[2026-03-14 23:48:20] [INFO] [支撑位跌破警报-68000-强支撑] CHECK_START
  {}
[2026-03-14 23:48:21] [INFO] [压力位突破警报-78000-中期目标] CHECK_PASSED
  {}
[2026-03-14 23:48:22] [INFO] [支撑位跌破警报-68000-强支撑] CHECK_PASSED
  {}
[2026-03-14 23:48:22] [INFO] [压力位突破警报-75000-心理阻力] CHECK_PASSED
  {}
[2026-03-14 23:48:23] [INFO] [压力位突破警报-74084-3月4日高点] CHECK_PASSED
  {}
[2026-03-14 23:48:25] [INFO] [支撑位跌破警报-70000-关键支撑] CHECK_PASSED
  {}
[2026-03-14 23:53:32] [INFO] [压力位突破警报-74084-3月4日高点] CHECK_START
  {}
[2026-03-14 23:53:32] [INFO] [压力位突破警报-75000-心理阻力] CHECK_START
  {}
[2026-03-14 23:53:32] [INFO] [压力位突破警报-78000-中期目标] CHECK_START
  {}
[2026-03-14 23:53:32] [INFO] [支撑位跌破警报-70000-关键支撑] CHECK_START
  {}
[2026-03-14 23:53:32] [INFO] [支撑位跌破警报-68000-强支撑] CHECK_START
  {}
[2026-03-14 23:53:34] [INFO] [压力位突破警报-74084-3月4日高点] CHECK_PASSED
  {}
[2026-03-14 23:53:34] [INFO] [压力位突破警报-75000-心理阻力] CHECK_PASSED
  {}
[2026-03-14 23:53:34] [INFO] [支撑位跌破警报-70000-关键支撑] CHECK_PASSED
  {}
[2026-03-14 23:53:35] [INFO] [支撑位跌破警报-68000-强支撑] CHECK_PASSED
  {}
[2026-03-14 23:53:37] [INFO] [压力位突破警报-78000-中期目标] CHECK_PASSED
  {}
[2026-03-14 23:58:40] [INFO] [压力位突破警报-74084-3月4日高点] CHECK_START
  {}
[2026-03-14 23:58:40] [INFO] [压力位突破警报-75000-心理阻力] CHECK_START
  {}
[2026-03-14 23:58:40] [INFO] [压力位突破警报-78000-中期目标] CHECK_START
  {}
[2026-03-14 23:58:40] [INFO] [支撑位跌破警报-70000-关键支撑] CHECK_START
  {}
[2026-03-14 23:58:40] [INFO] [支撑位跌破警报-68000-强支撑] CHECK_START
  {}
[2026-03-14 23:58:42] [INFO] [压力位突破警报-74084-3月4日高点] CHECK_PASSED
  {}
[2026-03-14 23:58:43] [INFO] [压力位突破警报-75000-心理阻力] CHECK_PASSED
  {}
[2026-03-14 23:58:44] [INFO] [支撑位跌破警报-68000-强支撑] CHECK_PASSED
  {}
[2026-03-14 23:58:45] [INFO] [支撑位跌破警报-70000-关键支撑] CHECK_PASSED
  {}
[2026-03-14 23:58:47] [INFO] [压力位突破警报-78000-中期目标] CHECK_PASSED
  {}
[2026-03-15 00:03:50] [INFO] [压力位突破警报-74084-3月4日高点] CHECK_START
  {}
[2026-03-15 00:03:50] [INFO] [压力位突破警报-75000-心理阻力] CHECK_START
  {}
[2026-03-15 00:03:50] [INFO] [压力位突破警报-78000-中期目标] CHECK_START
  {}
[2026-03-15 00:03:50] [INFO] [支撑位跌破警报-70000-关键支撑] CHECK_START
  {}
[2026-03-15 00:03:50] [INFO] [支撑位跌破警报-68000-强支撑] CHECK_START
  {}
[2026-03-15 00:03:53] [INFO] [支撑位跌破警报-70000-关键支撑] CHECK_PASSED
  {}
[2026-03-15 00:03:53] [INFO] [支撑位跌破警报-68000-强支撑] CHECK_PASSED
  {}
[2026-03-15 00:03:53] [INFO] [压力位突破警报-75000-心理阻力] CHECK_PASSED
  {}
[2026-03-15 00:03:53] [INFO] [压力位突破警报-74084-3月4日高点] CHECK_PASSED
  {}
[2026-03-15 00:03:57] [INFO] [压力位突破警报-78000-中期目标] CHECK_PASSED
  {}
[2026-03-15 00:09:04] [INFO] [压力位突破警报-74084-3月4日高点] CHECK_START
  {}
[2026-03-15 00:09:04] [INFO] [压力位突破警报-75000-心理阻力] CHECK_START
  {}
[2026-03-15 00:09:04] [INFO] [压力位突破警报-78000-中期目标] CHECK_START
  {}
[2026-03-15 00:09:04] [INFO] [支撑位跌破警报-70000-关键支撑] CHECK_START
  {}
[2026-03-15 00:09:04] [INFO] [支撑位跌破警报-68000-强支撑] CHECK_START
  {}
[2026-03-15 00:09:06] [INFO] [压力位突破警报-78000-中期目标] CHECK_PASSED
  {}
[2026-03-15 00:09:07] [INFO] [支撑位跌破警报-68000-强支撑] CHECK_PASSED
  {}
[2026-03-15 00:09:07] [INFO] [压力位突破警报-75000-心理阻力] CHECK_PASSED
  {}
[2026-03-15 00:09:09] [INFO] [压力位突破警报-74084-3月4日高点] CHECK_PASSED
  {}
[2026-03-15 00:09:10] [INFO] [支撑位跌破警报-70000-关键支撑] CHECK_PASSED
  {}
[2026-03-15 00:14:16] [INFO] [压力位突破警报-74084-3月4日高点] CHECK_START
  {}
[2026-03-15 00:14:16] [INFO] [压力位突破警报-75000-心理阻力] CHECK_START
  {}
[2026-03-15 00:14:16] [INFO] [压力位突破警报-78000-中期目标] CHECK_START
  {}
[2026-03-15 00:14:16] [INFO] [支撑位跌破警报-70000-关键支撑] CHECK_START
  {}
[2026-03-15 00:14:16] [INFO] [支撑位跌破警报-68000-强支撑] CHECK_START
  {}
[2026-03-15 00:14:19] [INFO] [压力位突破警报-74084-3月4日高点] CHECK_PASSED
  {}
[2026-03-15 00:14:19] [INFO] [压力位突破警报-78000-中期目标] CHECK_PASSED
  {}
[2026-03-15 00:14:19] [INFO] [支撑位跌破警报-68000-强支撑] CHECK_PASSED
  {}
[2026-03-15 00:14:20] [INFO] [支撑位跌破警报-70000-关键支撑] CHECK_PASSED
  {}
[2026-03-15 00:14:20] [INFO] [压力位突破警报-75000-心理阻力] CHECK_PASSED
  {}
[2026-03-15 00:19:27] [INFO] [压力位突破警报-74084-3月4日高点] CHECK_START
  {}
[2026-03-15 00:19:27] [INFO] [压力位突破警报-75000-心理阻力] CHECK_START
  {}
[2026-03-15 00:19:27] [INFO] [压力位突破警报-78000-中期目标] CHECK_START
  {}
[2026-03-15 00:19:27] [INFO] [支撑位跌破警报-70000-关键支撑] CHECK_START
  {}
[2026-03-15 00:19:27] [INFO] [支撑位跌破警报-68000-强支撑] CHECK_START
  {}
[2026-03-15 00:19:28] [INFO] [压力位突破警报-75000-心理阻力] CHECK_PASSED
  {}
[2026-03-15 00:19:28] [INFO] [压力位突破警报-78000-中期目标] CHECK_PASSED
  {}
[2026-03-15 00:19:28] [INFO] [压力位突破警报-74084-3月4日高点] CHECK_PASSED
  {}
[2026-03-15 00:19:28] [INFO] [支撑位跌破警报-68000-强支撑] CHECK_PASSED
  {}
[2026-03-15 00:19:34] [INFO] [支撑位跌破警报-70000-关键支撑] CHECK_PASSED
  {}
[2026-03-15 00:24:39] [INFO] [压力位突破警报-74084-3月4日高点] CHECK_START
  {}
[2026-03-15 00:24:39] [INFO] [压力位突破警报-75000-心理阻力] CHECK_START
  {}
[2026-03-15 00:24:39] [INFO] [压力位突破警报-78000-中期目标] CHECK_START
  {}
[2026-03-15 00:24:39] [INFO] [支撑位跌破警报-70000-关键支撑] CHECK_START
  {}
[2026-03-15 00:24:39] [INFO] [支撑位跌破警报-68000-强支撑] CHECK_START
  {}
[2026-03-15 00:24:43] [INFO] [压力位突破警报-74084-3月4日高点] CHECK_PASSED
  {}
[2026-03-15 00:24:43] [INFO] [支撑位跌破警报-70000-关键支撑] CHECK_PASSED
  {}
[2026-03-15 00:24:47] [INFO] [支撑位跌破警报-68000-强支撑] CHECK_PASSED
  {}
[2026-03-15 00:24:54] [INFO] [压力位突破警报-75000-心理阻力] CHECK_PASSED
  {}
[2026-03-15 00:24:57] [INFO] [压力位突破警报-78000-中期目标] CHECK_PASSED
  {}
[2026-03-15 00:29:47] [INFO] [压力位突破警报-74084-3月4日高点] CHECK_START
  {}
[2026-03-15 00:29:47] [INFO] [压力位突破警报-75000-心理阻力] CHECK_START
  {}
[2026-03-15 00:29:47] [INFO] [压力位突破警报-78000-中期目标] CHECK_START
  {}
[2026-03-15 00:29:47] [INFO] [支撑位跌破警报-70000-关键支撑] CHECK_START
  {}
[2026-03-15 00:29:47] [INFO] [支撑位跌破警报-68000-强支撑] CHECK_START
  {}
[2026-03-15 00:29:49] [INFO] [压力位突破警报-74084-3月4日高点] CHECK_PASSED
  {}
[2026-03-15 00:29:49] [INFO] [支撑位跌破警报-70000-关键支撑] CHECK_PASSED
  {}
[2026-03-15 00:29:51] [INFO] [压力位突破警报-75000-心理阻力] CHECK_PASSED
  {}
[2026-03-15 00:29:52] [INFO] [支撑位跌破警报-68000-强支撑] CHECK_PASSED
  {}
[2026-03-15 00:29:53] [INFO] [压力位突破警报-78000-中期目标] CHECK_PASSED
  {}
[2026-03-15 00:34:59] [INFO] [压力位突破警报-74084-3月4日高点] CHECK_START
  {}
[2026-03-15 00:34:59] [INFO] [压力位突破警报-75000-心理阻力] CHECK_START
  {}
[2026-03-15 00:34:59] [INFO] [压力位突破警报-78000-中期目标] CHECK_START
  {}
[2026-03-15 00:34:59] [INFO] [支撑位跌破警报-70000-关键支撑] CHECK_START
  {}
[2026-03-15 00:34:59] [INFO] [支撑位跌破警报-68000-强支撑] CHECK_START
  {}
[2026-03-15 00:35:01] [INFO] [压力位突破警报-78000-中期目标] CHECK_PASSED
  {}
[2026-03-15 00:35:02] [INFO] [压力位突破警报-75000-心理阻力] CHECK_PASSED
  {}
[2026-03-15 00:35:02] [INFO] [支撑位跌破警报-70000-关键支撑] CHECK_PASSED
  {}
[2026-03-15 00:35:03] [INFO] [压力位突破警报-74084-3月4日高点] CHECK_PASSED
  {}
[2026-03-15 00:35:07] [INFO] [支撑位跌破警报-68000-强支撑] CHECK_PASSED
  {}
[2026-03-15 00:40:09] [INFO] [压力位突破警报-74084-3月4日高点] CHECK_START
  {}
[2026-03-15 00:40:09] [INFO] [压力位突破警报-75000-心理阻力] CHECK_START
  {}
[2026-03-15 00:40:09] [INFO] [压力位突破警报-78000-中期目标] CHECK_START
  {}
[2026-03-15 00:40:09] [INFO] [支撑位跌破警报-70000-关键支撑] CHECK_START
  {}
[2026-03-15 00:40:09] [INFO] [支撑位跌破警报-68000-强支撑] CHECK_START
  {}
[2026-03-15 00:40:10] [INFO] [压力位突破警报-75000-心理阻力] CHECK_PASSED
  {}
[2026-03-15 00:40:11] [INFO] [支撑位跌破警报-70000-关键支撑] CHECK_PASSED
  {}
[2026-03-15 00:40:12] [INFO] [支撑位跌破警报-68000-强支撑] CHECK_PASSED
  {}
[2026-03-15 00:40:12] [INFO] [压力位突破警报-78000-中期目标] CHECK_PASSED
  {}
[2026-03-15 00:40:12] [INFO] [压力位突破警报-74084-3月4日高点] CHECK_PASSED
  {}
[2026-03-15 00:45:19] [INFO] [压力位突破警报-74084-3月4日高点] CHECK_START
  {}
[2026-03-15 00:45:19] [INFO] [压力位突破警报-75000-心理阻力] CHECK_START
  {}
[2026-03-15 00:45:19] [INFO] [压力位突破警报-78000-中期目标] CHECK_START
  {}
[2026-03-15 00:45:19] [INFO] [支撑位跌破警报-70000-关键支撑] CHECK_START
  {}
[2026-03-15 00:45:19] [INFO] [支撑位跌破警报-68000-强支撑] CHECK_START
  {}
[2026-03-15 00:45:21] [INFO] [压力位突破警报-74084-3月4日高点] CHECK_PASSED
  {}
[2026-03-15 00:45:21] [INFO] [压力位突破警报-75000-心理阻力] CHECK_PASSED
  {}
[2026-03-15 00:45:21] [INFO] [支撑位跌破警报-70000-关键支撑] CHECK_PASSED
  {}
[2026-03-15 00:45:21] [INFO] [支撑位跌破警报-68000-强支撑] CHECK_PASSED
  {}
[2026-03-15 00:45:23] [INFO] [压力位突破警报-78000-中期目标] CHECK_PASSED
  {}
[2026-03-15 00:50:31] [INFO] [压力位突破警报-74084-3月4日高点] CHECK_START
  {}
[2026-03-15 00:50:31] [INFO] [压力位突破警报-75000-心理阻力] CHECK_START
  {}
[2026-03-15 00:50:31] [INFO] [压力位突破警报-78000-中期目标] CHECK_START
  {}
[2026-03-15 00:50:31] [INFO] [支撑位跌破警报-70000-关键支撑] CHECK_START
  {}
[2026-03-15 00:50:31] [INFO] [支撑位跌破警报-68000-强支撑] CHECK_START
  {}
[2026-03-15 00:50:33] [INFO] [支撑位跌破警报-68000-强支撑] CHECK_PASSED
  {}
[2026-03-15 00:50:33] [INFO] [压力位突破警报-74084-3月4日高点] CHECK_PASSED
  {}
[2026-03-15 00:50:34] [INFO] [压力位突破警报-75000-心理阻力] CHECK_PASSED
  {}
[2026-03-15 00:50:35] [INFO] [支撑位跌破警报-70000-关键支撑] CHECK_PASSED
  {}
[2026-03-15 00:50:38] [INFO] [压力位突破警报-78000-中期目标] CHECK_PASSED
  {}
[2026-03-15 00:55:43] [INFO] [压力位突破警报-74084-3月4日高点] CHECK_START
  {}
[2026-03-15 00:55:43] [INFO] [压力位突破警报-75000-心理阻力] CHECK_START
  {}
[2026-03-15 00:55:43] [INFO] [压力位突破警报-78000-中期目标] CHECK_START
  {}
[2026-03-15 00:55:43] [INFO] [支撑位跌破警报-70000-关键支撑] CHECK_START
  {}
[2026-03-15 00:55:43] [INFO] [支撑位跌破警报-68000-强支撑] CHECK_START
  {}
[2026-03-15 00:55:45] [INFO] [压力位突破警报-74084-3月4日高点] CHECK_PASSED
  {}
[2026-03-15 00:55:46] [INFO] [压力位突破警报-75000-心理阻力] CHECK_PASSED
  {}
[2026-03-15 00:55:46] [INFO] [压力位突破警报-78000-中期目标] CHECK_PASSED
  {}
[2026-03-15 00:55:46] [INFO] [支撑位跌破警报-68000-强支撑] CHECK_PASSED
  {}
[2026-03-15 00:55:47] [INFO] [支撑位跌破警报-70000-关键支撑] CHECK_PASSED
  {}
[2026-03-15 01:00:53] [INFO] [压力位突破警报-74084-3月4日高点] CHECK_START
  {}
[2026-03-15 01:00:53] [INFO] [压力位突破警报-75000-心理阻力] CHECK_START
  {}
[2026-03-15 01:00:53] [INFO] [压力位突破警报-78000-中期目标] CHECK_START
  {}
[2026-03-15 01:00:53] [INFO] [支撑位跌破警报-70000-关键支撑] CHECK_START
  {}
[2026-03-15 01:00:53] [INFO] [支撑位跌破警报-68000-强支撑] CHECK_START
  {}
[2026-03-15 01:00:54] [INFO] [支撑位跌破警报-68000-强支撑] CHECK_PASSED
  {}
[2026-03-15 01:00:54] [INFO] [压力位突破警报-78000-中期目标] CHECK_PASSED
  {}
[2026-03-15 01:00:55] [INFO] [压力位突破警报-75000-心理阻力] CHECK_PASSED
  {}
[2026-03-15 01:00:55] [INFO] [支撑位跌破警报-70000-关键支撑] CHECK_PASSED
  {}
[2026-03-15 01:00:56] [INFO] [压力位突破警报-74084-3月4日高点] CHECK_PASSED
  {}
[2026-03-15 01:05:51] [INFO] [Engine] 引擎关闭 (SIGINT)
[2026-03-15 23:15:22] [INFO] [Engine] 引擎启动
  {"rulesDir":"/home/administrator/.openclaw/july-btc-analyzer/skills/btc-alert/rules","archiveDir":"/home/administrator/.openclaw/july-btc-analyzer/skills/btc-alert/rules-archive","logFile":"/home/administrator/.openclaw/july-btc-analyzer/logs/alert-engine.log"}
[2026-03-15 23:15:22] [INFO] [压力位突破警报-74084-3月4日高点] TIMER_STARTED
  {"interval":"300s","file":"2026-03-13-resistance-74084.js"}
[2026-03-15 23:15:22] [INFO] [压力位突破警报-74084-3月4日高点] CHECK_START
  {}
[2026-03-15 23:15:22] [INFO] [压力位突破警报-75000-心理阻力] TIMER_STARTED
  {"interval":"300s","file":"2026-03-13-resistance-75000.js"}
[2026-03-15 23:15:22] [INFO] [压力位突破警报-75000-心理阻力] CHECK_START
  {}
[2026-03-15 23:15:22] [INFO] [压力位突破警报-78000-中期目标] TIMER_STARTED
  {"interval":"300s","file":"2026-03-13-resistance-78000.js"}
[2026-03-15 23:15:22] [INFO] [压力位突破警报-78000-中期目标] CHECK_START
  {}
[2026-03-15 23:15:22] [INFO] [支撑位跌破警报-70000-关键支撑] TIMER_STARTED
  {"interval":"300s","file":"2026-03-13-support-70000.js"}
[2026-03-15 23:15:22] [INFO] [支撑位跌破警报-70000-关键支撑] CHECK_START
  {}
[2026-03-15 23:15:22] [INFO] [支撑位跌破警报-68000-强支撑] TIMER_STARTED
  {"interval":"300s","file":"2026-03-14-support-68000.js"}
[2026-03-15 23:15:22] [INFO] [支撑位跌破警报-68000-强支撑] CHECK_START
  {}
[2026-03-15 23:15:22] [INFO] [Engine] 规则加载完成
  {"count":5}
[2026-03-15 23:15:24] [INFO] [支撑位跌破警报-70000-关键支撑] CHECK_PASSED
  {}
[2026-03-15 23:15:24] [INFO] [压力位突破警报-74084-3月4日高点] CHECK_PASSED
  {}
[2026-03-15 23:15:24] [INFO] [压力位突破警报-75000-心理阻力] CHECK_PASSED
  {}
[2026-03-15 23:15:26] [INFO] [支撑位跌破警报-68000-强支撑] CHECK_PASSED
  {}
[2026-03-15 23:15:27] [INFO] [压力位突破警报-78000-中期目标] CHECK_PASSED
  {}
[2026-03-15 23:20:10] [INFO] [压力位突破警报-74084-3月4日高点] CHECK_START
  {}
[2026-03-15 23:20:10] [INFO] [压力位突破警报-75000-心理阻力] CHECK_START
  {}
[2026-03-15 23:20:10] [INFO] [压力位突破警报-78000-中期目标] CHECK_START
  {}
[2026-03-15 23:20:10] [INFO] [支撑位跌破警报-70000-关键支撑] CHECK_START
  {}
[2026-03-15 23:20:10] [INFO] [支撑位跌破警报-68000-强支撑] CHECK_START
  {}
[2026-03-15 23:20:12] [INFO] [压力位突破警报-78000-中期目标] CHECK_PASSED
  {}
[2026-03-15 23:20:12] [INFO] [压力位突破警报-75000-心理阻力] CHECK_PASSED
  {}
[2026-03-15 23:20:12] [INFO] [支撑位跌破警报-70000-关键支撑] CHECK_PASSED
  {}
[2026-03-15 23:20:15] [INFO] [压力位突破警报-74084-3月4日高点] CHECK_PASSED
  {}
[2026-03-15 23:20:17] [INFO] [支撑位跌破警报-68000-强支撑] CHECK_PASSED
  {}
[2026-03-15 23:24:54] [INFO] [压力位突破警报-74084-3月4日高点] CHECK_START
  {}
[2026-03-15 23:24:54] [INFO] [压力位突破警报-75000-心理阻力] CHECK_START
  {}
[2026-03-15 23:24:54] [INFO] [压力位突破警报-78000-中期目标] CHECK_START
  {}
[2026-03-15 23:24:54] [INFO] [支撑位跌破警报-70000-关键支撑] CHECK_START
  {}
[2026-03-15 23:24:54] [INFO] [支撑位跌破警报-68000-强支撑] CHECK_START
  {}
[2026-03-15 23:24:57] [INFO] [压力位突破警报-75000-心理阻力] CHECK_PASSED
  {}
[2026-03-15 23:24:58] [INFO] [压力位突破警报-78000-中期目标] CHECK_PASSED
  {}
[2026-03-15 23:25:02] [INFO] [支撑位跌破警报-68000-强支撑] CHECK_PASSED
  {}
[2026-03-15 23:25:03] [INFO] [压力位突破警报-74084-3月4日高点] CHECK_PASSED
  {}
[2026-03-15 23:25:24] [INFO] [支撑位跌破警报-70000-关键支撑] CHECK_PASSED
  {}
[2026-03-15 23:28:42] [INFO] [压力位突破警报-74084-3月4日高点] 检测到规则文件已不存在
  {"path":"/home/administrator/.openclaw/july-btc-analyzer/skills/btc-alert/rules/2026-03-13-resistance-74084.js"}
[2026-03-15 23:28:42] [INFO] [压力位突破警报-74084-3月4日高点] RULE_UNLOADED
  {"reason":"file_removed"}
[2026-03-15 23:28:42] [INFO] [压力位突破警报-75000-心理阻力] 检测到规则文件已不存在
  {"path":"/home/administrator/.openclaw/july-btc-analyzer/skills/btc-alert/rules/2026-03-13-resistance-75000.js"}
[2026-03-15 23:28:42] [INFO] [压力位突破警报-75000-心理阻力] RULE_UNLOADED
  {"reason":"file_removed"}
[2026-03-15 23:28:42] [INFO] [压力位突破警报-78000-中期目标] 检测到规则文件已不存在
  {"path":"/home/administrator/.openclaw/july-btc-analyzer/skills/btc-alert/rules/2026-03-13-resistance-78000.js"}
[2026-03-15 23:28:42] [INFO] [压力位突破警报-78000-中期目标] RULE_UNLOADED
  {"reason":"file_removed"}
[2026-03-15 23:28:42] [INFO] [支撑位跌破警报-70000-关键支撑] 检测到规则文件已不存在
  {"path":"/home/administrator/.openclaw/july-btc-analyzer/skills/btc-alert/rules/2026-03-13-support-70000.js"}
[2026-03-15 23:28:42] [INFO] [支撑位跌破警报-70000-关键支撑] RULE_UNLOADED
  {"reason":"file_removed"}
[2026-03-15 23:28:42] [INFO] [支撑位跌破警报-68000-强支撑] 检测到规则文件已不存在
  {"path":"/home/administrator/.openclaw/july-btc-analyzer/skills/btc-alert/rules/2026-03-14-support-68000.js"}
[2026-03-15 23:28:42] [INFO] [支撑位跌破警报-68000-强支撑] RULE_UNLOADED
  {"reason":"file_removed"}
[2026-03-15 23:29:45] [INFO] [Engine] 引擎关闭 (SIGINT)
[2026-03-15 23:29:45] [INFO] [Engine] 引擎启动
  {"rulesDir":"/home/administrator/.openclaw/july-btc-analyzer/skills/btc-alert/rules","archiveDir":"/home/administrator/.openclaw/july-btc-analyzer/skills/btc-alert/rules-archive","logFile":"/home/administrator/.openclaw/july-btc-analyzer/logs/alert-engine.log"}
[2026-03-15 23:29:45] [INFO] [压力位突破警报-72000-弱阻力] TIMER_STARTED
  {"interval":"300s","file":"2026-03-15-resistance-72000.js"}
[2026-03-15 23:29:45] [INFO] [压力位突破警报-72000-弱阻力] CHECK_START
  {}
[2026-03-15 23:29:45] [INFO] [支撑位跌破警报-68000-强支撑] TIMER_STARTED
  {"interval":"300s","file":"2026-03-15-support-68000.js"}
[2026-03-15 23:29:45] [INFO] [支撑位跌破警报-68000-强支撑] CHECK_START
  {}
[2026-03-15 23:29:45] [INFO] [支撑位跌破警报-70000-关键支撑] TIMER_STARTED
  {"interval":"300s","file":"2026-03-15-support-70000.js"}
[2026-03-15 23:29:45] [INFO] [支撑位跌破警报-70000-关键支撑] CHECK_START
  {}
[2026-03-15 23:29:45] [INFO] [Engine] 规则加载完成
  {"count":3}
[2026-03-15 23:29:47] [INFO] [压力位突破警报-72000-弱阻力] CHECK_PASSED
  {}
[2026-03-15 23:29:51] [INFO] [支撑位跌破警报-70000-关键支撑] CHECK_PASSED
  {}
[2026-03-15 23:29:52] [INFO] [支撑位跌破警报-68000-强支撑] CHECK_PASSED
  {}
[2026-03-15 23:34:31] [INFO] [压力位突破警报-72000-弱阻力] CHECK_START
  {}
[2026-03-15 23:34:31] [INFO] [支撑位跌破警报-68000-强支撑] CHECK_START
  {}
[2026-03-15 23:34:31] [INFO] [支撑位跌破警报-70000-关键支撑] CHECK_START
  {}
[2026-03-15 23:34:32] [INFO] [支撑位跌破警报-68000-强支撑] CHECK_PASSED
  {}
[2026-03-15 23:34:33] [INFO] [压力位突破警报-72000-弱阻力] CHECK_PASSED
  {}
[2026-03-15 23:34:33] [INFO] [支撑位跌破警报-70000-关键支撑] CHECK_PASSED
  {}
[2026-03-15 23:39:16] [INFO] [压力位突破警报-72000-弱阻力] CHECK_START
  {}
[2026-03-15 23:39:16] [INFO] [支撑位跌破警报-68000-强支撑] CHECK_START
  {}
[2026-03-15 23:39:16] [INFO] [支撑位跌破警报-70000-关键支撑] CHECK_START
  {}
[2026-03-15 23:39:16] [INFO] [支撑位跌破警报-70000-关键支撑] CHECK_PASSED
  {}
[2026-03-15 23:39:19] [INFO] [支撑位跌破警报-68000-强支撑] CHECK_PASSED
  {}
[2026-03-15 23:39:21] [INFO] [压力位突破警报-72000-弱阻力] CHECK_PASSED
  {}
[2026-03-15 23:44:01] [INFO] [压力位突破警报-72000-弱阻力] CHECK_START
  {}
[2026-03-15 23:44:01] [INFO] [支撑位跌破警报-68000-强支撑] CHECK_START
  {}
[2026-03-15 23:44:01] [INFO] [支撑位跌破警报-70000-关键支撑] CHECK_START
  {}
[2026-03-15 23:44:02] [INFO] [支撑位跌破警报-70000-关键支撑] CHECK_PASSED
  {}
[2026-03-15 23:44:02] [INFO] [压力位突破警报-72000-弱阻力] CHECK_PASSED
  {}
[2026-03-15 23:44:06] [INFO] [支撑位跌破警报-68000-强支撑] CHECK_PASSED
  {}
[2026-03-15 23:48:47] [INFO] [压力位突破警报-72000-弱阻力] CHECK_START
  {}
[2026-03-15 23:48:47] [INFO] [支撑位跌破警报-68000-强支撑] CHECK_START
  {}
[2026-03-15 23:48:47] [INFO] [支撑位跌破警报-70000-关键支撑] CHECK_START
  {}
[2026-03-15 23:48:49] [INFO] [支撑位跌破警报-70000-关键支撑] CHECK_PASSED
  {}
[2026-03-15 23:48:49] [INFO] [支撑位跌破警报-68000-强支撑] CHECK_PASSED
  {}
[2026-03-15 23:48:52] [INFO] [压力位突破警报-72000-弱阻力] CHECK_PASSED
  {}
[2026-03-15 23:53:33] [INFO] [压力位突破警报-72000-弱阻力] CHECK_START
  {}
[2026-03-15 23:53:33] [INFO] [支撑位跌破警报-68000-强支撑] CHECK_START
  {}
[2026-03-15 23:53:33] [INFO] [支撑位跌破警报-70000-关键支撑] CHECK_START
  {}
[2026-03-15 23:53:35] [INFO] [支撑位跌破警报-68000-强支撑] CHECK_PASSED
  {}
[2026-03-15 23:53:36] [INFO] [支撑位跌破警报-70000-关键支撑] CHECK_PASSED
  {}
[2026-03-15 23:53:39] [INFO] [压力位突破警报-72000-弱阻力] CHECK_PASSED
  {}
[2026-03-15 23:58:19] [INFO] [压力位突破警报-72000-弱阻力] CHECK_START
  {}
[2026-03-15 23:58:19] [INFO] [支撑位跌破警报-68000-强支撑] CHECK_START
  {}
[2026-03-15 23:58:19] [INFO] [支撑位跌破警报-70000-关键支撑] CHECK_START
  {}
[2026-03-15 23:58:20] [INFO] [支撑位跌破警报-70000-关键支撑] CHECK_PASSED
  {}
[2026-03-15 23:58:23] [INFO] [支撑位跌破警报-68000-强支撑] CHECK_PASSED
  {}
[2026-03-15 23:58:25] [INFO] [压力位突破警报-72000-弱阻力] CHECK_PASSED
  {}
[2026-03-16 00:03:06] [INFO] [压力位突破警报-72000-弱阻力] CHECK_START
  {}
[2026-03-16 00:03:06] [INFO] [支撑位跌破警报-68000-强支撑] CHECK_START
  {}
[2026-03-16 00:03:06] [INFO] [支撑位跌破警报-70000-关键支撑] CHECK_START
  {}
[2026-03-16 00:03:08] [INFO] [压力位突破警报-72000-弱阻力] CHECK_PASSED
  {}
[2026-03-16 00:03:08] [INFO] [支撑位跌破警报-68000-强支撑] CHECK_PASSED
  {}
[2026-03-16 00:03:19] [INFO] [支撑位跌破警报-70000-关键支撑] CHECK_PASSED
  {}
[2026-03-16 00:07:51] [INFO] [压力位突破警报-72000-弱阻力] CHECK_START
  {}
[2026-03-16 00:07:51] [INFO] [支撑位跌破警报-68000-强支撑] CHECK_START
  {}
[2026-03-16 00:07:51] [INFO] [支撑位跌破警报-70000-关键支撑] CHECK_START
  {}
[2026-03-16 00:07:53] [INFO] [压力位突破警报-72000-弱阻力] CHECK_PASSED
  {}
[2026-03-16 00:07:54] [INFO] [支撑位跌破警报-70000-关键支撑] CHECK_PASSED
  {}
[2026-03-16 00:08:21] [INFO] [支撑位跌破警报-68000-强支撑] CHECK_PASSED
  {}
[2026-03-16 00:12:37] [INFO] [压力位突破警报-72000-弱阻力] CHECK_START
  {}
[2026-03-16 00:12:37] [INFO] [支撑位跌破警报-68000-强支撑] CHECK_START
  {}
[2026-03-16 00:12:37] [INFO] [支撑位跌破警报-70000-关键支撑] CHECK_START
  {}
[2026-03-16 00:12:40] [INFO] [支撑位跌破警报-70000-关键支撑] CHECK_PASSED
  {}
[2026-03-16 00:12:41] [INFO] [压力位突破警报-72000-弱阻力] CHECK_PASSED
  {}
[2026-03-16 00:12:44] [INFO] [支撑位跌破警报-68000-强支撑] CHECK_PASSED
  {}
[2026-03-16 00:17:24] [INFO] [压力位突破警报-72000-弱阻力] CHECK_START
  {}
[2026-03-16 00:17:24] [INFO] [支撑位跌破警报-68000-强支撑] CHECK_START
  {}
[2026-03-16 00:17:24] [INFO] [支撑位跌破警报-70000-关键支撑] CHECK_START
  {}
[2026-03-16 00:17:29] [INFO] [支撑位跌破警报-68000-强支撑] CHECK_PASSED
  {}
[2026-03-16 00:17:29] [INFO] [支撑位跌破警报-70000-关键支撑] CHECK_PASSED
  {}
[2026-03-16 00:17:30] [INFO] [压力位突破警报-72000-弱阻力] CHECK_PASSED
  {}
[2026-03-16 00:22:10] [INFO] [压力位突破警报-72000-弱阻力] CHECK_START
  {}
[2026-03-16 00:22:10] [INFO] [支撑位跌破警报-68000-强支撑] CHECK_START
  {}
[2026-03-16 00:22:10] [INFO] [支撑位跌破警报-70000-关键支撑] CHECK_START
  {}
[2026-03-16 00:22:12] [INFO] [压力位突破警报-72000-弱阻力] CHECK_PASSED
  {}
[2026-03-16 00:22:12] [INFO] [支撑位跌破警报-70000-关键支撑] CHECK_PASSED
  {}
[2026-03-16 00:22:13] [INFO] [支撑位跌破警报-68000-强支撑] CHECK_PASSED
  {}
[2026-03-16 00:26:54] [INFO] [压力位突破警报-72000-弱阻力] CHECK_START
  {}
[2026-03-16 00:26:54] [INFO] [支撑位跌破警报-68000-强支撑] CHECK_START
  {}
[2026-03-16 00:26:54] [INFO] [支撑位跌破警报-70000-关键支撑] CHECK_START
  {}
[2026-03-16 00:26:56] [INFO] [支撑位跌破警报-70000-关键支撑] CHECK_PASSED
  {}
[2026-03-16 00:26:56] [INFO] [支撑位跌破警报-68000-强支撑] CHECK_PASSED
  {}
[2026-03-16 00:26:58] [INFO] [压力位突破警报-72000-弱阻力] CHECK_PASSED
  {}
[2026-03-16 00:31:38] [INFO] [压力位突破警报-72000-弱阻力] CHECK_START
  {}
[2026-03-16 00:31:38] [INFO] [支撑位跌破警报-68000-强支撑] CHECK_START
  {}
[2026-03-16 00:31:38] [INFO] [支撑位跌破警报-70000-关键支撑] CHECK_START
  {}
[2026-03-16 00:31:40] [INFO] [压力位突破警报-72000-弱阻力] CHECK_PASSED
  {}
[2026-03-16 00:31:41] [INFO] [支撑位跌破警报-70000-关键支撑] CHECK_PASSED
  {}
[2026-03-16 00:31:42] [INFO] [支撑位跌破警报-68000-强支撑] CHECK_PASSED
  {}
[2026-03-16 00:36:23] [INFO] [压力位突破警报-72000-弱阻力] CHECK_START
  {}
[2026-03-16 00:36:23] [INFO] [支撑位跌破警报-68000-强支撑] CHECK_START
  {}
[2026-03-16 00:36:23] [INFO] [支撑位跌破警报-70000-关键支撑] CHECK_START
  {}
[2026-03-16 00:36:24] [INFO] [支撑位跌破警报-70000-关键支撑] CHECK_PASSED
  {}
[2026-03-16 00:36:27] [INFO] [压力位突破警报-72000-弱阻力] CHECK_PASSED
  {}
[2026-03-16 00:36:53] [INFO] [支撑位跌破警报-68000-强支撑] CHECK_PASSED
  {}
[2026-03-16 00:41:09] [INFO] [压力位突破警报-72000-弱阻力] CHECK_START
  {}
[2026-03-16 00:41:09] [INFO] [支撑位跌破警报-68000-强支撑] CHECK_START
  {}
[2026-03-16 00:41:09] [INFO] [支撑位跌破警报-70000-关键支撑] CHECK_START
  {}
[2026-03-16 00:41:11] [INFO] [压力位突破警报-72000-弱阻力] CHECK_PASSED
  {}
[2026-03-16 00:41:11] [INFO] [支撑位跌破警报-68000-强支撑] CHECK_PASSED
  {}
[2026-03-16 00:41:12] [INFO] [支撑位跌破警报-70000-关键支撑] CHECK_PASSED
  {}
[2026-03-16 00:45:54] [INFO] [压力位突破警报-72000-弱阻力] CHECK_START
  {}
[2026-03-16 00:45:54] [INFO] [支撑位跌破警报-68000-强支撑] CHECK_START
  {}
[2026-03-16 00:45:54] [INFO] [支撑位跌破警报-70000-关键支撑] CHECK_START
  {}
[2026-03-16 00:45:56] [INFO] [支撑位跌破警报-68000-强支撑] CHECK_PASSED
  {}
[2026-03-16 00:45:56] [INFO] [压力位突破警报-72000-弱阻力] CHECK_PASSED
  {}
[2026-03-16 00:45:59] [INFO] [支撑位跌破警报-70000-关键支撑] CHECK_PASSED
  {}
[2026-03-16 00:50:39] [INFO] [压力位突破警报-72000-弱阻力] CHECK_START
  {}
[2026-03-16 00:50:39] [INFO] [支撑位跌破警报-68000-强支撑] CHECK_START
  {}
[2026-03-16 00:50:39] [INFO] [支撑位跌破警报-70000-关键支撑] CHECK_START
  {}
[2026-03-16 00:50:40] [INFO] [支撑位跌破警报-68000-强支撑] CHECK_PASSED
  {}
[2026-03-16 00:50:42] [INFO] [压力位突破警报-72000-弱阻力] CHECK_PASSED
  {}
[2026-03-16 00:50:42] [INFO] [支撑位跌破警报-70000-关键支撑] CHECK_PASSED
  {}
[2026-03-16 00:55:23] [INFO] [压力位突破警报-72000-弱阻力] CHECK_START
  {}
[2026-03-16 00:55:23] [INFO] [支撑位跌破警报-68000-强支撑] CHECK_START
  {}
[2026-03-16 00:55:23] [INFO] [支撑位跌破警报-70000-关键支撑] CHECK_START
  {}
[2026-03-16 00:55:25] [INFO] [压力位突破警报-72000-弱阻力] CHECK_PASSED
  {}
[2026-03-16 00:55:26] [INFO] [支撑位跌破警报-70000-关键支撑] CHECK_PASSED
  {}
[2026-03-16 00:55:26] [INFO] [支撑位跌破警报-68000-强支撑] CHECK_PASSED
  {}
[2026-03-16 01:00:08] [INFO] [压力位突破警报-72000-弱阻力] CHECK_START
  {}
[2026-03-16 01:00:08] [INFO] [支撑位跌破警报-68000-强支撑] CHECK_START
  {}
[2026-03-16 01:00:08] [INFO] [支撑位跌破警报-70000-关键支撑] CHECK_START
  {}
[2026-03-16 01:00:10] [INFO] [压力位突破警报-72000-弱阻力] CHECK_PASSED
  {}
[2026-03-16 01:00:10] [INFO] [支撑位跌破警报-68000-强支撑] CHECK_PASSED
  {}
[2026-03-16 01:00:11] [INFO] [支撑位跌破警报-70000-关键支撑] CHECK_PASSED
  {}
[2026-03-16 01:04:52] [INFO] [压力位突破警报-72000-弱阻力] CHECK_START
  {}
[2026-03-16 01:04:52] [INFO] [支撑位跌破警报-68000-强支撑] CHECK_START
  {}
[2026-03-16 01:04:52] [INFO] [支撑位跌破警报-70000-关键支撑] CHECK_START
  {}
[2026-03-16 01:04:54] [INFO] [支撑位跌破警报-68000-强支撑] CHECK_PASSED
  {}
[2026-03-16 01:04:54] [INFO] [支撑位跌破警报-70000-关键支撑] CHECK_PASSED
  {}
[2026-03-16 01:04:55] [INFO] [压力位突破警报-72000-弱阻力] CHECK_PASSED
  {}
[2026-03-16 01:09:37] [INFO] [压力位突破警报-72000-弱阻力] CHECK_START
  {}
[2026-03-16 01:09:37] [INFO] [支撑位跌破警报-68000-强支撑] CHECK_START
  {}
[2026-03-16 01:09:37] [INFO] [支撑位跌破警报-70000-关键支撑] CHECK_START
  {}
[2026-03-16 01:09:39] [INFO] [压力位突破警报-72000-弱阻力] CHECK_PASSED
  {}
[2026-03-16 01:09:39] [INFO] [支撑位跌破警报-70000-关键支撑] CHECK_PASSED
  {}
[2026-03-16 01:10:06] [INFO] [支撑位跌破警报-68000-强支撑] CHECK_PASSED
  {}
[2026-03-16 01:14:20] [INFO] [压力位突破警报-72000-弱阻力] CHECK_START
  {}
[2026-03-16 01:14:20] [INFO] [支撑位跌破警报-68000-强支撑] CHECK_START
  {}
[2026-03-16 01:14:20] [INFO] [支撑位跌破警报-70000-关键支撑] CHECK_START
  {}
[2026-03-16 01:14:22] [INFO] [支撑位跌破警报-70000-关键支撑] CHECK_PASSED
  {}
[2026-03-16 01:14:22] [INFO] [支撑位跌破警报-68000-强支撑] CHECK_PASSED
  {}
[2026-03-16 01:14:22] [INFO] [压力位突破警报-72000-弱阻力] CHECK_PASSED
  {}
[2026-03-16 01:19:06] [INFO] [压力位突破警报-72000-弱阻力] CHECK_START
  {}
[2026-03-16 01:19:06] [INFO] [支撑位跌破警报-68000-强支撑] CHECK_START
  {}
[2026-03-16 01:19:06] [INFO] [支撑位跌破警报-70000-关键支撑] CHECK_START
  {}
[2026-03-16 01:19:07] [INFO] [支撑位跌破警报-68000-强支撑] CHECK_PASSED
  {}
[2026-03-16 01:19:07] [INFO] [支撑位跌破警报-70000-关键支撑] CHECK_PASSED
  {}
[2026-03-16 01:19:11] [INFO] [压力位突破警报-72000-弱阻力] CHECK_PASSED
  {}
[2026-03-16 01:23:48] [INFO] [压力位突破警报-72000-弱阻力] CHECK_START
  {}
[2026-03-16 01:23:48] [INFO] [支撑位跌破警报-68000-强支撑] CHECK_START
  {}
[2026-03-16 01:23:48] [INFO] [支撑位跌破警报-70000-关键支撑] CHECK_START
  {}
[2026-03-16 01:23:50] [INFO] [压力位突破警报-72000-弱阻力] CHECK_PASSED
  {}
[2026-03-16 01:23:50] [INFO] [支撑位跌破警报-68000-强支撑] CHECK_PASSED
  {}
[2026-03-16 01:23:50] [INFO] [支撑位跌破警报-70000-关键支撑] CHECK_PASSED
  {}
[2026-03-16 01:28:32] [INFO] [压力位突破警报-72000-弱阻力] CHECK_START
  {}
[2026-03-16 01:28:32] [INFO] [支撑位跌破警报-68000-强支撑] CHECK_START
  {}
[2026-03-16 01:28:32] [INFO] [支撑位跌破警报-70000-关键支撑] CHECK_START
  {}
[2026-03-16 01:28:34] [INFO] [支撑位跌破警报-68000-强支撑] CHECK_PASSED
  {}
[2026-03-16 01:28:34] [INFO] [压力位突破警报-72000-弱阻力] CHECK_PASSED
  {}
[2026-03-16 01:28:36] [INFO] [支撑位跌破警报-70000-关键支撑] CHECK_PASSED
  {}
[2026-03-16 01:33:16] [INFO] [压力位突破警报-72000-弱阻力] CHECK_START
  {}
[2026-03-16 01:33:16] [INFO] [支撑位跌破警报-68000-强支撑] CHECK_START
  {}
[2026-03-16 01:33:16] [INFO] [支撑位跌破警报-70000-关键支撑] CHECK_START
  {}
[2026-03-16 01:33:17] [INFO] [支撑位跌破警报-70000-关键支撑] CHECK_PASSED
  {}
[2026-03-16 01:33:17] [INFO] [支撑位跌破警报-68000-强支撑] CHECK_PASSED
  {}
[2026-03-16 01:33:17] [INFO] [压力位突破警报-72000-弱阻力] CHECK_PASSED
  {}
[2026-03-16 01:37:59] [INFO] [压力位突破警报-72000-弱阻力] CHECK_START
  {}
[2026-03-16 01:37:59] [INFO] [支撑位跌破警报-68000-强支撑] CHECK_START
  {}
[2026-03-16 01:37:59] [INFO] [支撑位跌破警报-70000-关键支撑] CHECK_START
  {}
[2026-03-16 01:38:00] [INFO] [支撑位跌破警报-68000-强支撑] CHECK_PASSED
  {}
[2026-03-16 01:38:01] [INFO] [支撑位跌破警报-70000-关键支撑] CHECK_PASSED
  {}
[2026-03-16 01:38:01] [INFO] [压力位突破警报-72000-弱阻力] CHECK_PASSED
  {}
[2026-03-16 01:42:41] [INFO] [压力位突破警报-72000-弱阻力] CHECK_START
  {}
[2026-03-16 01:42:41] [INFO] [支撑位跌破警报-68000-强支撑] CHECK_START
  {}
[2026-03-16 01:42:41] [INFO] [支撑位跌破警报-70000-关键支撑] CHECK_START
  {}
[2026-03-16 01:42:44] [INFO] [支撑位跌破警报-70000-关键支撑] CHECK_PASSED
  {}
[2026-03-16 01:42:45] [INFO] [压力位突破警报-72000-弱阻力] CHECK_PASSED
  {}
[2026-03-16 01:42:46] [INFO] [支撑位跌破警报-68000-强支撑] CHECK_PASSED
  {}
[2026-03-16 01:47:24] [INFO] [压力位突破警报-72000-弱阻力] CHECK_START
  {}
[2026-03-16 01:47:24] [INFO] [支撑位跌破警报-68000-强支撑] CHECK_START
  {}
[2026-03-16 01:47:24] [INFO] [支撑位跌破警报-70000-关键支撑] CHECK_START
  {}
[2026-03-16 01:47:26] [INFO] [支撑位跌破警报-68000-强支撑] CHECK_PASSED
  {}
[2026-03-16 01:47:26] [INFO] [压力位突破警报-72000-弱阻力] CHECK_PASSED
  {}
[2026-03-16 01:47:27] [INFO] [支撑位跌破警报-70000-关键支撑] CHECK_PASSED
  {}
[2026-03-16 01:52:07] [INFO] [压力位突破警报-72000-弱阻力] CHECK_START
  {}
[2026-03-16 01:52:07] [INFO] [支撑位跌破警报-68000-强支撑] CHECK_START
  {}
[2026-03-16 01:52:07] [INFO] [支撑位跌破警报-70000-关键支撑] CHECK_START
  {}
[2026-03-16 01:52:08] [INFO] [压力位突破警报-72000-弱阻力] CHECK_PASSED
  {}
[2026-03-16 01:52:08] [INFO] [支撑位跌破警报-70000-关键支撑] CHECK_PASSED
  {}
[2026-03-16 01:52:08] [INFO] [支撑位跌破警报-68000-强支撑] CHECK_PASSED
  {}
[2026-03-16 01:56:55] [INFO] [压力位突破警报-72000-弱阻力] CHECK_START
  {}
[2026-03-16 01:56:55] [INFO] [支撑位跌破警报-68000-强支撑] CHECK_START
  {}
[2026-03-16 01:56:55] [INFO] [支撑位跌破警报-70000-关键支撑] CHECK_START
  {}
[2026-03-16 01:56:56] [INFO] [压力位突破警报-72000-弱阻力] CHECK_PASSED
  {}
[2026-03-16 01:56:57] [INFO] [支撑位跌破警报-70000-关键支撑] CHECK_PASSED
  {}
[2026-03-16 01:56:57] [INFO] [支撑位跌破警报-68000-强支撑] CHECK_PASSED
  {}
[2026-03-16 02:01:39] [INFO] [压力位突破警报-72000-弱阻力] CHECK_START
  {}
[2026-03-16 02:01:39] [INFO] [支撑位跌破警报-68000-强支撑] CHECK_START
  {}
[2026-03-16 02:01:39] [INFO] [支撑位跌破警报-70000-关键支撑] CHECK_START
  {}
[2026-03-16 02:01:39] [INFO] [支撑位跌破警报-70000-关键支撑] CHECK_PASSED
  {}
[2026-03-16 02:01:39] [INFO] [压力位突破警报-72000-弱阻力] CHECK_PASSED
  {}
[2026-03-16 02:01:39] [INFO] [支撑位跌破警报-68000-强支撑] CHECK_PASSED
  {}
[2026-03-16 02:06:20] [INFO] [压力位突破警报-72000-弱阻力] CHECK_START
  {}
[2026-03-16 02:06:20] [INFO] [支撑位跌破警报-68000-强支撑] CHECK_START
  {}
[2026-03-16 02:06:20] [INFO] [支撑位跌破警报-70000-关键支撑] CHECK_START
  {}
[2026-03-16 02:06:22] [INFO] [支撑位跌破警报-70000-关键支撑] CHECK_PASSED
  {}
[2026-03-16 02:06:22] [INFO] [支撑位跌破警报-68000-强支撑] CHECK_PASSED
  {}
[2026-03-16 02:06:22] [INFO] [压力位突破警报-72000-弱阻力] CHECK_PASSED
  {}
[2026-03-16 02:11:04] [INFO] [压力位突破警报-72000-弱阻力] CHECK_START
  {}
[2026-03-16 02:11:04] [INFO] [支撑位跌破警报-68000-强支撑] CHECK_START
  {}
[2026-03-16 02:11:04] [INFO] [支撑位跌破警报-70000-关键支撑] CHECK_START
  {}
[2026-03-16 02:11:06] [INFO] [支撑位跌破警报-70000-关键支撑] CHECK_PASSED
  {}
[2026-03-16 02:11:06] [INFO] [压力位突破警报-72000-弱阻力] CHECK_PASSED
  {}
[2026-03-16 02:11:06] [INFO] [支撑位跌破警报-68000-强支撑] CHECK_PASSED
  {}
[2026-03-16 02:15:47] [INFO] [压力位突破警报-72000-弱阻力] CHECK_START
  {}
[2026-03-16 02:15:47] [INFO] [支撑位跌破警报-68000-强支撑] CHECK_START
  {}
[2026-03-16 02:15:47] [INFO] [支撑位跌破警报-70000-关键支撑] CHECK_START
  {}
[2026-03-16 02:15:49] [INFO] [支撑位跌破警报-68000-强支撑] CHECK_PASSED
  {}
[2026-03-16 02:15:50] [INFO] [支撑位跌破警报-70000-关键支撑] CHECK_PASSED
  {}
[2026-03-16 02:16:15] [INFO] [压力位突破警报-72000-弱阻力] CHECK_PASSED
  {}
[2026-03-16 02:20:29] [INFO] [压力位突破警报-72000-弱阻力] CHECK_START
  {}
[2026-03-16 02:20:29] [INFO] [支撑位跌破警报-68000-强支撑] CHECK_START
  {}
[2026-03-16 02:20:29] [INFO] [支撑位跌破警报-70000-关键支撑] CHECK_START
  {}
[2026-03-16 02:20:31] [INFO] [支撑位跌破警报-68000-强支撑] CHECK_PASSED
  {}
[2026-03-16 02:20:31] [INFO] [压力位突破警报-72000-弱阻力] CHECK_PASSED
  {}
[2026-03-16 02:20:31] [INFO] [支撑位跌破警报-70000-关键支撑] CHECK_PASSED
  {}
[2026-03-16 02:25:10] [INFO] [压力位突破警报-72000-弱阻力] CHECK_START
  {}
[2026-03-16 02:25:10] [INFO] [支撑位跌破警报-68000-强支撑] CHECK_START
  {}
[2026-03-16 02:25:10] [INFO] [支撑位跌破警报-70000-关键支撑] CHECK_START
  {}
[2026-03-16 02:25:11] [INFO] [支撑位跌破警报-68000-强支撑] CHECK_PASSED
  {}
[2026-03-16 02:25:11] [INFO] [支撑位跌破警报-70000-关键支撑] CHECK_PASSED
  {}
[2026-03-16 02:25:11] [INFO] [压力位突破警报-72000-弱阻力] CHECK_PASSED
  {}
[2026-03-16 02:29:52] [INFO] [压力位突破警报-72000-弱阻力] CHECK_START
  {}
[2026-03-16 02:29:52] [INFO] [支撑位跌破警报-68000-强支撑] CHECK_START
  {}
[2026-03-16 02:29:52] [INFO] [支撑位跌破警报-70000-关键支撑] CHECK_START
  {}
[2026-03-16 02:29:54] [INFO] [支撑位跌破警报-68000-强支撑] CHECK_PASSED
  {}
[2026-03-16 02:29:54] [INFO] [压力位突破警报-72000-弱阻力] CHECK_PASSED
  {}
[2026-03-16 02:29:54] [INFO] [支撑位跌破警报-70000-关键支撑] CHECK_PASSED
  {}
[2026-03-16 02:34:34] [INFO] [压力位突破警报-72000-弱阻力] CHECK_START
  {}
[2026-03-16 02:34:34] [INFO] [支撑位跌破警报-68000-强支撑] CHECK_START
  {}
[2026-03-16 02:34:34] [INFO] [支撑位跌破警报-70000-关键支撑] CHECK_START
  {}
[2026-03-16 02:34:36] [INFO] [压力位突破警报-72000-弱阻力] CHECK_PASSED
  {}
[2026-03-16 02:34:36] [INFO] [支撑位跌破警报-68000-强支撑] CHECK_PASSED
  {}
[2026-03-16 02:34:36] [INFO] [支撑位跌破警报-70000-关键支撑] CHECK_PASSED
  {}
[2026-03-16 02:39:16] [INFO] [压力位突破警报-72000-弱阻力] CHECK_START
  {}
[2026-03-16 02:39:16] [INFO] [支撑位跌破警报-68000-强支撑] CHECK_START
  {}
[2026-03-16 02:39:16] [INFO] [支撑位跌破警报-70000-关键支撑] CHECK_START
  {}
[2026-03-16 02:39:18] [INFO] [支撑位跌破警报-70000-关键支撑] CHECK_PASSED
  {}
[2026-03-16 02:39:18] [INFO] [支撑位跌破警报-68000-强支撑] CHECK_PASSED
  {}
[2026-03-16 02:39:18] [INFO] [压力位突破警报-72000-弱阻力] CHECK_PASSED
  {}
[2026-03-16 02:43:57] [INFO] [压力位突破警报-72000-弱阻力] CHECK_START
  {}
[2026-03-16 02:43:57] [INFO] [支撑位跌破警报-68000-强支撑] CHECK_START
  {}
[2026-03-16 02:43:57] [INFO] [支撑位跌破警报-70000-关键支撑] CHECK_START
  {}
[2026-03-16 02:43:58] [INFO] [支撑位跌破警报-68000-强支撑] CHECK_PASSED
  {}
[2026-03-16 02:43:58] [INFO] [压力位突破警报-72000-弱阻力] CHECK_PASSED
  {}
[2026-03-16 02:43:58] [INFO] [支撑位跌破警报-70000-关键支撑] CHECK_PASSED
  {}
[2026-03-16 02:48:38] [INFO] [压力位突破警报-72000-弱阻力] CHECK_START
  {}
[2026-03-16 02:48:38] [INFO] [支撑位跌破警报-68000-强支撑] CHECK_START
  {}
[2026-03-16 02:48:38] [INFO] [支撑位跌破警报-70000-关键支撑] CHECK_START
  {}
[2026-03-16 02:48:39] [INFO] [支撑位跌破警报-68000-强支撑] CHECK_PASSED
  {}
[2026-03-16 02:48:39] [INFO] [支撑位跌破警报-70000-关键支撑] CHECK_PASSED
  {}
[2026-03-16 02:48:39] [INFO] [压力位突破警报-72000-弱阻力] CHECK_PASSED
  {}
[2026-03-16 02:53:18] [INFO] [压力位突破警报-72000-弱阻力] CHECK_START
  {}
[2026-03-16 02:53:18] [INFO] [支撑位跌破警报-68000-强支撑] CHECK_START
  {}
[2026-03-16 02:53:18] [INFO] [支撑位跌破警报-70000-关键支撑] CHECK_START
  {}
[2026-03-16 02:53:20] [INFO] [支撑位跌破警报-68000-强支撑] CHECK_PASSED
  {}
[2026-03-16 02:53:20] [INFO] [支撑位跌破警报-70000-关键支撑] CHECK_PASSED
  {}
[2026-03-16 02:53:20] [INFO] [压力位突破警报-72000-弱阻力] CHECK_PASSED
  {}
[2026-03-16 02:57:58] [INFO] [压力位突破警报-72000-弱阻力] CHECK_START
  {}
[2026-03-16 02:57:58] [INFO] [支撑位跌破警报-68000-强支撑] CHECK_START
  {}
[2026-03-16 02:57:58] [INFO] [支撑位跌破警报-70000-关键支撑] CHECK_START
  {}
[2026-03-16 02:58:00] [INFO] [支撑位跌破警报-68000-强支撑] CHECK_PASSED
  {}
[2026-03-16 02:58:00] [INFO] [支撑位跌破警报-70000-关键支撑] CHECK_PASSED
  {}
[2026-03-16 02:58:00] [INFO] [压力位突破警报-72000-弱阻力] CHECK_PASSED
  {}
[2026-03-16 03:02:37] [INFO] [压力位突破警报-72000-弱阻力] CHECK_START
  {}
[2026-03-16 03:02:37] [INFO] [支撑位跌破警报-68000-强支撑] CHECK_START
  {}
[2026-03-16 03:02:37] [INFO] [支撑位跌破警报-70000-关键支撑] CHECK_START
  {}
[2026-03-16 03:02:39] [INFO] [支撑位跌破警报-70000-关键支撑] CHECK_PASSED
  {}
[2026-03-16 03:02:39] [INFO] [支撑位跌破警报-68000-强支撑] CHECK_PASSED
  {}
[2026-03-16 03:02:39] [INFO] [压力位突破警报-72000-弱阻力] CHECK_PASSED
  {}
[2026-03-16 03:07:14] [INFO] [压力位突破警报-72000-弱阻力] CHECK_START
  {}
[2026-03-16 03:07:14] [INFO] [支撑位跌破警报-68000-强支撑] CHECK_START
  {}
[2026-03-16 03:07:14] [INFO] [支撑位跌破警报-70000-关键支撑] CHECK_START
  {}
[2026-03-16 03:07:16] [INFO] [支撑位跌破警报-68000-强支撑] CHECK_PASSED
  {}
[2026-03-16 03:07:16] [INFO] [支撑位跌破警报-70000-关键支撑] CHECK_PASSED
  {}
[2026-03-16 03:07:16] [INFO] [压力位突破警报-72000-弱阻力] CHECK_PASSED
  {}
[2026-03-16 03:11:52] [INFO] [压力位突破警报-72000-弱阻力] CHECK_START
  {}
[2026-03-16 03:11:52] [INFO] [支撑位跌破警报-68000-强支撑] CHECK_START
  {}
[2026-03-16 03:11:52] [INFO] [支撑位跌破警报-70000-关键支撑] CHECK_START
  {}
[2026-03-16 03:11:54] [INFO] [支撑位跌破警报-68000-强支撑] CHECK_PASSED
  {}
[2026-03-16 03:11:54] [INFO] [支撑位跌破警报-70000-关键支撑] CHECK_PASSED
  {}
[2026-03-16 03:11:54] [INFO] [压力位突破警报-72000-弱阻力] CHECK_PASSED
  {}
[2026-03-16 03:16:31] [INFO] [压力位突破警报-72000-弱阻力] CHECK_START
  {}
[2026-03-16 03:16:31] [INFO] [支撑位跌破警报-68000-强支撑] CHECK_START
  {}
[2026-03-16 03:16:31] [INFO] [支撑位跌破警报-70000-关键支撑] CHECK_START
  {}
[2026-03-16 03:16:32] [INFO] [支撑位跌破警报-70000-关键支撑] CHECK_PASSED
  {}
[2026-03-16 03:16:32] [INFO] [支撑位跌破警报-68000-强支撑] CHECK_PASSED
  {}
[2026-03-16 03:16:33] [INFO] [压力位突破警报-72000-弱阻力] CHECK_PASSED
  {}
[2026-03-16 03:21:18] [INFO] [压力位突破警报-72000-弱阻力] CHECK_START
  {}
[2026-03-16 03:21:18] [INFO] [支撑位跌破警报-68000-强支撑] CHECK_START
  {}
[2026-03-16 03:21:18] [INFO] [支撑位跌破警报-70000-关键支撑] CHECK_START
  {}
[2026-03-16 03:21:19] [INFO] [压力位突破警报-72000-弱阻力] CHECK_PASSED
  {}
[2026-03-16 03:21:19] [INFO] [支撑位跌破警报-70000-关键支撑] CHECK_PASSED
  {}
[2026-03-16 03:21:19] [INFO] [支撑位跌破警报-68000-强支撑] CHECK_PASSED
  {}
[2026-03-16 03:26:01] [INFO] [压力位突破警报-72000-弱阻力] CHECK_START
  {}
[2026-03-16 03:26:01] [INFO] [支撑位跌破警报-68000-强支撑] CHECK_START
  {}
[2026-03-16 03:26:01] [INFO] [支撑位跌破警报-70000-关键支撑] CHECK_START
  {}
[2026-03-16 03:26:02] [INFO] [支撑位跌破警报-68000-强支撑] CHECK_PASSED
  {}
[2026-03-16 03:26:02] [INFO] [压力位突破警报-72000-弱阻力] CHECK_PASSED
  {}
[2026-03-16 03:26:02] [INFO] [支撑位跌破警报-70000-关键支撑] CHECK_PASSED
  {}
[2026-03-16 03:30:43] [INFO] [压力位突破警报-72000-弱阻力] CHECK_START
  {}
[2026-03-16 03:30:43] [INFO] [支撑位跌破警报-68000-强支撑] CHECK_START
  {}
[2026-03-16 03:30:43] [INFO] [支撑位跌破警报-70000-关键支撑] CHECK_START
  {}
[2026-03-16 03:30:45] [INFO] [支撑位跌破警报-68000-强支撑] CHECK_PASSED
  {}
[2026-03-16 03:30:45] [INFO] [支撑位跌破警报-70000-关键支撑] CHECK_PASSED
  {}
[2026-03-16 03:30:45] [INFO] [压力位突破警报-72000-弱阻力] CHECK_PASSED
  {}
[2026-03-16 03:35:24] [INFO] [压力位突破警报-72000-弱阻力] CHECK_START
  {}
[2026-03-16 03:35:24] [INFO] [支撑位跌破警报-68000-强支撑] CHECK_START
  {}
[2026-03-16 03:35:24] [INFO] [支撑位跌破警报-70000-关键支撑] CHECK_START
  {}
[2026-03-16 03:35:25] [INFO] [支撑位跌破警报-70000-关键支撑] CHECK_PASSED
  {}
[2026-03-16 03:35:25] [INFO] [压力位突破警报-72000-弱阻力] CHECK_PASSED
  {}
[2026-03-16 03:35:26] [INFO] [支撑位跌破警报-68000-强支撑] CHECK_PASSED
  {}
[2026-03-16 03:40:12] [INFO] [压力位突破警报-72000-弱阻力] CHECK_START
  {}
[2026-03-16 03:40:12] [INFO] [支撑位跌破警报-68000-强支撑] CHECK_START
  {}
[2026-03-16 03:40:12] [INFO] [支撑位跌破警报-70000-关键支撑] CHECK_START
  {}
[2026-03-16 03:40:12] [INFO] [支撑位跌破警报-70000-关键支撑] CHECK_PASSED
  {}
[2026-03-16 03:40:13] [INFO] [压力位突破警报-72000-弱阻力] CHECK_PASSED
  {}
[2026-03-16 03:40:13] [INFO] [支撑位跌破警报-68000-强支撑] CHECK_PASSED
  {}
[2026-03-16 03:44:55] [INFO] [压力位突破警报-72000-弱阻力] CHECK_START
  {}
[2026-03-16 03:44:55] [INFO] [支撑位跌破警报-68000-强支撑] CHECK_START
  {}
[2026-03-16 03:44:55] [INFO] [支撑位跌破警报-70000-关键支撑] CHECK_START
  {}
[2026-03-16 03:44:57] [INFO] [压力位突破警报-72000-弱阻力] CHECK_PASSED
  {}
[2026-03-16 03:44:57] [INFO] [支撑位跌破警报-70000-关键支撑] CHECK_PASSED
  {}
[2026-03-16 03:44:57] [INFO] [支撑位跌破警报-68000-强支撑] CHECK_PASSED
  {}
[2026-03-16 03:49:42] [INFO] [压力位突破警报-72000-弱阻力] CHECK_START
  {}
[2026-03-16 03:49:42] [INFO] [支撑位跌破警报-68000-强支撑] CHECK_START
  {}
[2026-03-16 03:49:42] [INFO] [支撑位跌破警报-70000-关键支撑] CHECK_START
  {}
[2026-03-16 03:49:43] [INFO] [支撑位跌破警报-68000-强支撑] CHECK_PASSED
  {}
[2026-03-16 03:49:43] [INFO] [支撑位跌破警报-70000-关键支撑] CHECK_PASSED
  {}
[2026-03-16 03:49:43] [INFO] [压力位突破警报-72000-弱阻力] CHECK_PASSED
  {}
[2026-03-16 03:54:28] [INFO] [压力位突破警报-72000-弱阻力] CHECK_START
  {}
[2026-03-16 03:54:28] [INFO] [支撑位跌破警报-68000-强支撑] CHECK_START
  {}
[2026-03-16 03:54:28] [INFO] [支撑位跌破警报-70000-关键支撑] CHECK_START
  {}
[2026-03-16 03:54:29] [INFO] [压力位突破警报-72000-弱阻力] CHECK_PASSED
  {}
[2026-03-16 03:54:29] [INFO] [支撑位跌破警报-68000-强支撑] CHECK_PASSED
  {}
[2026-03-16 03:54:56] [INFO] [支撑位跌破警报-70000-关键支撑] CHECK_PASSED
  {}
[2026-03-16 03:59:11] [INFO] [压力位突破警报-72000-弱阻力] CHECK_START
  {}
[2026-03-16 03:59:11] [INFO] [支撑位跌破警报-68000-强支撑] CHECK_START
  {}
[2026-03-16 03:59:11] [INFO] [支撑位跌破警报-70000-关键支撑] CHECK_START
  {}
[2026-03-16 03:59:13] [INFO] [支撑位跌破警报-68000-强支撑] CHECK_PASSED
  {}
[2026-03-16 03:59:13] [INFO] [支撑位跌破警报-70000-关键支撑] CHECK_PASSED
  {}
[2026-03-16 03:59:13] [INFO] [压力位突破警报-72000-弱阻力] CHECK_PASSED
  {}
[2026-03-16 04:03:53] [INFO] [压力位突破警报-72000-弱阻力] CHECK_START
  {}
[2026-03-16 04:03:53] [INFO] [支撑位跌破警报-68000-强支撑] CHECK_START
  {}
[2026-03-16 04:03:53] [INFO] [支撑位跌破警报-70000-关键支撑] CHECK_START
  {}
[2026-03-16 04:03:54] [INFO] [压力位突破警报-72000-弱阻力] CHECK_PASSED
  {}
[2026-03-16 04:03:55] [INFO] [支撑位跌破警报-70000-关键支撑] CHECK_PASSED
  {}
[2026-03-16 04:03:55] [INFO] [支撑位跌破警报-68000-强支撑] CHECK_PASSED
  {}
[2026-03-16 04:08:34] [INFO] [压力位突破警报-72000-弱阻力] CHECK_START
  {}
[2026-03-16 04:08:34] [INFO] [支撑位跌破警报-68000-强支撑] CHECK_START
  {}
[2026-03-16 04:08:34] [INFO] [支撑位跌破警报-70000-关键支撑] CHECK_START
  {}
[2026-03-16 04:08:34] [INFO] [支撑位跌破警报-70000-关键支撑] CHECK_PASSED
  {}
[2026-03-16 04:08:34] [INFO] [压力位突破警报-72000-弱阻力] CHECK_PASSED
  {}
[2026-03-16 04:08:35] [INFO] [支撑位跌破警报-68000-强支撑] CHECK_PASSED
  {}
[2026-03-16 04:13:13] [INFO] [压力位突破警报-72000-弱阻力] CHECK_START
  {}
[2026-03-16 04:13:13] [INFO] [支撑位跌破警报-68000-强支撑] CHECK_START
  {}
[2026-03-16 04:13:13] [INFO] [支撑位跌破警报-70000-关键支撑] CHECK_START
  {}
[2026-03-16 04:13:14] [INFO] [支撑位跌破警报-68000-强支撑] CHECK_PASSED
  {}
[2026-03-16 04:13:15] [INFO] [支撑位跌破警报-70000-关键支撑] CHECK_PASSED
  {}
[2026-03-16 04:13:15] [INFO] [压力位突破警报-72000-弱阻力] CHECK_PASSED
  {}
[2026-03-16 04:17:54] [INFO] [压力位突破警报-72000-弱阻力] CHECK_START
  {}
[2026-03-16 04:17:54] [INFO] [支撑位跌破警报-68000-强支撑] CHECK_START
  {}
[2026-03-16 04:17:54] [INFO] [支撑位跌破警报-70000-关键支撑] CHECK_START
  {}
[2026-03-16 04:17:56] [INFO] [支撑位跌破警报-70000-关键支撑] CHECK_PASSED
  {}
[2026-03-16 04:17:56] [INFO] [压力位突破警报-72000-弱阻力] CHECK_PASSED
  {}
[2026-03-16 04:17:56] [INFO] [支撑位跌破警报-68000-强支撑] CHECK_PASSED
  {}
[2026-03-16 04:22:34] [INFO] [压力位突破警报-72000-弱阻力] CHECK_START
  {}
[2026-03-16 04:22:34] [INFO] [支撑位跌破警报-68000-强支撑] CHECK_START
  {}
[2026-03-16 04:22:34] [INFO] [支撑位跌破警报-70000-关键支撑] CHECK_START
  {}
[2026-03-16 04:22:36] [INFO] [压力位突破警报-72000-弱阻力] CHECK_PASSED
  {}
[2026-03-16 04:22:36] [INFO] [支撑位跌破警报-70000-关键支撑] CHECK_PASSED
  {}
[2026-03-16 04:22:37] [INFO] [支撑位跌破警报-68000-强支撑] CHECK_PASSED
  {}
[2026-03-16 04:27:15] [INFO] [压力位突破警报-72000-弱阻力] CHECK_START
  {}
[2026-03-16 04:27:15] [INFO] [支撑位跌破警报-68000-强支撑] CHECK_START
  {}
[2026-03-16 04:27:15] [INFO] [支撑位跌破警报-70000-关键支撑] CHECK_START
  {}
[2026-03-16 04:27:17] [INFO] [支撑位跌破警报-68000-强支撑] CHECK_PASSED
  {}
[2026-03-16 04:27:17] [INFO] [支撑位跌破警报-70000-关键支撑] CHECK_PASSED
  {}
[2026-03-16 04:27:17] [INFO] [压力位突破警报-72000-弱阻力] CHECK_PASSED
  {}
[2026-03-16 04:31:53] [INFO] [压力位突破警报-72000-弱阻力] CHECK_START
  {}
[2026-03-16 04:31:53] [INFO] [支撑位跌破警报-68000-强支撑] CHECK_START
  {}
[2026-03-16 04:31:53] [INFO] [支撑位跌破警报-70000-关键支撑] CHECK_START
  {}
[2026-03-16 04:31:54] [INFO] [支撑位跌破警报-68000-强支撑] CHECK_PASSED
  {}
[2026-03-16 04:31:54] [INFO] [支撑位跌破警报-70000-关键支撑] CHECK_PASSED
  {}
[2026-03-16 04:31:54] [INFO] [压力位突破警报-72000-弱阻力] CHECK_PASSED
  {}
[2026-03-16 04:36:33] [INFO] [压力位突破警报-72000-弱阻力] CHECK_START
  {}
[2026-03-16 04:36:33] [INFO] [支撑位跌破警报-68000-强支撑] CHECK_START
  {}
[2026-03-16 04:36:33] [INFO] [支撑位跌破警报-70000-关键支撑] CHECK_START
  {}
[2026-03-16 04:36:35] [INFO] [压力位突破警报-72000-弱阻力] CHECK_PASSED
  {}
[2026-03-16 04:36:35] [INFO] [支撑位跌破警报-70000-关键支撑] CHECK_PASSED
  {}
[2026-03-16 04:36:36] [INFO] [支撑位跌破警报-68000-强支撑] CHECK_PASSED
  {}
[2026-03-16 04:41:12] [INFO] [压力位突破警报-72000-弱阻力] CHECK_START
  {}
[2026-03-16 04:41:12] [INFO] [支撑位跌破警报-68000-强支撑] CHECK_START
  {}
[2026-03-16 04:41:12] [INFO] [支撑位跌破警报-70000-关键支撑] CHECK_START
  {}
[2026-03-16 04:41:14] [INFO] [支撑位跌破警报-70000-关键支撑] CHECK_PASSED
  {}
[2026-03-16 04:41:14] [INFO] [压力位突破警报-72000-弱阻力] CHECK_PASSED
  {}
[2026-03-16 04:41:14] [INFO] [支撑位跌破警报-68000-强支撑] CHECK_PASSED
  {}
[2026-03-16 04:45:51] [INFO] [压力位突破警报-72000-弱阻力] CHECK_START
  {}
[2026-03-16 04:45:51] [INFO] [支撑位跌破警报-68000-强支撑] CHECK_START
  {}
[2026-03-16 04:45:51] [INFO] [支撑位跌破警报-70000-关键支撑] CHECK_START
  {}
[2026-03-16 04:45:53] [INFO] [压力位突破警报-72000-弱阻力] CHECK_PASSED
  {}
[2026-03-16 04:45:53] [INFO] [支撑位跌破警报-68000-强支撑] CHECK_PASSED
  {}
[2026-03-16 04:45:54] [INFO] [支撑位跌破警报-70000-关键支撑] CHECK_PASSED
  {}
[2026-03-16 04:50:26] [INFO] [压力位突破警报-72000-弱阻力] CHECK_START
  {}
[2026-03-16 04:50:26] [INFO] [支撑位跌破警报-68000-强支撑] CHECK_START
  {}
[2026-03-16 04:50:26] [INFO] [支撑位跌破警报-70000-关键支撑] CHECK_START
  {}
[2026-03-16 04:50:27] [INFO] [支撑位跌破警报-68000-强支撑] CHECK_PASSED
  {}
[2026-03-16 04:50:27] [INFO] [压力位突破警报-72000-弱阻力] CHECK_PASSED
  {}
[2026-03-16 04:50:28] [INFO] [支撑位跌破警报-70000-关键支撑] CHECK_PASSED
  {}
[2026-03-16 04:55:03] [INFO] [压力位突破警报-72000-弱阻力] CHECK_START
  {}
[2026-03-16 04:55:03] [INFO] [支撑位跌破警报-68000-强支撑] CHECK_START
  {}
[2026-03-16 04:55:03] [INFO] [支撑位跌破警报-70000-关键支撑] CHECK_START
  {}
[2026-03-16 04:55:04] [INFO] [支撑位跌破警报-68000-强支撑] CHECK_PASSED
  {}
[2026-03-16 04:55:04] [INFO] [压力位突破警报-72000-弱阻力] CHECK_PASSED
  {}
[2026-03-16 04:55:30] [INFO] [支撑位跌破警报-70000-关键支撑] CHECK_PASSED
  {}
[2026-03-16 04:59:39] [INFO] [压力位突破警报-72000-弱阻力] CHECK_START
  {}
[2026-03-16 04:59:39] [INFO] [支撑位跌破警报-68000-强支撑] CHECK_START
  {}
[2026-03-16 04:59:39] [INFO] [支撑位跌破警报-70000-关键支撑] CHECK_START
  {}
[2026-03-16 04:59:41] [INFO] [支撑位跌破警报-68000-强支撑] CHECK_PASSED
  {}
[2026-03-16 04:59:41] [INFO] [压力位突破警报-72000-弱阻力] CHECK_PASSED
  {}
[2026-03-16 04:59:41] [INFO] [支撑位跌破警报-70000-关键支撑] CHECK_PASSED
  {}
[2026-03-16 05:04:16] [INFO] [压力位突破警报-72000-弱阻力] CHECK_START
  {}
[2026-03-16 05:04:16] [INFO] [支撑位跌破警报-68000-强支撑] CHECK_START
  {}
[2026-03-16 05:04:16] [INFO] [支撑位跌破警报-70000-关键支撑] CHECK_START
  {}
[2026-03-16 05:04:18] [INFO] [支撑位跌破警报-70000-关键支撑] CHECK_PASSED
  {}
[2026-03-16 05:04:18] [INFO] [压力位突破警报-72000-弱阻力] CHECK_PASSED
  {}
[2026-03-16 05:04:18] [INFO] [支撑位跌破警报-68000-强支撑] CHECK_PASSED
  {}
[2026-03-16 05:08:52] [INFO] [压力位突破警报-72000-弱阻力] CHECK_START
  {}
[2026-03-16 05:08:52] [INFO] [支撑位跌破警报-68000-强支撑] CHECK_START
  {}
[2026-03-16 05:08:52] [INFO] [支撑位跌破警报-70000-关键支撑] CHECK_START
  {}
[2026-03-16 05:08:54] [INFO] [压力位突破警报-72000-弱阻力] CHECK_PASSED
  {}
[2026-03-16 05:08:54] [INFO] [支撑位跌破警报-68000-强支撑] CHECK_PASSED
  {}
[2026-03-16 05:08:54] [INFO] [支撑位跌破警报-70000-关键支撑] CHECK_PASSED
  {}
[2026-03-16 05:13:25] [INFO] [压力位突破警报-72000-弱阻力] CHECK_START
  {}
[2026-03-16 05:13:25] [INFO] [支撑位跌破警报-68000-强支撑] CHECK_START
  {}
[2026-03-16 05:13:25] [INFO] [支撑位跌破警报-70000-关键支撑] CHECK_START
  {}
[2026-03-16 05:13:27] [INFO] [支撑位跌破警报-70000-关键支撑] CHECK_PASSED
  {}
[2026-03-16 05:13:27] [INFO] [支撑位跌破警报-68000-强支撑] CHECK_PASSED
  {}
[2026-03-16 05:13:27] [INFO] [压力位突破警报-72000-弱阻力] CHECK_PASSED
  {}
[2026-03-16 05:18:01] [INFO] [压力位突破警报-72000-弱阻力] CHECK_START
  {}
[2026-03-16 05:18:01] [INFO] [支撑位跌破警报-68000-强支撑] CHECK_START
  {}
[2026-03-16 05:18:01] [INFO] [支撑位跌破警报-70000-关键支撑] CHECK_START
  {}
[2026-03-16 05:18:03] [INFO] [压力位突破警报-72000-弱阻力] CHECK_PASSED
  {}
[2026-03-16 05:18:03] [INFO] [支撑位跌破警报-68000-强支撑] CHECK_PASSED
  {}
[2026-03-16 05:18:03] [INFO] [支撑位跌破警报-70000-关键支撑] CHECK_PASSED
  {}
[2026-03-16 05:22:37] [INFO] [压力位突破警报-72000-弱阻力] CHECK_START
  {}
[2026-03-16 05:22:37] [INFO] [支撑位跌破警报-68000-强支撑] CHECK_START
  {}
[2026-03-16 05:22:37] [INFO] [支撑位跌破警报-70000-关键支撑] CHECK_START
  {}
[2026-03-16 05:22:39] [INFO] [支撑位跌破警报-68000-强支撑] CHECK_PASSED
  {}
[2026-03-16 05:22:39] [INFO] [支撑位跌破警报-70000-关键支撑] CHECK_PASSED
  {}
[2026-03-16 05:22:39] [INFO] [压力位突破警报-72000-弱阻力] CHECK_PASSED
  {}
[2026-03-16 05:27:13] [INFO] [压力位突破警报-72000-弱阻力] CHECK_START
  {}
[2026-03-16 05:27:13] [INFO] [支撑位跌破警报-68000-强支撑] CHECK_START
  {}
[2026-03-16 05:27:13] [INFO] [支撑位跌破警报-70000-关键支撑] CHECK_START
  {}
[2026-03-16 05:27:15] [INFO] [压力位突破警报-72000-弱阻力] CHECK_PASSED
  {}
[2026-03-16 05:27:15] [INFO] [支撑位跌破警报-68000-强支撑] CHECK_PASSED
  {}
[2026-03-16 05:27:15] [INFO] [支撑位跌破警报-70000-关键支撑] CHECK_PASSED
  {}
[2026-03-16 05:31:46] [INFO] [压力位突破警报-72000-弱阻力] CHECK_START
  {}
[2026-03-16 05:31:46] [INFO] [支撑位跌破警报-68000-强支撑] CHECK_START
  {}
[2026-03-16 05:31:46] [INFO] [支撑位跌破警报-70000-关键支撑] CHECK_START
  {}
[2026-03-16 05:31:47] [INFO] [支撑位跌破警报-68000-强支撑] CHECK_PASSED
  {}
[2026-03-16 05:31:48] [INFO] [压力位突破警报-72000-弱阻力] CHECK_PASSED
  {}
[2026-03-16 05:31:48] [INFO] [支撑位跌破警报-70000-关键支撑] CHECK_PASSED
  {}
[2026-03-16 05:36:22] [INFO] [压力位突破警报-72000-弱阻力] CHECK_START
  {}
[2026-03-16 05:36:22] [INFO] [支撑位跌破警报-68000-强支撑] CHECK_START
  {}
[2026-03-16 05:36:22] [INFO] [支撑位跌破警报-70000-关键支撑] CHECK_START
  {}
[2026-03-16 05:36:23] [INFO] [支撑位跌破警报-70000-关键支撑] CHECK_PASSED
  {}
[2026-03-16 05:36:23] [INFO] [支撑位跌破警报-68000-强支撑] CHECK_PASSED
  {}
[2026-03-16 05:36:23] [INFO] [压力位突破警报-72000-弱阻力] CHECK_PASSED
  {}
[2026-03-16 05:40:57] [INFO] [压力位突破警报-72000-弱阻力] CHECK_START
  {}
[2026-03-16 05:40:57] [INFO] [支撑位跌破警报-68000-强支撑] CHECK_START
  {}
[2026-03-16 05:40:57] [INFO] [支撑位跌破警报-70000-关键支撑] CHECK_START
  {}
[2026-03-16 05:40:59] [INFO] [支撑位跌破警报-70000-关键支撑] CHECK_PASSED
  {}
[2026-03-16 05:40:59] [INFO] [压力位突破警报-72000-弱阻力] TRIGGERED
  {}
[2026-03-16 05:40:59] [INFO] [支撑位跌破警报-68000-强支撑] CHECK_PASSED
  {}
[2026-03-16 05:40:59] [INFO] [压力位突破警报-72000-弱阻力] DATA_COLLECTED
  {"dataKeys":["alertTime","error"]}
[2026-03-16 05:40:59] [INFO] [压力位突破警报-72000-弱阻力] TRIGGER_COMPLETED
  {}
[2026-03-16 05:44:22] [INFO] [Engine] 引擎关闭 (SIGINT)
[2026-03-16 05:44:22] [INFO] [Engine] 引擎启动
  {"rulesDir":"/home/administrator/.openclaw/july-btc-analyzer/skills/btc-alert/rules","archiveDir":"/home/administrator/.openclaw/july-btc-analyzer/skills/btc-alert/rules-archive","logFile":"/home/administrator/.openclaw/july-btc-analyzer/logs/alert-engine.log"}
[2026-03-16 05:44:22] [INFO] [支撑位跌破警报-68000-强支撑] TIMER_STARTED
  {"interval":"300s","file":"2026-03-15-support-68000.js"}
[2026-03-16 05:44:22] [INFO] [支撑位跌破警报-68000-强支撑] CHECK_START
  {}
[2026-03-16 05:44:22] [INFO] [支撑位跌破警报-70000-关键支撑] TIMER_STARTED
  {"interval":"300s","file":"2026-03-15-support-70000.js"}
[2026-03-16 05:44:22] [INFO] [支撑位跌破警报-70000-关键支撑] CHECK_START
  {}
[2026-03-16 05:44:22] [INFO] [压力位突破警报-74000-强阻力] TIMER_STARTED
  {"interval":"300s","file":"2026-03-16-resistance-74000.js"}
[2026-03-16 05:44:22] [INFO] [压力位突破警报-74000-强阻力] CHECK_START
  {}
[2026-03-16 05:44:22] [INFO] [支撑位跌破警报-71500-回踩支撑] TIMER_STARTED
  {"interval":"300s","file":"2026-03-16-support-71500.js"}
[2026-03-16 05:44:22] [INFO] [支撑位跌破警报-71500-回踩支撑] CHECK_START
  {}
[2026-03-16 05:44:22] [INFO] [Engine] 规则加载完成
  {"count":4}
[2026-03-16 05:44:24] [INFO] [压力位突破警报-74000-强阻力] CHECK_PASSED
  {}
[2026-03-16 05:44:24] [INFO] [支撑位跌破警报-70000-关键支撑] CHECK_PASSED
  {}
[2026-03-16 05:44:24] [INFO] [支撑位跌破警报-71500-回踩支撑] CHECK_PASSED
  {}
[2026-03-16 05:44:24] [INFO] [支撑位跌破警报-68000-强支撑] CHECK_PASSED
  {}
[2026-03-16 05:48:58] [INFO] [支撑位跌破警报-68000-强支撑] CHECK_START
  {}
[2026-03-16 05:48:58] [INFO] [支撑位跌破警报-70000-关键支撑] CHECK_START
  {}
[2026-03-16 05:48:58] [INFO] [压力位突破警报-74000-强阻力] CHECK_START
  {}
[2026-03-16 05:48:58] [INFO] [支撑位跌破警报-71500-回踩支撑] CHECK_START
  {}
[2026-03-16 05:48:59] [INFO] [压力位突破警报-74000-强阻力] CHECK_PASSED
  {}
[2026-03-16 05:48:59] [INFO] [支撑位跌破警报-71500-回踩支撑] CHECK_PASSED
  {}
[2026-03-16 05:49:00] [INFO] [支撑位跌破警报-68000-强支撑] CHECK_PASSED
  {}
[2026-03-16 05:49:00] [INFO] [支撑位跌破警报-70000-关键支撑] CHECK_PASSED
  {}
[2026-03-16 05:53:33] [INFO] [支撑位跌破警报-68000-强支撑] CHECK_START
  {}
[2026-03-16 05:53:33] [INFO] [支撑位跌破警报-70000-关键支撑] CHECK_START
  {}
[2026-03-16 05:53:33] [INFO] [压力位突破警报-74000-强阻力] CHECK_START
  {}
[2026-03-16 05:53:33] [INFO] [支撑位跌破警报-71500-回踩支撑] CHECK_START
  {}
[2026-03-16 05:53:34] [INFO] [支撑位跌破警报-70000-关键支撑] CHECK_PASSED
  {}
[2026-03-16 05:53:34] [INFO] [支撑位跌破警报-71500-回踩支撑] CHECK_PASSED
  {}
[2026-03-16 05:53:34] [INFO] [支撑位跌破警报-68000-强支撑] CHECK_PASSED
  {}
[2026-03-16 05:53:34] [INFO] [压力位突破警报-74000-强阻力] CHECK_PASSED
  {}
[2026-03-16 05:58:05] [INFO] [支撑位跌破警报-68000-强支撑] CHECK_START
  {}
[2026-03-16 05:58:05] [INFO] [支撑位跌破警报-70000-关键支撑] CHECK_START
  {}
[2026-03-16 05:58:05] [INFO] [压力位突破警报-74000-强阻力] CHECK_START
  {}
[2026-03-16 05:58:05] [INFO] [支撑位跌破警报-71500-回踩支撑] CHECK_START
  {}
[2026-03-16 05:58:06] [INFO] [压力位突破警报-74000-强阻力] CHECK_PASSED
  {}
[2026-03-16 05:58:06] [INFO] [支撑位跌破警报-71500-回踩支撑] CHECK_PASSED
  {}
[2026-03-16 05:58:07] [INFO] [支撑位跌破警报-70000-关键支撑] CHECK_PASSED
  {}
[2026-03-16 05:58:07] [INFO] [支撑位跌破警报-68000-强支撑] CHECK_PASSED
  {}
[2026-03-16 06:02:46] [INFO] [支撑位跌破警报-68000-强支撑] CHECK_START
  {}
[2026-03-16 06:02:46] [INFO] [支撑位跌破警报-70000-关键支撑] CHECK_START
  {}
[2026-03-16 06:02:46] [INFO] [压力位突破警报-74000-强阻力] CHECK_START
  {}
[2026-03-16 06:02:46] [INFO] [支撑位跌破警报-71500-回踩支撑] CHECK_START
  {}
[2026-03-16 06:02:48] [INFO] [支撑位跌破警报-71500-回踩支撑] CHECK_PASSED
  {}
[2026-03-16 06:02:48] [INFO] [支撑位跌破警报-70000-关键支撑] CHECK_PASSED
  {}
[2026-03-16 06:02:48] [INFO] [支撑位跌破警报-68000-强支撑] CHECK_PASSED
  {}
[2026-03-16 06:02:49] [INFO] [压力位突破警报-74000-强阻力] CHECK_PASSED
  {}
[2026-03-16 06:07:40] [INFO] [支撑位跌破警报-68000-强支撑] CHECK_START
  {}
[2026-03-16 06:07:40] [INFO] [支撑位跌破警报-70000-关键支撑] CHECK_START
  {}
[2026-03-16 06:07:40] [INFO] [压力位突破警报-74000-强阻力] CHECK_START
  {}
[2026-03-16 06:07:40] [INFO] [支撑位跌破警报-71500-回踩支撑] CHECK_START
  {}
[2026-03-16 06:07:41] [INFO] [支撑位跌破警报-71500-回踩支撑] CHECK_PASSED
  {}
[2026-03-16 06:07:41] [INFO] [支撑位跌破警报-70000-关键支撑] CHECK_PASSED
  {}
[2026-03-16 06:07:41] [INFO] [支撑位跌破警报-68000-强支撑] CHECK_PASSED
  {}
[2026-03-16 06:07:41] [INFO] [压力位突破警报-74000-强阻力] CHECK_PASSED
  {}
[2026-03-16 06:12:34] [INFO] [支撑位跌破警报-68000-强支撑] CHECK_START
  {}
[2026-03-16 06:12:34] [INFO] [支撑位跌破警报-70000-关键支撑] CHECK_START
  {}
[2026-03-16 06:12:34] [INFO] [压力位突破警报-74000-强阻力] CHECK_START
  {}
[2026-03-16 06:12:34] [INFO] [支撑位跌破警报-71500-回踩支撑] CHECK_START
  {}
[2026-03-16 06:12:36] [INFO] [压力位突破警报-74000-强阻力] CHECK_PASSED
  {}
[2026-03-16 06:12:36] [INFO] [支撑位跌破警报-71500-回踩支撑] CHECK_PASSED
  {}
[2026-03-16 06:12:36] [INFO] [支撑位跌破警报-70000-关键支撑] CHECK_PASSED
  {}
[2026-03-16 06:12:37] [INFO] [支撑位跌破警报-68000-强支撑] CHECK_PASSED
  {}
[2026-03-16 06:17:34] [INFO] [支撑位跌破警报-68000-强支撑] CHECK_START
  {}
[2026-03-16 06:17:34] [INFO] [支撑位跌破警报-70000-关键支撑] CHECK_START
  {}
[2026-03-16 06:17:34] [INFO] [压力位突破警报-74000-强阻力] CHECK_START
  {}
[2026-03-16 06:17:34] [INFO] [支撑位跌破警报-71500-回踩支撑] CHECK_START
  {}
[2026-03-16 06:17:36] [INFO] [压力位突破警报-74000-强阻力] CHECK_PASSED
  {}
[2026-03-16 06:17:36] [INFO] [支撑位跌破警报-70000-关键支撑] CHECK_PASSED
  {}
[2026-03-16 06:17:36] [INFO] [支撑位跌破警报-71500-回踩支撑] CHECK_PASSED
  {}
[2026-03-16 06:17:36] [INFO] [支撑位跌破警报-68000-强支撑] CHECK_PASSED
  {}
[2026-03-16 06:22:34] [INFO] [支撑位跌破警报-68000-强支撑] CHECK_START
  {}
[2026-03-16 06:22:34] [INFO] [支撑位跌破警报-70000-关键支撑] CHECK_START
  {}
[2026-03-16 06:22:34] [INFO] [压力位突破警报-74000-强阻力] CHECK_START
  {}
[2026-03-16 06:22:34] [INFO] [支撑位跌破警报-71500-回踩支撑] CHECK_START
  {}
[2026-03-16 06:22:36] [INFO] [支撑位跌破警报-71500-回踩支撑] CHECK_PASSED
  {}
[2026-03-16 06:22:36] [INFO] [支撑位跌破警报-68000-强支撑] CHECK_PASSED
  {}
[2026-03-16 06:22:36] [INFO] [支撑位跌破警报-70000-关键支撑] CHECK_PASSED
  {}
[2026-03-16 06:22:36] [INFO] [压力位突破警报-74000-强阻力] CHECK_PASSED
  {}
[2026-03-16 06:27:34] [INFO] [支撑位跌破警报-68000-强支撑] CHECK_START
  {}
[2026-03-16 06:27:34] [INFO] [支撑位跌破警报-70000-关键支撑] CHECK_START
  {}
[2026-03-16 06:27:34] [INFO] [压力位突破警报-74000-强阻力] CHECK_START
  {}
[2026-03-16 06:27:34] [INFO] [支撑位跌破警报-71500-回踩支撑] CHECK_START
  {}
[2026-03-16 06:27:36] [INFO] [压力位突破警报-74000-强阻力] CHECK_PASSED
  {}
[2026-03-16 06:27:36] [INFO] [支撑位跌破警报-71500-回踩支撑] CHECK_PASSED
  {}
[2026-03-16 06:27:36] [INFO] [支撑位跌破警报-70000-关键支撑] CHECK_PASSED
  {}
[2026-03-16 06:27:36] [INFO] [支撑位跌破警报-68000-强支撑] CHECK_PASSED
  {}
[2026-03-16 06:32:34] [INFO] [支撑位跌破警报-68000-强支撑] CHECK_START
  {}
[2026-03-16 06:32:34] [INFO] [支撑位跌破警报-70000-关键支撑] CHECK_START
  {}
[2026-03-16 06:32:34] [INFO] [压力位突破警报-74000-强阻力] CHECK_START
  {}
[2026-03-16 06:32:34] [INFO] [支撑位跌破警报-71500-回踩支撑] CHECK_START
  {}
[2026-03-16 06:32:36] [INFO] [压力位突破警报-74000-强阻力] CHECK_PASSED
  {}
[2026-03-16 06:32:36] [INFO] [支撑位跌破警报-71500-回踩支撑] CHECK_PASSED
  {}
[2026-03-16 06:32:36] [INFO] [支撑位跌破警报-70000-关键支撑] CHECK_PASSED
  {}
[2026-03-16 06:33:04] [INFO] [支撑位跌破警报-68000-强支撑] CHECK_PASSED
  {}
[2026-03-16 06:37:34] [INFO] [支撑位跌破警报-68000-强支撑] CHECK_START
  {}
[2026-03-16 06:37:34] [INFO] [支撑位跌破警报-70000-关键支撑] CHECK_START
  {}
[2026-03-16 06:37:34] [INFO] [压力位突破警报-74000-强阻力] CHECK_START
  {}
[2026-03-16 06:37:34] [INFO] [支撑位跌破警报-71500-回踩支撑] CHECK_START
  {}
[2026-03-16 06:37:36] [INFO] [支撑位跌破警报-71500-回踩支撑] CHECK_PASSED
  {}
[2026-03-16 06:37:36] [INFO] [压力位突破警报-74000-强阻力] CHECK_PASSED
  {}
[2026-03-16 06:37:36] [INFO] [支撑位跌破警报-68000-强支撑] CHECK_PASSED
  {}
[2026-03-16 06:37:36] [INFO] [支撑位跌破警报-70000-关键支撑] CHECK_PASSED
  {}
[2026-03-16 06:42:34] [INFO] [支撑位跌破警报-68000-强支撑] CHECK_START
  {}
[2026-03-16 06:42:34] [INFO] [支撑位跌破警报-70000-关键支撑] CHECK_START
  {}
[2026-03-16 06:42:34] [INFO] [压力位突破警报-74000-强阻力] CHECK_START
  {}
[2026-03-16 06:42:34] [INFO] [支撑位跌破警报-71500-回踩支撑] CHECK_START
  {}
[2026-03-16 06:42:36] [INFO] [支撑位跌破警报-68000-强支撑] CHECK_PASSED
  {}
[2026-03-16 06:42:36] [INFO] [支撑位跌破警报-70000-关键支撑] CHECK_PASSED
  {}
[2026-03-16 06:42:36] [INFO] [支撑位跌破警报-71500-回踩支撑] CHECK_PASSED
  {}
[2026-03-16 06:42:36] [INFO] [压力位突破警报-74000-强阻力] CHECK_PASSED
  {}
[2026-03-16 06:47:34] [INFO] [支撑位跌破警报-68000-强支撑] CHECK_START
  {}
[2026-03-16 06:47:34] [INFO] [支撑位跌破警报-70000-关键支撑] CHECK_START
  {}
[2026-03-16 06:47:34] [INFO] [压力位突破警报-74000-强阻力] CHECK_START
  {}
[2026-03-16 06:47:34] [INFO] [支撑位跌破警报-71500-回踩支撑] CHECK_START
  {}
[2026-03-16 06:47:36] [INFO] [压力位突破警报-74000-强阻力] CHECK_PASSED
  {}
[2026-03-16 06:47:36] [INFO] [支撑位跌破警报-71500-回踩支撑] CHECK_PASSED
  {}
[2026-03-16 06:47:36] [INFO] [支撑位跌破警报-70000-关键支撑] CHECK_PASSED
  {}
[2026-03-16 06:47:36] [INFO] [支撑位跌破警报-68000-强支撑] CHECK_PASSED
  {}
[2026-03-16 06:52:34] [INFO] [支撑位跌破警报-68000-强支撑] CHECK_START
  {}
[2026-03-16 06:52:34] [INFO] [支撑位跌破警报-70000-关键支撑] CHECK_START
  {}
[2026-03-16 06:52:34] [INFO] [压力位突破警报-74000-强阻力] CHECK_START
  {}
[2026-03-16 06:52:34] [INFO] [支撑位跌破警报-71500-回踩支撑] CHECK_START
  {}
[2026-03-16 06:52:36] [INFO] [支撑位跌破警报-71500-回踩支撑] CHECK_PASSED
  {}
[2026-03-16 06:52:36] [INFO] [支撑位跌破警报-68000-强支撑] CHECK_PASSED
  {}
[2026-03-16 06:52:36] [INFO] [压力位突破警报-74000-强阻力] CHECK_PASSED
  {}
[2026-03-16 06:52:36] [INFO] [支撑位跌破警报-70000-关键支撑] CHECK_PASSED
  {}
[2026-03-16 06:57:34] [INFO] [支撑位跌破警报-68000-强支撑] CHECK_START
  {}
[2026-03-16 06:57:34] [INFO] [支撑位跌破警报-70000-关键支撑] CHECK_START
  {}
[2026-03-16 06:57:34] [INFO] [压力位突破警报-74000-强阻力] CHECK_START
  {}
[2026-03-16 06:57:34] [INFO] [支撑位跌破警报-71500-回踩支撑] CHECK_START
  {}
[2026-03-16 06:57:36] [INFO] [支撑位跌破警报-71500-回踩支撑] CHECK_PASSED
  {}
[2026-03-16 06:57:36] [INFO] [压力位突破警报-74000-强阻力] CHECK_PASSED
  {}
[2026-03-16 06:57:36] [INFO] [支撑位跌破警报-70000-关键支撑] CHECK_PASSED
  {}
[2026-03-16 06:57:36] [INFO] [支撑位跌破警报-68000-强支撑] CHECK_PASSED
  {}
[2026-03-16 07:02:34] [INFO] [支撑位跌破警报-68000-强支撑] CHECK_START
  {}
[2026-03-16 07:02:34] [INFO] [支撑位跌破警报-70000-关键支撑] CHECK_START
  {}
[2026-03-16 07:02:34] [INFO] [压力位突破警报-74000-强阻力] CHECK_START
  {}
[2026-03-16 07:02:34] [INFO] [支撑位跌破警报-71500-回踩支撑] CHECK_START
  {}
[2026-03-16 07:02:36] [INFO] [支撑位跌破警报-68000-强支撑] CHECK_PASSED
  {}
[2026-03-16 07:02:36] [INFO] [压力位突破警报-74000-强阻力] CHECK_PASSED
  {}
[2026-03-16 07:02:36] [INFO] [支撑位跌破警报-70000-关键支撑] CHECK_PASSED
  {}
[2026-03-16 07:02:36] [INFO] [支撑位跌破警报-71500-回踩支撑] CHECK_PASSED
  {}
[2026-03-16 07:07:34] [INFO] [支撑位跌破警报-68000-强支撑] CHECK_START
  {}
[2026-03-16 07:07:34] [INFO] [支撑位跌破警报-70000-关键支撑] CHECK_START
  {}
[2026-03-16 07:07:34] [INFO] [压力位突破警报-74000-强阻力] CHECK_START
  {}
[2026-03-16 07:07:34] [INFO] [支撑位跌破警报-71500-回踩支撑] CHECK_START
  {}
[2026-03-16 07:07:36] [INFO] [支撑位跌破警报-70000-关键支撑] CHECK_PASSED
  {}
[2026-03-16 07:07:36] [INFO] [支撑位跌破警报-68000-强支撑] CHECK_PASSED
  {}
[2026-03-16 07:07:36] [INFO] [支撑位跌破警报-71500-回踩支撑] CHECK_PASSED
  {}
[2026-03-16 07:07:36] [INFO] [压力位突破警报-74000-强阻力] CHECK_PASSED
  {}
[2026-03-16 07:12:34] [INFO] [支撑位跌破警报-68000-强支撑] CHECK_START
  {}
[2026-03-16 07:12:34] [INFO] [支撑位跌破警报-70000-关键支撑] CHECK_START
  {}
[2026-03-16 07:12:34] [INFO] [压力位突破警报-74000-强阻力] CHECK_START
  {}
[2026-03-16 07:12:34] [INFO] [支撑位跌破警报-71500-回踩支撑] CHECK_START
  {}
[2026-03-16 07:12:36] [INFO] [压力位突破警报-74000-强阻力] CHECK_PASSED
  {}
[2026-03-16 07:12:36] [INFO] [支撑位跌破警报-68000-强支撑] CHECK_PASSED
  {}
[2026-03-16 07:12:36] [INFO] [支撑位跌破警报-70000-关键支撑] CHECK_PASSED
  {}
[2026-03-16 07:12:36] [INFO] [支撑位跌破警报-71500-回踩支撑] CHECK_PASSED
  {}
[2026-03-16 07:17:34] [INFO] [支撑位跌破警报-68000-强支撑] CHECK_START
  {}
[2026-03-16 07:17:34] [INFO] [支撑位跌破警报-70000-关键支撑] CHECK_START
  {}
[2026-03-16 07:17:34] [INFO] [压力位突破警报-74000-强阻力] CHECK_START
  {}
[2026-03-16 07:17:34] [INFO] [支撑位跌破警报-71500-回踩支撑] CHECK_START
  {}
[2026-03-16 07:17:36] [INFO] [支撑位跌破警报-71500-回踩支撑] CHECK_PASSED
  {}
[2026-03-16 07:17:36] [INFO] [支撑位跌破警报-70000-关键支撑] CHECK_PASSED
  {}
[2026-03-16 07:17:36] [INFO] [压力位突破警报-74000-强阻力] CHECK_PASSED
  {}
[2026-03-16 07:17:36] [INFO] [支撑位跌破警报-68000-强支撑] CHECK_PASSED
  {}
[2026-03-16 07:22:34] [INFO] [支撑位跌破警报-68000-强支撑] CHECK_START
  {}
[2026-03-16 07:22:34] [INFO] [支撑位跌破警报-70000-关键支撑] CHECK_START
  {}
[2026-03-16 07:22:34] [INFO] [压力位突破警报-74000-强阻力] CHECK_START
  {}
[2026-03-16 07:22:34] [INFO] [支撑位跌破警报-71500-回踩支撑] CHECK_START
  {}
[2026-03-16 07:22:36] [INFO] [压力位突破警报-74000-强阻力] CHECK_PASSED
  {}
[2026-03-16 07:22:36] [INFO] [支撑位跌破警报-71500-回踩支撑] CHECK_PASSED
  {}
[2026-03-16 07:22:36] [INFO] [支撑位跌破警报-68000-强支撑] CHECK_PASSED
  {}
[2026-03-16 07:22:36] [INFO] [支撑位跌破警报-70000-关键支撑] CHECK_PASSED
  {}
[2026-03-16 07:27:34] [INFO] [支撑位跌破警报-68000-强支撑] CHECK_START
  {}
[2026-03-16 07:27:34] [INFO] [支撑位跌破警报-70000-关键支撑] CHECK_START
  {}
[2026-03-16 07:27:34] [INFO] [压力位突破警报-74000-强阻力] CHECK_START
  {}
[2026-03-16 07:27:34] [INFO] [支撑位跌破警报-71500-回踩支撑] CHECK_START
  {}
[2026-03-16 07:27:36] [INFO] [支撑位跌破警报-71500-回踩支撑] CHECK_PASSED
  {}
[2026-03-16 07:27:36] [INFO] [支撑位跌破警报-70000-关键支撑] CHECK_PASSED
  {}
[2026-03-16 07:27:36] [INFO] [支撑位跌破警报-68000-强支撑] CHECK_PASSED
  {}
[2026-03-16 07:27:37] [INFO] [压力位突破警报-74000-强阻力] CHECK_PASSED
  {}
[2026-03-16 07:32:34] [INFO] [支撑位跌破警报-68000-强支撑] CHECK_START
  {}
[2026-03-16 07:32:34] [INFO] [支撑位跌破警报-70000-关键支撑] CHECK_START
  {}
[2026-03-16 07:32:34] [INFO] [压力位突破警报-74000-强阻力] CHECK_START
  {}
[2026-03-16 07:32:34] [INFO] [支撑位跌破警报-71500-回踩支撑] CHECK_START
  {}
[2026-03-16 07:32:36] [INFO] [压力位突破警报-74000-强阻力] CHECK_PASSED
  {}
[2026-03-16 07:32:36] [INFO] [支撑位跌破警报-70000-关键支撑] CHECK_PASSED
  {}
[2026-03-16 07:32:36] [INFO] [支撑位跌破警报-68000-强支撑] CHECK_PASSED
  {}
[2026-03-16 07:32:36] [INFO] [支撑位跌破警报-71500-回踩支撑] CHECK_PASSED
  {}
[2026-03-16 07:37:34] [INFO] [支撑位跌破警报-68000-强支撑] CHECK_START
  {}
[2026-03-16 07:37:34] [INFO] [支撑位跌破警报-70000-关键支撑] CHECK_START
  {}
[2026-03-16 07:37:34] [INFO] [压力位突破警报-74000-强阻力] CHECK_START
  {}
[2026-03-16 07:37:34] [INFO] [支撑位跌破警报-71500-回踩支撑] CHECK_START
  {}
[2026-03-16 07:37:36] [INFO] [支撑位跌破警报-70000-关键支撑] CHECK_PASSED
  {}
[2026-03-16 07:37:36] [INFO] [支撑位跌破警报-71500-回踩支撑] CHECK_PASSED
  {}
[2026-03-16 07:37:36] [INFO] [压力位突破警报-74000-强阻力] CHECK_PASSED
  {}
[2026-03-16 07:37:36] [INFO] [支撑位跌破警报-68000-强支撑] CHECK_PASSED
  {}
[2026-03-16 07:42:34] [INFO] [支撑位跌破警报-68000-强支撑] CHECK_START
  {}
[2026-03-16 07:42:34] [INFO] [支撑位跌破警报-70000-关键支撑] CHECK_START
  {}
[2026-03-16 07:42:34] [INFO] [压力位突破警报-74000-强阻力] CHECK_START
  {}
[2026-03-16 07:42:34] [INFO] [支撑位跌破警报-71500-回踩支撑] CHECK_START
  {}
[2026-03-16 07:42:36] [INFO] [支撑位跌破警报-70000-关键支撑] CHECK_PASSED
  {}
[2026-03-16 07:42:36] [INFO] [支撑位跌破警报-68000-强支撑] CHECK_PASSED
  {}
[2026-03-16 07:42:36] [INFO] [支撑位跌破警报-71500-回踩支撑] CHECK_PASSED
  {}
[2026-03-16 07:42:36] [INFO] [压力位突破警报-74000-强阻力] CHECK_PASSED
  {}
[2026-03-16 07:47:34] [INFO] [支撑位跌破警报-68000-强支撑] CHECK_START
  {}
[2026-03-16 07:47:34] [INFO] [支撑位跌破警报-70000-关键支撑] CHECK_START
  {}
[2026-03-16 07:47:34] [INFO] [压力位突破警报-74000-强阻力] CHECK_START
  {}
[2026-03-16 07:47:34] [INFO] [支撑位跌破警报-71500-回踩支撑] CHECK_START
  {}
[2026-03-16 07:47:36] [INFO] [支撑位跌破警报-70000-关键支撑] CHECK_PASSED
  {}
[2026-03-16 07:47:36] [INFO] [支撑位跌破警报-71500-回踩支撑] CHECK_PASSED
  {}
[2026-03-16 07:47:36] [INFO] [支撑位跌破警报-68000-强支撑] CHECK_PASSED
  {}
[2026-03-16 07:47:36] [INFO] [压力位突破警报-74000-强阻力] CHECK_PASSED
  {}
[2026-03-16 07:52:34] [INFO] [支撑位跌破警报-68000-强支撑] CHECK_START
  {}
[2026-03-16 07:52:34] [INFO] [支撑位跌破警报-70000-关键支撑] CHECK_START
  {}
[2026-03-16 07:52:34] [INFO] [压力位突破警报-74000-强阻力] CHECK_START
  {}
[2026-03-16 07:52:34] [INFO] [支撑位跌破警报-71500-回踩支撑] CHECK_START
  {}
[2026-03-16 07:52:36] [INFO] [支撑位跌破警报-70000-关键支撑] CHECK_PASSED
  {}
[2026-03-16 07:52:36] [INFO] [支撑位跌破警报-71500-回踩支撑] CHECK_PASSED
  {}
[2026-03-16 07:52:36] [INFO] [支撑位跌破警报-68000-强支撑] CHECK_PASSED
  {}
[2026-03-16 07:52:36] [INFO] [压力位突破警报-74000-强阻力] CHECK_PASSED
  {}
[2026-03-16 07:57:34] [INFO] [支撑位跌破警报-68000-强支撑] CHECK_START
  {}
[2026-03-16 07:57:34] [INFO] [支撑位跌破警报-70000-关键支撑] CHECK_START
  {}
[2026-03-16 07:57:34] [INFO] [压力位突破警报-74000-强阻力] CHECK_START
  {}
[2026-03-16 07:57:34] [INFO] [支撑位跌破警报-71500-回踩支撑] CHECK_START
  {}
[2026-03-16 07:57:38] [INFO] [支撑位跌破警报-70000-关键支撑] CHECK_PASSED
  {}
[2026-03-16 07:57:38] [INFO] [支撑位跌破警报-71500-回踩支撑] CHECK_PASSED
  {}
[2026-03-16 07:57:38] [INFO] [支撑位跌破警报-68000-强支撑] CHECK_PASSED
  {}
[2026-03-16 07:57:38] [INFO] [压力位突破警报-74000-强阻力] CHECK_PASSED
  {}
[2026-03-16 08:02:34] [INFO] [支撑位跌破警报-68000-强支撑] CHECK_START
  {}
[2026-03-16 08:02:34] [INFO] [支撑位跌破警报-70000-关键支撑] CHECK_START
  {}
[2026-03-16 08:02:34] [INFO] [压力位突破警报-74000-强阻力] CHECK_START
  {}
[2026-03-16 08:02:34] [INFO] [支撑位跌破警报-71500-回踩支撑] CHECK_START
  {}
[2026-03-16 08:02:36] [INFO] [支撑位跌破警报-71500-回踩支撑] CHECK_PASSED
  {}
[2026-03-16 08:02:36] [INFO] [支撑位跌破警报-68000-强支撑] CHECK_PASSED
  {}
[2026-03-16 08:02:36] [INFO] [支撑位跌破警报-70000-关键支撑] CHECK_PASSED
  {}
[2026-03-16 08:02:36] [INFO] [压力位突破警报-74000-强阻力] CHECK_PASSED
  {}
[2026-03-16 08:07:34] [INFO] [支撑位跌破警报-68000-强支撑] CHECK_START
  {}
[2026-03-16 08:07:34] [INFO] [支撑位跌破警报-70000-关键支撑] CHECK_START
  {}
[2026-03-16 08:07:34] [INFO] [压力位突破警报-74000-强阻力] CHECK_START
  {}
[2026-03-16 08:07:34] [INFO] [支撑位跌破警报-71500-回踩支撑] CHECK_START
  {}
[2026-03-16 08:07:36] [INFO] [支撑位跌破警报-71500-回踩支撑] CHECK_PASSED
  {}
[2026-03-16 08:07:36] [INFO] [支撑位跌破警报-68000-强支撑] CHECK_PASSED
  {}
[2026-03-16 08:07:36] [INFO] [支撑位跌破警报-70000-关键支撑] CHECK_PASSED
  {}
[2026-03-16 08:07:36] [INFO] [压力位突破警报-74000-强阻力] CHECK_PASSED
  {}
[2026-03-16 08:12:34] [INFO] [支撑位跌破警报-68000-强支撑] CHECK_START
  {}
[2026-03-16 08:12:34] [INFO] [支撑位跌破警报-70000-关键支撑] CHECK_START
  {}
[2026-03-16 08:12:34] [INFO] [压力位突破警报-74000-强阻力] CHECK_START
  {}
[2026-03-16 08:12:34] [INFO] [支撑位跌破警报-71500-回踩支撑] CHECK_START
  {}
[2026-03-16 08:12:36] [INFO] [支撑位跌破警报-70000-关键支撑] CHECK_PASSED
  {}
[2026-03-16 08:12:36] [INFO] [支撑位跌破警报-68000-强支撑] CHECK_PASSED
  {}
[2026-03-16 08:12:36] [INFO] [支撑位跌破警报-71500-回踩支撑] CHECK_PASSED
  {}
[2026-03-16 08:12:36] [INFO] [压力位突破警报-74000-强阻力] CHECK_PASSED
  {}
[2026-03-16 08:17:34] [INFO] [支撑位跌破警报-68000-强支撑] CHECK_START
  {}
[2026-03-16 08:17:34] [INFO] [支撑位跌破警报-70000-关键支撑] CHECK_START
  {}
[2026-03-16 08:17:34] [INFO] [压力位突破警报-74000-强阻力] CHECK_START
  {}
[2026-03-16 08:17:34] [INFO] [支撑位跌破警报-71500-回踩支撑] CHECK_START
  {}
[2026-03-16 08:17:36] [INFO] [支撑位跌破警报-70000-关键支撑] CHECK_PASSED
  {}
[2026-03-16 08:17:36] [INFO] [支撑位跌破警报-68000-强支撑] CHECK_PASSED
  {}
[2026-03-16 08:17:36] [INFO] [支撑位跌破警报-71500-回踩支撑] CHECK_PASSED
  {}
[2026-03-16 08:17:36] [INFO] [压力位突破警报-74000-强阻力] CHECK_PASSED
  {}
[2026-03-16 08:22:34] [INFO] [支撑位跌破警报-68000-强支撑] CHECK_START
  {}
[2026-03-16 08:22:34] [INFO] [支撑位跌破警报-70000-关键支撑] CHECK_START
  {}
[2026-03-16 08:22:34] [INFO] [压力位突破警报-74000-强阻力] CHECK_START
  {}
[2026-03-16 08:22:34] [INFO] [支撑位跌破警报-71500-回踩支撑] CHECK_START
  {}
[2026-03-16 08:22:36] [INFO] [压力位突破警报-74000-强阻力] CHECK_PASSED
  {}
[2026-03-16 08:22:36] [INFO] [支撑位跌破警报-70000-关键支撑] CHECK_PASSED
  {}
[2026-03-16 08:22:36] [INFO] [支撑位跌破警报-68000-强支撑] CHECK_PASSED
  {}
[2026-03-16 08:22:36] [INFO] [支撑位跌破警报-71500-回踩支撑] CHECK_PASSED
  {}
[2026-03-16 08:27:34] [INFO] [支撑位跌破警报-68000-强支撑] CHECK_START
  {}
[2026-03-16 08:27:34] [INFO] [支撑位跌破警报-70000-关键支撑] CHECK_START
  {}
[2026-03-16 08:27:34] [INFO] [压力位突破警报-74000-强阻力] CHECK_START
  {}
[2026-03-16 08:27:34] [INFO] [支撑位跌破警报-71500-回踩支撑] CHECK_START
  {}
[2026-03-16 08:27:36] [INFO] [支撑位跌破警报-71500-回踩支撑] CHECK_PASSED
  {}
[2026-03-16 08:27:36] [INFO] [支撑位跌破警报-68000-强支撑] CHECK_PASSED
  {}
[2026-03-16 08:27:37] [INFO] [支撑位跌破警报-70000-关键支撑] CHECK_PASSED
  {}
[2026-03-16 08:28:04] [INFO] [压力位突破警报-74000-强阻力] CHECK_PASSED
  {}
[2026-03-16 08:32:34] [INFO] [支撑位跌破警报-68000-强支撑] CHECK_START
  {}
[2026-03-16 08:32:34] [INFO] [支撑位跌破警报-70000-关键支撑] CHECK_START
  {}
[2026-03-16 08:32:34] [INFO] [压力位突破警报-74000-强阻力] CHECK_START
  {}
[2026-03-16 08:32:34] [INFO] [支撑位跌破警报-71500-回踩支撑] CHECK_START
  {}
[2026-03-16 08:32:36] [INFO] [支撑位跌破警报-68000-强支撑] CHECK_PASSED
  {}
[2026-03-16 08:32:36] [INFO] [支撑位跌破警报-71500-回踩支撑] CHECK_PASSED
  {}
[2026-03-16 08:32:36] [INFO] [压力位突破警报-74000-强阻力] CHECK_PASSED
  {}
[2026-03-16 08:32:36] [INFO] [支撑位跌破警报-70000-关键支撑] CHECK_PASSED
  {}
[2026-03-16 08:37:34] [INFO] [支撑位跌破警报-68000-强支撑] CHECK_START
  {}
[2026-03-16 08:37:34] [INFO] [支撑位跌破警报-70000-关键支撑] CHECK_START
  {}
[2026-03-16 08:37:34] [INFO] [压力位突破警报-74000-强阻力] CHECK_START
  {}
[2026-03-16 08:37:34] [INFO] [支撑位跌破警报-71500-回踩支撑] CHECK_START
  {}
[2026-03-16 08:37:36] [INFO] [支撑位跌破警报-70000-关键支撑] CHECK_PASSED
  {}
[2026-03-16 08:37:36] [INFO] [支撑位跌破警报-71500-回踩支撑] CHECK_PASSED
  {}
[2026-03-16 08:37:36] [INFO] [支撑位跌破警报-68000-强支撑] CHECK_PASSED
  {}
[2026-03-16 08:37:36] [INFO] [压力位突破警报-74000-强阻力] CHECK_PASSED
  {}
[2026-03-16 08:42:34] [INFO] [支撑位跌破警报-68000-强支撑] CHECK_START
  {}
[2026-03-16 08:42:34] [INFO] [支撑位跌破警报-70000-关键支撑] CHECK_START
  {}
[2026-03-16 08:42:34] [INFO] [压力位突破警报-74000-强阻力] CHECK_START
  {}
[2026-03-16 08:42:34] [INFO] [支撑位跌破警报-71500-回踩支撑] CHECK_START
  {}
[2026-03-16 08:42:36] [INFO] [支撑位跌破警报-70000-关键支撑] CHECK_PASSED
  {}
[2026-03-16 08:42:36] [INFO] [支撑位跌破警报-68000-强支撑] CHECK_PASSED
  {}
[2026-03-16 08:42:36] [INFO] [压力位突破警报-74000-强阻力] CHECK_PASSED
  {}
[2026-03-16 08:42:36] [INFO] [支撑位跌破警报-71500-回踩支撑] CHECK_PASSED
  {}
[2026-03-16 08:47:34] [INFO] [支撑位跌破警报-68000-强支撑] CHECK_START
  {}
[2026-03-16 08:47:34] [INFO] [支撑位跌破警报-70000-关键支撑] CHECK_START
  {}
[2026-03-16 08:47:34] [INFO] [压力位突破警报-74000-强阻力] CHECK_START
  {}
[2026-03-16 08:47:34] [INFO] [支撑位跌破警报-71500-回踩支撑] CHECK_START
  {}
[2026-03-16 08:47:36] [INFO] [支撑位跌破警报-70000-关键支撑] CHECK_PASSED
  {}
[2026-03-16 08:47:36] [INFO] [压力位突破警报-74000-强阻力] CHECK_PASSED
  {}
[2026-03-16 08:47:36] [INFO] [支撑位跌破警报-68000-强支撑] CHECK_PASSED
  {}
[2026-03-16 08:47:36] [INFO] [支撑位跌破警报-71500-回踩支撑] CHECK_PASSED
  {}
[2026-03-16 08:52:34] [INFO] [支撑位跌破警报-68000-强支撑] CHECK_START
  {}
[2026-03-16 08:52:34] [INFO] [支撑位跌破警报-70000-关键支撑] CHECK_START
  {}
[2026-03-16 08:52:34] [INFO] [压力位突破警报-74000-强阻力] CHECK_START
  {}
[2026-03-16 08:52:34] [INFO] [支撑位跌破警报-71500-回踩支撑] CHECK_START
  {}
[2026-03-16 08:52:36] [INFO] [支撑位跌破警报-68000-强支撑] CHECK_PASSED
  {}
[2026-03-16 08:52:36] [INFO] [压力位突破警报-74000-强阻力] CHECK_PASSED
  {}
[2026-03-16 08:52:36] [INFO] [支撑位跌破警报-71500-回踩支撑] CHECK_PASSED
  {}
[2026-03-16 08:52:36] [INFO] [支撑位跌破警报-70000-关键支撑] CHECK_PASSED
  {}
[2026-03-16 08:57:34] [INFO] [支撑位跌破警报-68000-强支撑] CHECK_START
  {}
[2026-03-16 08:57:34] [INFO] [支撑位跌破警报-70000-关键支撑] CHECK_START
  {}
[2026-03-16 08:57:34] [INFO] [压力位突破警报-74000-强阻力] CHECK_START
  {}
[2026-03-16 08:57:34] [INFO] [支撑位跌破警报-71500-回踩支撑] CHECK_START
  {}
[2026-03-16 08:57:36] [INFO] [支撑位跌破警报-68000-强支撑] CHECK_PASSED
  {}
[2026-03-16 08:57:36] [INFO] [压力位突破警报-74000-强阻力] CHECK_PASSED
  {}
[2026-03-16 08:57:36] [INFO] [支撑位跌破警报-70000-关键支撑] CHECK_PASSED
  {}
[2026-03-16 08:57:36] [INFO] [支撑位跌破警报-71500-回踩支撑] CHECK_PASSED
  {}
[2026-03-16 09:02:34] [INFO] [支撑位跌破警报-68000-强支撑] CHECK_START
  {}
[2026-03-16 09:02:34] [INFO] [支撑位跌破警报-70000-关键支撑] CHECK_START
  {}
[2026-03-16 09:02:34] [INFO] [压力位突破警报-74000-强阻力] CHECK_START
  {}
[2026-03-16 09:02:34] [INFO] [支撑位跌破警报-71500-回踩支撑] CHECK_START
  {}
[2026-03-16 09:02:36] [INFO] [支撑位跌破警报-70000-关键支撑] CHECK_PASSED
  {}
[2026-03-16 09:02:36] [INFO] [支撑位跌破警报-68000-强支撑] CHECK_PASSED
  {}
[2026-03-16 09:02:36] [INFO] [支撑位跌破警报-71500-回踩支撑] CHECK_PASSED
  {}
[2026-03-16 09:02:36] [INFO] [压力位突破警报-74000-强阻力] CHECK_PASSED
  {}
[2026-03-16 09:07:34] [INFO] [支撑位跌破警报-68000-强支撑] CHECK_START
  {}
[2026-03-16 09:07:34] [INFO] [支撑位跌破警报-70000-关键支撑] CHECK_START
  {}
[2026-03-16 09:07:34] [INFO] [压力位突破警报-74000-强阻力] CHECK_START
  {}
[2026-03-16 09:07:34] [INFO] [支撑位跌破警报-71500-回踩支撑] CHECK_START
  {}
[2026-03-16 09:07:36] [INFO] [支撑位跌破警报-71500-回踩支撑] CHECK_PASSED
  {}
[2026-03-16 09:07:36] [INFO] [压力位突破警报-74000-强阻力] CHECK_PASSED
  {}
[2026-03-16 09:07:36] [INFO] [支撑位跌破警报-70000-关键支撑] CHECK_PASSED
  {}
[2026-03-16 09:07:36] [INFO] [支撑位跌破警报-68000-强支撑] CHECK_PASSED
  {}
[2026-03-16 09:12:34] [INFO] [支撑位跌破警报-68000-强支撑] CHECK_START
  {}
[2026-03-16 09:12:34] [INFO] [支撑位跌破警报-70000-关键支撑] CHECK_START
  {}
[2026-03-16 09:12:34] [INFO] [压力位突破警报-74000-强阻力] CHECK_START
  {}
[2026-03-16 09:12:34] [INFO] [支撑位跌破警报-71500-回踩支撑] CHECK_START
  {}
[2026-03-16 09:12:35] [INFO] [支撑位跌破警报-68000-强支撑] CHECK_PASSED
  {}
[2026-03-16 09:12:36] [INFO] [压力位突破警报-74000-强阻力] CHECK_PASSED
  {}
[2026-03-16 09:12:36] [INFO] [支撑位跌破警报-71500-回踩支撑] CHECK_PASSED
  {}
[2026-03-16 09:12:37] [INFO] [支撑位跌破警报-70000-关键支撑] CHECK_PASSED
  {}
[2026-03-16 09:17:34] [INFO] [支撑位跌破警报-68000-强支撑] CHECK_START
  {}
[2026-03-16 09:17:34] [INFO] [支撑位跌破警报-70000-关键支撑] CHECK_START
  {}
[2026-03-16 09:17:34] [INFO] [压力位突破警报-74000-强阻力] CHECK_START
  {}
[2026-03-16 09:17:34] [INFO] [支撑位跌破警报-71500-回踩支撑] CHECK_START
  {}
[2026-03-16 09:17:35] [INFO] [支撑位跌破警报-68000-强支撑] CHECK_PASSED
  {}
[2026-03-16 09:17:36] [INFO] [支撑位跌破警报-71500-回踩支撑] CHECK_PASSED
  {}
[2026-03-16 09:17:36] [INFO] [压力位突破警报-74000-强阻力] CHECK_PASSED
  {}
[2026-03-16 09:17:38] [INFO] [支撑位跌破警报-70000-关键支撑] CHECK_PASSED
  {}
[2026-03-16 09:22:34] [INFO] [支撑位跌破警报-68000-强支撑] CHECK_START
  {}
[2026-03-16 09:22:34] [INFO] [支撑位跌破警报-70000-关键支撑] CHECK_START
  {}
[2026-03-16 09:22:34] [INFO] [压力位突破警报-74000-强阻力] CHECK_START
  {}
[2026-03-16 09:22:34] [INFO] [支撑位跌破警报-71500-回踩支撑] CHECK_START
  {}
[2026-03-16 09:22:35] [INFO] [支撑位跌破警报-71500-回踩支撑] CHECK_PASSED
  {}
[2026-03-16 09:22:35] [INFO] [支撑位跌破警报-68000-强支撑] CHECK_PASSED
  {}
[2026-03-16 09:22:35] [INFO] [支撑位跌破警报-70000-关键支撑] CHECK_PASSED
  {}
[2026-03-16 09:22:35] [INFO] [压力位突破警报-74000-强阻力] CHECK_PASSED
  {}
[2026-03-16 09:27:34] [INFO] [支撑位跌破警报-68000-强支撑] CHECK_START
  {}
[2026-03-16 09:27:34] [INFO] [支撑位跌破警报-70000-关键支撑] CHECK_START
  {}
[2026-03-16 09:27:34] [INFO] [压力位突破警报-74000-强阻力] CHECK_START
  {}
[2026-03-16 09:27:34] [INFO] [支撑位跌破警报-71500-回踩支撑] CHECK_START
  {}
[2026-03-16 09:27:35] [INFO] [压力位突破警报-74000-强阻力] CHECK_PASSED
  {}
[2026-03-16 09:27:35] [INFO] [支撑位跌破警报-71500-回踩支撑] CHECK_PASSED
  {}
[2026-03-16 09:27:35] [INFO] [支撑位跌破警报-70000-关键支撑] CHECK_PASSED
  {}
[2026-03-16 09:27:35] [INFO] [支撑位跌破警报-68000-强支撑] CHECK_PASSED
  {}
[2026-03-16 09:32:34] [INFO] [支撑位跌破警报-68000-强支撑] CHECK_START
  {}
[2026-03-16 09:32:34] [INFO] [支撑位跌破警报-70000-关键支撑] CHECK_START
  {}
[2026-03-16 09:32:34] [INFO] [压力位突破警报-74000-强阻力] CHECK_START
  {}
[2026-03-16 09:32:34] [INFO] [支撑位跌破警报-71500-回踩支撑] CHECK_START
  {}
[2026-03-16 09:32:35] [INFO] [支撑位跌破警报-71500-回踩支撑] CHECK_PASSED
  {}
[2026-03-16 09:32:35] [INFO] [支撑位跌破警报-68000-强支撑] CHECK_PASSED
  {}
[2026-03-16 09:32:35] [INFO] [支撑位跌破警报-70000-关键支撑] CHECK_PASSED
  {}
[2026-03-16 09:32:36] [INFO] [压力位突破警报-74000-强阻力] CHECK_PASSED
  {}
[2026-03-16 09:37:34] [INFO] [支撑位跌破警报-68000-强支撑] CHECK_START
  {}
[2026-03-16 09:37:34] [INFO] [支撑位跌破警报-70000-关键支撑] CHECK_START
  {}
[2026-03-16 09:37:34] [INFO] [压力位突破警报-74000-强阻力] CHECK_START
  {}
[2026-03-16 09:37:34] [INFO] [支撑位跌破警报-71500-回踩支撑] CHECK_START
  {}
[2026-03-16 09:37:35] [INFO] [支撑位跌破警报-70000-关键支撑] CHECK_PASSED
  {}
[2026-03-16 09:37:35] [INFO] [支撑位跌破警报-68000-强支撑] CHECK_PASSED
  {}
[2026-03-16 09:37:35] [INFO] [支撑位跌破警报-71500-回踩支撑] CHECK_PASSED
  {}
[2026-03-16 09:37:37] [INFO] [压力位突破警报-74000-强阻力] CHECK_PASSED
  {}
[2026-03-16 09:42:34] [INFO] [支撑位跌破警报-68000-强支撑] CHECK_START
  {}
[2026-03-16 09:42:34] [INFO] [支撑位跌破警报-70000-关键支撑] CHECK_START
  {}
[2026-03-16 09:42:34] [INFO] [压力位突破警报-74000-强阻力] CHECK_START
  {}
[2026-03-16 09:42:34] [INFO] [支撑位跌破警报-71500-回踩支撑] CHECK_START
  {}
[2026-03-16 09:42:36] [INFO] [支撑位跌破警报-71500-回踩支撑] CHECK_PASSED
  {}
[2026-03-16 09:42:36] [INFO] [支撑位跌破警报-70000-关键支撑] CHECK_PASSED
  {}
[2026-03-16 09:42:36] [INFO] [压力位突破警报-74000-强阻力] CHECK_PASSED
  {}
[2026-03-16 09:42:38] [INFO] [支撑位跌破警报-68000-强支撑] CHECK_PASSED
  {}
[2026-03-16 09:47:34] [INFO] [支撑位跌破警报-68000-强支撑] CHECK_START
  {}
[2026-03-16 09:47:34] [INFO] [支撑位跌破警报-70000-关键支撑] CHECK_START
  {}
[2026-03-16 09:47:34] [INFO] [压力位突破警报-74000-强阻力] CHECK_START
  {}
[2026-03-16 09:47:34] [INFO] [支撑位跌破警报-71500-回踩支撑] CHECK_START
  {}
[2026-03-16 09:47:35] [INFO] [支撑位跌破警报-71500-回踩支撑] CHECK_PASSED
  {}
[2026-03-16 09:47:35] [INFO] [支撑位跌破警报-70000-关键支撑] CHECK_PASSED
  {}
[2026-03-16 09:47:35] [INFO] [支撑位跌破警报-68000-强支撑] CHECK_PASSED
  {}
[2026-03-16 09:47:36] [INFO] [压力位突破警报-74000-强阻力] CHECK_PASSED
  {}
[2026-03-16 09:52:34] [INFO] [支撑位跌破警报-68000-强支撑] CHECK_START
  {}
[2026-03-16 09:52:34] [INFO] [支撑位跌破警报-70000-关键支撑] CHECK_START
  {}
[2026-03-16 09:52:34] [INFO] [压力位突破警报-74000-强阻力] CHECK_START
  {}
[2026-03-16 09:52:34] [INFO] [支撑位跌破警报-71500-回踩支撑] CHECK_START
  {}
[2026-03-16 09:52:35] [INFO] [支撑位跌破警报-68000-强支撑] CHECK_PASSED
  {}
[2026-03-16 09:52:35] [INFO] [压力位突破警报-74000-强阻力] CHECK_PASSED
  {}
[2026-03-16 09:52:35] [INFO] [支撑位跌破警报-70000-关键支撑] CHECK_PASSED
  {}
[2026-03-16 09:52:35] [INFO] [支撑位跌破警报-71500-回踩支撑] CHECK_PASSED
  {}
[2026-03-16 09:57:34] [INFO] [支撑位跌破警报-68000-强支撑] CHECK_START
  {}
[2026-03-16 09:57:34] [INFO] [支撑位跌破警报-70000-关键支撑] CHECK_START
  {}
[2026-03-16 09:57:34] [INFO] [压力位突破警报-74000-强阻力] CHECK_START
  {}
[2026-03-16 09:57:34] [INFO] [支撑位跌破警报-71500-回踩支撑] CHECK_START
  {}
[2026-03-16 09:57:35] [INFO] [压力位突破警报-74000-强阻力] CHECK_PASSED
  {}
[2026-03-16 09:57:35] [INFO] [支撑位跌破警报-71500-回踩支撑] CHECK_PASSED
  {}
[2026-03-16 09:57:35] [INFO] [支撑位跌破警报-68000-强支撑] CHECK_PASSED
  {}
[2026-03-16 09:57:35] [INFO] [支撑位跌破警报-70000-关键支撑] CHECK_PASSED
  {}
[2026-03-16 10:02:32] [INFO] [支撑位跌破警报-68000-强支撑] CHECK_START
  {}
[2026-03-16 10:02:32] [INFO] [支撑位跌破警报-70000-关键支撑] CHECK_START
  {}
[2026-03-16 10:02:32] [INFO] [压力位突破警报-74000-强阻力] CHECK_START
  {}
[2026-03-16 10:02:32] [INFO] [支撑位跌破警报-71500-回踩支撑] CHECK_START
  {}
[2026-03-16 10:02:33] [INFO] [支撑位跌破警报-68000-强支撑] CHECK_PASSED
  {}
[2026-03-16 10:02:33] [INFO] [支撑位跌破警报-70000-关键支撑] CHECK_PASSED
  {}
[2026-03-16 10:02:33] [INFO] [支撑位跌破警报-71500-回踩支撑] CHECK_PASSED
  {}
[2026-03-16 10:02:33] [INFO] [压力位突破警报-74000-强阻力] CHECK_PASSED
  {}
[2026-03-16 10:07:27] [INFO] [支撑位跌破警报-68000-强支撑] CHECK_START
  {}
[2026-03-16 10:07:27] [INFO] [支撑位跌破警报-70000-关键支撑] CHECK_START
  {}
[2026-03-16 10:07:27] [INFO] [压力位突破警报-74000-强阻力] CHECK_START
  {}
[2026-03-16 10:07:27] [INFO] [支撑位跌破警报-71500-回踩支撑] CHECK_START
  {}
[2026-03-16 10:07:28] [INFO] [支撑位跌破警报-71500-回踩支撑] CHECK_PASSED
  {}
[2026-03-16 10:07:28] [INFO] [支撑位跌破警报-68000-强支撑] CHECK_PASSED
  {}
[2026-03-16 10:07:28] [INFO] [压力位突破警报-74000-强阻力] CHECK_PASSED
  {}
[2026-03-16 10:07:28] [INFO] [支撑位跌破警报-70000-关键支撑] CHECK_PASSED
  {}
[2026-03-16 10:12:26] [INFO] [支撑位跌破警报-68000-强支撑] CHECK_START
  {}
[2026-03-16 10:12:26] [INFO] [支撑位跌破警报-70000-关键支撑] CHECK_START
  {}
[2026-03-16 10:12:26] [INFO] [压力位突破警报-74000-强阻力] CHECK_START
  {}
[2026-03-16 10:12:26] [INFO] [支撑位跌破警报-71500-回踩支撑] CHECK_START
  {}
[2026-03-16 10:12:27] [INFO] [压力位突破警报-74000-强阻力] CHECK_PASSED
  {}
[2026-03-16 10:12:27] [INFO] [支撑位跌破警报-71500-回踩支撑] CHECK_PASSED
  {}
[2026-03-16 10:12:28] [INFO] [支撑位跌破警报-70000-关键支撑] CHECK_PASSED
  {}
[2026-03-16 10:12:28] [INFO] [支撑位跌破警报-68000-强支撑] CHECK_PASSED
  {}
[2026-03-16 10:17:22] [INFO] [支撑位跌破警报-68000-强支撑] CHECK_START
  {}
[2026-03-16 10:17:22] [INFO] [支撑位跌破警报-70000-关键支撑] CHECK_START
  {}
[2026-03-16 10:17:22] [INFO] [压力位突破警报-74000-强阻力] CHECK_START
  {}
[2026-03-16 10:17:22] [INFO] [支撑位跌破警报-71500-回踩支撑] CHECK_START
  {}
[2026-03-16 10:17:24] [INFO] [支撑位跌破警报-68000-强支撑] CHECK_PASSED
  {}
[2026-03-16 10:17:24] [INFO] [支撑位跌破警报-71500-回踩支撑] CHECK_PASSED
  {}
[2026-03-16 10:17:24] [INFO] [压力位突破警报-74000-强阻力] CHECK_PASSED
  {}
[2026-03-16 10:17:25] [INFO] [支撑位跌破警报-70000-关键支撑] CHECK_PASSED
  {}
[2026-03-16 10:22:17] [INFO] [支撑位跌破警报-68000-强支撑] CHECK_START
  {}
[2026-03-16 10:22:17] [INFO] [支撑位跌破警报-70000-关键支撑] CHECK_START
  {}
[2026-03-16 10:22:17] [INFO] [压力位突破警报-74000-强阻力] CHECK_START
  {}
[2026-03-16 10:22:17] [INFO] [支撑位跌破警报-71500-回踩支撑] CHECK_START
  {}
[2026-03-16 10:22:18] [INFO] [支撑位跌破警报-70000-关键支撑] CHECK_PASSED
  {}
[2026-03-16 10:22:18] [INFO] [支撑位跌破警报-71500-回踩支撑] CHECK_PASSED
  {}
[2026-03-16 10:22:19] [INFO] [支撑位跌破警报-68000-强支撑] CHECK_PASSED
  {}
[2026-03-16 10:22:19] [INFO] [压力位突破警报-74000-强阻力] CHECK_PASSED
  {}
[2026-03-16 10:27:12] [INFO] [支撑位跌破警报-68000-强支撑] CHECK_START
  {}
[2026-03-16 10:27:12] [INFO] [支撑位跌破警报-70000-关键支撑] CHECK_START
  {}
[2026-03-16 10:27:12] [INFO] [压力位突破警报-74000-强阻力] CHECK_START
  {}
[2026-03-16 10:27:12] [INFO] [支撑位跌破警报-71500-回踩支撑] CHECK_START
  {}
[2026-03-16 10:27:13] [INFO] [支撑位跌破警报-71500-回踩支撑] CHECK_PASSED
  {}
[2026-03-16 10:27:14] [INFO] [压力位突破警报-74000-强阻力] CHECK_PASSED
  {}
[2026-03-16 10:27:14] [INFO] [支撑位跌破警报-70000-关键支撑] CHECK_PASSED
  {}
[2026-03-16 10:27:19] [INFO] [支撑位跌破警报-68000-强支撑] CHECK_PASSED
  {}
[2026-03-16 10:32:07] [INFO] [支撑位跌破警报-68000-强支撑] CHECK_START
  {}
[2026-03-16 10:32:07] [INFO] [支撑位跌破警报-70000-关键支撑] CHECK_START
  {}
[2026-03-16 10:32:07] [INFO] [压力位突破警报-74000-强阻力] CHECK_START
  {}
[2026-03-16 10:32:07] [INFO] [支撑位跌破警报-71500-回踩支撑] CHECK_START
  {}
[2026-03-16 10:32:08] [INFO] [支撑位跌破警报-71500-回踩支撑] CHECK_PASSED
  {}
[2026-03-16 10:32:08] [INFO] [支撑位跌破警报-70000-关键支撑] CHECK_PASSED
  {}
[2026-03-16 10:32:09] [INFO] [支撑位跌破警报-68000-强支撑] CHECK_PASSED
  {}
[2026-03-16 10:32:09] [INFO] [压力位突破警报-74000-强阻力] CHECK_PASSED
  {}
[2026-03-16 10:37:01] [INFO] [支撑位跌破警报-68000-强支撑] CHECK_START
  {}
[2026-03-16 10:37:01] [INFO] [支撑位跌破警报-70000-关键支撑] CHECK_START
  {}
[2026-03-16 10:37:01] [INFO] [压力位突破警报-74000-强阻力] CHECK_START
  {}
[2026-03-16 10:37:01] [INFO] [支撑位跌破警报-71500-回踩支撑] CHECK_START
  {}
[2026-03-16 10:37:02] [INFO] [支撑位跌破警报-71500-回踩支撑] CHECK_PASSED
  {}
[2026-03-16 10:37:02] [INFO] [压力位突破警报-74000-强阻力] CHECK_PASSED
  {}
[2026-03-16 10:37:03] [INFO] [支撑位跌破警报-68000-强支撑] CHECK_PASSED
  {}
[2026-03-16 10:37:03] [INFO] [支撑位跌破警报-70000-关键支撑] CHECK_PASSED
  {}
[2026-03-16 10:41:56] [INFO] [支撑位跌破警报-68000-强支撑] CHECK_START
  {}
[2026-03-16 10:41:56] [INFO] [支撑位跌破警报-70000-关键支撑] CHECK_START
  {}
[2026-03-16 10:41:56] [INFO] [压力位突破警报-74000-强阻力] CHECK_START
  {}
[2026-03-16 10:41:56] [INFO] [支撑位跌破警报-71500-回踩支撑] CHECK_START
  {}
[2026-03-16 10:41:57] [INFO] [支撑位跌破警报-70000-关键支撑] CHECK_PASSED
  {}
[2026-03-16 10:41:57] [INFO] [支撑位跌破警报-71500-回踩支撑] CHECK_PASSED
  {}
[2026-03-16 10:41:57] [INFO] [压力位突破警报-74000-强阻力] CHECK_PASSED
  {}
[2026-03-16 10:41:57] [INFO] [支撑位跌破警报-68000-强支撑] CHECK_PASSED
  {}
[2026-03-16 10:46:49] [INFO] [支撑位跌破警报-68000-强支撑] CHECK_START
  {}
[2026-03-16 10:46:49] [INFO] [支撑位跌破警报-70000-关键支撑] CHECK_START
  {}
[2026-03-16 10:46:49] [INFO] [压力位突破警报-74000-强阻力] CHECK_START
  {}
[2026-03-16 10:46:49] [INFO] [支撑位跌破警报-71500-回踩支撑] CHECK_START
  {}
[2026-03-16 10:46:50] [INFO] [支撑位跌破警报-68000-强支撑] CHECK_PASSED
  {}
[2026-03-16 10:46:50] [INFO] [压力位突破警报-74000-强阻力] CHECK_PASSED
  {}
[2026-03-16 10:46:50] [INFO] [支撑位跌破警报-71500-回踩支撑] CHECK_PASSED
  {}
[2026-03-16 10:46:51] [INFO] [支撑位跌破警报-70000-关键支撑] CHECK_PASSED
  {}
[2026-03-16 10:51:43] [INFO] [支撑位跌破警报-68000-强支撑] CHECK_START
  {}
[2026-03-16 10:51:43] [INFO] [支撑位跌破警报-70000-关键支撑] CHECK_START
  {}
[2026-03-16 10:51:43] [INFO] [压力位突破警报-74000-强阻力] CHECK_START
  {}
[2026-03-16 10:51:43] [INFO] [支撑位跌破警报-71500-回踩支撑] CHECK_START
  {}
[2026-03-16 10:51:44] [INFO] [压力位突破警报-74000-强阻力] CHECK_PASSED
  {}
[2026-03-16 10:51:44] [INFO] [支撑位跌破警报-68000-强支撑] CHECK_PASSED
  {}
[2026-03-16 10:51:44] [INFO] [支撑位跌破警报-70000-关键支撑] CHECK_PASSED
  {}
[2026-03-16 10:51:46] [INFO] [支撑位跌破警报-71500-回踩支撑] CHECK_PASSED
  {}
[2026-03-16 10:56:37] [INFO] [支撑位跌破警报-68000-强支撑] CHECK_START
  {}
[2026-03-16 10:56:37] [INFO] [支撑位跌破警报-70000-关键支撑] CHECK_START
  {}
[2026-03-16 10:56:37] [INFO] [压力位突破警报-74000-强阻力] CHECK_START
  {}
[2026-03-16 10:56:37] [INFO] [支撑位跌破警报-71500-回踩支撑] CHECK_START
  {}
[2026-03-16 10:56:38] [INFO] [支撑位跌破警报-71500-回踩支撑] CHECK_PASSED
  {}
[2026-03-16 10:56:38] [INFO] [支撑位跌破警报-70000-关键支撑] CHECK_PASSED
  {}
[2026-03-16 10:56:39] [INFO] [压力位突破警报-74000-强阻力] CHECK_PASSED
  {}
[2026-03-16 10:56:39] [INFO] [支撑位跌破警报-68000-强支撑] CHECK_PASSED
  {}
[2026-03-16 11:01:31] [INFO] [支撑位跌破警报-68000-强支撑] CHECK_START
  {}
[2026-03-16 11:01:31] [INFO] [支撑位跌破警报-70000-关键支撑] CHECK_START
  {}
[2026-03-16 11:01:31] [INFO] [压力位突破警报-74000-强阻力] CHECK_START
  {}
[2026-03-16 11:01:31] [INFO] [支撑位跌破警报-71500-回踩支撑] CHECK_START
  {}
[2026-03-16 11:01:32] [INFO] [支撑位跌破警报-71500-回踩支撑] CHECK_PASSED
  {}
[2026-03-16 11:01:32] [INFO] [支撑位跌破警报-68000-强支撑] CHECK_PASSED
  {}
[2026-03-16 11:01:33] [INFO] [支撑位跌破警报-70000-关键支撑] CHECK_PASSED
  {}
[2026-03-16 11:01:33] [INFO] [压力位突破警报-74000-强阻力] CHECK_PASSED
  {}
[2026-03-16 11:06:25] [INFO] [支撑位跌破警报-68000-强支撑] CHECK_START
  {}
[2026-03-16 11:06:25] [INFO] [支撑位跌破警报-70000-关键支撑] CHECK_START
  {}
[2026-03-16 11:06:25] [INFO] [压力位突破警报-74000-强阻力] CHECK_START
  {}
[2026-03-16 11:06:25] [INFO] [支撑位跌破警报-71500-回踩支撑] CHECK_START
  {}
[2026-03-16 11:06:25] [INFO] [支撑位跌破警报-71500-回踩支撑] CHECK_PASSED
  {}
[2026-03-16 11:06:25] [INFO] [压力位突破警报-74000-强阻力] CHECK_PASSED
  {}
[2026-03-16 11:06:26] [INFO] [支撑位跌破警报-70000-关键支撑] CHECK_PASSED
  {}
[2026-03-16 11:06:26] [INFO] [支撑位跌破警报-68000-强支撑] CHECK_PASSED
  {}
[2026-03-16 11:11:18] [INFO] [支撑位跌破警报-68000-强支撑] CHECK_START
  {}
[2026-03-16 11:11:18] [INFO] [支撑位跌破警报-70000-关键支撑] CHECK_START
  {}
[2026-03-16 11:11:18] [INFO] [压力位突破警报-74000-强阻力] CHECK_START
  {}
[2026-03-16 11:11:18] [INFO] [支撑位跌破警报-71500-回踩支撑] CHECK_START
  {}
[2026-03-16 11:11:19] [INFO] [压力位突破警报-74000-强阻力] CHECK_PASSED
  {}
[2026-03-16 11:11:19] [INFO] [支撑位跌破警报-68000-强支撑] CHECK_PASSED
  {}
[2026-03-16 11:11:20] [INFO] [支撑位跌破警报-70000-关键支撑] CHECK_PASSED
  {}
[2026-03-16 11:11:20] [INFO] [支撑位跌破警报-71500-回踩支撑] CHECK_PASSED
  {}
[2026-03-16 11:16:12] [INFO] [支撑位跌破警报-68000-强支撑] CHECK_START
  {}
[2026-03-16 11:16:12] [INFO] [支撑位跌破警报-70000-关键支撑] CHECK_START
  {}
[2026-03-16 11:16:12] [INFO] [压力位突破警报-74000-强阻力] CHECK_START
  {}
[2026-03-16 11:16:12] [INFO] [支撑位跌破警报-71500-回踩支撑] CHECK_START
  {}
[2026-03-16 11:16:12] [INFO] [支撑位跌破警报-71500-回踩支撑] CHECK_PASSED
  {}
[2026-03-16 11:16:12] [INFO] [压力位突破警报-74000-强阻力] CHECK_PASSED
  {}
[2026-03-16 11:16:12] [INFO] [支撑位跌破警报-68000-强支撑] CHECK_PASSED
  {}
[2026-03-16 11:16:13] [INFO] [支撑位跌破警报-70000-关键支撑] CHECK_PASSED
  {}
[2026-03-16 11:21:05] [INFO] [支撑位跌破警报-68000-强支撑] CHECK_START
  {}
[2026-03-16 11:21:05] [INFO] [支撑位跌破警报-70000-关键支撑] CHECK_START
  {}
[2026-03-16 11:21:05] [INFO] [压力位突破警报-74000-强阻力] CHECK_START
  {}
[2026-03-16 11:21:05] [INFO] [支撑位跌破警报-71500-回踩支撑] CHECK_START
  {}
[2026-03-16 11:21:06] [INFO] [支撑位跌破警报-68000-强支撑] CHECK_PASSED
  {}
[2026-03-16 11:21:06] [INFO] [压力位突破警报-74000-强阻力] CHECK_PASSED
  {}
[2026-03-16 11:21:06] [INFO] [支撑位跌破警报-70000-关键支撑] CHECK_PASSED
  {}
[2026-03-16 11:21:06] [INFO] [支撑位跌破警报-71500-回踩支撑] CHECK_PASSED
  {}
[2026-03-16 11:25:58] [INFO] [支撑位跌破警报-68000-强支撑] CHECK_START
  {}
[2026-03-16 11:25:58] [INFO] [支撑位跌破警报-70000-关键支撑] CHECK_START
  {}
[2026-03-16 11:25:58] [INFO] [压力位突破警报-74000-强阻力] CHECK_START
  {}
[2026-03-16 11:25:58] [INFO] [支撑位跌破警报-71500-回踩支撑] CHECK_START
  {}
[2026-03-16 11:26:00] [INFO] [支撑位跌破警报-68000-强支撑] CHECK_PASSED
  {}
[2026-03-16 11:26:00] [INFO] [支撑位跌破警报-71500-回踩支撑] CHECK_PASSED
  {}
[2026-03-16 11:26:00] [INFO] [压力位突破警报-74000-强阻力] CHECK_PASSED
  {}
[2026-03-16 11:26:00] [INFO] [支撑位跌破警报-70000-关键支撑] CHECK_PASSED
  {}
[2026-03-16 11:30:52] [INFO] [支撑位跌破警报-68000-强支撑] CHECK_START
  {}
[2026-03-16 11:30:52] [INFO] [支撑位跌破警报-70000-关键支撑] CHECK_START
  {}
[2026-03-16 11:30:52] [INFO] [压力位突破警报-74000-强阻力] CHECK_START
  {}
[2026-03-16 11:30:52] [INFO] [支撑位跌破警报-71500-回踩支撑] CHECK_START
  {}
[2026-03-16 11:30:53] [INFO] [支撑位跌破警报-68000-强支撑] CHECK_PASSED
  {}
[2026-03-16 11:30:53] [INFO] [支撑位跌破警报-70000-关键支撑] CHECK_PASSED
  {}
[2026-03-16 11:30:53] [INFO] [支撑位跌破警报-71500-回踩支撑] CHECK_PASSED
  {}
[2026-03-16 11:30:54] [INFO] [压力位突破警报-74000-强阻力] CHECK_PASSED
  {}
[2026-03-16 11:35:44] [INFO] [支撑位跌破警报-68000-强支撑] CHECK_START
  {}
[2026-03-16 11:35:44] [INFO] [支撑位跌破警报-70000-关键支撑] CHECK_START
  {}
[2026-03-16 11:35:44] [INFO] [压力位突破警报-74000-强阻力] CHECK_START
  {}
[2026-03-16 11:35:44] [INFO] [支撑位跌破警报-71500-回踩支撑] CHECK_START
  {}
[2026-03-16 11:35:45] [INFO] [压力位突破警报-74000-强阻力] CHECK_PASSED
  {}
[2026-03-16 11:35:46] [INFO] [支撑位跌破警报-68000-强支撑] CHECK_PASSED
  {}
[2026-03-16 11:35:46] [INFO] [支撑位跌破警报-71500-回踩支撑] CHECK_PASSED
  {}
[2026-03-16 11:35:46] [INFO] [支撑位跌破警报-70000-关键支撑] CHECK_PASSED
  {}
[2026-03-16 11:40:37] [INFO] [支撑位跌破警报-68000-强支撑] CHECK_START
  {}
[2026-03-16 11:40:37] [INFO] [支撑位跌破警报-70000-关键支撑] CHECK_START
  {}
[2026-03-16 11:40:37] [INFO] [压力位突破警报-74000-强阻力] CHECK_START
  {}
[2026-03-16 11:40:37] [INFO] [支撑位跌破警报-71500-回踩支撑] CHECK_START
  {}
[2026-03-16 11:40:39] [INFO] [压力位突破警报-74000-强阻力] TRIGGERED
  {}
[2026-03-16 11:40:40] [INFO] [支撑位跌破警报-68000-强支撑] CHECK_PASSED
  {}
[2026-03-16 11:40:40] [INFO] [支撑位跌破警报-71500-回踩支撑] CHECK_PASSED
  {}
[2026-03-16 11:40:40] [INFO] [压力位突破警报-74000-强阻力] DATA_COLLECTED
  {"dataKeys":["alertTime","error"]}
[2026-03-16 11:40:40] [INFO] [压力位突破警报-74000-强阻力] TRIGGER_COMPLETED
  {}
[2026-03-16 11:40:40] [INFO] [支撑位跌破警报-70000-关键支撑] CHECK_PASSED
  {}
[2026-03-16 11:43:30] [INFO] [Engine] 引擎关闭 (SIGINT)
[2026-03-16 11:43:30] [INFO] [Engine] 引擎启动
  {"rulesDir":"/home/administrator/.openclaw/july-btc-analyzer/skills/btc-alert/rules","archiveDir":"/home/administrator/.openclaw/july-btc-analyzer/skills/btc-alert/rules-archive","logFile":"/home/administrator/.openclaw/july-btc-analyzer/logs/alert-engine.log"}
[2026-03-16 11:43:30] [INFO] [压力位突破警报-76000-下一阻力] TIMER_STARTED
  {"interval":"300s","file":"2026-03-16-resistance-76000.js"}
[2026-03-16 11:43:30] [INFO] [压力位突破警报-76000-下一阻力] CHECK_START
  {}
[2026-03-16 11:43:30] [INFO] [支撑位跌破警报-72000-突破支撑] TIMER_STARTED
  {"interval":"300s","file":"2026-03-16-support-72000.js"}
[2026-03-16 11:43:30] [INFO] [支撑位跌破警报-72000-突破支撑] CHECK_START
  {}
[2026-03-16 11:43:30] [INFO] [Engine] 规则加载完成
  {"count":2}
[2026-03-16 11:43:32] [INFO] [支撑位跌破警报-72000-突破支撑] CHECK_PASSED
  {}
[2026-03-16 11:43:32] [INFO] [压力位突破警报-76000-下一阻力] CHECK_PASSED
  {}
[2026-03-16 11:48:23] [INFO] [压力位突破警报-76000-下一阻力] CHECK_START
  {}
[2026-03-16 11:48:23] [INFO] [支撑位跌破警报-72000-突破支撑] CHECK_START
  {}
[2026-03-16 11:48:25] [INFO] [压力位突破警报-76000-下一阻力] CHECK_PASSED
  {}
[2026-03-16 11:48:25] [INFO] [支撑位跌破警报-72000-突破支撑] CHECK_PASSED
  {}
[2026-03-16 11:53:19] [INFO] [压力位突破警报-76000-下一阻力] CHECK_START
  {}
[2026-03-16 11:53:19] [INFO] [支撑位跌破警报-72000-突破支撑] CHECK_START
  {}
[2026-03-16 11:53:21] [INFO] [压力位突破警报-76000-下一阻力] CHECK_PASSED
  {}
[2026-03-16 11:53:49] [INFO] [支撑位跌破警报-72000-突破支撑] CHECK_PASSED
  {}
[2026-03-16 11:58:13] [INFO] [压力位突破警报-76000-下一阻力] CHECK_START
  {}
[2026-03-16 11:58:13] [INFO] [支撑位跌破警报-72000-突破支撑] CHECK_START
  {}
[2026-03-16 11:58:15] [INFO] [支撑位跌破警报-72000-突破支撑] CHECK_PASSED
  {}
[2026-03-16 11:58:16] [INFO] [压力位突破警报-76000-下一阻力] CHECK_PASSED
  {}
[2026-03-16 12:03:07] [INFO] [压力位突破警报-76000-下一阻力] CHECK_START
  {}
[2026-03-16 12:03:07] [INFO] [支撑位跌破警报-72000-突破支撑] CHECK_START
  {}
[2026-03-16 12:03:09] [INFO] [压力位突破警报-76000-下一阻力] CHECK_PASSED
  {}
[2026-03-16 12:03:09] [INFO] [支撑位跌破警报-72000-突破支撑] CHECK_PASSED
  {}
[2026-03-16 12:08:03] [INFO] [压力位突破警报-76000-下一阻力] CHECK_START
  {}
[2026-03-16 12:08:03] [INFO] [支撑位跌破警报-72000-突破支撑] CHECK_START
  {}
[2026-03-16 12:08:05] [INFO] [支撑位跌破警报-72000-突破支撑] CHECK_PASSED
  {}
[2026-03-16 12:08:05] [INFO] [压力位突破警报-76000-下一阻力] CHECK_PASSED
  {}
[2026-03-16 12:12:57] [INFO] [压力位突破警报-76000-下一阻力] CHECK_START
  {}
[2026-03-16 12:12:57] [INFO] [支撑位跌破警报-72000-突破支撑] CHECK_START
  {}
[2026-03-16 12:12:59] [INFO] [支撑位跌破警报-72000-突破支撑] CHECK_PASSED
  {}
[2026-03-16 12:13:00] [INFO] [压力位突破警报-76000-下一阻力] CHECK_PASSED
  {}
[2026-03-16 12:17:51] [INFO] [压力位突破警报-76000-下一阻力] CHECK_START
  {}
[2026-03-16 12:17:51] [INFO] [支撑位跌破警报-72000-突破支撑] CHECK_START
  {}
[2026-03-16 12:17:53] [INFO] [压力位突破警报-76000-下一阻力] CHECK_PASSED
  {}
[2026-03-16 12:17:53] [INFO] [支撑位跌破警报-72000-突破支撑] CHECK_PASSED
  {}
[2026-03-16 12:22:44] [INFO] [压力位突破警报-76000-下一阻力] CHECK_START
  {}
[2026-03-16 12:22:44] [INFO] [支撑位跌破警报-72000-突破支撑] CHECK_START
  {}
[2026-03-16 12:22:46] [INFO] [支撑位跌破警报-72000-突破支撑] CHECK_PASSED
  {}
[2026-03-16 12:23:14] [INFO] [压力位突破警报-76000-下一阻力] CHECK_PASSED
  {}
[2026-03-16 12:27:36] [INFO] [压力位突破警报-76000-下一阻力] CHECK_START
  {}
[2026-03-16 12:27:36] [INFO] [支撑位跌破警报-72000-突破支撑] CHECK_START
  {}
[2026-03-16 12:27:38] [INFO] [支撑位跌破警报-72000-突破支撑] CHECK_PASSED
  {}
[2026-03-16 12:27:40] [INFO] [压力位突破警报-76000-下一阻力] CHECK_PASSED
  {}
[2026-03-16 12:32:29] [INFO] [压力位突破警报-76000-下一阻力] CHECK_START
  {}
[2026-03-16 12:32:29] [INFO] [支撑位跌破警报-72000-突破支撑] CHECK_START
  {}
[2026-03-16 12:32:32] [INFO] [支撑位跌破警报-72000-突破支撑] CHECK_PASSED
  {}
[2026-03-16 12:32:32] [INFO] [压力位突破警报-76000-下一阻力] CHECK_PASSED
  {}
[2026-03-16 12:37:21] [INFO] [压力位突破警报-76000-下一阻力] CHECK_START
  {}
[2026-03-16 12:37:21] [INFO] [支撑位跌破警报-72000-突破支撑] CHECK_START
  {}
[2026-03-16 12:37:23] [INFO] [支撑位跌破警报-72000-突破支撑] CHECK_PASSED
  {}
[2026-03-16 12:37:24] [INFO] [压力位突破警报-76000-下一阻力] CHECK_PASSED
  {}
[2026-03-16 12:42:15] [INFO] [压力位突破警报-76000-下一阻力] CHECK_START
  {}
[2026-03-16 12:42:15] [INFO] [支撑位跌破警报-72000-突破支撑] CHECK_START
  {}
[2026-03-16 12:42:15] [INFO] [支撑位跌破警报-72000-突破支撑] CHECK_PASSED
  {}
[2026-03-16 12:42:18] [INFO] [压力位突破警报-76000-下一阻力] CHECK_PASSED
  {}
[2026-03-16 12:47:07] [INFO] [压力位突破警报-76000-下一阻力] CHECK_START
  {}
[2026-03-16 12:47:07] [INFO] [支撑位跌破警报-72000-突破支撑] CHECK_START
  {}
[2026-03-16 12:47:08] [INFO] [支撑位跌破警报-72000-突破支撑] CHECK_PASSED
  {}
[2026-03-16 12:47:09] [INFO] [压力位突破警报-76000-下一阻力] CHECK_PASSED
  {}
[2026-03-16 12:51:59] [INFO] [压力位突破警报-76000-下一阻力] CHECK_START
  {}
[2026-03-16 12:51:59] [INFO] [支撑位跌破警报-72000-突破支撑] CHECK_START
  {}
[2026-03-16 12:52:01] [INFO] [支撑位跌破警报-72000-突破支撑] CHECK_PASSED
  {}
[2026-03-16 12:52:01] [INFO] [压力位突破警报-76000-下一阻力] CHECK_PASSED
  {}
[2026-03-16 12:56:51] [INFO] [压力位突破警报-76000-下一阻力] CHECK_START
  {}
[2026-03-16 12:56:51] [INFO] [支撑位跌破警报-72000-突破支撑] CHECK_START
  {}
[2026-03-16 12:56:53] [INFO] [压力位突破警报-76000-下一阻力] CHECK_PASSED
  {}
[2026-03-16 12:56:53] [INFO] [支撑位跌破警报-72000-突破支撑] CHECK_PASSED
  {}
[2026-03-16 13:01:42] [INFO] [压力位突破警报-76000-下一阻力] CHECK_START
  {}
[2026-03-16 13:01:42] [INFO] [支撑位跌破警报-72000-突破支撑] CHECK_START
  {}
[2026-03-16 13:01:44] [INFO] [支撑位跌破警报-72000-突破支撑] CHECK_PASSED
  {}
[2026-03-16 13:01:47] [INFO] [压力位突破警报-76000-下一阻力] CHECK_PASSED
  {}
[2026-03-16 13:06:34] [INFO] [压力位突破警报-76000-下一阻力] CHECK_START
  {}
[2026-03-16 13:06:34] [INFO] [支撑位跌破警报-72000-突破支撑] CHECK_START
  {}
[2026-03-16 13:06:36] [INFO] [支撑位跌破警报-72000-突破支撑] CHECK_PASSED
  {}
[2026-03-16 13:06:36] [INFO] [压力位突破警报-76000-下一阻力] CHECK_PASSED
  {}
[2026-03-16 13:11:25] [INFO] [压力位突破警报-76000-下一阻力] CHECK_START
  {}
[2026-03-16 13:11:25] [INFO] [支撑位跌破警报-72000-突破支撑] CHECK_START
  {}
[2026-03-16 13:11:26] [INFO] [支撑位跌破警报-72000-突破支撑] CHECK_PASSED
  {}
[2026-03-16 13:11:26] [INFO] [压力位突破警报-76000-下一阻力] CHECK_PASSED
  {}
[2026-03-16 13:16:15] [INFO] [压力位突破警报-76000-下一阻力] CHECK_START
  {}
[2026-03-16 13:16:15] [INFO] [支撑位跌破警报-72000-突破支撑] CHECK_START
  {}
[2026-03-16 13:16:17] [INFO] [压力位突破警报-76000-下一阻力] CHECK_PASSED
  {}
[2026-03-16 13:16:18] [INFO] [支撑位跌破警报-72000-突破支撑] CHECK_PASSED
  {}
[2026-03-16 13:21:06] [INFO] [压力位突破警报-76000-下一阻力] CHECK_START
  {}
[2026-03-16 13:21:06] [INFO] [支撑位跌破警报-72000-突破支撑] CHECK_START
  {}
[2026-03-16 13:21:08] [INFO] [支撑位跌破警报-72000-突破支撑] CHECK_PASSED
  {}
[2026-03-16 13:21:09] [INFO] [压力位突破警报-76000-下一阻力] CHECK_PASSED
  {}
[2026-03-16 13:25:57] [INFO] [压力位突破警报-76000-下一阻力] CHECK_START
  {}
[2026-03-16 13:25:57] [INFO] [支撑位跌破警报-72000-突破支撑] CHECK_START
  {}
[2026-03-16 13:25:59] [INFO] [支撑位跌破警报-72000-突破支撑] CHECK_PASSED
  {}
[2026-03-16 13:25:59] [INFO] [压力位突破警报-76000-下一阻力] CHECK_PASSED
  {}
[2026-03-16 13:30:47] [INFO] [压力位突破警报-76000-下一阻力] CHECK_START
  {}
[2026-03-16 13:30:47] [INFO] [支撑位跌破警报-72000-突破支撑] CHECK_START
  {}
[2026-03-16 13:30:49] [INFO] [压力位突破警报-76000-下一阻力] CHECK_PASSED
  {}
[2026-03-16 13:30:51] [INFO] [支撑位跌破警报-72000-突破支撑] CHECK_PASSED
  {}
[2026-03-16 13:35:37] [INFO] [压力位突破警报-76000-下一阻力] CHECK_START
  {}
[2026-03-16 13:35:37] [INFO] [支撑位跌破警报-72000-突破支撑] CHECK_START
  {}
[2026-03-16 13:35:39] [INFO] [压力位突破警报-76000-下一阻力] CHECK_PASSED
  {}
[2026-03-16 13:35:41] [INFO] [支撑位跌破警报-72000-突破支撑] CHECK_PASSED
  {}
[2026-03-16 13:40:30] [INFO] [压力位突破警报-76000-下一阻力] CHECK_START
  {}
[2026-03-16 13:40:30] [INFO] [支撑位跌破警报-72000-突破支撑] CHECK_START
  {}
[2026-03-16 13:40:32] [INFO] [支撑位跌破警报-72000-突破支撑] CHECK_PASSED
  {}
[2026-03-16 13:40:32] [INFO] [压力位突破警报-76000-下一阻力] CHECK_PASSED
  {}
[2026-03-16 13:45:23] [INFO] [压力位突破警报-76000-下一阻力] CHECK_START
  {}
[2026-03-16 13:45:23] [INFO] [支撑位跌破警报-72000-突破支撑] CHECK_START
  {}
[2026-03-16 13:45:25] [INFO] [压力位突破警报-76000-下一阻力] CHECK_PASSED
  {}
[2026-03-16 13:45:25] [INFO] [支撑位跌破警报-72000-突破支撑] CHECK_PASSED
  {}
[2026-03-16 13:50:15] [INFO] [压力位突破警报-76000-下一阻力] CHECK_START
  {}
[2026-03-16 13:50:15] [INFO] [支撑位跌破警报-72000-突破支撑] CHECK_START
  {}
[2026-03-16 13:50:16] [INFO] [支撑位跌破警报-72000-突破支撑] CHECK_PASSED
  {}
[2026-03-16 13:50:16] [INFO] [压力位突破警报-76000-下一阻力] CHECK_PASSED
  {}
[2026-03-16 13:55:06] [INFO] [压力位突破警报-76000-下一阻力] CHECK_START
  {}
[2026-03-16 13:55:06] [INFO] [支撑位跌破警报-72000-突破支撑] CHECK_START
  {}
[2026-03-16 13:55:08] [INFO] [压力位突破警报-76000-下一阻力] CHECK_PASSED
  {}
[2026-03-16 13:55:08] [INFO] [支撑位跌破警报-72000-突破支撑] CHECK_PASSED
  {}
[2026-03-16 13:59:57] [INFO] [压力位突破警报-76000-下一阻力] CHECK_START
  {}
[2026-03-16 13:59:57] [INFO] [支撑位跌破警报-72000-突破支撑] CHECK_START
  {}
[2026-03-16 14:00:01] [INFO] [支撑位跌破警报-72000-突破支撑] CHECK_PASSED
  {}
[2026-03-16 14:00:01] [INFO] [压力位突破警报-76000-下一阻力] CHECK_PASSED
  {}
[2026-03-16 14:04:47] [INFO] [压力位突破警报-76000-下一阻力] CHECK_START
  {}
[2026-03-16 14:04:47] [INFO] [支撑位跌破警报-72000-突破支撑] CHECK_START
  {}
[2026-03-16 14:04:48] [INFO] [支撑位跌破警报-72000-突破支撑] CHECK_PASSED
  {}
[2026-03-16 14:04:48] [INFO] [压力位突破警报-76000-下一阻力] CHECK_PASSED
  {}
[2026-03-16 14:09:37] [INFO] [压力位突破警报-76000-下一阻力] CHECK_START
  {}
[2026-03-16 14:09:37] [INFO] [支撑位跌破警报-72000-突破支撑] CHECK_START
  {}
[2026-03-16 14:09:39] [INFO] [压力位突破警报-76000-下一阻力] CHECK_PASSED
  {}
[2026-03-16 14:09:40] [INFO] [支撑位跌破警报-72000-突破支撑] CHECK_PASSED
  {}
[2026-03-16 14:14:26] [INFO] [压力位突破警报-76000-下一阻力] CHECK_START
  {}
[2026-03-16 14:14:26] [INFO] [支撑位跌破警报-72000-突破支撑] CHECK_START
  {}
[2026-03-16 14:14:28] [INFO] [支撑位跌破警报-72000-突破支撑] CHECK_PASSED
  {}
[2026-03-16 14:14:28] [INFO] [压力位突破警报-76000-下一阻力] CHECK_PASSED
  {}
[2026-03-16 14:19:17] [INFO] [压力位突破警报-76000-下一阻力] CHECK_START
  {}
[2026-03-16 14:19:17] [INFO] [支撑位跌破警报-72000-突破支撑] CHECK_START
  {}
[2026-03-16 14:19:17] [INFO] [压力位突破警报-76000-下一阻力] CHECK_PASSED
  {}
[2026-03-16 14:19:18] [INFO] [支撑位跌破警报-72000-突破支撑] CHECK_PASSED
  {}
[2026-03-16 14:24:06] [INFO] [压力位突破警报-76000-下一阻力] CHECK_START
  {}
[2026-03-16 14:24:06] [INFO] [支撑位跌破警报-72000-突破支撑] CHECK_START
  {}
[2026-03-16 14:24:08] [INFO] [支撑位跌破警报-72000-突破支撑] CHECK_PASSED
  {}
[2026-03-16 14:24:08] [INFO] [压力位突破警报-76000-下一阻力] CHECK_PASSED
  {}
[2026-03-16 14:28:56] [INFO] [压力位突破警报-76000-下一阻力] CHECK_START
  {}
[2026-03-16 14:28:56] [INFO] [支撑位跌破警报-72000-突破支撑] CHECK_START
  {}
[2026-03-16 14:28:58] [INFO] [支撑位跌破警报-72000-突破支撑] CHECK_PASSED
  {}
[2026-03-16 14:28:59] [INFO] [压力位突破警报-76000-下一阻力] CHECK_PASSED
  {}
[2026-03-16 14:33:45] [INFO] [压力位突破警报-76000-下一阻力] CHECK_START
  {}
[2026-03-16 14:33:45] [INFO] [支撑位跌破警报-72000-突破支撑] CHECK_START
  {}
[2026-03-16 14:33:48] [INFO] [支撑位跌破警报-72000-突破支撑] CHECK_PASSED
  {}
[2026-03-16 14:33:49] [INFO] [压力位突破警报-76000-下一阻力] CHECK_PASSED
  {}
[2026-03-16 14:38:34] [INFO] [压力位突破警报-76000-下一阻力] CHECK_START
  {}
[2026-03-16 14:38:34] [INFO] [支撑位跌破警报-72000-突破支撑] CHECK_START
  {}
[2026-03-16 14:38:36] [INFO] [支撑位跌破警报-72000-突破支撑] CHECK_PASSED
  {}
[2026-03-16 14:38:37] [INFO] [压力位突破警报-76000-下一阻力] CHECK_PASSED
  {}
[2026-03-16 14:43:23] [INFO] [压力位突破警报-76000-下一阻力] CHECK_START
  {}
[2026-03-16 14:43:23] [INFO] [支撑位跌破警报-72000-突破支撑] CHECK_START
  {}
[2026-03-16 14:43:24] [INFO] [压力位突破警报-76000-下一阻力] CHECK_PASSED
  {}
[2026-03-16 14:43:26] [INFO] [支撑位跌破警报-72000-突破支撑] CHECK_PASSED
  {}
[2026-03-16 14:48:11] [INFO] [压力位突破警报-76000-下一阻力] CHECK_START
  {}
[2026-03-16 14:48:11] [INFO] [支撑位跌破警报-72000-突破支撑] CHECK_START
  {}
[2026-03-16 14:48:13] [INFO] [支撑位跌破警报-72000-突破支撑] CHECK_PASSED
  {}
[2026-03-16 14:48:14] [INFO] [压力位突破警报-76000-下一阻力] CHECK_PASSED
  {}
[2026-03-16 14:53:00] [INFO] [压力位突破警报-76000-下一阻力] CHECK_START
  {}
[2026-03-16 14:53:00] [INFO] [支撑位跌破警报-72000-突破支撑] CHECK_START
  {}
[2026-03-16 14:53:02] [INFO] [支撑位跌破警报-72000-突破支撑] CHECK_PASSED
  {}
[2026-03-16 14:53:02] [INFO] [压力位突破警报-76000-下一阻力] CHECK_PASSED
  {}
[2026-03-16 14:57:48] [INFO] [压力位突破警报-76000-下一阻力] CHECK_START
  {}
[2026-03-16 14:57:48] [INFO] [支撑位跌破警报-72000-突破支撑] CHECK_START
  {}
[2026-03-16 14:57:51] [INFO] [压力位突破警报-76000-下一阻力] CHECK_PASSED
  {}
[2026-03-16 14:57:53] [INFO] [支撑位跌破警报-72000-突破支撑] CHECK_PASSED
  {}
[2026-03-16 15:02:36] [INFO] [压力位突破警报-76000-下一阻力] CHECK_START
  {}
[2026-03-16 15:02:36] [INFO] [支撑位跌破警报-72000-突破支撑] CHECK_START
  {}
[2026-03-16 15:02:37] [INFO] [压力位突破警报-76000-下一阻力] CHECK_PASSED
  {}
[2026-03-16 15:02:38] [INFO] [支撑位跌破警报-72000-突破支撑] CHECK_PASSED
  {}
[2026-03-16 15:07:24] [INFO] [压力位突破警报-76000-下一阻力] CHECK_START
  {}
[2026-03-16 15:07:24] [INFO] [支撑位跌破警报-72000-突破支撑] CHECK_START
  {}
[2026-03-16 15:07:26] [INFO] [压力位突破警报-76000-下一阻力] CHECK_PASSED
  {}
[2026-03-16 15:07:26] [INFO] [支撑位跌破警报-72000-突破支撑] CHECK_PASSED
  {}
[2026-03-16 15:12:11] [INFO] [压力位突破警报-76000-下一阻力] CHECK_START
  {}
[2026-03-16 15:12:11] [INFO] [支撑位跌破警报-72000-突破支撑] CHECK_START
  {}
[2026-03-16 15:12:12] [INFO] [支撑位跌破警报-72000-突破支撑] CHECK_PASSED
  {}
[2026-03-16 15:12:14] [INFO] [压力位突破警报-76000-下一阻力] CHECK_PASSED
  {}
[2026-03-16 15:16:58] [INFO] [压力位突破警报-76000-下一阻力] CHECK_START
  {}
[2026-03-16 15:16:58] [INFO] [支撑位跌破警报-72000-突破支撑] CHECK_START
  {}
[2026-03-16 15:16:59] [INFO] [压力位突破警报-76000-下一阻力] CHECK_PASSED
  {}
[2026-03-16 15:17:00] [INFO] [支撑位跌破警报-72000-突破支撑] CHECK_PASSED
  {}
[2026-03-16 15:21:45] [INFO] [压力位突破警报-76000-下一阻力] CHECK_START
  {}
[2026-03-16 15:21:45] [INFO] [支撑位跌破警报-72000-突破支撑] CHECK_START
  {}
[2026-03-16 15:21:47] [INFO] [压力位突破警报-76000-下一阻力] CHECK_PASSED
  {}
[2026-03-16 15:21:48] [INFO] [支撑位跌破警报-72000-突破支撑] CHECK_PASSED
  {}
[2026-03-16 15:26:31] [INFO] [压力位突破警报-76000-下一阻力] CHECK_START
  {}
[2026-03-16 15:26:31] [INFO] [支撑位跌破警报-72000-突破支撑] CHECK_START
  {}
[2026-03-16 15:26:33] [INFO] [支撑位跌破警报-72000-突破支撑] CHECK_PASSED
  {}
[2026-03-16 15:26:33] [INFO] [压力位突破警报-76000-下一阻力] CHECK_PASSED
  {}
[2026-03-16 15:31:17] [INFO] [压力位突破警报-76000-下一阻力] CHECK_START
  {}
[2026-03-16 15:31:17] [INFO] [支撑位跌破警报-72000-突破支撑] CHECK_START
  {}
[2026-03-16 15:31:20] [INFO] [支撑位跌破警报-72000-突破支撑] CHECK_PASSED
  {}
[2026-03-16 15:31:20] [INFO] [压力位突破警报-76000-下一阻力] CHECK_PASSED
  {}
[2026-03-16 15:36:04] [INFO] [压力位突破警报-76000-下一阻力] CHECK_START
  {}
[2026-03-16 15:36:04] [INFO] [支撑位跌破警报-72000-突破支撑] CHECK_START
  {}
[2026-03-16 15:36:05] [INFO] [支撑位跌破警报-72000-突破支撑] CHECK_PASSED
  {}
[2026-03-16 15:36:06] [INFO] [压力位突破警报-76000-下一阻力] CHECK_PASSED
  {}
[2026-03-16 15:40:50] [INFO] [压力位突破警报-76000-下一阻力] CHECK_START
  {}
[2026-03-16 15:40:50] [INFO] [支撑位跌破警报-72000-突破支撑] CHECK_START
  {}
[2026-03-16 15:40:51] [INFO] [支撑位跌破警报-72000-突破支撑] CHECK_PASSED
  {}
[2026-03-16 15:40:51] [INFO] [压力位突破警报-76000-下一阻力] CHECK_PASSED
  {}
[2026-03-16 15:45:36] [INFO] [压力位突破警报-76000-下一阻力] CHECK_START
  {}
[2026-03-16 15:45:36] [INFO] [支撑位跌破警报-72000-突破支撑] CHECK_START
  {}
[2026-03-16 15:45:37] [INFO] [压力位突破警报-76000-下一阻力] CHECK_PASSED
  {}
[2026-03-16 15:45:37] [INFO] [支撑位跌破警报-72000-突破支撑] CHECK_PASSED
  {}
[2026-03-16 15:50:22] [INFO] [压力位突破警报-76000-下一阻力] CHECK_START
  {}
[2026-03-16 15:50:22] [INFO] [支撑位跌破警报-72000-突破支撑] CHECK_START
  {}
[2026-03-16 15:50:23] [INFO] [支撑位跌破警报-72000-突破支撑] CHECK_PASSED
  {}
[2026-03-16 15:50:25] [INFO] [压力位突破警报-76000-下一阻力] CHECK_PASSED
  {}
[2026-03-16 15:55:07] [INFO] [压力位突破警报-76000-下一阻力] CHECK_START
  {}
[2026-03-16 15:55:07] [INFO] [支撑位跌破警报-72000-突破支撑] CHECK_START
  {}
[2026-03-16 15:55:09] [INFO] [压力位突破警报-76000-下一阻力] CHECK_PASSED
  {}
[2026-03-16 15:55:09] [INFO] [支撑位跌破警报-72000-突破支撑] CHECK_PASSED
  {}
[2026-03-16 15:59:53] [INFO] [压力位突破警报-76000-下一阻力] CHECK_START
  {}
[2026-03-16 15:59:53] [INFO] [支撑位跌破警报-72000-突破支撑] CHECK_START
  {}
[2026-03-16 15:59:54] [INFO] [支撑位跌破警报-72000-突破支撑] CHECK_PASSED
  {}
[2026-03-16 15:59:54] [INFO] [压力位突破警报-76000-下一阻力] CHECK_PASSED
  {}
[2026-03-16 16:04:38] [INFO] [压力位突破警报-76000-下一阻力] CHECK_START
  {}
[2026-03-16 16:04:38] [INFO] [支撑位跌破警报-72000-突破支撑] CHECK_START
  {}
[2026-03-16 16:04:40] [INFO] [支撑位跌破警报-72000-突破支撑] CHECK_PASSED
  {}
[2026-03-16 16:04:40] [INFO] [压力位突破警报-76000-下一阻力] CHECK_PASSED
  {}
[2026-03-16 16:09:23] [INFO] [压力位突破警报-76000-下一阻力] CHECK_START
  {}
[2026-03-16 16:09:23] [INFO] [支撑位跌破警报-72000-突破支撑] CHECK_START
  {}
[2026-03-16 16:09:24] [INFO] [压力位突破警报-76000-下一阻力] CHECK_PASSED
  {}
[2026-03-16 16:09:25] [INFO] [支撑位跌破警报-72000-突破支撑] CHECK_PASSED
  {}
[2026-03-16 16:14:08] [INFO] [压力位突破警报-76000-下一阻力] CHECK_START
  {}
[2026-03-16 16:14:08] [INFO] [支撑位跌破警报-72000-突破支撑] CHECK_START
  {}
[2026-03-16 16:14:10] [INFO] [支撑位跌破警报-72000-突破支撑] CHECK_PASSED
  {}
[2026-03-16 16:14:11] [INFO] [压力位突破警报-76000-下一阻力] CHECK_PASSED
  {}
[2026-03-16 16:18:53] [INFO] [压力位突破警报-76000-下一阻力] CHECK_START
  {}
[2026-03-16 16:18:53] [INFO] [支撑位跌破警报-72000-突破支撑] CHECK_START
  {}
[2026-03-16 16:18:54] [INFO] [支撑位跌破警报-72000-突破支撑] CHECK_PASSED
  {}
[2026-03-16 16:18:56] [INFO] [压力位突破警报-76000-下一阻力] CHECK_PASSED
  {}
[2026-03-16 16:23:38] [INFO] [压力位突破警报-76000-下一阻力] CHECK_START
  {}
[2026-03-16 16:23:38] [INFO] [支撑位跌破警报-72000-突破支撑] CHECK_START
  {}
[2026-03-16 16:23:39] [INFO] [压力位突破警报-76000-下一阻力] CHECK_PASSED
  {}
[2026-03-16 16:23:40] [INFO] [支撑位跌破警报-72000-突破支撑] CHECK_PASSED
  {}
[2026-03-16 16:24:35] [INFO] [支撑位跌破警报-72000-突破支撑] 检测到规则文件已不存在
  {"path":"/home/administrator/.openclaw/july-btc-analyzer/skills/btc-alert/rules/2026-03-16-support-72000.js"}
[2026-03-16 16:24:35] [INFO] [支撑位跌破警报-72000-突破支撑] RULE_UNLOADED
  {"reason":"file_removed"}
[2026-03-16 16:28:22] [INFO] [压力位突破警报-76000-下一阻力] CHECK_START
  {}
[2026-03-16 16:28:26] [INFO] [压力位突破警报-76000-下一阻力] CHECK_PASSED
  {}
[2026-03-16 16:33:07] [INFO] [压力位突破警报-76000-下一阻力] CHECK_START
  {}
[2026-03-16 16:33:09] [INFO] [压力位突破警报-76000-下一阻力] CHECK_PASSED
  {}
[2026-03-16 16:37:51] [INFO] [压力位突破警报-76000-下一阻力] CHECK_START
  {}
[2026-03-16 16:37:55] [INFO] [压力位突破警报-76000-下一阻力] CHECK_PASSED
  {}
[2026-03-16 16:42:36] [INFO] [压力位突破警报-76000-下一阻力] CHECK_START
  {}
[2026-03-16 16:42:38] [INFO] [压力位突破警报-76000-下一阻力] CHECK_PASSED
  {}
[2026-03-16 16:47:20] [INFO] [压力位突破警报-76000-下一阻力] CHECK_START
  {}
[2026-03-16 16:47:26] [INFO] [压力位突破警报-76000-下一阻力] CHECK_PASSED
  {}
[2026-03-16 16:52:05] [INFO] [压力位突破警报-76000-下一阻力] CHECK_START
  {}
[2026-03-16 16:52:07] [INFO] [压力位突破警报-76000-下一阻力] CHECK_PASSED
  {}
[2026-03-16 16:56:49] [INFO] [压力位突破警报-76000-下一阻力] CHECK_START
  {}
[2026-03-16 16:56:51] [INFO] [压力位突破警报-76000-下一阻力] CHECK_PASSED
  {}
[2026-03-16 17:01:33] [INFO] [压力位突破警报-76000-下一阻力] CHECK_START
  {}
[2026-03-16 17:01:34] [INFO] [压力位突破警报-76000-下一阻力] CHECK_PASSED
  {}
[2026-03-16 17:06:17] [INFO] [压力位突破警报-76000-下一阻力] CHECK_START
  {}
[2026-03-16 17:06:18] [INFO] [压力位突破警报-76000-下一阻力] CHECK_PASSED
  {}
[2026-03-16 17:11:01] [INFO] [压力位突破警报-76000-下一阻力] CHECK_START
  {}
[2026-03-16 17:11:02] [INFO] [压力位突破警报-76000-下一阻力] CHECK_PASSED
  {}
[2026-03-16 17:15:45] [INFO] [压力位突破警报-76000-下一阻力] CHECK_START
  {}
[2026-03-16 17:15:46] [INFO] [压力位突破警报-76000-下一阻力] CHECK_PASSED
  {}
[2026-03-16 17:20:29] [INFO] [压力位突破警报-76000-下一阻力] CHECK_START
  {}
[2026-03-16 17:20:32] [INFO] [压力位突破警报-76000-下一阻力] CHECK_PASSED
  {}
[2026-03-16 17:25:12] [INFO] [压力位突破警报-76000-下一阻力] CHECK_START
  {}
[2026-03-16 17:25:14] [INFO] [压力位突破警报-76000-下一阻力] CHECK_PASSED
  {}
[2026-03-16 17:29:56] [INFO] [压力位突破警报-76000-下一阻力] CHECK_START
  {}
[2026-03-16 17:29:58] [INFO] [压力位突破警报-76000-下一阻力] CHECK_PASSED
  {}
[2026-03-16 17:34:39] [INFO] [压力位突破警报-76000-下一阻力] CHECK_START
  {}
[2026-03-16 17:34:40] [INFO] [压力位突破警报-76000-下一阻力] CHECK_PASSED
  {}
[2026-03-16 17:39:22] [INFO] [压力位突破警报-76000-下一阻力] CHECK_START
  {}
[2026-03-16 17:39:23] [INFO] [压力位突破警报-76000-下一阻力] CHECK_PASSED
  {}
[2026-03-16 17:44:05] [INFO] [压力位突破警报-76000-下一阻力] CHECK_START
  {}
[2026-03-16 17:44:06] [INFO] [压力位突破警报-76000-下一阻力] CHECK_PASSED
  {}
[2026-03-16 17:48:47] [INFO] [压力位突破警报-76000-下一阻力] CHECK_START
  {}
[2026-03-16 17:48:49] [INFO] [压力位突破警报-76000-下一阻力] CHECK_PASSED
  {}
[2026-03-16 17:53:30] [INFO] [压力位突破警报-76000-下一阻力] CHECK_START
  {}
[2026-03-16 17:53:31] [INFO] [压力位突破警报-76000-下一阻力] CHECK_PASSED
  {}
[2026-03-16 17:58:12] [INFO] [压力位突破警报-76000-下一阻力] CHECK_START
  {}
[2026-03-16 17:58:14] [INFO] [压力位突破警报-76000-下一阻力] CHECK_PASSED
  {}
[2026-03-16 18:02:54] [INFO] [压力位突破警报-76000-下一阻力] CHECK_START
  {}
[2026-03-16 18:02:57] [INFO] [压力位突破警报-76000-下一阻力] CHECK_PASSED
  {}
[2026-03-16 18:07:36] [INFO] [压力位突破警报-76000-下一阻力] CHECK_START
  {}
[2026-03-16 18:07:38] [INFO] [压力位突破警报-76000-下一阻力] CHECK_PASSED
  {}
[2026-03-16 18:12:18] [INFO] [压力位突破警报-76000-下一阻力] CHECK_START
  {}
[2026-03-16 18:12:20] [INFO] [压力位突破警报-76000-下一阻力] CHECK_PASSED
  {}
[2026-03-16 18:17:00] [INFO] [压力位突破警报-76000-下一阻力] CHECK_START
  {}
[2026-03-16 18:17:02] [INFO] [压力位突破警报-76000-下一阻力] CHECK_PASSED
  {}
[2026-03-16 18:21:42] [INFO] [压力位突破警报-76000-下一阻力] CHECK_START
  {}
[2026-03-16 18:21:45] [INFO] [压力位突破警报-76000-下一阻力] CHECK_PASSED
  {}
[2026-03-16 18:26:23] [INFO] [压力位突破警报-76000-下一阻力] CHECK_START
  {}
[2026-03-16 18:26:25] [INFO] [压力位突破警报-76000-下一阻力] CHECK_PASSED
  {}
[2026-03-16 18:31:04] [INFO] [压力位突破警报-76000-下一阻力] CHECK_START
  {}
[2026-03-16 18:31:07] [INFO] [压力位突破警报-76000-下一阻力] CHECK_PASSED
  {}
[2026-03-16 18:35:46] [INFO] [压力位突破警报-76000-下一阻力] CHECK_START
  {}
[2026-03-16 18:35:47] [INFO] [压力位突破警报-76000-下一阻力] CHECK_PASSED
  {}
[2026-03-16 18:40:27] [INFO] [压力位突破警报-76000-下一阻力] CHECK_START
  {}
[2026-03-16 18:40:28] [INFO] [压力位突破警报-76000-下一阻力] CHECK_PASSED
  {}
[2026-03-16 18:45:07] [INFO] [压力位突破警报-76000-下一阻力] CHECK_START
  {}
[2026-03-16 18:45:09] [INFO] [压力位突破警报-76000-下一阻力] CHECK_PASSED
  {}
[2026-03-16 18:49:48] [INFO] [压力位突破警报-76000-下一阻力] CHECK_START
  {}
[2026-03-16 18:49:50] [INFO] [压力位突破警报-76000-下一阻力] CHECK_PASSED
  {}
[2026-03-16 18:54:29] [INFO] [压力位突破警报-76000-下一阻力] CHECK_START
  {}
[2026-03-16 18:54:31] [INFO] [压力位突破警报-76000-下一阻力] CHECK_PASSED
  {}
[2026-03-16 18:59:09] [INFO] [压力位突破警报-76000-下一阻力] CHECK_START
  {}
[2026-03-16 18:59:11] [INFO] [压力位突破警报-76000-下一阻力] CHECK_PASSED
  {}
[2026-03-16 19:03:50] [INFO] [压力位突破警报-76000-下一阻力] CHECK_START
  {}
[2026-03-16 19:03:52] [INFO] [压力位突破警报-76000-下一阻力] CHECK_PASSED
  {}
[2026-03-16 19:08:30] [INFO] [压力位突破警报-76000-下一阻力] CHECK_START
  {}
[2026-03-16 19:08:32] [INFO] [压力位突破警报-76000-下一阻力] CHECK_PASSED
  {}
[2026-03-16 19:13:10] [INFO] [压力位突破警报-76000-下一阻力] CHECK_START
  {}
[2026-03-16 19:13:12] [INFO] [压力位突破警报-76000-下一阻力] CHECK_PASSED
  {}
[2026-03-16 19:17:50] [INFO] [压力位突破警报-76000-下一阻力] CHECK_START
  {}
[2026-03-16 19:17:52] [INFO] [压力位突破警报-76000-下一阻力] CHECK_PASSED
  {}
[2026-03-16 19:22:30] [INFO] [压力位突破警报-76000-下一阻力] CHECK_START
  {}
[2026-03-16 19:22:34] [INFO] [压力位突破警报-76000-下一阻力] CHECK_PASSED
  {}
[2026-03-16 19:27:10] [INFO] [压力位突破警报-76000-下一阻力] CHECK_START
  {}
[2026-03-16 19:27:16] [INFO] [压力位突破警报-76000-下一阻力] CHECK_PASSED
  {}
[2026-03-16 19:31:51] [INFO] [压力位突破警报-76000-下一阻力] CHECK_START
  {}
[2026-03-16 19:31:53] [INFO] [压力位突破警报-76000-下一阻力] CHECK_PASSED
  {}
[2026-03-16 19:36:29] [INFO] [压力位突破警报-76000-下一阻力] CHECK_START
  {}
[2026-03-16 19:36:33] [INFO] [压力位突破警报-76000-下一阻力] CHECK_PASSED
  {}
[2026-03-16 19:41:09] [INFO] [压力位突破警报-76000-下一阻力] CHECK_START
  {}
[2026-03-16 19:41:12] [INFO] [压力位突破警报-76000-下一阻力] CHECK_PASSED
  {}
[2026-03-16 19:45:54] [INFO] [压力位突破警报-76000-下一阻力] CHECK_START
  {}
[2026-03-16 19:46:04] [INFO] [压力位突破警报-76000-下一阻力] CHECK_PASSED
  {}
[2026-03-16 19:50:39] [INFO] [压力位突破警报-76000-下一阻力] CHECK_START
  {}
[2026-03-16 19:50:40] [INFO] [压力位突破警报-76000-下一阻力] CHECK_PASSED
  {}
[2026-03-16 19:55:18] [INFO] [压力位突破警报-76000-下一阻力] CHECK_START
  {}
[2026-03-16 19:55:21] [INFO] [压力位突破警报-76000-下一阻力] CHECK_PASSED
  {}
[2026-03-16 20:00:01] [INFO] [压力位突破警报-76000-下一阻力] CHECK_START
  {}
[2026-03-16 20:00:07] [INFO] [压力位突破警报-76000-下一阻力] CHECK_PASSED
  {}
[2026-03-16 20:04:41] [INFO] [压力位突破警报-76000-下一阻力] CHECK_START
  {}
[2026-03-16 20:04:45] [INFO] [压力位突破警报-76000-下一阻力] CHECK_PASSED
  {}
[2026-03-16 20:09:21] [INFO] [压力位突破警报-76000-下一阻力] CHECK_START
  {}
[2026-03-16 20:09:23] [INFO] [压力位突破警报-76000-下一阻力] CHECK_PASSED
  {}
[2026-03-16 20:14:01] [INFO] [压力位突破警报-76000-下一阻力] CHECK_START
  {}
[2026-03-16 20:14:03] [INFO] [压力位突破警报-76000-下一阻力] CHECK_PASSED
  {}
[2026-03-16 20:18:41] [INFO] [压力位突破警报-76000-下一阻力] CHECK_START
  {}
[2026-03-16 20:18:43] [INFO] [压力位突破警报-76000-下一阻力] CHECK_PASSED
  {}
[2026-03-16 20:23:20] [INFO] [压力位突破警报-76000-下一阻力] CHECK_START
  {}
[2026-03-16 20:23:26] [INFO] [压力位突破警报-76000-下一阻力] CHECK_PASSED
  {}
[2026-03-16 20:28:00] [INFO] [压力位突破警报-76000-下一阻力] CHECK_START
  {}
[2026-03-16 20:28:04] [INFO] [压力位突破警报-76000-下一阻力] CHECK_PASSED
  {}
[2026-03-16 20:32:39] [INFO] [压力位突破警报-76000-下一阻力] CHECK_START
  {}
[2026-03-16 20:32:42] [INFO] [压力位突破警报-76000-下一阻力] CHECK_PASSED
  {}
[2026-03-16 20:37:20] [INFO] [压力位突破警报-76000-下一阻力] CHECK_START
  {}
[2026-03-16 20:37:21] [INFO] [压力位突破警报-76000-下一阻力] CHECK_PASSED
  {}
[2026-03-16 20:41:58] [INFO] [压力位突破警报-76000-下一阻力] CHECK_START
  {}
[2026-03-16 20:41:59] [INFO] [压力位突破警报-76000-下一阻力] CHECK_PASSED
  {}
[2026-03-16 20:46:36] [INFO] [压力位突破警报-76000-下一阻力] CHECK_START
  {}
[2026-03-16 20:46:40] [INFO] [压力位突破警报-76000-下一阻力] CHECK_PASSED
  {}
[2026-03-16 20:51:16] [INFO] [压力位突破警报-76000-下一阻力] CHECK_START
  {}
[2026-03-16 20:51:17] [INFO] [压力位突破警报-76000-下一阻力] CHECK_PASSED
  {}
[2026-03-16 20:55:56] [INFO] [压力位突破警报-76000-下一阻力] CHECK_START
  {}
[2026-03-16 20:55:59] [INFO] [压力位突破警报-76000-下一阻力] CHECK_PASSED
  {}
[2026-03-16 21:00:35] [INFO] [压力位突破警报-76000-下一阻力] CHECK_START
  {}
[2026-03-16 21:00:40] [INFO] [压力位突破警报-76000-下一阻力] CHECK_PASSED
  {}
[2026-03-16 21:05:13] [INFO] [压力位突破警报-76000-下一阻力] CHECK_START
  {}
[2026-03-16 21:05:16] [INFO] [压力位突破警报-76000-下一阻力] CHECK_PASSED
  {}
[2026-03-16 21:09:52] [INFO] [压力位突破警报-76000-下一阻力] CHECK_START
  {}
[2026-03-16 21:10:00] [INFO] [压力位突破警报-76000-下一阻力] CHECK_PASSED
  {}
[2026-03-16 21:14:31] [INFO] [压力位突破警报-76000-下一阻力] CHECK_START
  {}
[2026-03-16 21:14:34] [INFO] [压力位突破警报-76000-下一阻力] CHECK_PASSED
  {}
[2026-03-16 21:19:09] [INFO] [压力位突破警报-76000-下一阻力] CHECK_START
  {}
[2026-03-16 21:19:12] [INFO] [压力位突破警报-76000-下一阻力] CHECK_PASSED
  {}
[2026-03-16 21:23:46] [INFO] [压力位突破警报-76000-下一阻力] CHECK_START
  {}
[2026-03-16 21:23:49] [INFO] [压力位突破警报-76000-下一阻力] CHECK_PASSED
  {}
[2026-03-16 21:28:26] [INFO] [压力位突破警报-76000-下一阻力] CHECK_START
  {}
[2026-03-16 21:28:30] [INFO] [压力位突破警报-76000-下一阻力] CHECK_PASSED
  {}
[2026-03-16 21:33:06] [INFO] [压力位突破警报-76000-下一阻力] CHECK_START
  {}
[2026-03-16 21:33:14] [INFO] [压力位突破警报-76000-下一阻力] CHECK_PASSED
  {}
[2026-03-16 21:37:43] [INFO] [压力位突破警报-76000-下一阻力] CHECK_START
  {}
[2026-03-16 21:37:47] [INFO] [压力位突破警报-76000-下一阻力] CHECK_PASSED
  {}
[2026-03-16 21:42:21] [INFO] [压力位突破警报-76000-下一阻力] CHECK_START
  {}
[2026-03-16 21:42:23] [INFO] [压力位突破警报-76000-下一阻力] CHECK_PASSED
  {}
[2026-03-16 21:46:59] [INFO] [压力位突破警报-76000-下一阻力] CHECK_START
  {}
[2026-03-16 21:47:04] [INFO] [压力位突破警报-76000-下一阻力] CHECK_PASSED
  {}
[2026-03-16 21:51:36] [INFO] [压力位突破警报-76000-下一阻力] CHECK_START
  {}
[2026-03-16 21:51:38] [INFO] [压力位突破警报-76000-下一阻力] CHECK_PASSED
  {}
[2026-03-16 21:56:14] [INFO] [压力位突破警报-76000-下一阻力] CHECK_START
  {}
[2026-03-16 21:56:17] [INFO] [压力位突破警报-76000-下一阻力] CHECK_PASSED
  {}
[2026-03-16 22:00:52] [INFO] [压力位突破警报-76000-下一阻力] CHECK_START
  {}
[2026-03-16 22:00:54] [INFO] [压力位突破警报-76000-下一阻力] CHECK_PASSED
  {}
[2026-03-16 22:05:30] [INFO] [压力位突破警报-76000-下一阻力] CHECK_START
  {}
[2026-03-16 22:05:32] [INFO] [压力位突破警报-76000-下一阻力] CHECK_PASSED
  {}
[2026-03-16 22:10:08] [INFO] [压力位突破警报-76000-下一阻力] CHECK_START
  {}
[2026-03-16 22:10:10] [INFO] [压力位突破警报-76000-下一阻力] CHECK_PASSED
  {}
[2026-03-16 22:14:45] [INFO] [压力位突破警报-76000-下一阻力] CHECK_START
  {}
[2026-03-16 22:14:49] [INFO] [压力位突破警报-76000-下一阻力] CHECK_PASSED
  {}
[2026-03-16 22:19:22] [INFO] [压力位突破警报-76000-下一阻力] CHECK_START
  {}
[2026-03-16 22:19:24] [INFO] [压力位突破警报-76000-下一阻力] CHECK_PASSED
  {}
[2026-03-16 22:23:59] [INFO] [压力位突破警报-76000-下一阻力] CHECK_START
  {}
[2026-03-16 22:24:00] [INFO] [压力位突破警报-76000-下一阻力] CHECK_PASSED
  {}
[2026-03-16 22:28:35] [INFO] [压力位突破警报-76000-下一阻力] CHECK_START
  {}
[2026-03-16 22:28:36] [INFO] [压力位突破警报-76000-下一阻力] CHECK_PASSED
  {}
[2026-03-16 22:33:12] [INFO] [压力位突破警报-76000-下一阻力] CHECK_START
  {}
[2026-03-16 22:33:13] [INFO] [压力位突破警报-76000-下一阻力] CHECK_PASSED
  {}
[2026-03-16 22:37:48] [INFO] [压力位突破警报-76000-下一阻力] CHECK_START
  {}
[2026-03-16 22:37:49] [INFO] [压力位突破警报-76000-下一阻力] CHECK_PASSED
  {}
[2026-03-16 22:42:24] [INFO] [压力位突破警报-76000-下一阻力] CHECK_START
  {}
[2026-03-16 22:42:26] [INFO] [压力位突破警报-76000-下一阻力] CHECK_PASSED
  {}
[2026-03-16 22:47:01] [INFO] [压力位突破警报-76000-下一阻力] CHECK_START
  {}
[2026-03-16 22:47:02] [INFO] [压力位突破警报-76000-下一阻力] CHECK_PASSED
  {}
[2026-03-16 22:51:37] [INFO] [压力位突破警报-76000-下一阻力] CHECK_START
  {}
[2026-03-16 22:51:38] [INFO] [压力位突破警报-76000-下一阻力] CHECK_PASSED
  {}
[2026-03-16 22:56:13] [INFO] [压力位突破警报-76000-下一阻力] CHECK_START
  {}
[2026-03-16 22:56:15] [INFO] [压力位突破警报-76000-下一阻力] CHECK_PASSED
  {}
[2026-03-16 23:00:50] [INFO] [压力位突破警报-76000-下一阻力] CHECK_START
  {}
[2026-03-16 23:00:53] [INFO] [压力位突破警报-76000-下一阻力] CHECK_PASSED
  {}
[2026-03-16 23:05:26] [INFO] [压力位突破警报-76000-下一阻力] CHECK_START
  {}
[2026-03-16 23:05:27] [INFO] [压力位突破警报-76000-下一阻力] CHECK_PASSED
  {}
[2026-03-16 23:10:02] [INFO] [压力位突破警报-76000-下一阻力] CHECK_START
  {}
[2026-03-16 23:10:03] [INFO] [压力位突破警报-76000-下一阻力] CHECK_PASSED
  {}
[2026-03-16 23:14:41] [INFO] [压力位突破警报-76000-下一阻力] CHECK_START
  {}
[2026-03-16 23:14:42] [INFO] [压力位突破警报-76000-下一阻力] CHECK_PASSED
  {}
[2026-03-16 23:19:21] [INFO] [压力位突破警报-76000-下一阻力] CHECK_START
  {}
[2026-03-16 23:19:24] [INFO] [压力位突破警报-76000-下一阻力] CHECK_PASSED
  {}
[2026-03-16 23:23:58] [INFO] [压力位突破警报-76000-下一阻力] CHECK_START
  {}
[2026-03-16 23:24:00] [INFO] [压力位突破警报-76000-下一阻力] CHECK_PASSED
  {}
[2026-03-16 23:28:35] [INFO] [压力位突破警报-76000-下一阻力] CHECK_START
  {}
[2026-03-16 23:28:38] [INFO] [压力位突破警报-76000-下一阻力] CHECK_PASSED
  {}
[2026-03-16 23:33:11] [INFO] [压力位突破警报-76000-下一阻力] CHECK_START
  {}
[2026-03-16 23:33:13] [INFO] [压力位突破警报-76000-下一阻力] CHECK_PASSED
  {}
[2026-03-16 23:37:48] [INFO] [压力位突破警报-76000-下一阻力] CHECK_START
  {}
[2026-03-16 23:37:50] [INFO] [压力位突破警报-76000-下一阻力] CHECK_PASSED
  {}
[2026-03-16 23:42:24] [INFO] [压力位突破警报-76000-下一阻力] CHECK_START
  {}
[2026-03-16 23:42:25] [INFO] [压力位突破警报-76000-下一阻力] CHECK_PASSED
  {}
[2026-03-16 23:47:00] [INFO] [压力位突破警报-76000-下一阻力] CHECK_START
  {}
[2026-03-16 23:47:02] [INFO] [压力位突破警报-76000-下一阻力] CHECK_PASSED
  {}
[2026-03-16 23:51:35] [INFO] [压力位突破警报-76000-下一阻力] CHECK_START
  {}
[2026-03-16 23:51:36] [INFO] [压力位突破警报-76000-下一阻力] CHECK_PASSED
  {}
[2026-03-16 23:56:12] [INFO] [压力位突破警报-76000-下一阻力] CHECK_START
  {}
[2026-03-16 23:56:14] [INFO] [压力位突破警报-76000-下一阻力] CHECK_PASSED
  {}
[2026-03-17 00:00:46] [INFO] [压力位突破警报-76000-下一阻力] CHECK_START
  {}
[2026-03-17 00:00:49] [INFO] [压力位突破警报-76000-下一阻力] CHECK_PASSED
  {}
[2026-03-17 00:05:21] [INFO] [压力位突破警报-76000-下一阻力] CHECK_START
  {}
[2026-03-17 00:05:24] [INFO] [压力位突破警报-76000-下一阻力] CHECK_PASSED
  {}
[2026-03-17 00:09:57] [INFO] [压力位突破警报-76000-下一阻力] CHECK_START
  {}
[2026-03-17 00:09:59] [INFO] [压力位突破警报-76000-下一阻力] CHECK_PASSED
  {}
[2026-03-17 00:14:34] [INFO] [压力位突破警报-76000-下一阻力] CHECK_START
  {}
[2026-03-17 00:14:34] [INFO] [压力位突破警报-76000-下一阻力] CHECK_PASSED
  {}
[2026-03-17 00:19:09] [INFO] [压力位突破警报-76000-下一阻力] CHECK_START
  {}
[2026-03-17 00:19:10] [INFO] [压力位突破警报-76000-下一阻力] CHECK_PASSED
  {}
[2026-03-17 00:23:45] [INFO] [压力位突破警报-76000-下一阻力] CHECK_START
  {}
[2026-03-17 00:23:46] [INFO] [压力位突破警报-76000-下一阻力] CHECK_PASSED
  {}
[2026-03-17 00:28:21] [INFO] [压力位突破警报-76000-下一阻力] CHECK_START
  {}
[2026-03-17 00:28:20] [INFO] [压力位突破警报-76000-下一阻力] CHECK_PASSED
  {}
[2026-03-17 00:32:56] [INFO] [压力位突破警报-76000-下一阻力] CHECK_START
  {}
[2026-03-17 00:32:54] [INFO] [压力位突破警报-76000-下一阻力] CHECK_PASSED
  {}
[2026-03-17 00:37:30] [INFO] [压力位突破警报-76000-下一阻力] CHECK_START
  {}
[2026-03-17 00:37:30] [INFO] [压力位突破警报-76000-下一阻力] CHECK_PASSED
  {}
[2026-03-17 00:42:05] [INFO] [压力位突破警报-76000-下一阻力] CHECK_START
  {}
[2026-03-17 00:42:04] [INFO] [压力位突破警报-76000-下一阻力] CHECK_PASSED
  {}
[2026-03-17 00:46:39] [INFO] [压力位突破警报-76000-下一阻力] CHECK_START
  {}
[2026-03-17 00:46:40] [INFO] [压力位突破警报-76000-下一阻力] CHECK_PASSED
  {}
[2026-03-17 00:51:13] [INFO] [压力位突破警报-76000-下一阻力] CHECK_START
  {}
[2026-03-17 00:51:14] [INFO] [压力位突破警报-76000-下一阻力] CHECK_PASSED
  {}
[2026-03-17 00:55:48] [INFO] [压力位突破警报-76000-下一阻力] CHECK_START
  {}
[2026-03-17 00:55:49] [INFO] [压力位突破警报-76000-下一阻力] CHECK_PASSED
  {}
[2026-03-17 01:00:21] [INFO] [压力位突破警报-76000-下一阻力] CHECK_START
  {}
[2026-03-17 01:00:22] [INFO] [压力位突破警报-76000-下一阻力] CHECK_PASSED
  {}
[2026-03-17 01:05:01] [INFO] [压力位突破警报-76000-下一阻力] CHECK_START
  {}
[2026-03-17 01:05:02] [INFO] [压力位突破警报-76000-下一阻力] CHECK_PASSED
  {}
[2026-03-17 01:09:38] [INFO] [压力位突破警报-76000-下一阻力] CHECK_START
  {}
[2026-03-17 01:09:39] [INFO] [压力位突破警报-76000-下一阻力] CHECK_PASSED
  {}
[2026-03-17 01:14:15] [INFO] [压力位突破警报-76000-下一阻力] CHECK_START
  {}
[2026-03-17 01:14:16] [INFO] [压力位突破警报-76000-下一阻力] CHECK_PASSED
  {}
[2026-03-17 01:18:50] [INFO] [压力位突破警报-76000-下一阻力] CHECK_START
  {}
[2026-03-17 01:18:51] [INFO] [压力位突破警报-76000-下一阻力] CHECK_PASSED
  {}
[2026-03-17 01:23:25] [INFO] [压力位突破警报-76000-下一阻力] CHECK_START
  {}
[2026-03-17 01:23:26] [INFO] [压力位突破警报-76000-下一阻力] CHECK_PASSED
  {}
[2026-03-17 01:27:59] [INFO] [压力位突破警报-76000-下一阻力] CHECK_START
  {}
[2026-03-17 01:28:01] [INFO] [压力位突破警报-76000-下一阻力] CHECK_PASSED
  {}
[2026-03-17 01:32:33] [INFO] [压力位突破警报-76000-下一阻力] CHECK_START
  {}
[2026-03-17 01:32:34] [INFO] [压力位突破警报-76000-下一阻力] CHECK_PASSED
  {}
[2026-03-17 01:37:07] [INFO] [压力位突破警报-76000-下一阻力] CHECK_START
  {}
[2026-03-17 01:37:08] [INFO] [压力位突破警报-76000-下一阻力] CHECK_PASSED
  {}
[2026-03-17 01:41:40] [INFO] [压力位突破警报-76000-下一阻力] CHECK_START
  {}
[2026-03-17 01:41:41] [INFO] [压力位突破警报-76000-下一阻力] CHECK_PASSED
  {}
[2026-03-17 01:46:15] [INFO] [压力位突破警报-76000-下一阻力] CHECK_START
  {}
[2026-03-17 01:46:16] [INFO] [压力位突破警报-76000-下一阻力] CHECK_PASSED
  {}
[2026-03-17 01:50:49] [INFO] [压力位突破警报-76000-下一阻力] CHECK_START
  {}
[2026-03-17 01:50:50] [INFO] [压力位突破警报-76000-下一阻力] CHECK_PASSED
  {}
[2026-03-17 01:55:22] [INFO] [压力位突破警报-76000-下一阻力] CHECK_START
  {}
[2026-03-17 01:55:24] [INFO] [压力位突破警报-76000-下一阻力] CHECK_PASSED
  {}
[2026-03-17 01:59:56] [INFO] [压力位突破警报-76000-下一阻力] CHECK_START
  {}
[2026-03-17 01:59:57] [INFO] [压力位突破警报-76000-下一阻力] CHECK_PASSED
  {}
[2026-03-17 02:04:29] [INFO] [压力位突破警报-76000-下一阻力] CHECK_START
  {}
[2026-03-17 02:04:30] [INFO] [压力位突破警报-76000-下一阻力] CHECK_PASSED
  {}
[2026-03-17 02:09:02] [INFO] [压力位突破警报-76000-下一阻力] CHECK_START
  {}
[2026-03-17 02:09:03] [INFO] [压力位突破警报-76000-下一阻力] CHECK_PASSED
  {}
[2026-03-17 02:13:35] [INFO] [压力位突破警报-76000-下一阻力] CHECK_START
  {}
[2026-03-17 02:13:36] [INFO] [压力位突破警报-76000-下一阻力] CHECK_PASSED
  {}
[2026-03-17 02:18:08] [INFO] [压力位突破警报-76000-下一阻力] CHECK_START
  {}
[2026-03-17 02:18:09] [INFO] [压力位突破警报-76000-下一阻力] CHECK_PASSED
  {}
[2026-03-17 02:22:40] [INFO] [压力位突破警报-76000-下一阻力] CHECK_START
  {}
[2026-03-17 02:22:41] [INFO] [压力位突破警报-76000-下一阻力] CHECK_PASSED
  {}
[2026-03-17 02:27:13] [INFO] [压力位突破警报-76000-下一阻力] CHECK_START
  {}
[2026-03-17 02:27:15] [INFO] [压力位突破警报-76000-下一阻力] CHECK_PASSED
  {}
[2026-03-17 02:31:46] [INFO] [压力位突破警报-76000-下一阻力] CHECK_START
  {}
[2026-03-17 02:31:47] [INFO] [压力位突破警报-76000-下一阻力] CHECK_PASSED
  {}
[2026-03-17 02:36:19] [INFO] [压力位突破警报-76000-下一阻力] CHECK_START
  {}
[2026-03-17 02:36:20] [INFO] [压力位突破警报-76000-下一阻力] CHECK_PASSED
  {}
[2026-03-17 02:40:51] [INFO] [压力位突破警报-76000-下一阻力] CHECK_START
  {}
[2026-03-17 02:40:52] [INFO] [压力位突破警报-76000-下一阻力] CHECK_PASSED
  {}
[2026-03-17 02:45:24] [INFO] [压力位突破警报-76000-下一阻力] CHECK_START
  {}
[2026-03-17 02:45:25] [INFO] [压力位突破警报-76000-下一阻力] CHECK_PASSED
  {}
[2026-03-17 02:49:57] [INFO] [压力位突破警报-76000-下一阻力] CHECK_START
  {}
[2026-03-17 02:49:58] [INFO] [压力位突破警报-76000-下一阻力] CHECK_PASSED
  {}
[2026-03-17 02:54:29] [INFO] [压力位突破警报-76000-下一阻力] CHECK_START
  {}
[2026-03-17 02:54:31] [INFO] [压力位突破警报-76000-下一阻力] CHECK_PASSED
  {}
[2026-03-17 02:59:02] [INFO] [压力位突破警报-76000-下一阻力] CHECK_START
  {}
[2026-03-17 02:59:03] [INFO] [压力位突破警报-76000-下一阻力] CHECK_PASSED
  {}
[2026-03-17 03:03:35] [INFO] [压力位突破警报-76000-下一阻力] CHECK_START
  {}
[2026-03-17 03:03:36] [INFO] [压力位突破警报-76000-下一阻力] CHECK_PASSED
  {}
[2026-03-17 03:08:08] [INFO] [压力位突破警报-76000-下一阻力] CHECK_START
  {}
[2026-03-17 03:08:09] [INFO] [压力位突破警报-76000-下一阻力] CHECK_PASSED
  {}
[2026-03-17 03:12:40] [INFO] [压力位突破警报-76000-下一阻力] CHECK_START
  {}
[2026-03-17 03:12:43] [INFO] [压力位突破警报-76000-下一阻力] CHECK_PASSED
  {}
[2026-03-17 03:17:18] [INFO] [压力位突破警报-76000-下一阻力] CHECK_START
  {}
[2026-03-17 03:17:19] [INFO] [压力位突破警报-76000-下一阻力] CHECK_PASSED
  {}
[2026-03-17 03:21:52] [INFO] [压力位突破警报-76000-下一阻力] CHECK_START
  {}
[2026-03-17 03:21:53] [INFO] [压力位突破警报-76000-下一阻力] CHECK_PASSED
  {}
[2026-03-17 03:26:25] [INFO] [压力位突破警报-76000-下一阻力] CHECK_START
  {}
[2026-03-17 03:26:26] [INFO] [压力位突破警报-76000-下一阻力] CHECK_PASSED
  {}
[2026-03-17 03:30:58] [INFO] [压力位突破警报-76000-下一阻力] CHECK_START
  {}
[2026-03-17 03:30:59] [INFO] [压力位突破警报-76000-下一阻力] CHECK_PASSED
  {}
[2026-03-17 03:35:31] [INFO] [压力位突破警报-76000-下一阻力] CHECK_START
  {}
[2026-03-17 03:35:32] [INFO] [压力位突破警报-76000-下一阻力] CHECK_PASSED
  {}
[2026-03-17 03:40:04] [INFO] [压力位突破警报-76000-下一阻力] CHECK_START
  {}
[2026-03-17 03:40:05] [INFO] [压力位突破警报-76000-下一阻力] CHECK_PASSED
  {}
[2026-03-17 03:44:37] [INFO] [压力位突破警报-76000-下一阻力] CHECK_START
  {}
[2026-03-17 03:44:38] [INFO] [压力位突破警报-76000-下一阻力] CHECK_PASSED
  {}
[2026-03-17 03:49:09] [INFO] [压力位突破警报-76000-下一阻力] CHECK_START
  {}
[2026-03-17 03:49:11] [INFO] [压力位突破警报-76000-下一阻力] CHECK_PASSED
  {}
[2026-03-17 03:53:42] [INFO] [压力位突破警报-76000-下一阻力] CHECK_START
  {}
[2026-03-17 03:53:43] [INFO] [压力位突破警报-76000-下一阻力] CHECK_PASSED
  {}
[2026-03-17 03:58:15] [INFO] [压力位突破警报-76000-下一阻力] CHECK_START
  {}
[2026-03-17 03:58:16] [INFO] [压力位突破警报-76000-下一阻力] CHECK_PASSED
  {}
[2026-03-17 04:02:48] [INFO] [压力位突破警报-76000-下一阻力] CHECK_START
  {}
[2026-03-17 04:02:49] [INFO] [压力位突破警报-76000-下一阻力] CHECK_PASSED
  {}
[2026-03-17 04:07:20] [INFO] [压力位突破警报-76000-下一阻力] CHECK_START
  {}
[2026-03-17 04:07:21] [INFO] [压力位突破警报-76000-下一阻力] CHECK_PASSED
  {}
[2026-03-17 04:11:53] [INFO] [压力位突破警报-76000-下一阻力] CHECK_START
  {}
[2026-03-17 04:11:54] [INFO] [压力位突破警报-76000-下一阻力] CHECK_PASSED
  {}
[2026-03-17 04:16:26] [INFO] [压力位突破警报-76000-下一阻力] CHECK_START
  {}
[2026-03-17 04:16:27] [INFO] [压力位突破警报-76000-下一阻力] CHECK_PASSED
  {}
[2026-03-17 04:20:58] [INFO] [压力位突破警报-76000-下一阻力] CHECK_START
  {}
[2026-03-17 04:21:00] [INFO] [压力位突破警报-76000-下一阻力] CHECK_PASSED
  {}
[2026-03-17 04:25:31] [INFO] [压力位突破警报-76000-下一阻力] CHECK_START
  {}
[2026-03-17 04:25:32] [INFO] [压力位突破警报-76000-下一阻力] CHECK_PASSED
  {}
[2026-03-17 04:30:04] [INFO] [压力位突破警报-76000-下一阻力] CHECK_START
  {}
[2026-03-17 04:30:06] [INFO] [压力位突破警报-76000-下一阻力] CHECK_PASSED
  {}
[2026-03-17 04:34:36] [INFO] [压力位突破警报-76000-下一阻力] CHECK_START
  {}
[2026-03-17 04:34:38] [INFO] [压力位突破警报-76000-下一阻力] CHECK_PASSED
  {}
[2026-03-17 04:39:09] [INFO] [压力位突破警报-76000-下一阻力] CHECK_START
  {}
[2026-03-17 04:39:10] [INFO] [压力位突破警报-76000-下一阻力] CHECK_PASSED
  {}
[2026-03-17 04:43:42] [INFO] [压力位突破警报-76000-下一阻力] CHECK_START
  {}
[2026-03-17 04:43:43] [INFO] [压力位突破警报-76000-下一阻力] CHECK_PASSED
  {}
[2026-03-17 04:48:15] [INFO] [压力位突破警报-76000-下一阻力] CHECK_START
  {}
[2026-03-17 04:48:16] [INFO] [压力位突破警报-76000-下一阻力] CHECK_PASSED
  {}
[2026-03-17 04:52:47] [INFO] [压力位突破警报-76000-下一阻力] CHECK_START
  {}
[2026-03-17 04:52:48] [INFO] [压力位突破警报-76000-下一阻力] CHECK_PASSED
  {}
[2026-03-17 04:57:20] [INFO] [压力位突破警报-76000-下一阻力] CHECK_START
  {}
[2026-03-17 04:57:21] [INFO] [压力位突破警报-76000-下一阻力] CHECK_PASSED
  {}
[2026-03-17 05:01:53] [INFO] [压力位突破警报-76000-下一阻力] CHECK_START
  {}
[2026-03-17 05:01:54] [INFO] [压力位突破警报-76000-下一阻力] CHECK_PASSED
  {}
[2026-03-17 05:06:25] [INFO] [压力位突破警报-76000-下一阻力] CHECK_START
  {}
[2026-03-17 05:06:27] [INFO] [压力位突破警报-76000-下一阻力] CHECK_PASSED
  {}
[2026-03-17 05:10:58] [INFO] [压力位突破警报-76000-下一阻力] CHECK_START
  {}
[2026-03-17 05:10:59] [INFO] [压力位突破警报-76000-下一阻力] CHECK_PASSED
  {}
[2026-03-17 05:15:31] [INFO] [压力位突破警报-76000-下一阻力] CHECK_START
  {}
[2026-03-17 05:15:32] [INFO] [压力位突破警报-76000-下一阻力] CHECK_PASSED
  {}
[2026-03-17 05:20:04] [INFO] [压力位突破警报-76000-下一阻力] CHECK_START
  {}
[2026-03-17 05:20:05] [INFO] [压力位突破警报-76000-下一阻力] CHECK_PASSED
  {}
[2026-03-17 05:24:36] [INFO] [压力位突破警报-76000-下一阻力] CHECK_START
  {}
[2026-03-17 05:24:38] [INFO] [压力位突破警报-76000-下一阻力] CHECK_PASSED
  {}
[2026-03-17 05:29:09] [INFO] [压力位突破警报-76000-下一阻力] CHECK_START
  {}
[2026-03-17 05:29:10] [INFO] [压力位突破警报-76000-下一阻力] CHECK_PASSED
  {}
[2026-03-17 05:33:42] [INFO] [压力位突破警报-76000-下一阻力] CHECK_START
  {}
[2026-03-17 05:33:43] [INFO] [压力位突破警报-76000-下一阻力] CHECK_PASSED
  {}
[2026-03-17 05:38:14] [INFO] [压力位突破警报-76000-下一阻力] CHECK_START
  {}
[2026-03-17 05:38:16] [INFO] [压力位突破警报-76000-下一阻力] CHECK_PASSED
  {}
[2026-03-17 05:42:47] [INFO] [压力位突破警报-76000-下一阻力] CHECK_START
  {}
[2026-03-17 05:42:48] [INFO] [压力位突破警报-76000-下一阻力] CHECK_PASSED
  {}
[2026-03-17 05:47:20] [INFO] [压力位突破警报-76000-下一阻力] CHECK_START
  {}
[2026-03-17 05:47:21] [INFO] [压力位突破警报-76000-下一阻力] CHECK_PASSED
  {}
[2026-03-17 05:52:12] [INFO] [压力位突破警报-76000-下一阻力] CHECK_START
  {}
[2026-03-17 05:52:41] [INFO] [压力位突破警报-76000-下一阻力] CHECK_PASSED
  {}
[2026-03-17 05:57:07] [INFO] [压力位突破警报-76000-下一阻力] CHECK_START
  {}
[2026-03-17 05:57:08] [INFO] [压力位突破警报-76000-下一阻力] CHECK_PASSED
  {}
[2026-03-17 06:02:05] [INFO] [压力位突破警报-76000-下一阻力] CHECK_START
  {}
[2026-03-17 06:02:06] [INFO] [压力位突破警报-76000-下一阻力] CHECK_PASSED
  {}
[2026-03-17 06:07:05] [INFO] [压力位突破警报-76000-下一阻力] CHECK_START
  {}
[2026-03-17 06:07:07] [INFO] [压力位突破警报-76000-下一阻力] CHECK_PASSED
  {}
[2026-03-17 06:12:05] [INFO] [压力位突破警报-76000-下一阻力] CHECK_START
  {}
[2026-03-17 06:12:06] [INFO] [压力位突破警报-76000-下一阻力] CHECK_PASSED
  {}
[2026-03-17 06:17:05] [INFO] [压力位突破警报-76000-下一阻力] CHECK_START
  {}
[2026-03-17 06:17:06] [INFO] [压力位突破警报-76000-下一阻力] CHECK_PASSED
  {}
[2026-03-17 06:22:05] [INFO] [压力位突破警报-76000-下一阻力] CHECK_START
  {}
[2026-03-17 06:22:05] [INFO] [压力位突破警报-76000-下一阻力] CHECK_PASSED
  {}
[2026-03-17 06:27:04] [INFO] [压力位突破警报-76000-下一阻力] CHECK_START
  {}
[2026-03-17 06:27:05] [INFO] [压力位突破警报-76000-下一阻力] CHECK_PASSED
  {}
[2026-03-17 06:32:04] [INFO] [压力位突破警报-76000-下一阻力] CHECK_START
  {}
[2026-03-17 06:32:05] [INFO] [压力位突破警报-76000-下一阻力] CHECK_PASSED
  {}
[2026-03-17 06:37:04] [INFO] [压力位突破警报-76000-下一阻力] CHECK_START
  {}
[2026-03-17 06:37:05] [INFO] [压力位突破警报-76000-下一阻力] CHECK_PASSED
  {}
[2026-03-17 06:42:03] [INFO] [压力位突破警报-76000-下一阻力] CHECK_START
  {}
[2026-03-17 06:42:06] [INFO] [压力位突破警报-76000-下一阻力] CHECK_PASSED
  {}
[2026-03-17 06:47:03] [INFO] [压力位突破警报-76000-下一阻力] CHECK_START
  {}
[2026-03-17 06:47:04] [INFO] [压力位突破警报-76000-下一阻力] CHECK_PASSED
  {}
[2026-03-17 06:52:03] [INFO] [压力位突破警报-76000-下一阻力] CHECK_START
  {}
[2026-03-17 06:52:04] [INFO] [压力位突破警报-76000-下一阻力] CHECK_PASSED
  {}
[2026-03-17 06:57:02] [INFO] [压力位突破警报-76000-下一阻力] CHECK_START
  {}
[2026-03-17 06:57:03] [INFO] [压力位突破警报-76000-下一阻力] CHECK_PASSED
  {}
[2026-03-17 07:02:02] [INFO] [压力位突破警报-76000-下一阻力] CHECK_START
  {}
[2026-03-17 07:02:03] [INFO] [压力位突破警报-76000-下一阻力] CHECK_PASSED
  {}
[2026-03-17 07:07:01] [INFO] [压力位突破警报-76000-下一阻力] CHECK_START
  {}
[2026-03-17 07:07:02] [INFO] [压力位突破警报-76000-下一阻力] CHECK_PASSED
  {}
[2026-03-17 07:12:01] [INFO] [压力位突破警报-76000-下一阻力] CHECK_START
  {}
[2026-03-17 07:12:02] [INFO] [压力位突破警报-76000-下一阻力] CHECK_PASSED
  {}
[2026-03-17 07:17:00] [INFO] [压力位突破警报-76000-下一阻力] CHECK_START
  {}
[2026-03-17 07:17:01] [INFO] [压力位突破警报-76000-下一阻力] CHECK_PASSED
  {}
[2026-03-17 07:22:00] [INFO] [压力位突破警报-76000-下一阻力] CHECK_START
  {}
[2026-03-17 07:22:01] [INFO] [压力位突破警报-76000-下一阻力] CHECK_PASSED
  {}
[2026-03-17 07:26:59] [INFO] [压力位突破警报-76000-下一阻力] CHECK_START
  {}
[2026-03-17 07:27:00] [INFO] [压力位突破警报-76000-下一阻力] CHECK_PASSED
  {}
[2026-03-17 07:31:59] [INFO] [压力位突破警报-76000-下一阻力] CHECK_START
  {}
[2026-03-17 07:32:01] [INFO] [压力位突破警报-76000-下一阻力] CHECK_PASSED
  {}
[2026-03-17 07:36:58] [INFO] [压力位突破警报-76000-下一阻力] CHECK_START
  {}
[2026-03-17 07:36:59] [INFO] [压力位突破警报-76000-下一阻力] CHECK_PASSED
  {}
[2026-03-17 07:41:58] [INFO] [压力位突破警报-76000-下一阻力] CHECK_START
  {}
[2026-03-17 07:41:59] [INFO] [压力位突破警报-76000-下一阻力] CHECK_PASSED
  {}
[2026-03-17 07:46:57] [INFO] [压力位突破警报-76000-下一阻力] CHECK_START
  {}
[2026-03-17 07:46:58] [INFO] [压力位突破警报-76000-下一阻力] CHECK_PASSED
  {}
[2026-03-17 07:51:56] [INFO] [压力位突破警报-76000-下一阻力] CHECK_START
  {}
[2026-03-17 07:51:58] [INFO] [压力位突破警报-76000-下一阻力] CHECK_PASSED
  {}
[2026-03-17 07:56:56] [INFO] [压力位突破警报-76000-下一阻力] CHECK_START
  {}
[2026-03-17 07:56:57] [INFO] [压力位突破警报-76000-下一阻力] CHECK_PASSED
  {}
[2026-03-17 08:01:55] [INFO] [压力位突破警报-76000-下一阻力] CHECK_START
  {}
[2026-03-17 08:01:56] [INFO] [压力位突破警报-76000-下一阻力] CHECK_PASSED
  {}
[2026-03-17 08:06:54] [INFO] [压力位突破警报-76000-下一阻力] CHECK_START
  {}
[2026-03-17 08:06:55] [INFO] [压力位突破警报-76000-下一阻力] CHECK_PASSED
  {}
[2026-03-17 08:11:53] [INFO] [压力位突破警报-76000-下一阻力] CHECK_START
  {}
[2026-03-17 08:11:55] [INFO] [压力位突破警报-76000-下一阻力] CHECK_PASSED
  {}
[2026-03-17 08:16:52] [INFO] [压力位突破警报-76000-下一阻力] CHECK_START
  {}
[2026-03-17 08:16:53] [INFO] [压力位突破警报-76000-下一阻力] CHECK_PASSED
  {}
[2026-03-17 08:21:52] [INFO] [压力位突破警报-76000-下一阻力] CHECK_START
  {}
[2026-03-17 08:21:52] [INFO] [压力位突破警报-76000-下一阻力] CHECK_PASSED
  {}
[2026-03-17 08:26:51] [INFO] [压力位突破警报-76000-下一阻力] CHECK_START
  {}
[2026-03-17 08:26:52] [INFO] [压力位突破警报-76000-下一阻力] CHECK_PASSED
  {}
[2026-03-17 08:31:50] [INFO] [压力位突破警报-76000-下一阻力] CHECK_START
  {}
[2026-03-17 08:31:51] [INFO] [压力位突破警报-76000-下一阻力] CHECK_PASSED
  {}
[2026-03-17 08:36:48] [INFO] [压力位突破警报-76000-下一阻力] CHECK_START
  {}
[2026-03-17 08:36:49] [INFO] [压力位突破警报-76000-下一阻力] CHECK_PASSED
  {}
[2026-03-17 08:41:47] [INFO] [压力位突破警报-76000-下一阻力] CHECK_START
  {}
[2026-03-17 08:41:49] [INFO] [压力位突破警报-76000-下一阻力] CHECK_PASSED
  {}
[2026-03-17 08:46:46] [INFO] [压力位突破警报-76000-下一阻力] CHECK_START
  {}
[2026-03-17 08:46:47] [INFO] [压力位突破警报-76000-下一阻力] CHECK_PASSED
  {}
[2026-03-17 08:51:45] [INFO] [压力位突破警报-76000-下一阻力] CHECK_START
  {}
[2026-03-17 08:51:47] [INFO] [压力位突破警报-76000-下一阻力] CHECK_PASSED
  {}
[2026-03-17 08:56:44] [INFO] [压力位突破警报-76000-下一阻力] CHECK_START
  {}
[2026-03-17 08:56:46] [INFO] [压力位突破警报-76000-下一阻力] CHECK_PASSED
  {}
[2026-03-17 09:01:42] [INFO] [压力位突破警报-76000-下一阻力] CHECK_START
  {}
[2026-03-17 09:01:44] [INFO] [压力位突破警报-76000-下一阻力] CHECK_PASSED
  {}
[2026-03-17 09:05:41] [INFO] [Engine] 引擎关闭 (SIGINT)
[2026-03-17 09:05:41] [INFO] [Engine] 引擎启动
  {"rulesDir":"/home/administrator/.openclaw/july-btc-analyzer/skills/btc-alert/rules","archiveDir":"/home/administrator/.openclaw/july-btc-analyzer/skills/btc-alert/rules-archive","logFile":"/home/administrator/.openclaw/july-btc-analyzer/logs/alert-engine.log"}
[2026-03-17 09:05:41] [INFO] [压力位突破警报-76000-下一阻力] TIMER_STARTED
  {"interval":"300s","file":"2026-03-16-resistance-76000.js"}
[2026-03-17 09:05:41] [INFO] [压力位突破警报-76000-下一阻力] CHECK_START
  {}
[2026-03-17 09:05:41] [INFO] [支撑位跌破警报-73000-突破后回踩支撑] TIMER_STARTED
  {"interval":"300s","file":"2026-03-16-support-73000.js"}
[2026-03-17 09:05:41] [INFO] [支撑位跌破警报-73000-突破后回踩支撑] CHECK_START
  {}
[2026-03-17 09:05:41] [INFO] [压力位突破警报-78500-第二止盈位] TIMER_STARTED
  {"interval":"300s","file":"2026-03-17-resistance-78500.js"}
[2026-03-17 09:05:41] [INFO] [压力位突破警报-78500-第二止盈位] CHECK_START
  {}
[2026-03-17 09:05:41] [INFO] [Engine] 规则加载完成
  {"count":3}
[2026-03-17 09:05:42] [INFO] [压力位突破警报-76000-下一阻力] CHECK_PASSED
  {}
[2026-03-17 09:05:42] [INFO] [支撑位跌破警报-73000-突破后回踩支撑] CHECK_PASSED
  {}
[2026-03-17 09:05:43] [INFO] [压力位突破警报-78500-第二止盈位] CHECK_PASSED
  {}
[2026-03-17 09:10:40] [INFO] [压力位突破警报-76000-下一阻力] CHECK_START
  {}
[2026-03-17 09:10:40] [INFO] [支撑位跌破警报-73000-突破后回踩支撑] CHECK_START
  {}
[2026-03-17 09:10:40] [INFO] [压力位突破警报-78500-第二止盈位] CHECK_START
  {}
[2026-03-17 09:10:41] [INFO] [压力位突破警报-76000-下一阻力] CHECK_PASSED
  {}
[2026-03-17 09:10:41] [INFO] [支撑位跌破警报-73000-突破后回踩支撑] CHECK_PASSED
  {}
[2026-03-17 09:10:41] [INFO] [压力位突破警报-78500-第二止盈位] CHECK_PASSED
  {}
[2026-03-17 09:15:39] [INFO] [压力位突破警报-76000-下一阻力] CHECK_START
  {}
[2026-03-17 09:15:39] [INFO] [支撑位跌破警报-73000-突破后回踩支撑] CHECK_START
  {}
[2026-03-17 09:15:39] [INFO] [压力位突破警报-78500-第二止盈位] CHECK_START
  {}
[2026-03-17 09:15:39] [INFO] [支撑位跌破警报-73000-突破后回踩支撑] CHECK_PASSED
  {}
[2026-03-17 09:15:39] [INFO] [压力位突破警报-78500-第二止盈位] CHECK_PASSED
  {}
[2026-03-17 09:15:40] [INFO] [压力位突破警报-76000-下一阻力] CHECK_PASSED
  {}
[2026-03-17 09:20:37] [INFO] [压力位突破警报-76000-下一阻力] CHECK_START
  {}
[2026-03-17 09:20:37] [INFO] [支撑位跌破警报-73000-突破后回踩支撑] CHECK_START
  {}
[2026-03-17 09:20:37] [INFO] [压力位突破警报-78500-第二止盈位] CHECK_START
  {}
[2026-03-17 09:20:38] [INFO] [压力位突破警报-76000-下一阻力] CHECK_PASSED
  {}
[2026-03-17 09:20:38] [INFO] [支撑位跌破警报-73000-突破后回踩支撑] CHECK_PASSED
  {}
[2026-03-17 09:20:39] [INFO] [压力位突破警报-78500-第二止盈位] CHECK_PASSED
  {}
[2026-03-17 09:25:36] [INFO] [压力位突破警报-76000-下一阻力] CHECK_START
  {}
[2026-03-17 09:25:36] [INFO] [支撑位跌破警报-73000-突破后回踩支撑] CHECK_START
  {}
[2026-03-17 09:25:36] [INFO] [压力位突破警报-78500-第二止盈位] CHECK_START
  {}
[2026-03-17 09:25:37] [INFO] [支撑位跌破警报-73000-突破后回踩支撑] CHECK_PASSED
  {}
[2026-03-17 09:25:37] [INFO] [压力位突破警报-78500-第二止盈位] CHECK_PASSED
  {}
[2026-03-17 09:25:37] [INFO] [压力位突破警报-76000-下一阻力] CHECK_PASSED
  {}
[2026-03-17 09:30:35] [INFO] [压力位突破警报-76000-下一阻力] CHECK_START
  {}
[2026-03-17 09:30:35] [INFO] [支撑位跌破警报-73000-突破后回踩支撑] CHECK_START
  {}
[2026-03-17 09:30:35] [INFO] [压力位突破警报-78500-第二止盈位] CHECK_START
  {}
[2026-03-17 09:30:36] [INFO] [压力位突破警报-78500-第二止盈位] CHECK_PASSED
  {}
[2026-03-17 09:30:36] [INFO] [压力位突破警报-76000-下一阻力] CHECK_PASSED
  {}
[2026-03-17 09:30:37] [INFO] [支撑位跌破警报-73000-突破后回踩支撑] CHECK_PASSED
  {}
[2026-03-17 09:35:33] [INFO] [压力位突破警报-76000-下一阻力] CHECK_START
  {}
[2026-03-17 09:35:33] [INFO] [支撑位跌破警报-73000-突破后回踩支撑] CHECK_START
  {}
[2026-03-17 09:35:33] [INFO] [压力位突破警报-78500-第二止盈位] CHECK_START
  {}
[2026-03-17 09:35:35] [INFO] [压力位突破警报-76000-下一阻力] CHECK_PASSED
  {}
[2026-03-17 09:35:36] [INFO] [支撑位跌破警报-73000-突破后回踩支撑] CHECK_PASSED
  {}
[2026-03-17 09:35:36] [INFO] [压力位突破警报-78500-第二止盈位] CHECK_PASSED
  {}
[2026-03-17 09:40:32] [INFO] [压力位突破警报-76000-下一阻力] CHECK_START
  {}
[2026-03-17 09:40:32] [INFO] [支撑位跌破警报-73000-突破后回踩支撑] CHECK_START
  {}
[2026-03-17 09:40:32] [INFO] [压力位突破警报-78500-第二止盈位] CHECK_START
  {}
[2026-03-17 09:40:33] [INFO] [压力位突破警报-78500-第二止盈位] CHECK_PASSED
  {}
[2026-03-17 09:40:33] [INFO] [压力位突破警报-76000-下一阻力] CHECK_PASSED
  {}
[2026-03-17 09:40:33] [INFO] [支撑位跌破警报-73000-突破后回踩支撑] CHECK_PASSED
  {}
[2026-03-17 09:45:30] [INFO] [压力位突破警报-76000-下一阻力] CHECK_START
  {}
[2026-03-17 09:45:30] [INFO] [支撑位跌破警报-73000-突破后回踩支撑] CHECK_START
  {}
[2026-03-17 09:45:30] [INFO] [压力位突破警报-78500-第二止盈位] CHECK_START
  {}
[2026-03-17 09:45:31] [INFO] [压力位突破警报-76000-下一阻力] CHECK_PASSED
  {}
[2026-03-17 09:45:31] [INFO] [压力位突破警报-78500-第二止盈位] CHECK_PASSED
  {}
[2026-03-17 09:45:31] [INFO] [支撑位跌破警报-73000-突破后回踩支撑] CHECK_PASSED
  {}
[2026-03-17 09:50:28] [INFO] [压力位突破警报-76000-下一阻力] CHECK_START
  {}
[2026-03-17 09:50:28] [INFO] [支撑位跌破警报-73000-突破后回踩支撑] CHECK_START
  {}
[2026-03-17 09:50:28] [INFO] [压力位突破警报-78500-第二止盈位] CHECK_START
  {}
[2026-03-17 09:50:29] [INFO] [支撑位跌破警报-73000-突破后回踩支撑] CHECK_PASSED
  {}
[2026-03-17 09:50:29] [INFO] [压力位突破警报-78500-第二止盈位] CHECK_PASSED
  {}
[2026-03-17 09:50:29] [INFO] [压力位突破警报-76000-下一阻力] CHECK_PASSED
  {}
[2026-03-17 09:55:26] [INFO] [压力位突破警报-76000-下一阻力] CHECK_START
  {}
[2026-03-17 09:55:26] [INFO] [支撑位跌破警报-73000-突破后回踩支撑] CHECK_START
  {}
[2026-03-17 09:55:26] [INFO] [压力位突破警报-78500-第二止盈位] CHECK_START
  {}
[2026-03-17 09:55:27] [INFO] [支撑位跌破警报-73000-突破后回踩支撑] CHECK_PASSED
  {}
[2026-03-17 09:55:27] [INFO] [压力位突破警报-78500-第二止盈位] CHECK_PASSED
  {}
[2026-03-17 09:55:27] [INFO] [压力位突破警报-76000-下一阻力] CHECK_PASSED
  {}
[2026-03-17 10:00:22] [INFO] [压力位突破警报-76000-下一阻力] CHECK_START
  {}
[2026-03-17 10:00:22] [INFO] [支撑位跌破警报-73000-突破后回踩支撑] CHECK_START
  {}
[2026-03-17 10:00:22] [INFO] [压力位突破警报-78500-第二止盈位] CHECK_START
  {}
[2026-03-17 10:00:24] [INFO] [压力位突破警报-76000-下一阻力] CHECK_PASSED
  {}
[2026-03-17 10:00:24] [INFO] [压力位突破警报-78500-第二止盈位] CHECK_PASSED
  {}
[2026-03-17 10:00:24] [INFO] [支撑位跌破警报-73000-突破后回踩支撑] CHECK_PASSED
  {}
[2026-03-17 10:05:18] [INFO] [压力位突破警报-76000-下一阻力] CHECK_START
  {}
[2026-03-17 10:05:18] [INFO] [支撑位跌破警报-73000-突破后回踩支撑] CHECK_START
  {}
[2026-03-17 10:05:18] [INFO] [压力位突破警报-78500-第二止盈位] CHECK_START
  {}
[2026-03-17 10:05:19] [INFO] [支撑位跌破警报-73000-突破后回踩支撑] CHECK_PASSED
  {}
[2026-03-17 10:05:19] [INFO] [压力位突破警报-78500-第二止盈位] CHECK_PASSED
  {}
[2026-03-17 10:05:20] [INFO] [压力位突破警报-76000-下一阻力] CHECK_PASSED
  {}
[2026-03-17 10:10:13] [INFO] [压力位突破警报-76000-下一阻力] CHECK_START
  {}
[2026-03-17 10:10:13] [INFO] [支撑位跌破警报-73000-突破后回踩支撑] CHECK_START
  {}
[2026-03-17 10:10:13] [INFO] [压力位突破警报-78500-第二止盈位] CHECK_START
  {}
[2026-03-17 10:10:13] [INFO] [压力位突破警报-78500-第二止盈位] CHECK_PASSED
  {}
[2026-03-17 10:10:14] [INFO] [压力位突破警报-76000-下一阻力] CHECK_PASSED
  {}
[2026-03-17 10:10:14] [INFO] [支撑位跌破警报-73000-突破后回踩支撑] CHECK_PASSED
  {}
[2026-03-17 10:15:06] [INFO] [压力位突破警报-76000-下一阻力] CHECK_START
  {}
[2026-03-17 10:15:06] [INFO] [支撑位跌破警报-73000-突破后回踩支撑] CHECK_START
  {}
[2026-03-17 10:15:06] [INFO] [压力位突破警报-78500-第二止盈位] CHECK_START
  {}
[2026-03-17 10:15:07] [INFO] [压力位突破警报-78500-第二止盈位] CHECK_PASSED
  {}
[2026-03-17 10:15:07] [INFO] [压力位突破警报-76000-下一阻力] CHECK_PASSED
  {}
[2026-03-17 10:15:07] [INFO] [支撑位跌破警报-73000-突破后回踩支撑] CHECK_PASSED
  {}
[2026-03-17 10:20:00] [INFO] [压力位突破警报-76000-下一阻力] CHECK_START
  {}
[2026-03-17 10:20:00] [INFO] [支撑位跌破警报-73000-突破后回踩支撑] CHECK_START
  {}
[2026-03-17 10:20:00] [INFO] [压力位突破警报-78500-第二止盈位] CHECK_START
  {}
[2026-03-17 10:20:02] [INFO] [支撑位跌破警报-73000-突破后回踩支撑] CHECK_PASSED
  {}
[2026-03-17 10:20:02] [INFO] [压力位突破警报-78500-第二止盈位] CHECK_PASSED
  {}
[2026-03-17 10:20:02] [INFO] [压力位突破警报-76000-下一阻力] CHECK_PASSED
  {}
[2026-03-17 10:24:54] [INFO] [压力位突破警报-76000-下一阻力] CHECK_START
  {}
[2026-03-17 10:24:54] [INFO] [支撑位跌破警报-73000-突破后回踩支撑] CHECK_START
  {}
[2026-03-17 10:24:54] [INFO] [压力位突破警报-78500-第二止盈位] CHECK_START
  {}
[2026-03-17 10:24:55] [INFO] [压力位突破警报-78500-第二止盈位] CHECK_PASSED
  {}
[2026-03-17 10:24:55] [INFO] [压力位突破警报-76000-下一阻力] CHECK_PASSED
  {}
[2026-03-17 10:24:55] [INFO] [支撑位跌破警报-73000-突破后回踩支撑] CHECK_PASSED
  {}
[2026-03-17 10:29:47] [INFO] [压力位突破警报-76000-下一阻力] CHECK_START
  {}
[2026-03-17 10:29:47] [INFO] [支撑位跌破警报-73000-突破后回踩支撑] CHECK_START
  {}
[2026-03-17 10:29:47] [INFO] [压力位突破警报-78500-第二止盈位] CHECK_START
  {}
[2026-03-17 10:29:48] [INFO] [支撑位跌破警报-73000-突破后回踩支撑] CHECK_PASSED
  {}
[2026-03-17 10:29:48] [INFO] [压力位突破警报-76000-下一阻力] CHECK_PASSED
  {}
[2026-03-17 10:29:50] [INFO] [压力位突破警报-78500-第二止盈位] CHECK_PASSED
  {}
[2026-03-17 10:34:40] [INFO] [压力位突破警报-76000-下一阻力] CHECK_START
  {}
[2026-03-17 10:34:40] [INFO] [支撑位跌破警报-73000-突破后回踩支撑] CHECK_START
  {}
[2026-03-17 10:34:40] [INFO] [压力位突破警报-78500-第二止盈位] CHECK_START
  {}
[2026-03-17 10:34:41] [INFO] [压力位突破警报-78500-第二止盈位] CHECK_PASSED
  {}
[2026-03-17 10:34:41] [INFO] [压力位突破警报-76000-下一阻力] CHECK_PASSED
  {}
[2026-03-17 10:34:42] [INFO] [支撑位跌破警报-73000-突破后回踩支撑] CHECK_PASSED
  {}
[2026-03-17 10:39:33] [INFO] [压力位突破警报-76000-下一阻力] CHECK_START
  {}
[2026-03-17 10:39:33] [INFO] [支撑位跌破警报-73000-突破后回踩支撑] CHECK_START
  {}
[2026-03-17 10:39:33] [INFO] [压力位突破警报-78500-第二止盈位] CHECK_START
  {}
[2026-03-17 10:39:34] [INFO] [压力位突破警报-76000-下一阻力] CHECK_PASSED
  {}
[2026-03-17 10:39:34] [INFO] [支撑位跌破警报-73000-突破后回踩支撑] CHECK_PASSED
  {}
[2026-03-17 10:39:34] [INFO] [压力位突破警报-78500-第二止盈位] CHECK_PASSED
  {}
[2026-03-17 10:44:25] [INFO] [压力位突破警报-76000-下一阻力] CHECK_START
  {}
[2026-03-17 10:44:25] [INFO] [支撑位跌破警报-73000-突破后回踩支撑] CHECK_START
  {}
[2026-03-17 10:44:25] [INFO] [压力位突破警报-78500-第二止盈位] CHECK_START
  {}
[2026-03-17 10:44:26] [INFO] [压力位突破警报-78500-第二止盈位] CHECK_PASSED
  {}
[2026-03-17 10:44:26] [INFO] [压力位突破警报-76000-下一阻力] CHECK_PASSED
  {}
[2026-03-17 10:44:27] [INFO] [支撑位跌破警报-73000-突破后回踩支撑] CHECK_PASSED
  {}
[2026-03-17 10:49:18] [INFO] [压力位突破警报-76000-下一阻力] CHECK_START
  {}
[2026-03-17 10:49:18] [INFO] [支撑位跌破警报-73000-突破后回踩支撑] CHECK_START
  {}
[2026-03-17 10:49:18] [INFO] [压力位突破警报-78500-第二止盈位] CHECK_START
  {}
[2026-03-17 10:49:19] [INFO] [压力位突破警报-76000-下一阻力] CHECK_PASSED
  {}
[2026-03-17 10:49:19] [INFO] [压力位突破警报-78500-第二止盈位] CHECK_PASSED
  {}
[2026-03-17 10:49:19] [INFO] [支撑位跌破警报-73000-突破后回踩支撑] CHECK_PASSED
  {}
[2026-03-17 10:54:10] [INFO] [压力位突破警报-76000-下一阻力] CHECK_START
  {}
[2026-03-17 10:54:10] [INFO] [支撑位跌破警报-73000-突破后回踩支撑] CHECK_START
  {}
[2026-03-17 10:54:10] [INFO] [压力位突破警报-78500-第二止盈位] CHECK_START
  {}
[2026-03-17 10:54:11] [INFO] [支撑位跌破警报-73000-突破后回踩支撑] CHECK_PASSED
  {}
[2026-03-17 10:54:11] [INFO] [压力位突破警报-76000-下一阻力] CHECK_PASSED
  {}
[2026-03-17 10:54:11] [INFO] [压力位突破警报-78500-第二止盈位] CHECK_PASSED
  {}
[2026-03-17 10:59:02] [INFO] [压力位突破警报-76000-下一阻力] CHECK_START
  {}
[2026-03-17 10:59:02] [INFO] [支撑位跌破警报-73000-突破后回踩支撑] CHECK_START
  {}
[2026-03-17 10:59:02] [INFO] [压力位突破警报-78500-第二止盈位] CHECK_START
  {}
[2026-03-17 10:59:03] [INFO] [支撑位跌破警报-73000-突破后回踩支撑] CHECK_PASSED
  {}
[2026-03-17 10:59:03] [INFO] [压力位突破警报-78500-第二止盈位] CHECK_PASSED
  {}
[2026-03-17 10:59:03] [INFO] [压力位突破警报-76000-下一阻力] CHECK_PASSED
  {}
[2026-03-17 11:03:54] [INFO] [压力位突破警报-76000-下一阻力] CHECK_START
  {}
[2026-03-17 11:03:54] [INFO] [支撑位跌破警报-73000-突破后回踩支撑] CHECK_START
  {}
[2026-03-17 11:03:54] [INFO] [压力位突破警报-78500-第二止盈位] CHECK_START
  {}
[2026-03-17 11:03:55] [INFO] [支撑位跌破警报-73000-突破后回踩支撑] CHECK_PASSED
  {}
[2026-03-17 11:03:55] [INFO] [压力位突破警报-78500-第二止盈位] CHECK_PASSED
  {}
[2026-03-17 11:03:55] [INFO] [压力位突破警报-76000-下一阻力] CHECK_PASSED
  {}
[2026-03-17 11:08:46] [INFO] [压力位突破警报-76000-下一阻力] CHECK_START
  {}
[2026-03-17 11:08:46] [INFO] [支撑位跌破警报-73000-突破后回踩支撑] CHECK_START
  {}
[2026-03-17 11:08:46] [INFO] [压力位突破警报-78500-第二止盈位] CHECK_START
  {}
[2026-03-17 11:08:47] [INFO] [压力位突破警报-78500-第二止盈位] CHECK_PASSED
  {}
[2026-03-17 11:08:47] [INFO] [压力位突破警报-76000-下一阻力] CHECK_PASSED
  {}
[2026-03-17 11:08:48] [INFO] [支撑位跌破警报-73000-突破后回踩支撑] CHECK_PASSED
  {}
[2026-03-17 11:13:37] [INFO] [压力位突破警报-76000-下一阻力] CHECK_START
  {}
[2026-03-17 11:13:37] [INFO] [支撑位跌破警报-73000-突破后回踩支撑] CHECK_START
  {}
[2026-03-17 11:13:37] [INFO] [压力位突破警报-78500-第二止盈位] CHECK_START
  {}
[2026-03-17 11:13:38] [INFO] [压力位突破警报-78500-第二止盈位] CHECK_PASSED
  {}
[2026-03-17 11:13:38] [INFO] [压力位突破警报-76000-下一阻力] CHECK_PASSED
  {}
[2026-03-17 11:13:38] [INFO] [支撑位跌破警报-73000-突破后回踩支撑] CHECK_PASSED
  {}
[2026-03-17 11:18:29] [INFO] [压力位突破警报-76000-下一阻力] CHECK_START
  {}
[2026-03-17 11:18:29] [INFO] [支撑位跌破警报-73000-突破后回踩支撑] CHECK_START
  {}
[2026-03-17 11:18:29] [INFO] [压力位突破警报-78500-第二止盈位] CHECK_START
  {}
[2026-03-17 11:18:30] [INFO] [压力位突破警报-76000-下一阻力] CHECK_PASSED
  {}
[2026-03-17 11:18:30] [INFO] [支撑位跌破警报-73000-突破后回踩支撑] CHECK_PASSED
  {}
[2026-03-17 11:18:30] [INFO] [压力位突破警报-78500-第二止盈位] CHECK_PASSED
  {}
[2026-03-17 11:23:20] [INFO] [压力位突破警报-76000-下一阻力] CHECK_START
  {}
[2026-03-17 11:23:20] [INFO] [支撑位跌破警报-73000-突破后回踩支撑] CHECK_START
  {}
[2026-03-17 11:23:20] [INFO] [压力位突破警报-78500-第二止盈位] CHECK_START
  {}
[2026-03-17 11:23:21] [INFO] [支撑位跌破警报-73000-突破后回踩支撑] CHECK_PASSED
  {}
[2026-03-17 11:23:22] [INFO] [压力位突破警报-76000-下一阻力] CHECK_PASSED
  {}
[2026-03-17 11:23:22] [INFO] [压力位突破警报-78500-第二止盈位] CHECK_PASSED
  {}
[2026-03-17 11:28:12] [INFO] [压力位突破警报-76000-下一阻力] CHECK_START
  {}
[2026-03-17 11:28:12] [INFO] [支撑位跌破警报-73000-突破后回踩支撑] CHECK_START
  {}
[2026-03-17 11:28:12] [INFO] [压力位突破警报-78500-第二止盈位] CHECK_START
  {}
[2026-03-17 11:28:13] [INFO] [压力位突破警报-78500-第二止盈位] CHECK_PASSED
  {}
[2026-03-17 11:28:13] [INFO] [支撑位跌破警报-73000-突破后回踩支撑] CHECK_PASSED
  {}
[2026-03-17 11:28:13] [INFO] [压力位突破警报-76000-下一阻力] CHECK_PASSED
  {}
[2026-03-17 11:33:03] [INFO] [压力位突破警报-76000-下一阻力] CHECK_START
  {}
[2026-03-17 11:33:03] [INFO] [支撑位跌破警报-73000-突破后回踩支撑] CHECK_START
  {}
[2026-03-17 11:33:03] [INFO] [压力位突破警报-78500-第二止盈位] CHECK_START
  {}
[2026-03-17 11:33:04] [INFO] [压力位突破警报-76000-下一阻力] CHECK_PASSED
  {}
[2026-03-17 11:33:04] [INFO] [支撑位跌破警报-73000-突破后回踩支撑] CHECK_PASSED
  {}
[2026-03-17 11:33:05] [INFO] [压力位突破警报-78500-第二止盈位] CHECK_PASSED
  {}
[2026-03-17 11:37:54] [INFO] [压力位突破警报-76000-下一阻力] CHECK_START
  {}
[2026-03-17 11:37:54] [INFO] [支撑位跌破警报-73000-突破后回踩支撑] CHECK_START
  {}
[2026-03-17 11:37:54] [INFO] [压力位突破警报-78500-第二止盈位] CHECK_START
  {}
[2026-03-17 11:37:55] [INFO] [压力位突破警报-76000-下一阻力] CHECK_PASSED
  {}
[2026-03-17 11:37:55] [INFO] [支撑位跌破警报-73000-突破后回踩支撑] CHECK_PASSED
  {}
[2026-03-17 11:37:55] [INFO] [压力位突破警报-78500-第二止盈位] CHECK_PASSED
  {}
[2026-03-17 11:42:45] [INFO] [压力位突破警报-76000-下一阻力] CHECK_START
  {}
[2026-03-17 11:42:45] [INFO] [支撑位跌破警报-73000-突破后回踩支撑] CHECK_START
  {}
[2026-03-17 11:42:45] [INFO] [压力位突破警报-78500-第二止盈位] CHECK_START
  {}
[2026-03-17 11:42:46] [INFO] [压力位突破警报-78500-第二止盈位] CHECK_PASSED
  {}
[2026-03-17 11:42:46] [INFO] [压力位突破警报-76000-下一阻力] CHECK_PASSED
  {}
[2026-03-17 11:42:46] [INFO] [支撑位跌破警报-73000-突破后回踩支撑] CHECK_PASSED
  {}
[2026-03-17 11:47:36] [INFO] [压力位突破警报-76000-下一阻力] CHECK_START
  {}
[2026-03-17 11:47:36] [INFO] [支撑位跌破警报-73000-突破后回踩支撑] CHECK_START
  {}
[2026-03-17 11:47:36] [INFO] [压力位突破警报-78500-第二止盈位] CHECK_START
  {}
[2026-03-17 11:47:37] [INFO] [压力位突破警报-76000-下一阻力] CHECK_PASSED
  {}
[2026-03-17 11:47:37] [INFO] [压力位突破警报-78500-第二止盈位] CHECK_PASSED
  {}
[2026-03-17 11:47:37] [INFO] [支撑位跌破警报-73000-突破后回踩支撑] CHECK_PASSED
  {}
[2026-03-17 11:52:27] [INFO] [压力位突破警报-76000-下一阻力] CHECK_START
  {}
[2026-03-17 11:52:27] [INFO] [支撑位跌破警报-73000-突破后回踩支撑] CHECK_START
  {}
[2026-03-17 11:52:27] [INFO] [压力位突破警报-78500-第二止盈位] CHECK_START
  {}
[2026-03-17 11:52:28] [INFO] [压力位突破警报-76000-下一阻力] CHECK_PASSED
  {}
[2026-03-17 11:52:28] [INFO] [支撑位跌破警报-73000-突破后回踩支撑] CHECK_PASSED
  {}
[2026-03-17 11:52:28] [INFO] [压力位突破警报-78500-第二止盈位] CHECK_PASSED
  {}
[2026-03-17 11:57:18] [INFO] [压力位突破警报-76000-下一阻力] CHECK_START
  {}
[2026-03-17 11:57:18] [INFO] [支撑位跌破警报-73000-突破后回踩支撑] CHECK_START
  {}
[2026-03-17 11:57:18] [INFO] [压力位突破警报-78500-第二止盈位] CHECK_START
  {}
[2026-03-17 11:57:19] [INFO] [压力位突破警报-78500-第二止盈位] CHECK_PASSED
  {}
[2026-03-17 11:57:19] [INFO] [支撑位跌破警报-73000-突破后回踩支撑] CHECK_PASSED
  {}
[2026-03-17 11:57:20] [INFO] [压力位突破警报-76000-下一阻力] CHECK_PASSED
  {}
[2026-03-17 12:02:08] [INFO] [压力位突破警报-76000-下一阻力] CHECK_START
  {}
[2026-03-17 12:02:08] [INFO] [支撑位跌破警报-73000-突破后回踩支撑] CHECK_START
  {}
[2026-03-17 12:02:08] [INFO] [压力位突破警报-78500-第二止盈位] CHECK_START
  {}
[2026-03-17 12:02:09] [INFO] [压力位突破警报-78500-第二止盈位] CHECK_PASSED
  {}
[2026-03-17 12:02:09] [INFO] [支撑位跌破警报-73000-突破后回踩支撑] CHECK_PASSED
  {}
[2026-03-17 12:02:09] [INFO] [压力位突破警报-76000-下一阻力] CHECK_PASSED
  {}
[2026-03-17 12:06:58] [INFO] [压力位突破警报-76000-下一阻力] CHECK_START
  {}
[2026-03-17 12:06:58] [INFO] [支撑位跌破警报-73000-突破后回踩支撑] CHECK_START
  {}
[2026-03-17 12:06:58] [INFO] [压力位突破警报-78500-第二止盈位] CHECK_START
  {}
[2026-03-17 12:06:59] [INFO] [支撑位跌破警报-73000-突破后回踩支撑] CHECK_PASSED
  {}
[2026-03-17 12:06:59] [INFO] [压力位突破警报-78500-第二止盈位] CHECK_PASSED
  {}
[2026-03-17 12:06:59] [INFO] [压力位突破警报-76000-下一阻力] CHECK_PASSED
  {}
[2026-03-17 12:11:48] [INFO] [压力位突破警报-76000-下一阻力] CHECK_START
  {}
[2026-03-17 12:11:48] [INFO] [支撑位跌破警报-73000-突破后回踩支撑] CHECK_START
  {}
[2026-03-17 12:11:48] [INFO] [压力位突破警报-78500-第二止盈位] CHECK_START
  {}
[2026-03-17 12:11:49] [INFO] [压力位突破警报-78500-第二止盈位] CHECK_PASSED
  {}
[2026-03-17 12:11:49] [INFO] [压力位突破警报-76000-下一阻力] CHECK_PASSED
  {}
[2026-03-17 12:11:50] [INFO] [支撑位跌破警报-73000-突破后回踩支撑] CHECK_PASSED
  {}
[2026-03-17 12:16:38] [INFO] [压力位突破警报-76000-下一阻力] CHECK_START
  {}
[2026-03-17 12:16:38] [INFO] [支撑位跌破警报-73000-突破后回踩支撑] CHECK_START
  {}
[2026-03-17 12:16:38] [INFO] [压力位突破警报-78500-第二止盈位] CHECK_START
  {}
[2026-03-17 12:16:39] [INFO] [压力位突破警报-76000-下一阻力] CHECK_PASSED
  {}
[2026-03-17 12:16:39] [INFO] [压力位突破警报-78500-第二止盈位] CHECK_PASSED
  {}
[2026-03-17 12:16:40] [INFO] [支撑位跌破警报-73000-突破后回踩支撑] CHECK_PASSED
  {}
[2026-03-17 12:21:28] [INFO] [压力位突破警报-76000-下一阻力] CHECK_START
  {}
[2026-03-17 12:21:28] [INFO] [支撑位跌破警报-73000-突破后回踩支撑] CHECK_START
  {}
[2026-03-17 12:21:28] [INFO] [压力位突破警报-78500-第二止盈位] CHECK_START
  {}
[2026-03-17 12:21:29] [INFO] [压力位突破警报-76000-下一阻力] CHECK_PASSED
  {}
[2026-03-17 12:21:30] [INFO] [支撑位跌破警报-73000-突破后回踩支撑] CHECK_PASSED
  {}
[2026-03-17 12:21:30] [INFO] [压力位突破警报-78500-第二止盈位] CHECK_PASSED
  {}
[2026-03-17 12:26:18] [INFO] [压力位突破警报-76000-下一阻力] CHECK_START
  {}
[2026-03-17 12:26:18] [INFO] [支撑位跌破警报-73000-突破后回踩支撑] CHECK_START
  {}
[2026-03-17 12:26:18] [INFO] [压力位突破警报-78500-第二止盈位] CHECK_START
  {}
[2026-03-17 12:26:19] [INFO] [压力位突破警报-78500-第二止盈位] CHECK_PASSED
  {}
[2026-03-17 12:26:19] [INFO] [支撑位跌破警报-73000-突破后回踩支撑] CHECK_PASSED
  {}
[2026-03-17 12:26:19] [INFO] [压力位突破警报-76000-下一阻力] CHECK_PASSED
  {}
[2026-03-17 12:31:07] [INFO] [压力位突破警报-76000-下一阻力] CHECK_START
  {}
[2026-03-17 12:31:07] [INFO] [支撑位跌破警报-73000-突破后回踩支撑] CHECK_START
  {}
[2026-03-17 12:31:07] [INFO] [压力位突破警报-78500-第二止盈位] CHECK_START
  {}
[2026-03-17 12:31:08] [INFO] [压力位突破警报-78500-第二止盈位] CHECK_PASSED
  {}
[2026-03-17 12:31:08] [INFO] [支撑位跌破警报-73000-突破后回踩支撑] CHECK_PASSED
  {}
[2026-03-17 12:31:09] [INFO] [压力位突破警报-76000-下一阻力] CHECK_PASSED
  {}
[2026-03-17 12:35:57] [INFO] [压力位突破警报-76000-下一阻力] CHECK_START
  {}
[2026-03-17 12:35:57] [INFO] [支撑位跌破警报-73000-突破后回踩支撑] CHECK_START
  {}
[2026-03-17 12:35:57] [INFO] [压力位突破警报-78500-第二止盈位] CHECK_START
  {}
[2026-03-17 12:35:57] [INFO] [支撑位跌破警报-73000-突破后回踩支撑] CHECK_PASSED
  {}
[2026-03-17 12:35:58] [INFO] [压力位突破警报-76000-下一阻力] CHECK_PASSED
  {}
[2026-03-17 12:35:58] [INFO] [压力位突破警报-78500-第二止盈位] CHECK_PASSED
  {}
[2026-03-17 12:40:47] [INFO] [压力位突破警报-76000-下一阻力] CHECK_START
  {}
[2026-03-17 12:40:47] [INFO] [支撑位跌破警报-73000-突破后回踩支撑] CHECK_START
  {}
[2026-03-17 12:40:47] [INFO] [压力位突破警报-78500-第二止盈位] CHECK_START
  {}
[2026-03-17 12:40:47] [INFO] [压力位突破警报-78500-第二止盈位] CHECK_PASSED
  {}
[2026-03-17 12:40:48] [INFO] [压力位突破警报-76000-下一阻力] CHECK_PASSED
  {}
[2026-03-17 12:40:49] [INFO] [支撑位跌破警报-73000-突破后回踩支撑] CHECK_PASSED
  {}
[2026-03-17 12:45:35] [INFO] [压力位突破警报-76000-下一阻力] CHECK_START
  {}
[2026-03-17 12:45:35] [INFO] [支撑位跌破警报-73000-突破后回踩支撑] CHECK_START
  {}
[2026-03-17 12:45:35] [INFO] [压力位突破警报-78500-第二止盈位] CHECK_START
  {}
[2026-03-17 12:45:36] [INFO] [压力位突破警报-78500-第二止盈位] CHECK_PASSED
  {}
[2026-03-17 12:45:37] [INFO] [支撑位跌破警报-73000-突破后回踩支撑] CHECK_PASSED
  {}
[2026-03-17 12:45:38] [INFO] [压力位突破警报-76000-下一阻力] CHECK_PASSED
  {}
[2026-03-17 12:50:24] [INFO] [压力位突破警报-76000-下一阻力] CHECK_START
  {}
[2026-03-17 12:50:24] [INFO] [支撑位跌破警报-73000-突破后回踩支撑] CHECK_START
  {}
[2026-03-17 12:50:24] [INFO] [压力位突破警报-78500-第二止盈位] CHECK_START
  {}
[2026-03-17 12:50:25] [INFO] [压力位突破警报-78500-第二止盈位] CHECK_PASSED
  {}
[2026-03-17 12:50:25] [INFO] [压力位突破警报-76000-下一阻力] CHECK_PASSED
  {}
[2026-03-17 12:50:26] [INFO] [支撑位跌破警报-73000-突破后回踩支撑] CHECK_PASSED
  {}
[2026-03-17 12:55:13] [INFO] [压力位突破警报-76000-下一阻力] CHECK_START
  {}
[2026-03-17 12:55:13] [INFO] [支撑位跌破警报-73000-突破后回踩支撑] CHECK_START
  {}
[2026-03-17 12:55:13] [INFO] [压力位突破警报-78500-第二止盈位] CHECK_START
  {}
[2026-03-17 12:55:14] [INFO] [压力位突破警报-78500-第二止盈位] CHECK_PASSED
  {}
[2026-03-17 12:55:14] [INFO] [压力位突破警报-76000-下一阻力] CHECK_PASSED
  {}
[2026-03-17 12:55:15] [INFO] [支撑位跌破警报-73000-突破后回踩支撑] CHECK_PASSED
  {}
[2026-03-17 13:00:02] [INFO] [压力位突破警报-76000-下一阻力] CHECK_START
  {}
[2026-03-17 13:00:02] [INFO] [支撑位跌破警报-73000-突破后回踩支撑] CHECK_START
  {}
[2026-03-17 13:00:02] [INFO] [压力位突破警报-78500-第二止盈位] CHECK_START
  {}
[2026-03-17 13:00:02] [INFO] [压力位突破警报-76000-下一阻力] 检测到规则文件已不存在
  {"path":"/home/administrator/.openclaw/july-btc-analyzer/skills/btc-alert/rules/2026-03-16-resistance-76000.js"}
[2026-03-17 13:00:02] [INFO] [压力位突破警报-76000-下一阻力] RULE_UNLOADED
  {"reason":"file_removed"}
[2026-03-17 13:00:03] [INFO] [压力位突破警报-76000-下一阻力] CHECK_PASSED
  {}
[2026-03-17 13:00:03] [INFO] [压力位突破警报-78500-第二止盈位] CHECK_PASSED
  {}
[2026-03-17 13:00:06] [INFO] [支撑位跌破警报-73000-突破后回踩支撑] CHECK_PASSED
  {}
[2026-03-17 13:00:19] [INFO] [Engine] 引擎关闭 (SIGINT)
[2026-03-17 13:00:19] [INFO] [Engine] 引擎启动
  {"rulesDir":"/home/administrator/.openclaw/july-btc-analyzer/skills/btc-alert/rules","archiveDir":"/home/administrator/.openclaw/july-btc-analyzer/skills/btc-alert/rules-archive","logFile":"/home/administrator/.openclaw/july-btc-analyzer/logs/alert-engine.log"}
[2026-03-17 13:00:19] [INFO] [支撑位跌破警报-73000-突破后回踩支撑] TIMER_STARTED
  {"interval":"300s","file":"2026-03-16-support-73000.js"}
[2026-03-17 13:00:19] [INFO] [支撑位跌破警报-73000-突破后回踩支撑] CHECK_START
  {}
[2026-03-17 13:00:19] [INFO] [压力位突破警报-78500-第二止盈位] TIMER_STARTED
  {"interval":"300s","file":"2026-03-17-resistance-78500.js"}
[2026-03-17 13:00:19] [INFO] [压力位突破警报-78500-第二止盈位] CHECK_START
  {}
[2026-03-17 13:00:19] [INFO] [支撑位跌破警报-72000-EMA7强支撑] TIMER_STARTED
  {"interval":"300s","file":"2026-03-17-support-72000.js"}
[2026-03-17 13:00:19] [INFO] [支撑位跌破警报-72000-EMA7强支撑] CHECK_START
  {}
[2026-03-17 13:00:19] [INFO] [Engine] 规则加载完成
  {"count":3}
[2026-03-17 13:00:20] [INFO] [支撑位跌破警报-72000-EMA7强支撑] CHECK_PASSED
  {}
[2026-03-17 13:00:20] [INFO] [压力位突破警报-78500-第二止盈位] CHECK_PASSED
  {}
[2026-03-17 13:00:20] [INFO] [支撑位跌破警报-73000-突破后回踩支撑] CHECK_PASSED
  {}
[2026-03-17 13:05:08] [INFO] [支撑位跌破警报-73000-突破后回踩支撑] CHECK_START
  {}
[2026-03-17 13:05:08] [INFO] [压力位突破警报-78500-第二止盈位] CHECK_START
  {}
[2026-03-17 13:05:08] [INFO] [支撑位跌破警报-72000-EMA7强支撑] CHECK_START
  {}
[2026-03-17 13:05:09] [INFO] [支撑位跌破警报-72000-EMA7强支撑] CHECK_PASSED
  {}
[2026-03-17 13:05:09] [INFO] [压力位突破警报-78500-第二止盈位] CHECK_PASSED
  {}
[2026-03-17 13:05:09] [INFO] [支撑位跌破警报-73000-突破后回踩支撑] CHECK_PASSED
  {}
[2026-03-17 13:09:56] [INFO] [支撑位跌破警报-73000-突破后回踩支撑] CHECK_START
  {}
[2026-03-17 13:09:56] [INFO] [压力位突破警报-78500-第二止盈位] CHECK_START
  {}
[2026-03-17 13:09:56] [INFO] [支撑位跌破警报-72000-EMA7强支撑] CHECK_START
  {}
[2026-03-17 13:09:57] [INFO] [支撑位跌破警报-73000-突破后回踩支撑] CHECK_PASSED
  {}
[2026-03-17 13:09:57] [INFO] [支撑位跌破警报-72000-EMA7强支撑] CHECK_PASSED
  {}
[2026-03-17 13:09:59] [INFO] [压力位突破警报-78500-第二止盈位] CHECK_PASSED
  {}
[2026-03-17 13:14:44] [INFO] [支撑位跌破警报-73000-突破后回踩支撑] CHECK_START
  {}
[2026-03-17 13:14:44] [INFO] [压力位突破警报-78500-第二止盈位] CHECK_START
  {}
[2026-03-17 13:14:44] [INFO] [支撑位跌破警报-72000-EMA7强支撑] CHECK_START
  {}
[2026-03-17 13:14:45] [INFO] [支撑位跌破警报-72000-EMA7强支撑] CHECK_PASSED
  {}
[2026-03-17 13:14:45] [INFO] [压力位突破警报-78500-第二止盈位] CHECK_PASSED
  {}
[2026-03-17 13:14:46] [INFO] [支撑位跌破警报-73000-突破后回踩支撑] CHECK_PASSED
  {}
[2026-03-17 13:19:33] [INFO] [支撑位跌破警报-73000-突破后回踩支撑] CHECK_START
  {}
[2026-03-17 13:19:33] [INFO] [压力位突破警报-78500-第二止盈位] CHECK_START
  {}
[2026-03-17 13:19:33] [INFO] [支撑位跌破警报-72000-EMA7强支撑] CHECK_START
  {}
[2026-03-17 13:19:34] [INFO] [压力位突破警报-78500-第二止盈位] CHECK_PASSED
  {}
[2026-03-17 13:19:34] [INFO] [支撑位跌破警报-72000-EMA7强支撑] CHECK_PASSED
  {}
[2026-03-17 13:19:35] [INFO] [支撑位跌破警报-73000-突破后回踩支撑] CHECK_PASSED
  {}
[2026-03-17 13:24:21] [INFO] [支撑位跌破警报-73000-突破后回踩支撑] CHECK_START
  {}
[2026-03-17 13:24:21] [INFO] [压力位突破警报-78500-第二止盈位] CHECK_START
  {}
[2026-03-17 13:24:21] [INFO] [支撑位跌破警报-72000-EMA7强支撑] CHECK_START
  {}
[2026-03-17 13:24:22] [INFO] [支撑位跌破警报-73000-突破后回踩支撑] CHECK_PASSED
  {}
[2026-03-17 13:24:22] [INFO] [支撑位跌破警报-72000-EMA7强支撑] CHECK_PASSED
  {}
[2026-03-17 13:24:22] [INFO] [压力位突破警报-78500-第二止盈位] CHECK_PASSED
  {}
[2026-03-17 13:29:08] [INFO] [支撑位跌破警报-73000-突破后回踩支撑] CHECK_START
  {}
[2026-03-17 13:29:08] [INFO] [压力位突破警报-78500-第二止盈位] CHECK_START
  {}
[2026-03-17 13:29:08] [INFO] [支撑位跌破警报-72000-EMA7强支撑] CHECK_START
  {}
[2026-03-17 13:29:09] [INFO] [压力位突破警报-78500-第二止盈位] CHECK_PASSED
  {}
[2026-03-17 13:29:10] [INFO] [支撑位跌破警报-72000-EMA7强支撑] CHECK_PASSED
  {}
[2026-03-17 13:29:10] [INFO] [支撑位跌破警报-73000-突破后回踩支撑] CHECK_PASSED
  {}
[2026-03-17 13:33:55] [INFO] [支撑位跌破警报-73000-突破后回踩支撑] CHECK_START
  {}
[2026-03-17 13:33:55] [INFO] [压力位突破警报-78500-第二止盈位] CHECK_START
  {}
[2026-03-17 13:33:55] [INFO] [支撑位跌破警报-72000-EMA7强支撑] CHECK_START
  {}
[2026-03-17 13:33:56] [INFO] [压力位突破警报-78500-第二止盈位] CHECK_PASSED
  {}
[2026-03-17 13:33:57] [INFO] [支撑位跌破警报-73000-突破后回踩支撑] CHECK_PASSED
  {}
[2026-03-17 13:33:57] [INFO] [支撑位跌破警报-72000-EMA7强支撑] CHECK_PASSED
  {}
[2026-03-17 13:38:43] [INFO] [支撑位跌破警报-73000-突破后回踩支撑] CHECK_START
  {}
[2026-03-17 13:38:43] [INFO] [压力位突破警报-78500-第二止盈位] CHECK_START
  {}
[2026-03-17 13:38:43] [INFO] [支撑位跌破警报-72000-EMA7强支撑] CHECK_START
  {}
[2026-03-17 13:38:43] [INFO] [压力位突破警报-78500-第二止盈位] CHECK_PASSED
  {}
[2026-03-17 13:38:43] [INFO] [支撑位跌破警报-72000-EMA7强支撑] CHECK_PASSED
  {}
[2026-03-17 13:38:45] [INFO] [支撑位跌破警报-73000-突破后回踩支撑] CHECK_PASSED
  {}
[2026-03-17 13:43:30] [INFO] [支撑位跌破警报-73000-突破后回踩支撑] CHECK_START
  {}
[2026-03-17 13:43:30] [INFO] [压力位突破警报-78500-第二止盈位] CHECK_START
  {}
[2026-03-17 13:43:30] [INFO] [支撑位跌破警报-72000-EMA7强支撑] CHECK_START
  {}
[2026-03-17 13:43:31] [INFO] [压力位突破警报-78500-第二止盈位] CHECK_PASSED
  {}
[2026-03-17 13:43:31] [INFO] [支撑位跌破警报-72000-EMA7强支撑] CHECK_PASSED
  {}
[2026-03-17 13:43:31] [INFO] [支撑位跌破警报-73000-突破后回踩支撑] CHECK_PASSED
  {}
[2026-03-17 13:48:17] [INFO] [支撑位跌破警报-73000-突破后回踩支撑] CHECK_START
  {}
[2026-03-17 13:48:17] [INFO] [压力位突破警报-78500-第二止盈位] CHECK_START
  {}
[2026-03-17 13:48:17] [INFO] [支撑位跌破警报-72000-EMA7强支撑] CHECK_START
  {}
[2026-03-17 13:48:18] [INFO] [压力位突破警报-78500-第二止盈位] CHECK_PASSED
  {}
[2026-03-17 13:48:18] [INFO] [支撑位跌破警报-72000-EMA7强支撑] CHECK_PASSED
  {}
[2026-03-17 13:48:19] [INFO] [支撑位跌破警报-73000-突破后回踩支撑] CHECK_PASSED
  {}
[2026-03-17 13:53:04] [INFO] [支撑位跌破警报-73000-突破后回踩支撑] CHECK_START
  {}
[2026-03-17 13:53:04] [INFO] [压力位突破警报-78500-第二止盈位] CHECK_START
  {}
[2026-03-17 13:53:04] [INFO] [支撑位跌破警报-72000-EMA7强支撑] CHECK_START
  {}
[2026-03-17 13:53:05] [INFO] [支撑位跌破警报-72000-EMA7强支撑] CHECK_PASSED
  {}
[2026-03-17 13:53:05] [INFO] [压力位突破警报-78500-第二止盈位] CHECK_PASSED
  {}
[2026-03-17 13:53:06] [INFO] [支撑位跌破警报-73000-突破后回踩支撑] CHECK_PASSED
  {}
[2026-03-17 13:57:52] [INFO] [支撑位跌破警报-73000-突破后回踩支撑] CHECK_START
  {}
[2026-03-17 13:57:52] [INFO] [压力位突破警报-78500-第二止盈位] CHECK_START
  {}
[2026-03-17 13:57:52] [INFO] [支撑位跌破警报-72000-EMA7强支撑] CHECK_START
  {}
[2026-03-17 13:57:53] [INFO] [压力位突破警报-78500-第二止盈位] CHECK_PASSED
  {}
[2026-03-17 13:57:53] [INFO] [支撑位跌破警报-72000-EMA7强支撑] CHECK_PASSED
  {}
[2026-03-17 13:57:53] [INFO] [支撑位跌破警报-73000-突破后回踩支撑] CHECK_PASSED
  {}
[2026-03-17 14:02:39] [INFO] [支撑位跌破警报-73000-突破后回踩支撑] CHECK_START
  {}
[2026-03-17 14:02:39] [INFO] [压力位突破警报-78500-第二止盈位] CHECK_START
  {}
[2026-03-17 14:02:39] [INFO] [支撑位跌破警报-72000-EMA7强支撑] CHECK_START
  {}
[2026-03-17 14:02:40] [INFO] [支撑位跌破警报-72000-EMA7强支撑] CHECK_PASSED
  {}
[2026-03-17 14:02:40] [INFO] [压力位突破警报-78500-第二止盈位] CHECK_PASSED
  {}
[2026-03-17 14:02:40] [INFO] [支撑位跌破警报-73000-突破后回踩支撑] CHECK_PASSED
  {}
[2026-03-17 14:07:26] [INFO] [支撑位跌破警报-73000-突破后回踩支撑] CHECK_START
  {}
[2026-03-17 14:07:26] [INFO] [压力位突破警报-78500-第二止盈位] CHECK_START
  {}
[2026-03-17 14:07:26] [INFO] [支撑位跌破警报-72000-EMA7强支撑] CHECK_START
  {}
[2026-03-17 14:07:27] [INFO] [支撑位跌破警报-72000-EMA7强支撑] CHECK_PASSED
  {}
[2026-03-17 14:07:28] [INFO] [压力位突破警报-78500-第二止盈位] CHECK_PASSED
  {}
[2026-03-17 14:07:28] [INFO] [支撑位跌破警报-73000-突破后回踩支撑] CHECK_PASSED
  {}
[2026-03-17 14:12:13] [INFO] [支撑位跌破警报-73000-突破后回踩支撑] CHECK_START
  {}
[2026-03-17 14:12:13] [INFO] [压力位突破警报-78500-第二止盈位] CHECK_START
  {}
[2026-03-17 14:12:13] [INFO] [支撑位跌破警报-72000-EMA7强支撑] CHECK_START
  {}
[2026-03-17 14:12:14] [INFO] [压力位突破警报-78500-第二止盈位] CHECK_PASSED
  {}
[2026-03-17 14:12:14] [INFO] [支撑位跌破警报-73000-突破后回踩支撑] CHECK_PASSED
  {}
[2026-03-17 14:12:14] [INFO] [支撑位跌破警报-72000-EMA7强支撑] CHECK_PASSED
  {}
[2026-03-17 14:17:00] [INFO] [支撑位跌破警报-73000-突破后回踩支撑] CHECK_START
  {}
[2026-03-17 14:17:00] [INFO] [压力位突破警报-78500-第二止盈位] CHECK_START
  {}
[2026-03-17 14:17:00] [INFO] [支撑位跌破警报-72000-EMA7强支撑] CHECK_START
  {}
[2026-03-17 14:17:01] [INFO] [压力位突破警报-78500-第二止盈位] CHECK_PASSED
  {}
[2026-03-17 14:17:01] [INFO] [支撑位跌破警报-73000-突破后回踩支撑] CHECK_PASSED
  {}
[2026-03-17 14:17:01] [INFO] [支撑位跌破警报-72000-EMA7强支撑] CHECK_PASSED
  {}
[2026-03-17 14:21:46] [INFO] [支撑位跌破警报-73000-突破后回踩支撑] CHECK_START
  {}
[2026-03-17 14:21:46] [INFO] [压力位突破警报-78500-第二止盈位] CHECK_START
  {}
[2026-03-17 14:21:46] [INFO] [支撑位跌破警报-72000-EMA7强支撑] CHECK_START
  {}
[2026-03-17 14:21:47] [INFO] [支撑位跌破警报-72000-EMA7强支撑] CHECK_PASSED
  {}
[2026-03-17 14:21:47] [INFO] [支撑位跌破警报-73000-突破后回踩支撑] CHECK_PASSED
  {}
[2026-03-17 14:21:48] [INFO] [压力位突破警报-78500-第二止盈位] CHECK_PASSED
  {}
[2026-03-17 14:26:33] [INFO] [支撑位跌破警报-73000-突破后回踩支撑] CHECK_START
  {}
[2026-03-17 14:26:33] [INFO] [压力位突破警报-78500-第二止盈位] CHECK_START
  {}
[2026-03-17 14:26:33] [INFO] [支撑位跌破警报-72000-EMA7强支撑] CHECK_START
  {}
[2026-03-17 14:26:34] [INFO] [支撑位跌破警报-73000-突破后回踩支撑] CHECK_PASSED
  {}
[2026-03-17 14:26:34] [INFO] [压力位突破警报-78500-第二止盈位] CHECK_PASSED
  {}
[2026-03-17 14:26:35] [INFO] [支撑位跌破警报-72000-EMA7强支撑] CHECK_PASSED
  {}
[2026-03-17 14:31:19] [INFO] [支撑位跌破警报-73000-突破后回踩支撑] CHECK_START
  {}
[2026-03-17 14:31:19] [INFO] [压力位突破警报-78500-第二止盈位] CHECK_START
  {}
[2026-03-17 14:31:19] [INFO] [支撑位跌破警报-72000-EMA7强支撑] CHECK_START
  {}
[2026-03-17 14:31:20] [INFO] [支撑位跌破警报-72000-EMA7强支撑] CHECK_PASSED
  {}
[2026-03-17 14:31:21] [INFO] [压力位突破警报-78500-第二止盈位] CHECK_PASSED
  {}
[2026-03-17 14:31:22] [INFO] [支撑位跌破警报-73000-突破后回踩支撑] CHECK_PASSED
  {}
[2026-03-17 14:36:05] [INFO] [支撑位跌破警报-73000-突破后回踩支撑] CHECK_START
  {}
[2026-03-17 14:36:05] [INFO] [压力位突破警报-78500-第二止盈位] CHECK_START
  {}
[2026-03-17 14:36:05] [INFO] [支撑位跌破警报-72000-EMA7强支撑] CHECK_START
  {}
[2026-03-17 14:36:06] [INFO] [压力位突破警报-78500-第二止盈位] CHECK_PASSED
  {}
[2026-03-17 14:36:07] [INFO] [支撑位跌破警报-73000-突破后回踩支撑] CHECK_PASSED
  {}
[2026-03-17 14:36:07] [INFO] [支撑位跌破警报-72000-EMA7强支撑] CHECK_PASSED
  {}
[2026-03-17 14:40:52] [INFO] [支撑位跌破警报-73000-突破后回踩支撑] CHECK_START
  {}
[2026-03-17 14:40:52] [INFO] [压力位突破警报-78500-第二止盈位] CHECK_START
  {}
[2026-03-17 14:40:52] [INFO] [支撑位跌破警报-72000-EMA7强支撑] CHECK_START
  {}
[2026-03-17 14:40:53] [INFO] [支撑位跌破警报-72000-EMA7强支撑] CHECK_PASSED
  {}
[2026-03-17 14:40:53] [INFO] [压力位突破警报-78500-第二止盈位] CHECK_PASSED
  {}
[2026-03-17 14:40:53] [INFO] [支撑位跌破警报-73000-突破后回踩支撑] CHECK_PASSED
  {}
[2026-03-17 14:45:38] [INFO] [支撑位跌破警报-73000-突破后回踩支撑] CHECK_START
  {}
[2026-03-17 14:45:38] [INFO] [压力位突破警报-78500-第二止盈位] CHECK_START
  {}
[2026-03-17 14:45:38] [INFO] [支撑位跌破警报-72000-EMA7强支撑] CHECK_START
  {}
[2026-03-17 14:45:39] [INFO] [支撑位跌破警报-73000-突破后回踩支撑] CHECK_PASSED
  {}
[2026-03-17 14:45:40] [INFO] [支撑位跌破警报-72000-EMA7强支撑] CHECK_PASSED
  {}
[2026-03-17 14:45:40] [INFO] [压力位突破警报-78500-第二止盈位] CHECK_PASSED
  {}
[2026-03-17 14:50:24] [INFO] [支撑位跌破警报-73000-突破后回踩支撑] CHECK_START
  {}
[2026-03-17 14:50:24] [INFO] [压力位突破警报-78500-第二止盈位] CHECK_START
  {}
[2026-03-17 14:50:24] [INFO] [支撑位跌破警报-72000-EMA7强支撑] CHECK_START
  {}
[2026-03-17 14:50:25] [INFO] [支撑位跌破警报-72000-EMA7强支撑] CHECK_PASSED
  {}
[2026-03-17 14:50:25] [INFO] [压力位突破警报-78500-第二止盈位] CHECK_PASSED
  {}
[2026-03-17 14:50:26] [INFO] [支撑位跌破警报-73000-突破后回踩支撑] CHECK_PASSED
  {}
[2026-03-17 14:55:10] [INFO] [支撑位跌破警报-73000-突破后回踩支撑] CHECK_START
  {}
[2026-03-17 14:55:10] [INFO] [压力位突破警报-78500-第二止盈位] CHECK_START
  {}
[2026-03-17 14:55:10] [INFO] [支撑位跌破警报-72000-EMA7强支撑] CHECK_START
  {}
[2026-03-17 14:55:11] [INFO] [支撑位跌破警报-72000-EMA7强支撑] CHECK_PASSED
  {}
[2026-03-17 14:55:11] [INFO] [支撑位跌破警报-73000-突破后回踩支撑] CHECK_PASSED
  {}
[2026-03-17 14:55:12] [INFO] [压力位突破警报-78500-第二止盈位] CHECK_PASSED
  {}
[2026-03-17 14:59:56] [INFO] [支撑位跌破警报-73000-突破后回踩支撑] CHECK_START
  {}
[2026-03-17 14:59:56] [INFO] [压力位突破警报-78500-第二止盈位] CHECK_START
  {}
[2026-03-17 14:59:56] [INFO] [支撑位跌破警报-72000-EMA7强支撑] CHECK_START
  {}
[2026-03-17 14:59:57] [INFO] [支撑位跌破警报-72000-EMA7强支撑] CHECK_PASSED
  {}
[2026-03-17 14:59:57] [INFO] [支撑位跌破警报-73000-突破后回踩支撑] CHECK_PASSED
  {}
[2026-03-17 14:59:58] [INFO] [压力位突破警报-78500-第二止盈位] CHECK_PASSED
  {}
[2026-03-17 15:04:42] [INFO] [支撑位跌破警报-73000-突破后回踩支撑] CHECK_START
  {}
[2026-03-17 15:04:42] [INFO] [压力位突破警报-78500-第二止盈位] CHECK_START
  {}
[2026-03-17 15:04:42] [INFO] [支撑位跌破警报-72000-EMA7强支撑] CHECK_START
  {}
[2026-03-17 15:04:43] [INFO] [压力位突破警报-78500-第二止盈位] CHECK_PASSED
  {}
[2026-03-17 15:04:43] [INFO] [支撑位跌破警报-72000-EMA7强支撑] CHECK_PASSED
  {}
[2026-03-17 15:04:43] [INFO] [支撑位跌破警报-73000-突破后回踩支撑] CHECK_PASSED
  {}
[2026-03-17 15:09:28] [INFO] [支撑位跌破警报-73000-突破后回踩支撑] CHECK_START
  {}
[2026-03-17 15:09:28] [INFO] [压力位突破警报-78500-第二止盈位] CHECK_START
  {}
[2026-03-17 15:09:28] [INFO] [支撑位跌破警报-72000-EMA7强支撑] CHECK_START
  {}
[2026-03-17 15:09:29] [INFO] [支撑位跌破警报-73000-突破后回踩支撑] CHECK_PASSED
  {}
[2026-03-17 15:09:29] [INFO] [压力位突破警报-78500-第二止盈位] CHECK_PASSED
  {}
[2026-03-17 15:09:29] [INFO] [支撑位跌破警报-72000-EMA7强支撑] CHECK_PASSED
  {}
[2026-03-17 15:14:13] [INFO] [支撑位跌破警报-73000-突破后回踩支撑] CHECK_START
  {}
[2026-03-17 15:14:13] [INFO] [压力位突破警报-78500-第二止盈位] CHECK_START
  {}
[2026-03-17 15:14:13] [INFO] [支撑位跌破警报-72000-EMA7强支撑] CHECK_START
  {}
[2026-03-17 15:14:15] [INFO] [压力位突破警报-78500-第二止盈位] CHECK_PASSED
  {}
[2026-03-17 15:14:15] [INFO] [支撑位跌破警报-72000-EMA7强支撑] CHECK_PASSED
  {}
[2026-03-17 15:14:16] [INFO] [支撑位跌破警报-73000-突破后回踩支撑] CHECK_PASSED
  {}
[2026-03-17 15:18:59] [INFO] [支撑位跌破警报-73000-突破后回踩支撑] CHECK_START
  {}
[2026-03-17 15:18:59] [INFO] [压力位突破警报-78500-第二止盈位] CHECK_START
  {}
[2026-03-17 15:18:59] [INFO] [支撑位跌破警报-72000-EMA7强支撑] CHECK_START
  {}
[2026-03-17 15:18:59] [INFO] [支撑位跌破警报-73000-突破后回踩支撑] CHECK_PASSED
  {}
[2026-03-17 15:19:00] [INFO] [支撑位跌破警报-72000-EMA7强支撑] CHECK_PASSED
  {}
[2026-03-17 15:19:01] [INFO] [压力位突破警报-78500-第二止盈位] CHECK_PASSED
  {}
[2026-03-17 15:23:44] [INFO] [支撑位跌破警报-73000-突破后回踩支撑] CHECK_START
  {}
[2026-03-17 15:23:44] [INFO] [压力位突破警报-78500-第二止盈位] CHECK_START
  {}
[2026-03-17 15:23:44] [INFO] [支撑位跌破警报-72000-EMA7强支撑] CHECK_START
  {}
[2026-03-17 15:23:45] [INFO] [压力位突破警报-78500-第二止盈位] CHECK_PASSED
  {}
[2026-03-17 15:23:45] [INFO] [支撑位跌破警报-73000-突破后回踩支撑] CHECK_PASSED
  {}
[2026-03-17 15:23:45] [INFO] [支撑位跌破警报-72000-EMA7强支撑] CHECK_PASSED
  {}
[2026-03-17 15:28:29] [INFO] [支撑位跌破警报-73000-突破后回踩支撑] CHECK_START
  {}
[2026-03-17 15:28:29] [INFO] [压力位突破警报-78500-第二止盈位] CHECK_START
  {}
[2026-03-17 15:28:29] [INFO] [支撑位跌破警报-72000-EMA7强支撑] CHECK_START
  {}
[2026-03-17 15:28:30] [INFO] [支撑位跌破警报-72000-EMA7强支撑] CHECK_PASSED
  {}
[2026-03-17 15:28:30] [INFO] [压力位突破警报-78500-第二止盈位] CHECK_PASSED
  {}
[2026-03-17 15:28:32] [INFO] [支撑位跌破警报-73000-突破后回踩支撑] CHECK_PASSED
  {}
[2026-03-17 15:33:14] [INFO] [支撑位跌破警报-73000-突破后回踩支撑] CHECK_START
  {}
[2026-03-17 15:33:14] [INFO] [压力位突破警报-78500-第二止盈位] CHECK_START
  {}
[2026-03-17 15:33:14] [INFO] [支撑位跌破警报-72000-EMA7强支撑] CHECK_START
  {}
[2026-03-17 15:33:15] [INFO] [压力位突破警报-78500-第二止盈位] CHECK_PASSED
  {}
[2026-03-17 15:33:15] [INFO] [支撑位跌破警报-73000-突破后回踩支撑] CHECK_PASSED
  {}
[2026-03-17 15:33:15] [INFO] [支撑位跌破警报-72000-EMA7强支撑] CHECK_PASSED
  {}
[2026-03-17 15:37:59] [INFO] [支撑位跌破警报-73000-突破后回踩支撑] CHECK_START
  {}
[2026-03-17 15:37:59] [INFO] [压力位突破警报-78500-第二止盈位] CHECK_START
  {}
[2026-03-17 15:37:59] [INFO] [支撑位跌破警报-72000-EMA7强支撑] CHECK_START
  {}
[2026-03-17 15:38:00] [INFO] [压力位突破警报-78500-第二止盈位] CHECK_PASSED
  {}
[2026-03-17 15:38:00] [INFO] [支撑位跌破警报-73000-突破后回踩支撑] CHECK_PASSED
  {}
[2026-03-17 15:38:01] [INFO] [支撑位跌破警报-72000-EMA7强支撑] CHECK_PASSED
  {}
[2026-03-17 15:42:43] [INFO] [支撑位跌破警报-73000-突破后回踩支撑] CHECK_START
  {}
[2026-03-17 15:42:43] [INFO] [压力位突破警报-78500-第二止盈位] CHECK_START
  {}
[2026-03-17 15:42:43] [INFO] [支撑位跌破警报-72000-EMA7强支撑] CHECK_START
  {}
[2026-03-17 15:42:44] [INFO] [支撑位跌破警报-73000-突破后回踩支撑] CHECK_PASSED
  {}
[2026-03-17 15:42:44] [INFO] [压力位突破警报-78500-第二止盈位] CHECK_PASSED
  {}
[2026-03-17 15:42:44] [INFO] [支撑位跌破警报-72000-EMA7强支撑] CHECK_PASSED
  {}
[2026-03-17 15:47:28] [INFO] [支撑位跌破警报-73000-突破后回踩支撑] CHECK_START
  {}
[2026-03-17 15:47:28] [INFO] [压力位突破警报-78500-第二止盈位] CHECK_START
  {}
[2026-03-17 15:47:28] [INFO] [支撑位跌破警报-72000-EMA7强支撑] CHECK_START
  {}
[2026-03-17 15:47:29] [INFO] [压力位突破警报-78500-第二止盈位] CHECK_PASSED
  {}
[2026-03-17 15:47:29] [INFO] [支撑位跌破警报-72000-EMA7强支撑] CHECK_PASSED
  {}
[2026-03-17 15:47:29] [INFO] [支撑位跌破警报-73000-突破后回踩支撑] CHECK_PASSED
  {}
[2026-03-17 15:52:12] [INFO] [支撑位跌破警报-73000-突破后回踩支撑] CHECK_START
  {}
[2026-03-17 15:52:12] [INFO] [压力位突破警报-78500-第二止盈位] CHECK_START
  {}
[2026-03-17 15:52:12] [INFO] [支撑位跌破警报-72000-EMA7强支撑] CHECK_START
  {}
[2026-03-17 15:52:14] [INFO] [支撑位跌破警报-73000-突破后回踩支撑] CHECK_PASSED
  {}
[2026-03-17 15:52:14] [INFO] [压力位突破警报-78500-第二止盈位] CHECK_PASSED
  {}
[2026-03-17 15:52:14] [INFO] [支撑位跌破警报-72000-EMA7强支撑] CHECK_PASSED
  {}
[2026-03-17 15:56:57] [INFO] [支撑位跌破警报-73000-突破后回踩支撑] CHECK_START
  {}
[2026-03-17 15:56:57] [INFO] [压力位突破警报-78500-第二止盈位] CHECK_START
  {}
[2026-03-17 15:56:57] [INFO] [支撑位跌破警报-72000-EMA7强支撑] CHECK_START
  {}
[2026-03-17 15:56:58] [INFO] [支撑位跌破警报-73000-突破后回踩支撑] CHECK_PASSED
  {}
[2026-03-17 15:56:58] [INFO] [支撑位跌破警报-72000-EMA7强支撑] CHECK_PASSED
  {}
[2026-03-17 15:57:02] [INFO] [压力位突破警报-78500-第二止盈位] CHECK_PASSED
  {}
[2026-03-17 16:01:41] [INFO] [支撑位跌破警报-73000-突破后回踩支撑] CHECK_START
  {}
[2026-03-17 16:01:41] [INFO] [压力位突破警报-78500-第二止盈位] CHECK_START
  {}
[2026-03-17 16:01:41] [INFO] [支撑位跌破警报-72000-EMA7强支撑] CHECK_START
  {}
[2026-03-17 16:01:42] [INFO] [支撑位跌破警报-73000-突破后回踩支撑] CHECK_PASSED
  {}
[2026-03-17 16:01:42] [INFO] [支撑位跌破警报-72000-EMA7强支撑] CHECK_PASSED
  {}
[2026-03-17 16:01:43] [INFO] [压力位突破警报-78500-第二止盈位] CHECK_PASSED
  {}
[2026-03-17 16:06:26] [INFO] [支撑位跌破警报-73000-突破后回踩支撑] CHECK_START
  {}
[2026-03-17 16:06:26] [INFO] [压力位突破警报-78500-第二止盈位] CHECK_START
  {}
[2026-03-17 16:06:26] [INFO] [支撑位跌破警报-72000-EMA7强支撑] CHECK_START
  {}
[2026-03-17 16:06:27] [INFO] [压力位突破警报-78500-第二止盈位] CHECK_PASSED
  {}
[2026-03-17 16:06:28] [INFO] [支撑位跌破警报-73000-突破后回踩支撑] CHECK_PASSED
  {}
[2026-03-17 16:06:29] [INFO] [支撑位跌破警报-72000-EMA7强支撑] CHECK_PASSED
  {}
[2026-03-17 16:11:10] [INFO] [支撑位跌破警报-73000-突破后回踩支撑] CHECK_START
  {}
[2026-03-17 16:11:10] [INFO] [压力位突破警报-78500-第二止盈位] CHECK_START
  {}
[2026-03-17 16:11:10] [INFO] [支撑位跌破警报-72000-EMA7强支撑] CHECK_START
  {}
[2026-03-17 16:11:11] [INFO] [压力位突破警报-78500-第二止盈位] CHECK_PASSED
  {}
[2026-03-17 16:11:12] [INFO] [支撑位跌破警报-72000-EMA7强支撑] CHECK_PASSED
  {}
[2026-03-17 16:11:12] [INFO] [支撑位跌破警报-73000-突破后回踩支撑] CHECK_PASSED
  {}
[2026-03-17 16:15:55] [INFO] [支撑位跌破警报-73000-突破后回踩支撑] CHECK_START
  {}
[2026-03-17 16:15:55] [INFO] [压力位突破警报-78500-第二止盈位] CHECK_START
  {}
[2026-03-17 16:15:55] [INFO] [支撑位跌破警报-72000-EMA7强支撑] CHECK_START
  {}
[2026-03-17 16:15:55] [INFO] [支撑位跌破警报-72000-EMA7强支撑] CHECK_PASSED
  {}
[2026-03-17 16:15:56] [INFO] [压力位突破警报-78500-第二止盈位] CHECK_PASSED
  {}
[2026-03-17 16:15:57] [INFO] [支撑位跌破警报-73000-突破后回踩支撑] CHECK_PASSED
  {}
[2026-03-17 16:20:38] [INFO] [支撑位跌破警报-73000-突破后回踩支撑] CHECK_START
  {}
[2026-03-17 16:20:38] [INFO] [压力位突破警报-78500-第二止盈位] CHECK_START
  {}
[2026-03-17 16:20:38] [INFO] [支撑位跌破警报-72000-EMA7强支撑] CHECK_START
  {}
[2026-03-17 16:20:39] [INFO] [压力位突破警报-78500-第二止盈位] CHECK_PASSED
  {}
[2026-03-17 16:20:39] [INFO] [支撑位跌破警报-72000-EMA7强支撑] CHECK_PASSED
  {}
[2026-03-17 16:20:39] [INFO] [支撑位跌破警报-73000-突破后回踩支撑] CHECK_PASSED
  {}
[2026-03-17 16:25:22] [INFO] [支撑位跌破警报-73000-突破后回踩支撑] CHECK_START
  {}
[2026-03-17 16:25:22] [INFO] [压力位突破警报-78500-第二止盈位] CHECK_START
  {}
[2026-03-17 16:25:22] [INFO] [支撑位跌破警报-72000-EMA7强支撑] CHECK_START
  {}
[2026-03-17 16:25:24] [INFO] [支撑位跌破警报-73000-突破后回踩支撑] CHECK_PASSED
  {}
[2026-03-17 16:25:24] [INFO] [支撑位跌破警报-72000-EMA7强支撑] CHECK_PASSED
  {}
[2026-03-17 16:25:25] [INFO] [压力位突破警报-78500-第二止盈位] CHECK_PASSED
  {}
[2026-03-17 16:30:06] [INFO] [支撑位跌破警报-73000-突破后回踩支撑] CHECK_START
  {}
[2026-03-17 16:30:06] [INFO] [压力位突破警报-78500-第二止盈位] CHECK_START
  {}
[2026-03-17 16:30:06] [INFO] [支撑位跌破警报-72000-EMA7强支撑] CHECK_START
  {}
[2026-03-17 16:30:07] [INFO] [支撑位跌破警报-72000-EMA7强支撑] CHECK_PASSED
  {}
[2026-03-17 16:30:07] [INFO] [支撑位跌破警报-73000-突破后回踩支撑] CHECK_PASSED
  {}
[2026-03-17 16:30:07] [INFO] [压力位突破警报-78500-第二止盈位] CHECK_PASSED
  {}
[2026-03-17 16:34:49] [INFO] [支撑位跌破警报-73000-突破后回踩支撑] CHECK_START
  {}
[2026-03-17 16:34:49] [INFO] [压力位突破警报-78500-第二止盈位] CHECK_START
  {}
[2026-03-17 16:34:49] [INFO] [支撑位跌破警报-72000-EMA7强支撑] CHECK_START
  {}
[2026-03-17 16:34:50] [INFO] [压力位突破警报-78500-第二止盈位] CHECK_PASSED
  {}
[2026-03-17 16:34:50] [INFO] [支撑位跌破警报-72000-EMA7强支撑] CHECK_PASSED
  {}
[2026-03-17 16:34:51] [INFO] [支撑位跌破警报-73000-突破后回踩支撑] CHECK_PASSED
  {}
[2026-03-17 16:39:33] [INFO] [支撑位跌破警报-73000-突破后回踩支撑] CHECK_START
  {}
[2026-03-17 16:39:33] [INFO] [压力位突破警报-78500-第二止盈位] CHECK_START
  {}
[2026-03-17 16:39:33] [INFO] [支撑位跌破警报-72000-EMA7强支撑] CHECK_START
  {}
[2026-03-17 16:39:34] [INFO] [支撑位跌破警报-72000-EMA7强支撑] CHECK_PASSED
  {}
[2026-03-17 16:39:34] [INFO] [支撑位跌破警报-73000-突破后回踩支撑] CHECK_PASSED
  {}
[2026-03-17 16:39:35] [INFO] [压力位突破警报-78500-第二止盈位] CHECK_PASSED
  {}
[2026-03-17 16:44:16] [INFO] [支撑位跌破警报-73000-突破后回踩支撑] CHECK_START
  {}
[2026-03-17 16:44:16] [INFO] [压力位突破警报-78500-第二止盈位] CHECK_START
  {}
[2026-03-17 16:44:16] [INFO] [支撑位跌破警报-72000-EMA7强支撑] CHECK_START
  {}
[2026-03-17 16:44:17] [INFO] [支撑位跌破警报-73000-突破后回踩支撑] CHECK_PASSED
  {}
[2026-03-17 16:44:17] [INFO] [支撑位跌破警报-72000-EMA7强支撑] CHECK_PASSED
  {}
[2026-03-17 16:44:17] [INFO] [压力位突破警报-78500-第二止盈位] CHECK_PASSED
  {}
[2026-03-17 16:48:59] [INFO] [支撑位跌破警报-73000-突破后回踩支撑] CHECK_START
  {}
[2026-03-17 16:48:59] [INFO] [压力位突破警报-78500-第二止盈位] CHECK_START
  {}
[2026-03-17 16:48:59] [INFO] [支撑位跌破警报-72000-EMA7强支撑] CHECK_START
  {}
[2026-03-17 16:49:00] [INFO] [压力位突破警报-78500-第二止盈位] CHECK_PASSED
  {}
[2026-03-17 16:49:00] [INFO] [支撑位跌破警报-73000-突破后回踩支撑] CHECK_PASSED
  {}
[2026-03-17 16:49:00] [INFO] [支撑位跌破警报-72000-EMA7强支撑] CHECK_PASSED
  {}
[2026-03-17 16:53:42] [INFO] [支撑位跌破警报-73000-突破后回踩支撑] CHECK_START
  {}
[2026-03-17 16:53:42] [INFO] [压力位突破警报-78500-第二止盈位] CHECK_START
  {}
[2026-03-17 16:53:42] [INFO] [支撑位跌破警报-72000-EMA7强支撑] CHECK_START
  {}
[2026-03-17 16:53:43] [INFO] [压力位突破警报-78500-第二止盈位] CHECK_PASSED
  {}
[2026-03-17 16:53:43] [INFO] [支撑位跌破警报-73000-突破后回踩支撑] CHECK_PASSED
  {}
[2026-03-17 16:53:43] [INFO] [支撑位跌破警报-72000-EMA7强支撑] CHECK_PASSED
  {}
[2026-03-17 16:58:26] [INFO] [支撑位跌破警报-73000-突破后回踩支撑] CHECK_START
  {}
[2026-03-17 16:58:26] [INFO] [压力位突破警报-78500-第二止盈位] CHECK_START
  {}
[2026-03-17 16:58:26] [INFO] [支撑位跌破警报-72000-EMA7强支撑] CHECK_START
  {}
[2026-03-17 16:58:27] [INFO] [支撑位跌破警报-73000-突破后回踩支撑] CHECK_PASSED
  {}
[2026-03-17 16:58:27] [INFO] [支撑位跌破警报-72000-EMA7强支撑] CHECK_PASSED
  {}
[2026-03-17 16:58:28] [INFO] [压力位突破警报-78500-第二止盈位] CHECK_PASSED
  {}
[2026-03-17 17:03:09] [INFO] [支撑位跌破警报-73000-突破后回踩支撑] CHECK_START
  {}
[2026-03-17 17:03:09] [INFO] [压力位突破警报-78500-第二止盈位] CHECK_START
  {}
[2026-03-17 17:03:09] [INFO] [支撑位跌破警报-72000-EMA7强支撑] CHECK_START
  {}
[2026-03-17 17:03:10] [INFO] [压力位突破警报-78500-第二止盈位] CHECK_PASSED
  {}
[2026-03-17 17:03:10] [INFO] [支撑位跌破警报-72000-EMA7强支撑] CHECK_PASSED
  {}
[2026-03-17 17:03:10] [INFO] [支撑位跌破警报-73000-突破后回踩支撑] CHECK_PASSED
  {}
[2026-03-17 17:07:53] [INFO] [支撑位跌破警报-73000-突破后回踩支撑] CHECK_START
  {}
[2026-03-17 17:07:53] [INFO] [压力位突破警报-78500-第二止盈位] CHECK_START
  {}
[2026-03-17 17:07:53] [INFO] [支撑位跌破警报-72000-EMA7强支撑] CHECK_START
  {}
[2026-03-17 17:07:57] [INFO] [支撑位跌破警报-72000-EMA7强支撑] CHECK_PASSED
  {}
[2026-03-17 17:07:57] [INFO] [支撑位跌破警报-73000-突破后回踩支撑] CHECK_PASSED
  {}
[2026-03-17 17:07:58] [INFO] [压力位突破警报-78500-第二止盈位] CHECK_PASSED
  {}
[2026-03-17 17:12:36] [INFO] [支撑位跌破警报-73000-突破后回踩支撑] CHECK_START
  {}
[2026-03-17 17:12:36] [INFO] [压力位突破警报-78500-第二止盈位] CHECK_START
  {}
[2026-03-17 17:12:36] [INFO] [支撑位跌破警报-72000-EMA7强支撑] CHECK_START
  {}
[2026-03-17 17:12:37] [INFO] [支撑位跌破警报-73000-突破后回踩支撑] CHECK_PASSED
  {}
[2026-03-17 17:12:37] [INFO] [压力位突破警报-78500-第二止盈位] CHECK_PASSED
  {}
[2026-03-17 17:12:37] [INFO] [支撑位跌破警报-72000-EMA7强支撑] CHECK_PASSED
  {}
[2026-03-17 17:17:18] [INFO] [支撑位跌破警报-73000-突破后回踩支撑] CHECK_START
  {}
[2026-03-17 17:17:18] [INFO] [压力位突破警报-78500-第二止盈位] CHECK_START
  {}
[2026-03-17 17:17:18] [INFO] [支撑位跌破警报-72000-EMA7强支撑] CHECK_START
  {}
[2026-03-17 17:17:19] [INFO] [支撑位跌破警报-73000-突破后回踩支撑] CHECK_PASSED
  {}
[2026-03-17 17:17:19] [INFO] [支撑位跌破警报-72000-EMA7强支撑] CHECK_PASSED
  {}
[2026-03-17 17:17:19] [INFO] [压力位突破警报-78500-第二止盈位] CHECK_PASSED
  {}
[2026-03-17 17:22:01] [INFO] [支撑位跌破警报-73000-突破后回踩支撑] CHECK_START
  {}
[2026-03-17 17:22:01] [INFO] [压力位突破警报-78500-第二止盈位] CHECK_START
  {}
[2026-03-17 17:22:01] [INFO] [支撑位跌破警报-72000-EMA7强支撑] CHECK_START
  {}
[2026-03-17 17:22:01] [INFO] [支撑位跌破警报-72000-EMA7强支撑] CHECK_PASSED
  {}
[2026-03-17 17:22:02] [INFO] [压力位突破警报-78500-第二止盈位] CHECK_PASSED
  {}
[2026-03-17 17:22:02] [INFO] [支撑位跌破警报-73000-突破后回踩支撑] CHECK_PASSED
  {}
[2026-03-17 17:26:44] [INFO] [支撑位跌破警报-73000-突破后回踩支撑] CHECK_START
  {}
[2026-03-17 17:26:44] [INFO] [压力位突破警报-78500-第二止盈位] CHECK_START
  {}
[2026-03-17 17:26:44] [INFO] [支撑位跌破警报-72000-EMA7强支撑] CHECK_START
  {}
[2026-03-17 17:26:45] [INFO] [支撑位跌破警报-73000-突破后回踩支撑] CHECK_PASSED
  {}
[2026-03-17 17:26:45] [INFO] [支撑位跌破警报-72000-EMA7强支撑] CHECK_PASSED
  {}
[2026-03-17 17:27:12] [INFO] [压力位突破警报-78500-第二止盈位] CHECK_PASSED
  {}
[2026-03-17 17:31:27] [INFO] [支撑位跌破警报-73000-突破后回踩支撑] CHECK_START
  {}
[2026-03-17 17:31:27] [INFO] [压力位突破警报-78500-第二止盈位] CHECK_START
  {}
[2026-03-17 17:31:27] [INFO] [支撑位跌破警报-72000-EMA7强支撑] CHECK_START
  {}
[2026-03-17 17:31:28] [INFO] [支撑位跌破警报-72000-EMA7强支撑] CHECK_PASSED
  {}
[2026-03-17 17:31:28] [INFO] [支撑位跌破警报-73000-突破后回踩支撑] CHECK_PASSED
  {}
[2026-03-17 17:31:28] [INFO] [压力位突破警报-78500-第二止盈位] CHECK_PASSED
  {}
[2026-03-17 17:36:10] [INFO] [支撑位跌破警报-73000-突破后回踩支撑] CHECK_START
  {}
[2026-03-17 17:36:10] [INFO] [压力位突破警报-78500-第二止盈位] CHECK_START
  {}
[2026-03-17 17:36:10] [INFO] [支撑位跌破警报-72000-EMA7强支撑] CHECK_START
  {}
[2026-03-17 17:36:11] [INFO] [支撑位跌破警报-73000-突破后回踩支撑] CHECK_PASSED
  {}
[2026-03-17 17:36:12] [INFO] [压力位突破警报-78500-第二止盈位] CHECK_PASSED
  {}
[2026-03-17 17:36:12] [INFO] [支撑位跌破警报-72000-EMA7强支撑] CHECK_PASSED
  {}
[2026-03-17 17:40:52] [INFO] [支撑位跌破警报-73000-突破后回踩支撑] CHECK_START
  {}
[2026-03-17 17:40:52] [INFO] [压力位突破警报-78500-第二止盈位] CHECK_START
  {}
[2026-03-17 17:40:52] [INFO] [支撑位跌破警报-72000-EMA7强支撑] CHECK_START
  {}
[2026-03-17 17:40:53] [INFO] [支撑位跌破警报-72000-EMA7强支撑] CHECK_PASSED
  {}
[2026-03-17 17:40:53] [INFO] [压力位突破警报-78500-第二止盈位] CHECK_PASSED
  {}
[2026-03-17 17:40:53] [INFO] [支撑位跌破警报-73000-突破后回踩支撑] CHECK_PASSED
  {}
[2026-03-17 17:45:35] [INFO] [支撑位跌破警报-73000-突破后回踩支撑] CHECK_START
  {}
[2026-03-17 17:45:35] [INFO] [压力位突破警报-78500-第二止盈位] CHECK_START
  {}
[2026-03-17 17:45:35] [INFO] [支撑位跌破警报-72000-EMA7强支撑] CHECK_START
  {}
[2026-03-17 17:45:35] [INFO] [支撑位跌破警报-72000-EMA7强支撑] CHECK_PASSED
  {}
[2026-03-17 17:45:36] [INFO] [压力位突破警报-78500-第二止盈位] CHECK_PASSED
  {}
[2026-03-17 17:45:36] [INFO] [支撑位跌破警报-73000-突破后回踩支撑] CHECK_PASSED
  {}
[2026-03-17 17:50:17] [INFO] [支撑位跌破警报-73000-突破后回踩支撑] CHECK_START
  {}
[2026-03-17 17:50:17] [INFO] [压力位突破警报-78500-第二止盈位] CHECK_START
  {}
[2026-03-17 17:50:17] [INFO] [支撑位跌破警报-72000-EMA7强支撑] CHECK_START
  {}
[2026-03-17 17:50:18] [INFO] [支撑位跌破警报-73000-突破后回踩支撑] CHECK_PASSED
  {}
[2026-03-17 17:50:18] [INFO] [支撑位跌破警报-72000-EMA7强支撑] CHECK_PASSED
  {}
[2026-03-17 17:50:18] [INFO] [压力位突破警报-78500-第二止盈位] CHECK_PASSED
  {}
[2026-03-17 17:54:59] [INFO] [支撑位跌破警报-73000-突破后回踩支撑] CHECK_START
  {}
[2026-03-17 17:54:59] [INFO] [压力位突破警报-78500-第二止盈位] CHECK_START
  {}
[2026-03-17 17:54:59] [INFO] [支撑位跌破警报-72000-EMA7强支撑] CHECK_START
  {}
[2026-03-17 17:55:00] [INFO] [支撑位跌破警报-72000-EMA7强支撑] CHECK_PASSED
  {}
[2026-03-17 17:55:00] [INFO] [压力位突破警报-78500-第二止盈位] CHECK_PASSED
  {}
[2026-03-17 17:55:00] [INFO] [支撑位跌破警报-73000-突破后回踩支撑] CHECK_PASSED
  {}
[2026-03-17 17:59:41] [INFO] [支撑位跌破警报-73000-突破后回踩支撑] CHECK_START
  {}
[2026-03-17 17:59:41] [INFO] [压力位突破警报-78500-第二止盈位] CHECK_START
  {}
[2026-03-17 17:59:41] [INFO] [支撑位跌破警报-72000-EMA7强支撑] CHECK_START
  {}
[2026-03-17 17:59:42] [INFO] [支撑位跌破警报-72000-EMA7强支撑] CHECK_PASSED
  {}
[2026-03-17 17:59:42] [INFO] [压力位突破警报-78500-第二止盈位] CHECK_PASSED
  {}
[2026-03-17 17:59:42] [INFO] [支撑位跌破警报-73000-突破后回踩支撑] CHECK_PASSED
  {}
[2026-03-17 18:04:23] [INFO] [支撑位跌破警报-73000-突破后回踩支撑] CHECK_START
  {}
[2026-03-17 18:04:23] [INFO] [压力位突破警报-78500-第二止盈位] CHECK_START
  {}
[2026-03-17 18:04:23] [INFO] [支撑位跌破警报-72000-EMA7强支撑] CHECK_START
  {}
[2026-03-17 18:04:24] [INFO] [支撑位跌破警报-73000-突破后回踩支撑] CHECK_PASSED
  {}
[2026-03-17 18:04:24] [INFO] [支撑位跌破警报-72000-EMA7强支撑] CHECK_PASSED
  {}
[2026-03-17 18:04:25] [INFO] [压力位突破警报-78500-第二止盈位] CHECK_PASSED
  {}
[2026-03-17 18:09:05] [INFO] [支撑位跌破警报-73000-突破后回踩支撑] CHECK_START
  {}
[2026-03-17 18:09:05] [INFO] [压力位突破警报-78500-第二止盈位] CHECK_START
  {}
[2026-03-17 18:09:05] [INFO] [支撑位跌破警报-72000-EMA7强支撑] CHECK_START
  {}
[2026-03-17 18:09:06] [INFO] [支撑位跌破警报-72000-EMA7强支撑] CHECK_PASSED
  {}
[2026-03-17 18:09:06] [INFO] [支撑位跌破警报-73000-突破后回踩支撑] CHECK_PASSED
  {}
[2026-03-17 18:09:07] [INFO] [压力位突破警报-78500-第二止盈位] CHECK_PASSED
  {}
[2026-03-17 18:13:47] [INFO] [支撑位跌破警报-73000-突破后回踩支撑] CHECK_START
  {}
[2026-03-17 18:13:47] [INFO] [压力位突破警报-78500-第二止盈位] CHECK_START
  {}
[2026-03-17 18:13:47] [INFO] [支撑位跌破警报-72000-EMA7强支撑] CHECK_START
  {}
[2026-03-17 18:13:48] [INFO] [支撑位跌破警报-72000-EMA7强支撑] CHECK_PASSED
  {}
[2026-03-17 18:13:48] [INFO] [压力位突破警报-78500-第二止盈位] CHECK_PASSED
  {}
[2026-03-17 18:13:48] [INFO] [支撑位跌破警报-73000-突破后回踩支撑] CHECK_PASSED
  {}
[2026-03-17 18:18:28] [INFO] [支撑位跌破警报-73000-突破后回踩支撑] CHECK_START
  {}
[2026-03-17 18:18:28] [INFO] [压力位突破警报-78500-第二止盈位] CHECK_START
  {}
[2026-03-17 18:18:28] [INFO] [支撑位跌破警报-72000-EMA7强支撑] CHECK_START
  {}
[2026-03-17 18:18:29] [INFO] [压力位突破警报-78500-第二止盈位] CHECK_PASSED
  {}
[2026-03-17 18:18:30] [INFO] [支撑位跌破警报-73000-突破后回踩支撑] CHECK_PASSED
  {}
[2026-03-17 18:18:30] [INFO] [支撑位跌破警报-72000-EMA7强支撑] CHECK_PASSED
  {}
[2026-03-17 18:23:10] [INFO] [支撑位跌破警报-73000-突破后回踩支撑] CHECK_START
  {}
[2026-03-17 18:23:10] [INFO] [压力位突破警报-78500-第二止盈位] CHECK_START
  {}
[2026-03-17 18:23:10] [INFO] [支撑位跌破警报-72000-EMA7强支撑] CHECK_START
  {}
[2026-03-17 18:23:11] [INFO] [支撑位跌破警报-72000-EMA7强支撑] CHECK_PASSED
  {}
[2026-03-17 18:23:11] [INFO] [压力位突破警报-78500-第二止盈位] CHECK_PASSED
  {}
[2026-03-17 18:23:12] [INFO] [支撑位跌破警报-73000-突破后回踩支撑] CHECK_PASSED
  {}
[2026-03-17 18:27:51] [INFO] [支撑位跌破警报-73000-突破后回踩支撑] CHECK_START
  {}
[2026-03-17 18:27:51] [INFO] [压力位突破警报-78500-第二止盈位] CHECK_START
  {}
[2026-03-17 18:27:51] [INFO] [支撑位跌破警报-72000-EMA7强支撑] CHECK_START
  {}
[2026-03-17 18:27:52] [INFO] [支撑位跌破警报-73000-突破后回踩支撑] CHECK_PASSED
  {}
[2026-03-17 18:27:52] [INFO] [压力位突破警报-78500-第二止盈位] CHECK_PASSED
  {}
[2026-03-17 18:27:52] [INFO] [支撑位跌破警报-72000-EMA7强支撑] CHECK_PASSED
  {}
[2026-03-17 18:32:32] [INFO] [支撑位跌破警报-73000-突破后回踩支撑] CHECK_START
  {}
[2026-03-17 18:32:32] [INFO] [压力位突破警报-78500-第二止盈位] CHECK_START
  {}
[2026-03-17 18:32:32] [INFO] [支撑位跌破警报-72000-EMA7强支撑] CHECK_START
  {}
[2026-03-17 18:32:34] [INFO] [支撑位跌破警报-73000-突破后回踩支撑] CHECK_PASSED
  {}
[2026-03-17 18:32:34] [INFO] [支撑位跌破警报-72000-EMA7强支撑] CHECK_PASSED
  {}
[2026-03-17 18:32:34] [INFO] [压力位突破警报-78500-第二止盈位] CHECK_PASSED
  {}
[2026-03-17 18:37:13] [INFO] [支撑位跌破警报-73000-突破后回踩支撑] CHECK_START
  {}
[2026-03-17 18:37:13] [INFO] [压力位突破警报-78500-第二止盈位] CHECK_START
  {}
[2026-03-17 18:37:13] [INFO] [支撑位跌破警报-72000-EMA7强支撑] CHECK_START
  {}
[2026-03-17 18:37:14] [INFO] [压力位突破警报-78500-第二止盈位] CHECK_PASSED
  {}
[2026-03-17 18:37:14] [INFO] [支撑位跌破警报-73000-突破后回踩支撑] CHECK_PASSED
  {}
[2026-03-17 18:37:15] [INFO] [支撑位跌破警报-72000-EMA7强支撑] CHECK_PASSED
  {}
[2026-03-17 18:41:54] [INFO] [支撑位跌破警报-73000-突破后回踩支撑] CHECK_START
  {}
[2026-03-17 18:41:54] [INFO] [压力位突破警报-78500-第二止盈位] CHECK_START
  {}
[2026-03-17 18:41:54] [INFO] [支撑位跌破警报-72000-EMA7强支撑] CHECK_START
  {}
[2026-03-17 18:41:56] [INFO] [支撑位跌破警报-73000-突破后回踩支撑] CHECK_PASSED
  {}
[2026-03-17 18:41:56] [INFO] [支撑位跌破警报-72000-EMA7强支撑] CHECK_PASSED
  {}
[2026-03-17 18:41:58] [INFO] [压力位突破警报-78500-第二止盈位] CHECK_PASSED
  {}
[2026-03-17 18:46:34] [INFO] [支撑位跌破警报-73000-突破后回踩支撑] CHECK_START
  {}
[2026-03-17 18:46:34] [INFO] [压力位突破警报-78500-第二止盈位] CHECK_START
  {}
[2026-03-17 18:46:34] [INFO] [支撑位跌破警报-72000-EMA7强支撑] CHECK_START
  {}
[2026-03-17 18:46:35] [INFO] [支撑位跌破警报-72000-EMA7强支撑] CHECK_PASSED
  {}
[2026-03-17 18:46:35] [INFO] [支撑位跌破警报-73000-突破后回踩支撑] CHECK_PASSED
  {}
[2026-03-17 18:46:35] [INFO] [压力位突破警报-78500-第二止盈位] CHECK_PASSED
  {}
[2026-03-17 18:51:15] [INFO] [支撑位跌破警报-73000-突破后回踩支撑] CHECK_START
  {}
[2026-03-17 18:51:15] [INFO] [压力位突破警报-78500-第二止盈位] CHECK_START
  {}
[2026-03-17 18:51:15] [INFO] [支撑位跌破警报-72000-EMA7强支撑] CHECK_START
  {}
[2026-03-17 18:51:15] [INFO] [支撑位跌破警报-72000-EMA7强支撑] CHECK_PASSED
  {}
[2026-03-17 18:51:15] [INFO] [支撑位跌破警报-73000-突破后回踩支撑] CHECK_PASSED
  {}
[2026-03-17 18:51:16] [INFO] [压力位突破警报-78500-第二止盈位] CHECK_PASSED
  {}
[2026-03-17 18:55:55] [INFO] [支撑位跌破警报-73000-突破后回踩支撑] CHECK_START
  {}
[2026-03-17 18:55:55] [INFO] [压力位突破警报-78500-第二止盈位] CHECK_START
  {}
[2026-03-17 18:55:55] [INFO] [支撑位跌破警报-72000-EMA7强支撑] CHECK_START
  {}
[2026-03-17 18:55:56] [INFO] [支撑位跌破警报-73000-突破后回踩支撑] CHECK_PASSED
  {}
[2026-03-17 18:55:56] [INFO] [压力位突破警报-78500-第二止盈位] CHECK_PASSED
  {}
[2026-03-17 18:55:57] [INFO] [支撑位跌破警报-72000-EMA7强支撑] CHECK_PASSED
  {}
[2026-03-17 19:00:36] [INFO] [支撑位跌破警报-73000-突破后回踩支撑] CHECK_START
  {}
[2026-03-17 19:00:36] [INFO] [压力位突破警报-78500-第二止盈位] CHECK_START
  {}
[2026-03-17 19:00:36] [INFO] [支撑位跌破警报-72000-EMA7强支撑] CHECK_START
  {}
[2026-03-17 19:00:37] [INFO] [支撑位跌破警报-73000-突破后回踩支撑] CHECK_PASSED
  {}
[2026-03-17 19:00:38] [INFO] [压力位突破警报-78500-第二止盈位] CHECK_PASSED
  {}
[2026-03-17 19:00:38] [INFO] [支撑位跌破警报-72000-EMA7强支撑] CHECK_PASSED
  {}
[2026-03-17 19:05:16] [INFO] [支撑位跌破警报-73000-突破后回踩支撑] CHECK_START
  {}
[2026-03-17 19:05:16] [INFO] [压力位突破警报-78500-第二止盈位] CHECK_START
  {}
[2026-03-17 19:05:16] [INFO] [支撑位跌破警报-72000-EMA7强支撑] CHECK_START
  {}
[2026-03-17 19:05:18] [INFO] [支撑位跌破警报-72000-EMA7强支撑] CHECK_PASSED
  {}
[2026-03-17 19:05:18] [INFO] [支撑位跌破警报-73000-突破后回踩支撑] CHECK_PASSED
  {}
[2026-03-17 19:05:19] [INFO] [压力位突破警报-78500-第二止盈位] CHECK_PASSED
  {}
[2026-03-17 19:09:57] [INFO] [支撑位跌破警报-73000-突破后回踩支撑] CHECK_START
  {}
[2026-03-17 19:09:57] [INFO] [压力位突破警报-78500-第二止盈位] CHECK_START
  {}
[2026-03-17 19:09:57] [INFO] [支撑位跌破警报-72000-EMA7强支撑] CHECK_START
  {}
[2026-03-17 19:09:58] [INFO] [压力位突破警报-78500-第二止盈位] CHECK_PASSED
  {}
[2026-03-17 19:09:58] [INFO] [支撑位跌破警报-73000-突破后回踩支撑] CHECK_PASSED
  {}
[2026-03-17 19:09:59] [INFO] [支撑位跌破警报-72000-EMA7强支撑] CHECK_PASSED
  {}
[2026-03-17 19:14:38] [INFO] [支撑位跌破警报-73000-突破后回踩支撑] CHECK_START
  {}
[2026-03-17 19:14:38] [INFO] [压力位突破警报-78500-第二止盈位] CHECK_START
  {}
[2026-03-17 19:14:38] [INFO] [支撑位跌破警报-72000-EMA7强支撑] CHECK_START
  {}
[2026-03-17 19:14:39] [INFO] [压力位突破警报-78500-第二止盈位] CHECK_PASSED
  {}
[2026-03-17 19:14:39] [INFO] [支撑位跌破警报-73000-突破后回踩支撑] CHECK_PASSED
  {}
[2026-03-17 19:14:40] [INFO] [支撑位跌破警报-72000-EMA7强支撑] CHECK_PASSED
  {}
[2026-03-17 19:19:18] [INFO] [支撑位跌破警报-73000-突破后回踩支撑] CHECK_START
  {}
[2026-03-17 19:19:18] [INFO] [压力位突破警报-78500-第二止盈位] CHECK_START
  {}
[2026-03-17 19:19:18] [INFO] [支撑位跌破警报-72000-EMA7强支撑] CHECK_START
  {}
[2026-03-17 19:19:19] [INFO] [支撑位跌破警报-72000-EMA7强支撑] CHECK_PASSED
  {}
[2026-03-17 19:19:19] [INFO] [压力位突破警报-78500-第二止盈位] CHECK_PASSED
  {}
[2026-03-17 19:19:20] [INFO] [支撑位跌破警报-73000-突破后回踩支撑] CHECK_PASSED
  {}
[2026-03-17 19:23:57] [INFO] [支撑位跌破警报-73000-突破后回踩支撑] CHECK_START
  {}
[2026-03-17 19:23:57] [INFO] [压力位突破警报-78500-第二止盈位] CHECK_START
  {}
[2026-03-17 19:23:57] [INFO] [支撑位跌破警报-72000-EMA7强支撑] CHECK_START
  {}
[2026-03-17 19:23:59] [INFO] [支撑位跌破警报-72000-EMA7强支撑] CHECK_PASSED
  {}
[2026-03-17 19:23:59] [INFO] [支撑位跌破警报-73000-突破后回踩支撑] CHECK_PASSED
  {}
[2026-03-17 19:23:59] [INFO] [压力位突破警报-78500-第二止盈位] CHECK_PASSED
  {}
[2026-03-17 19:28:37] [INFO] [支撑位跌破警报-73000-突破后回踩支撑] CHECK_START
  {}
[2026-03-17 19:28:37] [INFO] [压力位突破警报-78500-第二止盈位] CHECK_START
  {}
[2026-03-17 19:28:37] [INFO] [支撑位跌破警报-72000-EMA7强支撑] CHECK_START
  {}
[2026-03-17 19:28:39] [INFO] [压力位突破警报-78500-第二止盈位] CHECK_PASSED
  {}
[2026-03-17 19:28:39] [INFO] [支撑位跌破警报-72000-EMA7强支撑] CHECK_PASSED
  {}
[2026-03-17 19:29:07] [INFO] [支撑位跌破警报-73000-突破后回踩支撑] CHECK_PASSED
  {}
[2026-03-17 19:33:17] [INFO] [支撑位跌破警报-73000-突破后回踩支撑] CHECK_START
  {}
[2026-03-17 19:33:17] [INFO] [压力位突破警报-78500-第二止盈位] CHECK_START
  {}
[2026-03-17 19:33:17] [INFO] [支撑位跌破警报-72000-EMA7强支撑] CHECK_START
  {}
[2026-03-17 19:33:19] [INFO] [支撑位跌破警报-72000-EMA7强支撑] CHECK_PASSED
  {}
[2026-03-17 19:33:19] [INFO] [压力位突破警报-78500-第二止盈位] CHECK_PASSED
  {}
[2026-03-17 19:33:20] [INFO] [支撑位跌破警报-73000-突破后回踩支撑] CHECK_PASSED
  {}
[2026-03-17 19:37:57] [INFO] [支撑位跌破警报-73000-突破后回踩支撑] CHECK_START
  {}
[2026-03-17 19:37:57] [INFO] [压力位突破警报-78500-第二止盈位] CHECK_START
  {}
[2026-03-17 19:37:57] [INFO] [支撑位跌破警报-72000-EMA7强支撑] CHECK_START
  {}
[2026-03-17 19:37:58] [INFO] [压力位突破警报-78500-第二止盈位] CHECK_PASSED
  {}
[2026-03-17 19:37:58] [INFO] [支撑位跌破警报-73000-突破后回踩支撑] CHECK_PASSED
  {}
[2026-03-17 19:37:58] [INFO] [支撑位跌破警报-72000-EMA7强支撑] CHECK_PASSED
  {}
[2026-03-17 19:42:37] [INFO] [支撑位跌破警报-73000-突破后回踩支撑] CHECK_START
  {}
[2026-03-17 19:42:37] [INFO] [压力位突破警报-78500-第二止盈位] CHECK_START
  {}
[2026-03-17 19:42:37] [INFO] [支撑位跌破警报-72000-EMA7强支撑] CHECK_START
  {}
[2026-03-17 19:42:38] [INFO] [支撑位跌破警报-73000-突破后回踩支撑] CHECK_PASSED
  {}
[2026-03-17 19:42:39] [INFO] [支撑位跌破警报-72000-EMA7强支撑] CHECK_PASSED
  {}
[2026-03-17 19:42:39] [INFO] [压力位突破警报-78500-第二止盈位] CHECK_PASSED
  {}
[2026-03-17 19:47:17] [INFO] [支撑位跌破警报-73000-突破后回踩支撑] CHECK_START
  {}
[2026-03-17 19:47:17] [INFO] [压力位突破警报-78500-第二止盈位] CHECK_START
  {}
[2026-03-17 19:47:17] [INFO] [支撑位跌破警报-72000-EMA7强支撑] CHECK_START
  {}
[2026-03-17 19:47:19] [INFO] [支撑位跌破警报-73000-突破后回踩支撑] CHECK_PASSED
  {}
[2026-03-17 19:47:19] [INFO] [支撑位跌破警报-72000-EMA7强支撑] CHECK_PASSED
  {}
[2026-03-17 19:47:20] [INFO] [压力位突破警报-78500-第二止盈位] CHECK_PASSED
  {}
[2026-03-17 19:51:57] [INFO] [支撑位跌破警报-73000-突破后回踩支撑] CHECK_START
  {}
[2026-03-17 19:51:57] [INFO] [压力位突破警报-78500-第二止盈位] CHECK_START
  {}
[2026-03-17 19:51:57] [INFO] [支撑位跌破警报-72000-EMA7强支撑] CHECK_START
  {}
[2026-03-17 19:51:58] [INFO] [支撑位跌破警报-72000-EMA7强支撑] CHECK_PASSED
  {}
[2026-03-17 19:51:59] [INFO] [支撑位跌破警报-73000-突破后回踩支撑] CHECK_PASSED
  {}
[2026-03-17 19:51:59] [INFO] [压力位突破警报-78500-第二止盈位] CHECK_PASSED
  {}
[2026-03-17 19:56:37] [INFO] [支撑位跌破警报-73000-突破后回踩支撑] CHECK_START
  {}
[2026-03-17 19:56:37] [INFO] [压力位突破警报-78500-第二止盈位] CHECK_START
  {}
[2026-03-17 19:56:37] [INFO] [支撑位跌破警报-72000-EMA7强支撑] CHECK_START
  {}
[2026-03-17 19:56:40] [INFO] [支撑位跌破警报-73000-突破后回踩支撑] CHECK_PASSED
  {}
[2026-03-17 19:56:40] [INFO] [压力位突破警报-78500-第二止盈位] CHECK_PASSED
  {}
[2026-03-17 19:56:40] [INFO] [支撑位跌破警报-72000-EMA7强支撑] CHECK_PASSED
  {}
[2026-03-17 20:01:16] [INFO] [支撑位跌破警报-73000-突破后回踩支撑] CHECK_START
  {}
[2026-03-17 20:01:16] [INFO] [压力位突破警报-78500-第二止盈位] CHECK_START
  {}
[2026-03-17 20:01:16] [INFO] [支撑位跌破警报-72000-EMA7强支撑] CHECK_START
  {}
[2026-03-17 20:01:18] [INFO] [压力位突破警报-78500-第二止盈位] CHECK_PASSED
  {}
[2026-03-17 20:01:18] [INFO] [支撑位跌破警报-72000-EMA7强支撑] CHECK_PASSED
  {}
[2026-03-17 20:01:18] [INFO] [支撑位跌破警报-73000-突破后回踩支撑] CHECK_PASSED
  {}
[2026-03-17 20:05:56] [INFO] [支撑位跌破警报-73000-突破后回踩支撑] CHECK_START
  {}
[2026-03-17 20:05:56] [INFO] [压力位突破警报-78500-第二止盈位] CHECK_START
  {}
[2026-03-17 20:05:56] [INFO] [支撑位跌破警报-72000-EMA7强支撑] CHECK_START
  {}
[2026-03-17 20:05:58] [INFO] [支撑位跌破警报-72000-EMA7强支撑] CHECK_PASSED
  {}
[2026-03-17 20:05:59] [INFO] [支撑位跌破警报-73000-突破后回踩支撑] CHECK_PASSED
  {}
[2026-03-17 20:06:01] [INFO] [压力位突破警报-78500-第二止盈位] CHECK_PASSED
  {}
[2026-03-17 20:10:36] [INFO] [支撑位跌破警报-73000-突破后回踩支撑] CHECK_START
  {}
[2026-03-17 20:10:36] [INFO] [压力位突破警报-78500-第二止盈位] CHECK_START
  {}
[2026-03-17 20:10:36] [INFO] [支撑位跌破警报-72000-EMA7强支撑] CHECK_START
  {}
[2026-03-17 20:10:37] [INFO] [支撑位跌破警报-73000-突破后回踩支撑] CHECK_PASSED
  {}
[2026-03-17 20:10:37] [INFO] [支撑位跌破警报-72000-EMA7强支撑] CHECK_PASSED
  {}
[2026-03-17 20:10:37] [INFO] [压力位突破警报-78500-第二止盈位] CHECK_PASSED
  {}
[2026-03-17 20:15:16] [INFO] [支撑位跌破警报-73000-突破后回踩支撑] CHECK_START
  {}
[2026-03-17 20:15:16] [INFO] [压力位突破警报-78500-第二止盈位] CHECK_START
  {}
[2026-03-17 20:15:16] [INFO] [支撑位跌破警报-72000-EMA7强支撑] CHECK_START
  {}
[2026-03-17 20:15:17] [INFO] [支撑位跌破警报-73000-突破后回踩支撑] CHECK_PASSED
  {}
[2026-03-17 20:15:17] [INFO] [支撑位跌破警报-72000-EMA7强支撑] CHECK_PASSED
  {}
[2026-03-17 20:15:18] [INFO] [压力位突破警报-78500-第二止盈位] CHECK_PASSED
  {}
[2026-03-17 20:19:55] [INFO] [支撑位跌破警报-73000-突破后回踩支撑] CHECK_START
  {}
[2026-03-17 20:19:55] [INFO] [压力位突破警报-78500-第二止盈位] CHECK_START
  {}
[2026-03-17 20:19:55] [INFO] [支撑位跌破警报-72000-EMA7强支撑] CHECK_START
  {}
[2026-03-17 20:19:57] [INFO] [支撑位跌破警报-72000-EMA7强支撑] CHECK_PASSED
  {}
[2026-03-17 20:19:57] [INFO] [压力位突破警报-78500-第二止盈位] CHECK_PASSED
  {}
[2026-03-17 20:19:58] [INFO] [支撑位跌破警报-73000-突破后回踩支撑] CHECK_PASSED
  {}
[2026-03-17 20:24:34] [INFO] [支撑位跌破警报-73000-突破后回踩支撑] CHECK_START
  {}
[2026-03-17 20:24:34] [INFO] [压力位突破警报-78500-第二止盈位] CHECK_START
  {}
[2026-03-17 20:24:34] [INFO] [支撑位跌破警报-72000-EMA7强支撑] CHECK_START
  {}
[2026-03-17 20:24:36] [INFO] [支撑位跌破警报-72000-EMA7强支撑] CHECK_PASSED
  {}
[2026-03-17 20:24:37] [INFO] [压力位突破警报-78500-第二止盈位] CHECK_PASSED
  {}
[2026-03-17 20:24:37] [INFO] [支撑位跌破警报-73000-突破后回踩支撑] CHECK_PASSED
  {}
[2026-03-17 20:29:15] [INFO] [支撑位跌破警报-73000-突破后回踩支撑] CHECK_START
  {}
[2026-03-17 20:29:15] [INFO] [压力位突破警报-78500-第二止盈位] CHECK_START
  {}
[2026-03-17 20:29:15] [INFO] [支撑位跌破警报-72000-EMA7强支撑] CHECK_START
  {}
[2026-03-17 20:29:16] [INFO] [支撑位跌破警报-73000-突破后回踩支撑] CHECK_PASSED
  {}
[2026-03-17 20:29:16] [INFO] [压力位突破警报-78500-第二止盈位] CHECK_PASSED
  {}
[2026-03-17 20:29:16] [INFO] [支撑位跌破警报-72000-EMA7强支撑] CHECK_PASSED
  {}
[2026-03-17 20:33:54] [INFO] [支撑位跌破警报-73000-突破后回踩支撑] CHECK_START
  {}
[2026-03-17 20:33:54] [INFO] [压力位突破警报-78500-第二止盈位] CHECK_START
  {}
[2026-03-17 20:33:54] [INFO] [支撑位跌破警报-72000-EMA7强支撑] CHECK_START
  {}
[2026-03-17 20:33:55] [INFO] [支撑位跌破警报-72000-EMA7强支撑] CHECK_PASSED
  {}
[2026-03-17 20:33:55] [INFO] [压力位突破警报-78500-第二止盈位] CHECK_PASSED
  {}
[2026-03-17 20:33:55] [INFO] [支撑位跌破警报-73000-突破后回踩支撑] CHECK_PASSED
  {}
[2026-03-17 20:38:33] [INFO] [支撑位跌破警报-73000-突破后回踩支撑] CHECK_START
  {}
[2026-03-17 20:38:33] [INFO] [压力位突破警报-78500-第二止盈位] CHECK_START
  {}
[2026-03-17 20:38:33] [INFO] [支撑位跌破警报-72000-EMA7强支撑] CHECK_START
  {}
[2026-03-17 20:38:34] [INFO] [支撑位跌破警报-72000-EMA7强支撑] CHECK_PASSED
  {}
[2026-03-17 20:38:35] [INFO] [支撑位跌破警报-73000-突破后回踩支撑] CHECK_PASSED
  {}
[2026-03-17 20:38:35] [INFO] [压力位突破警报-78500-第二止盈位] CHECK_PASSED
  {}
[2026-03-17 20:43:12] [INFO] [支撑位跌破警报-73000-突破后回踩支撑] CHECK_START
  {}
[2026-03-17 20:43:12] [INFO] [压力位突破警报-78500-第二止盈位] CHECK_START
  {}
[2026-03-17 20:43:12] [INFO] [支撑位跌破警报-72000-EMA7强支撑] CHECK_START
  {}
[2026-03-17 20:43:13] [INFO] [压力位突破警报-78500-第二止盈位] CHECK_PASSED
  {}
[2026-03-17 20:43:13] [INFO] [支撑位跌破警报-73000-突破后回踩支撑] CHECK_PASSED
  {}
[2026-03-17 20:43:13] [INFO] [支撑位跌破警报-72000-EMA7强支撑] CHECK_PASSED
  {}
[2026-03-17 20:47:51] [INFO] [支撑位跌破警报-73000-突破后回踩支撑] CHECK_START
  {}
[2026-03-17 20:47:51] [INFO] [压力位突破警报-78500-第二止盈位] CHECK_START
  {}
[2026-03-17 20:47:51] [INFO] [支撑位跌破警报-72000-EMA7强支撑] CHECK_START
  {}
[2026-03-17 20:47:52] [INFO] [支撑位跌破警报-72000-EMA7强支撑] CHECK_PASSED
  {}
[2026-03-17 20:47:52] [INFO] [支撑位跌破警报-73000-突破后回踩支撑] CHECK_PASSED
  {}
[2026-03-17 20:47:54] [INFO] [压力位突破警报-78500-第二止盈位] CHECK_PASSED
  {}
[2026-03-17 20:52:29] [INFO] [支撑位跌破警报-73000-突破后回踩支撑] CHECK_START
  {}
[2026-03-17 20:52:29] [INFO] [压力位突破警报-78500-第二止盈位] CHECK_START
  {}
[2026-03-17 20:52:29] [INFO] [支撑位跌破警报-72000-EMA7强支撑] CHECK_START
  {}
[2026-03-17 20:52:30] [INFO] [支撑位跌破警报-72000-EMA7强支撑] CHECK_PASSED
  {}
[2026-03-17 20:52:30] [INFO] [压力位突破警报-78500-第二止盈位] CHECK_PASSED
  {}
[2026-03-17 20:52:30] [INFO] [支撑位跌破警报-73000-突破后回踩支撑] CHECK_PASSED
  {}
[2026-03-17 20:57:07] [INFO] [支撑位跌破警报-73000-突破后回踩支撑] CHECK_START
  {}
[2026-03-17 20:57:07] [INFO] [压力位突破警报-78500-第二止盈位] CHECK_START
  {}
[2026-03-17 20:57:07] [INFO] [支撑位跌破警报-72000-EMA7强支撑] CHECK_START
  {}
[2026-03-17 20:57:08] [INFO] [支撑位跌破警报-73000-突破后回踩支撑] CHECK_PASSED
  {}
[2026-03-17 20:57:08] [INFO] [支撑位跌破警报-72000-EMA7强支撑] CHECK_PASSED
  {}
[2026-03-17 20:57:09] [INFO] [压力位突破警报-78500-第二止盈位] CHECK_PASSED
  {}
[2026-03-17 21:01:46] [INFO] [支撑位跌破警报-73000-突破后回踩支撑] CHECK_START
  {}
[2026-03-17 21:01:46] [INFO] [压力位突破警报-78500-第二止盈位] CHECK_START
  {}
[2026-03-17 21:01:46] [INFO] [支撑位跌破警报-72000-EMA7强支撑] CHECK_START
  {}
[2026-03-17 21:01:46] [INFO] [压力位突破警报-78500-第二止盈位] CHECK_PASSED
  {}
[2026-03-17 21:01:47] [INFO] [支撑位跌破警报-72000-EMA7强支撑] CHECK_PASSED
  {}
[2026-03-17 21:01:48] [INFO] [支撑位跌破警报-73000-突破后回踩支撑] CHECK_PASSED
  {}
[2026-03-17 21:06:24] [INFO] [支撑位跌破警报-73000-突破后回踩支撑] CHECK_START
  {}
[2026-03-17 21:06:24] [INFO] [压力位突破警报-78500-第二止盈位] CHECK_START
  {}
[2026-03-17 21:06:24] [INFO] [支撑位跌破警报-72000-EMA7强支撑] CHECK_START
  {}
[2026-03-17 21:06:25] [INFO] [支撑位跌破警报-73000-突破后回踩支撑] CHECK_PASSED
  {}
[2026-03-17 21:06:25] [INFO] [压力位突破警报-78500-第二止盈位] CHECK_PASSED
  {}
[2026-03-17 21:06:25] [INFO] [支撑位跌破警报-72000-EMA7强支撑] CHECK_PASSED
  {}
[2026-03-17 21:11:03] [INFO] [支撑位跌破警报-73000-突破后回踩支撑] CHECK_START
  {}
[2026-03-17 21:11:03] [INFO] [压力位突破警报-78500-第二止盈位] CHECK_START
  {}
[2026-03-17 21:11:03] [INFO] [支撑位跌破警报-72000-EMA7强支撑] CHECK_START
  {}
[2026-03-17 21:11:04] [INFO] [支撑位跌破警报-72000-EMA7强支撑] CHECK_PASSED
  {}
[2026-03-17 21:11:04] [INFO] [支撑位跌破警报-73000-突破后回踩支撑] CHECK_PASSED
  {}
[2026-03-17 21:11:04] [INFO] [压力位突破警报-78500-第二止盈位] CHECK_PASSED
  {}
[2026-03-17 21:15:45] [INFO] [支撑位跌破警报-73000-突破后回踩支撑] CHECK_START
  {}
[2026-03-17 21:15:45] [INFO] [压力位突破警报-78500-第二止盈位] CHECK_START
  {}
[2026-03-17 21:15:45] [INFO] [支撑位跌破警报-72000-EMA7强支撑] CHECK_START
  {}
[2026-03-17 21:15:46] [INFO] [压力位突破警报-78500-第二止盈位] CHECK_PASSED
  {}
[2026-03-17 21:15:46] [INFO] [支撑位跌破警报-72000-EMA7强支撑] CHECK_PASSED
  {}
[2026-03-17 21:15:48] [INFO] [支撑位跌破警报-73000-突破后回踩支撑] CHECK_PASSED
  {}
[2026-03-17 21:20:24] [INFO] [支撑位跌破警报-73000-突破后回踩支撑] CHECK_START
  {}
[2026-03-17 21:20:24] [INFO] [压力位突破警报-78500-第二止盈位] CHECK_START
  {}
[2026-03-17 21:20:24] [INFO] [支撑位跌破警报-72000-EMA7强支撑] CHECK_START
  {}
[2026-03-17 21:20:25] [INFO] [支撑位跌破警报-73000-突破后回踩支撑] CHECK_PASSED
  {}
[2026-03-17 21:20:25] [INFO] [压力位突破警报-78500-第二止盈位] CHECK_PASSED
  {}
[2026-03-17 21:20:27] [INFO] [支撑位跌破警报-72000-EMA7强支撑] CHECK_PASSED
  {}
[2026-03-17 21:25:03] [INFO] [支撑位跌破警报-73000-突破后回踩支撑] CHECK_START
  {}
[2026-03-17 21:25:03] [INFO] [压力位突破警报-78500-第二止盈位] CHECK_START
  {}
[2026-03-17 21:25:03] [INFO] [支撑位跌破警报-72000-EMA7强支撑] CHECK_START
  {}
[2026-03-17 21:25:04] [INFO] [压力位突破警报-78500-第二止盈位] CHECK_PASSED
  {}
[2026-03-17 21:25:05] [INFO] [支撑位跌破警报-73000-突破后回踩支撑] CHECK_PASSED
  {}
[2026-03-17 21:25:07] [INFO] [支撑位跌破警报-72000-EMA7强支撑] CHECK_PASSED
  {}
[2026-03-17 21:29:42] [INFO] [支撑位跌破警报-73000-突破后回踩支撑] CHECK_START
  {}
[2026-03-17 21:29:42] [INFO] [压力位突破警报-78500-第二止盈位] CHECK_START
  {}
[2026-03-17 21:29:42] [INFO] [支撑位跌破警报-72000-EMA7强支撑] CHECK_START
  {}
[2026-03-17 21:29:44] [INFO] [支撑位跌破警报-73000-突破后回踩支撑] CHECK_PASSED
  {}
[2026-03-17 21:29:45] [INFO] [支撑位跌破警报-72000-EMA7强支撑] CHECK_PASSED
  {}
[2026-03-17 21:29:45] [INFO] [压力位突破警报-78500-第二止盈位] CHECK_PASSED
  {}
[2026-03-17 21:34:21] [INFO] [支撑位跌破警报-73000-突破后回踩支撑] CHECK_START
  {}
[2026-03-17 21:34:21] [INFO] [压力位突破警报-78500-第二止盈位] CHECK_START
  {}
[2026-03-17 21:34:21] [INFO] [支撑位跌破警报-72000-EMA7强支撑] CHECK_START
  {}
[2026-03-17 21:34:22] [INFO] [支撑位跌破警报-73000-突破后回踩支撑] CHECK_PASSED
  {}
[2026-03-17 21:34:22] [INFO] [压力位突破警报-78500-第二止盈位] CHECK_PASSED
  {}
[2026-03-17 21:34:23] [INFO] [支撑位跌破警报-72000-EMA7强支撑] CHECK_PASSED
  {}
[2026-03-17 21:39:00] [INFO] [支撑位跌破警报-73000-突破后回踩支撑] CHECK_START
  {}
[2026-03-17 21:39:00] [INFO] [压力位突破警报-78500-第二止盈位] CHECK_START
  {}
[2026-03-17 21:39:00] [INFO] [支撑位跌破警报-72000-EMA7强支撑] CHECK_START
  {}
[2026-03-17 21:39:00] [INFO] [支撑位跌破警报-72000-EMA7强支撑] CHECK_PASSED
  {}
[2026-03-17 21:39:01] [INFO] [支撑位跌破警报-73000-突破后回踩支撑] CHECK_PASSED
  {}
[2026-03-17 21:39:01] [INFO] [压力位突破警报-78500-第二止盈位] CHECK_PASSED
  {}
[2026-03-17 21:43:38] [INFO] [支撑位跌破警报-73000-突破后回踩支撑] CHECK_START
  {}
[2026-03-17 21:43:38] [INFO] [压力位突破警报-78500-第二止盈位] CHECK_START
  {}
[2026-03-17 21:43:38] [INFO] [支撑位跌破警报-72000-EMA7强支撑] CHECK_START
  {}
[2026-03-17 21:43:39] [INFO] [支撑位跌破警报-73000-突破后回踩支撑] CHECK_PASSED
  {}
[2026-03-17 21:43:39] [INFO] [支撑位跌破警报-72000-EMA7强支撑] CHECK_PASSED
  {}
[2026-03-17 21:43:40] [INFO] [压力位突破警报-78500-第二止盈位] CHECK_PASSED
  {}
[2026-03-17 21:48:15] [INFO] [支撑位跌破警报-73000-突破后回踩支撑] CHECK_START
  {}
[2026-03-17 21:48:15] [INFO] [压力位突破警报-78500-第二止盈位] CHECK_START
  {}
[2026-03-17 21:48:15] [INFO] [支撑位跌破警报-72000-EMA7强支撑] CHECK_START
  {}
[2026-03-17 21:48:16] [INFO] [支撑位跌破警报-72000-EMA7强支撑] CHECK_PASSED
  {}
[2026-03-17 21:48:16] [INFO] [压力位突破警报-78500-第二止盈位] CHECK_PASSED
  {}
[2026-03-17 21:48:16] [INFO] [支撑位跌破警报-73000-突破后回踩支撑] CHECK_PASSED
  {}
[2026-03-17 21:52:53] [INFO] [支撑位跌破警报-73000-突破后回踩支撑] CHECK_START
  {}
[2026-03-17 21:52:53] [INFO] [压力位突破警报-78500-第二止盈位] CHECK_START
  {}
[2026-03-17 21:52:53] [INFO] [支撑位跌破警报-72000-EMA7强支撑] CHECK_START
  {}
[2026-03-17 21:52:54] [INFO] [支撑位跌破警报-72000-EMA7强支撑] CHECK_PASSED
  {}
[2026-03-17 21:52:54] [INFO] [支撑位跌破警报-73000-突破后回踩支撑] CHECK_PASSED
  {}
[2026-03-17 21:52:55] [INFO] [压力位突破警报-78500-第二止盈位] CHECK_PASSED
  {}
[2026-03-17 21:57:30] [INFO] [支撑位跌破警报-73000-突破后回踩支撑] CHECK_START
  {}
[2026-03-17 21:57:30] [INFO] [压力位突破警报-78500-第二止盈位] CHECK_START
  {}
[2026-03-17 21:57:30] [INFO] [支撑位跌破警报-72000-EMA7强支撑] CHECK_START
  {}
[2026-03-17 21:57:31] [INFO] [支撑位跌破警报-72000-EMA7强支撑] CHECK_PASSED
  {}
[2026-03-17 21:57:31] [INFO] [支撑位跌破警报-73000-突破后回踩支撑] CHECK_PASSED
  {}
[2026-03-17 21:57:31] [INFO] [压力位突破警报-78500-第二止盈位] CHECK_PASSED
  {}
[2026-03-17 22:02:07] [INFO] [支撑位跌破警报-73000-突破后回踩支撑] CHECK_START
  {}
[2026-03-17 22:02:07] [INFO] [压力位突破警报-78500-第二止盈位] CHECK_START
  {}
[2026-03-17 22:02:07] [INFO] [支撑位跌破警报-72000-EMA7强支撑] CHECK_START
  {}
[2026-03-17 22:02:08] [INFO] [支撑位跌破警报-72000-EMA7强支撑] CHECK_PASSED
  {}
[2026-03-17 22:02:09] [INFO] [压力位突破警报-78500-第二止盈位] CHECK_PASSED
  {}
[2026-03-17 22:02:09] [INFO] [支撑位跌破警报-73000-突破后回踩支撑] CHECK_PASSED
  {}
[2026-03-17 22:06:47] [INFO] [支撑位跌破警报-73000-突破后回踩支撑] CHECK_START
  {}
[2026-03-17 22:06:47] [INFO] [压力位突破警报-78500-第二止盈位] CHECK_START
  {}
[2026-03-17 22:06:47] [INFO] [支撑位跌破警报-72000-EMA7强支撑] CHECK_START
  {}
[2026-03-17 22:06:49] [INFO] [压力位突破警报-78500-第二止盈位] CHECK_PASSED
  {}
[2026-03-17 22:06:50] [INFO] [支撑位跌破警报-72000-EMA7强支撑] CHECK_PASSED
  {}
[2026-03-17 22:07:16] [INFO] [支撑位跌破警报-73000-突破后回踩支撑] CHECK_PASSED
  {}
[2026-03-17 22:11:26] [INFO] [支撑位跌破警报-73000-突破后回踩支撑] CHECK_START
  {}
[2026-03-17 22:11:26] [INFO] [压力位突破警报-78500-第二止盈位] CHECK_START
  {}
[2026-03-17 22:11:26] [INFO] [支撑位跌破警报-72000-EMA7强支撑] CHECK_START
  {}
[2026-03-17 22:11:27] [INFO] [支撑位跌破警报-73000-突破后回踩支撑] CHECK_PASSED
  {}
[2026-03-17 22:11:27] [INFO] [支撑位跌破警报-72000-EMA7强支撑] CHECK_PASSED
  {}
[2026-03-17 22:11:27] [INFO] [压力位突破警报-78500-第二止盈位] CHECK_PASSED
  {}
[2026-03-17 22:16:03] [INFO] [支撑位跌破警报-73000-突破后回踩支撑] CHECK_START
  {}
[2026-03-17 22:16:03] [INFO] [压力位突破警报-78500-第二止盈位] CHECK_START
  {}
[2026-03-17 22:16:03] [INFO] [支撑位跌破警报-72000-EMA7强支撑] CHECK_START
  {}
[2026-03-17 22:16:04] [INFO] [支撑位跌破警报-73000-突破后回踩支撑] CHECK_PASSED
  {}
[2026-03-17 22:16:04] [INFO] [支撑位跌破警报-72000-EMA7强支撑] CHECK_PASSED
  {}
[2026-03-17 22:16:05] [INFO] [压力位突破警报-78500-第二止盈位] CHECK_PASSED
  {}
[2026-03-17 22:20:41] [INFO] [支撑位跌破警报-73000-突破后回踩支撑] CHECK_START
  {}
[2026-03-17 22:20:41] [INFO] [压力位突破警报-78500-第二止盈位] CHECK_START
  {}
[2026-03-17 22:20:41] [INFO] [支撑位跌破警报-72000-EMA7强支撑] CHECK_START
  {}
[2026-03-17 22:20:42] [INFO] [支撑位跌破警报-73000-突破后回踩支撑] CHECK_PASSED
  {}
[2026-03-17 22:20:43] [INFO] [支撑位跌破警报-72000-EMA7强支撑] CHECK_PASSED
  {}
[2026-03-17 22:20:44] [INFO] [压力位突破警报-78500-第二止盈位] CHECK_PASSED
  {}
[2026-03-17 22:25:18] [INFO] [支撑位跌破警报-73000-突破后回踩支撑] CHECK_START
  {}
[2026-03-17 22:25:18] [INFO] [压力位突破警报-78500-第二止盈位] CHECK_START
  {}
[2026-03-17 22:25:18] [INFO] [支撑位跌破警报-72000-EMA7强支撑] CHECK_START
  {}
[2026-03-17 22:25:20] [INFO] [支撑位跌破警报-72000-EMA7强支撑] CHECK_PASSED
  {}
[2026-03-17 22:25:20] [INFO] [支撑位跌破警报-73000-突破后回踩支撑] CHECK_PASSED
  {}
[2026-03-17 22:25:22] [INFO] [压力位突破警报-78500-第二止盈位] CHECK_PASSED
  {}
[2026-03-17 22:29:55] [INFO] [支撑位跌破警报-73000-突破后回踩支撑] CHECK_START
  {}
[2026-03-17 22:29:55] [INFO] [压力位突破警报-78500-第二止盈位] CHECK_START
  {}
[2026-03-17 22:29:55] [INFO] [支撑位跌破警报-72000-EMA7强支撑] CHECK_START
  {}
[2026-03-17 22:29:57] [INFO] [支撑位跌破警报-72000-EMA7强支撑] CHECK_PASSED
  {}
[2026-03-17 22:29:58] [INFO] [压力位突破警报-78500-第二止盈位] CHECK_PASSED
  {}
[2026-03-17 22:30:00] [INFO] [支撑位跌破警报-73000-突破后回踩支撑] CHECK_PASSED
  {}
[2026-03-17 22:34:32] [INFO] [支撑位跌破警报-73000-突破后回踩支撑] CHECK_START
  {}
[2026-03-17 22:34:32] [INFO] [压力位突破警报-78500-第二止盈位] CHECK_START
  {}
[2026-03-17 22:34:32] [INFO] [支撑位跌破警报-72000-EMA7强支撑] CHECK_START
  {}
[2026-03-17 22:34:33] [INFO] [支撑位跌破警报-73000-突破后回踩支撑] CHECK_PASSED
  {}
[2026-03-17 22:34:33] [INFO] [压力位突破警报-78500-第二止盈位] CHECK_PASSED
  {}
[2026-03-17 22:34:33] [INFO] [支撑位跌破警报-72000-EMA7强支撑] CHECK_PASSED
  {}
[2026-03-17 22:39:09] [INFO] [支撑位跌破警报-73000-突破后回踩支撑] CHECK_START
  {}
[2026-03-17 22:39:09] [INFO] [压力位突破警报-78500-第二止盈位] CHECK_START
  {}
[2026-03-17 22:39:09] [INFO] [支撑位跌破警报-72000-EMA7强支撑] CHECK_START
  {}
[2026-03-17 22:39:11] [INFO] [压力位突破警报-78500-第二止盈位] CHECK_PASSED
  {}
[2026-03-17 22:39:12] [INFO] [支撑位跌破警报-72000-EMA7强支撑] CHECK_PASSED
  {}
[2026-03-17 22:39:12] [INFO] [支撑位跌破警报-73000-突破后回踩支撑] CHECK_PASSED
  {}
[2026-03-17 22:43:46] [INFO] [支撑位跌破警报-73000-突破后回踩支撑] CHECK_START
  {}
[2026-03-17 22:43:46] [INFO] [压力位突破警报-78500-第二止盈位] CHECK_START
  {}
[2026-03-17 22:43:46] [INFO] [支撑位跌破警报-72000-EMA7强支撑] CHECK_START
  {}
[2026-03-17 22:43:47] [INFO] [支撑位跌破警报-72000-EMA7强支撑] CHECK_PASSED
  {}
[2026-03-17 22:43:48] [INFO] [支撑位跌破警报-73000-突破后回踩支撑] CHECK_PASSED
  {}
[2026-03-17 22:43:49] [INFO] [压力位突破警报-78500-第二止盈位] CHECK_PASSED
  {}
[2026-03-17 22:48:24] [INFO] [支撑位跌破警报-73000-突破后回踩支撑] CHECK_START
  {}
[2026-03-17 22:48:24] [INFO] [压力位突破警报-78500-第二止盈位] CHECK_START
  {}
[2026-03-17 22:48:24] [INFO] [支撑位跌破警报-72000-EMA7强支撑] CHECK_START
  {}
[2026-03-17 22:48:25] [INFO] [压力位突破警报-78500-第二止盈位] CHECK_PASSED
  {}
[2026-03-17 22:48:25] [INFO] [支撑位跌破警报-73000-突破后回踩支撑] CHECK_PASSED
  {}
[2026-03-17 22:48:25] [INFO] [支撑位跌破警报-72000-EMA7强支撑] CHECK_PASSED
  {}
[2026-03-17 22:52:59] [INFO] [支撑位跌破警报-73000-突破后回踩支撑] CHECK_START
  {}
[2026-03-17 22:52:59] [INFO] [压力位突破警报-78500-第二止盈位] CHECK_START
  {}
[2026-03-17 22:52:59] [INFO] [支撑位跌破警报-72000-EMA7强支撑] CHECK_START
  {}
[2026-03-17 22:53:00] [INFO] [支撑位跌破警报-73000-突破后回踩支撑] CHECK_PASSED
  {}
[2026-03-17 22:53:01] [INFO] [支撑位跌破警报-72000-EMA7强支撑] CHECK_PASSED
  {}
[2026-03-17 22:53:02] [INFO] [压力位突破警报-78500-第二止盈位] CHECK_PASSED
  {}
[2026-03-17 22:57:36] [INFO] [支撑位跌破警报-73000-突破后回踩支撑] CHECK_START
  {}
[2026-03-17 22:57:36] [INFO] [压力位突破警报-78500-第二止盈位] CHECK_START
  {}
[2026-03-17 22:57:36] [INFO] [支撑位跌破警报-72000-EMA7强支撑] CHECK_START
  {}
[2026-03-17 22:57:38] [INFO] [支撑位跌破警报-73000-突破后回踩支撑] CHECK_PASSED
  {}
[2026-03-17 22:57:38] [INFO] [支撑位跌破警报-72000-EMA7强支撑] CHECK_PASSED
  {}
[2026-03-17 22:57:39] [INFO] [压力位突破警报-78500-第二止盈位] CHECK_PASSED
  {}
[2026-03-17 23:02:12] [INFO] [支撑位跌破警报-73000-突破后回踩支撑] CHECK_START
  {}
[2026-03-17 23:02:12] [INFO] [压力位突破警报-78500-第二止盈位] CHECK_START
  {}
[2026-03-17 23:02:12] [INFO] [支撑位跌破警报-72000-EMA7强支撑] CHECK_START
  {}
[2026-03-17 23:02:13] [INFO] [压力位突破警报-78500-第二止盈位] CHECK_PASSED
  {}
[2026-03-17 23:02:13] [INFO] [支撑位跌破警报-73000-突破后回踩支撑] CHECK_PASSED
  {}
[2026-03-17 23:02:15] [INFO] [支撑位跌破警报-72000-EMA7强支撑] CHECK_PASSED
  {}
[2026-03-17 23:06:48] [INFO] [支撑位跌破警报-73000-突破后回踩支撑] CHECK_START
  {}
[2026-03-17 23:06:48] [INFO] [压力位突破警报-78500-第二止盈位] CHECK_START
  {}
[2026-03-17 23:06:48] [INFO] [支撑位跌破警报-72000-EMA7强支撑] CHECK_START
  {}
[2026-03-17 23:06:49] [INFO] [支撑位跌破警报-72000-EMA7强支撑] CHECK_PASSED
  {}
[2026-03-17 23:06:50] [INFO] [压力位突破警报-78500-第二止盈位] CHECK_PASSED
  {}
[2026-03-17 23:06:53] [INFO] [支撑位跌破警报-73000-突破后回踩支撑] CHECK_PASSED
  {}
[2026-03-17 23:11:24] [INFO] [支撑位跌破警报-73000-突破后回踩支撑] CHECK_START
  {}
[2026-03-17 23:11:24] [INFO] [压力位突破警报-78500-第二止盈位] CHECK_START
  {}
[2026-03-17 23:11:24] [INFO] [支撑位跌破警报-72000-EMA7强支撑] CHECK_START
  {}
[2026-03-17 23:11:25] [INFO] [支撑位跌破警报-72000-EMA7强支撑] CHECK_PASSED
  {}
[2026-03-17 23:11:25] [INFO] [支撑位跌破警报-73000-突破后回踩支撑] CHECK_PASSED
  {}
[2026-03-17 23:11:26] [INFO] [压力位突破警报-78500-第二止盈位] CHECK_PASSED
  {}
[2026-03-17 23:16:00] [INFO] [支撑位跌破警报-73000-突破后回踩支撑] CHECK_START
  {}
[2026-03-17 23:16:00] [INFO] [压力位突破警报-78500-第二止盈位] CHECK_START
  {}
[2026-03-17 23:16:00] [INFO] [支撑位跌破警报-72000-EMA7强支撑] CHECK_START
  {}
[2026-03-17 23:16:01] [INFO] [支撑位跌破警报-72000-EMA7强支撑] CHECK_PASSED
  {}
[2026-03-17 23:16:01] [INFO] [支撑位跌破警报-73000-突破后回踩支撑] CHECK_PASSED
  {}
[2026-03-17 23:16:01] [INFO] [压力位突破警报-78500-第二止盈位] CHECK_PASSED
  {}
[2026-03-17 23:20:36] [INFO] [支撑位跌破警报-73000-突破后回踩支撑] CHECK_START
  {}
[2026-03-17 23:20:36] [INFO] [压力位突破警报-78500-第二止盈位] CHECK_START
  {}
[2026-03-17 23:20:36] [INFO] [支撑位跌破警报-72000-EMA7强支撑] CHECK_START
  {}
[2026-03-17 23:20:37] [INFO] [支撑位跌破警报-73000-突破后回踩支撑] CHECK_PASSED
  {}
[2026-03-17 23:20:38] [INFO] [压力位突破警报-78500-第二止盈位] CHECK_PASSED
  {}
[2026-03-17 23:20:38] [INFO] [支撑位跌破警报-72000-EMA7强支撑] CHECK_PASSED
  {}
[2026-03-17 23:25:14] [INFO] [支撑位跌破警报-73000-突破后回踩支撑] CHECK_START
  {}
[2026-03-17 23:25:14] [INFO] [压力位突破警报-78500-第二止盈位] CHECK_START
  {}
[2026-03-17 23:25:14] [INFO] [支撑位跌破警报-72000-EMA7强支撑] CHECK_START
  {}
[2026-03-17 23:25:15] [INFO] [支撑位跌破警报-72000-EMA7强支撑] CHECK_PASSED
  {}
[2026-03-17 23:25:16] [INFO] [压力位突破警报-78500-第二止盈位] CHECK_PASSED
  {}
[2026-03-17 23:25:17] [INFO] [支撑位跌破警报-73000-突破后回踩支撑] CHECK_PASSED
  {}
[2026-03-17 23:29:50] [INFO] [支撑位跌破警报-73000-突破后回踩支撑] CHECK_START
  {}
[2026-03-17 23:29:50] [INFO] [压力位突破警报-78500-第二止盈位] CHECK_START
  {}
[2026-03-17 23:29:50] [INFO] [支撑位跌破警报-72000-EMA7强支撑] CHECK_START
  {}
[2026-03-17 23:29:51] [INFO] [支撑位跌破警报-72000-EMA7强支撑] CHECK_PASSED
  {}
[2026-03-17 23:29:51] [INFO] [压力位突破警报-78500-第二止盈位] CHECK_PASSED
  {}
[2026-03-17 23:29:51] [INFO] [支撑位跌破警报-73000-突破后回踩支撑] CHECK_PASSED
  {}
[2026-03-17 23:34:28] [INFO] [支撑位跌破警报-73000-突破后回踩支撑] CHECK_START
  {}
[2026-03-17 23:34:28] [INFO] [压力位突破警报-78500-第二止盈位] CHECK_START
  {}
[2026-03-17 23:34:28] [INFO] [支撑位跌破警报-72000-EMA7强支撑] CHECK_START
  {}
[2026-03-17 23:34:29] [INFO] [支撑位跌破警报-72000-EMA7强支撑] CHECK_PASSED
  {}
[2026-03-17 23:34:29] [INFO] [压力位突破警报-78500-第二止盈位] CHECK_PASSED
  {}
[2026-03-17 23:34:31] [INFO] [支撑位跌破警报-73000-突破后回踩支撑] CHECK_PASSED
  {}
[2026-03-17 23:39:03] [INFO] [支撑位跌破警报-73000-突破后回踩支撑] CHECK_START
  {}
[2026-03-17 23:39:03] [INFO] [压力位突破警报-78500-第二止盈位] CHECK_START
  {}
[2026-03-17 23:39:03] [INFO] [支撑位跌破警报-72000-EMA7强支撑] CHECK_START
  {}
[2026-03-17 23:39:04] [INFO] [支撑位跌破警报-73000-突破后回踩支撑] CHECK_PASSED
  {}
[2026-03-17 23:39:04] [INFO] [支撑位跌破警报-72000-EMA7强支撑] CHECK_PASSED
  {}
[2026-03-17 23:39:05] [INFO] [压力位突破警报-78500-第二止盈位] CHECK_PASSED
  {}
[2026-03-17 23:43:41] [INFO] [支撑位跌破警报-73000-突破后回踩支撑] CHECK_START
  {}
[2026-03-17 23:43:41] [INFO] [压力位突破警报-78500-第二止盈位] CHECK_START
  {}
[2026-03-17 23:43:41] [INFO] [支撑位跌破警报-72000-EMA7强支撑] CHECK_START
  {}
[2026-03-17 23:43:42] [INFO] [支撑位跌破警报-72000-EMA7强支撑] CHECK_PASSED
  {}
[2026-03-17 23:43:42] [INFO] [压力位突破警报-78500-第二止盈位] CHECK_PASSED
  {}
[2026-03-17 23:43:44] [INFO] [支撑位跌破警报-73000-突破后回踩支撑] CHECK_PASSED
  {}
[2026-03-17 23:48:18] [INFO] [支撑位跌破警报-73000-突破后回踩支撑] CHECK_START
  {}
[2026-03-17 23:48:18] [INFO] [压力位突破警报-78500-第二止盈位] CHECK_START
  {}
[2026-03-17 23:48:18] [INFO] [支撑位跌破警报-72000-EMA7强支撑] CHECK_START
  {}
[2026-03-17 23:48:18] [INFO] [压力位突破警报-78500-第二止盈位] CHECK_PASSED
  {}
[2026-03-17 23:48:18] [INFO] [支撑位跌破警报-73000-突破后回踩支撑] CHECK_PASSED
  {}
[2026-03-17 23:48:21] [INFO] [支撑位跌破警报-72000-EMA7强支撑] CHECK_PASSED
  {}
[2026-03-17 23:52:55] [INFO] [支撑位跌破警报-73000-突破后回踩支撑] CHECK_START
  {}
[2026-03-17 23:52:55] [INFO] [压力位突破警报-78500-第二止盈位] CHECK_START
  {}
[2026-03-17 23:52:55] [INFO] [支撑位跌破警报-72000-EMA7强支撑] CHECK_START
  {}
[2026-03-17 23:52:54] [INFO] [支撑位跌破警报-73000-突破后回踩支撑] CHECK_PASSED
  {}
[2026-03-17 23:52:54] [INFO] [支撑位跌破警报-72000-EMA7强支撑] CHECK_PASSED
  {}
[2026-03-17 23:52:54] [INFO] [压力位突破警报-78500-第二止盈位] CHECK_PASSED
  {}
[2026-03-17 23:57:31] [INFO] [支撑位跌破警报-73000-突破后回踩支撑] CHECK_START
  {}
[2026-03-17 23:57:31] [INFO] [压力位突破警报-78500-第二止盈位] CHECK_START
  {}
[2026-03-17 23:57:31] [INFO] [支撑位跌破警报-72000-EMA7强支撑] CHECK_START
  {}
[2026-03-17 23:57:30] [INFO] [压力位突破警报-78500-第二止盈位] CHECK_PASSED
  {}
[2026-03-17 23:57:30] [INFO] [支撑位跌破警报-72000-EMA7强支撑] CHECK_PASSED
  {}
[2026-03-17 23:57:32] [INFO] [支撑位跌破警报-73000-突破后回踩支撑] CHECK_PASSED
  {}
[2026-03-18 00:02:09] [INFO] [支撑位跌破警报-73000-突破后回踩支撑] CHECK_START
  {}
[2026-03-18 00:02:09] [INFO] [压力位突破警报-78500-第二止盈位] CHECK_START
  {}
[2026-03-18 00:02:09] [INFO] [支撑位跌破警报-72000-EMA7强支撑] CHECK_START
  {}
[2026-03-18 00:02:10] [INFO] [支撑位跌破警报-73000-突破后回踩支撑] CHECK_PASSED
  {}
[2026-03-18 00:02:10] [INFO] [支撑位跌破警报-72000-EMA7强支撑] CHECK_PASSED
  {}
[2026-03-18 00:02:10] [INFO] [压力位突破警报-78500-第二止盈位] CHECK_PASSED
  {}
[2026-03-18 00:06:46] [INFO] [支撑位跌破警报-73000-突破后回踩支撑] CHECK_START
  {}
[2026-03-18 00:06:46] [INFO] [压力位突破警报-78500-第二止盈位] CHECK_START
  {}
[2026-03-18 00:06:46] [INFO] [支撑位跌破警报-72000-EMA7强支撑] CHECK_START
  {}
[2026-03-18 00:06:46] [INFO] [支撑位跌破警报-73000-突破后回踩支撑] CHECK_PASSED
  {}
[2026-03-18 00:06:46] [INFO] [压力位突破警报-78500-第二止盈位] CHECK_PASSED
  {}
[2026-03-18 00:06:46] [INFO] [支撑位跌破警报-72000-EMA7强支撑] CHECK_PASSED
  {}
[2026-03-18 00:11:23] [INFO] [支撑位跌破警报-73000-突破后回踩支撑] CHECK_START
  {}
[2026-03-18 00:11:23] [INFO] [压力位突破警报-78500-第二止盈位] CHECK_START
  {}
[2026-03-18 00:11:23] [INFO] [支撑位跌破警报-72000-EMA7强支撑] CHECK_START
  {}
[2026-03-18 00:11:24] [INFO] [压力位突破警报-78500-第二止盈位] CHECK_PASSED
  {}
[2026-03-18 00:11:24] [INFO] [支撑位跌破警报-72000-EMA7强支撑] CHECK_PASSED
  {}
[2026-03-18 00:11:23] [INFO] [支撑位跌破警报-73000-突破后回踩支撑] CHECK_PASSED
  {}
[2026-03-18 00:16:02] [INFO] [支撑位跌破警报-73000-突破后回踩支撑] CHECK_START
  {}
[2026-03-18 00:16:02] [INFO] [压力位突破警报-78500-第二止盈位] CHECK_START
  {}
[2026-03-18 00:16:02] [INFO] [支撑位跌破警报-72000-EMA7强支撑] CHECK_START
  {}
[2026-03-18 00:16:03] [INFO] [压力位突破警报-78500-第二止盈位] CHECK_PASSED
  {}
[2026-03-18 00:16:03] [INFO] [支撑位跌破警报-73000-突破后回踩支撑] CHECK_PASSED
  {}
[2026-03-18 00:16:04] [INFO] [支撑位跌破警报-72000-EMA7强支撑] CHECK_PASSED
  {}
[2026-03-18 00:20:39] [INFO] [支撑位跌破警报-73000-突破后回踩支撑] CHECK_START
  {}
[2026-03-18 00:20:39] [INFO] [压力位突破警报-78500-第二止盈位] CHECK_START
  {}
[2026-03-18 00:20:39] [INFO] [支撑位跌破警报-72000-EMA7强支撑] CHECK_START
  {}
[2026-03-18 00:20:40] [INFO] [支撑位跌破警报-72000-EMA7强支撑] CHECK_PASSED
  {}
[2026-03-18 00:20:40] [INFO] [压力位突破警报-78500-第二止盈位] CHECK_PASSED
  {}
[2026-03-18 00:20:38] [INFO] [支撑位跌破警报-73000-突破后回踩支撑] CHECK_PASSED
  {}
[2026-03-18 00:25:15] [INFO] [支撑位跌破警报-73000-突破后回踩支撑] CHECK_START
  {}
[2026-03-18 00:25:15] [INFO] [压力位突破警报-78500-第二止盈位] CHECK_START
  {}
[2026-03-18 00:25:15] [INFO] [支撑位跌破警报-72000-EMA7强支撑] CHECK_START
  {}
[2026-03-18 00:25:16] [INFO] [压力位突破警报-78500-第二止盈位] CHECK_PASSED
  {}
[2026-03-18 00:25:16] [INFO] [支撑位跌破警报-73000-突破后回踩支撑] CHECK_PASSED
  {}
[2026-03-18 00:25:15] [INFO] [支撑位跌破警报-72000-EMA7强支撑] CHECK_PASSED
  {}
[2026-03-18 00:29:51] [INFO] [支撑位跌破警报-73000-突破后回踩支撑] CHECK_START
  {}
[2026-03-18 00:29:51] [INFO] [压力位突破警报-78500-第二止盈位] CHECK_START
  {}
[2026-03-18 00:29:51] [INFO] [支撑位跌破警报-72000-EMA7强支撑] CHECK_START
  {}
[2026-03-18 00:29:52] [INFO] [压力位突破警报-78500-第二止盈位] CHECK_PASSED
  {}
[2026-03-18 00:29:53] [INFO] [支撑位跌破警报-72000-EMA7强支撑] CHECK_PASSED
  {}
[2026-03-18 00:29:51] [INFO] [支撑位跌破警报-73000-突破后回踩支撑] CHECK_PASSED
  {}
[2026-03-18 00:34:27] [INFO] [支撑位跌破警报-73000-突破后回踩支撑] CHECK_START
  {}
[2026-03-18 00:34:27] [INFO] [压力位突破警报-78500-第二止盈位] CHECK_START
  {}
[2026-03-18 00:34:27] [INFO] [支撑位跌破警报-72000-EMA7强支撑] CHECK_START
  {}
[2026-03-18 00:34:28] [INFO] [压力位突破警报-78500-第二止盈位] CHECK_PASSED
  {}
[2026-03-18 00:34:27] [INFO] [支撑位跌破警报-73000-突破后回踩支撑] CHECK_PASSED
  {}
[2026-03-18 00:34:29] [INFO] [支撑位跌破警报-72000-EMA7强支撑] CHECK_PASSED
  {}
[2026-03-18 00:39:02] [INFO] [支撑位跌破警报-73000-突破后回踩支撑] CHECK_START
  {}
[2026-03-18 00:39:02] [INFO] [压力位突破警报-78500-第二止盈位] CHECK_START
  {}
[2026-03-18 00:39:02] [INFO] [支撑位跌破警报-72000-EMA7强支撑] CHECK_START
  {}
[2026-03-18 00:39:04] [INFO] [支撑位跌破警报-73000-突破后回踩支撑] CHECK_PASSED
  {}
[2026-03-18 00:39:02] [INFO] [支撑位跌破警报-72000-EMA7强支撑] CHECK_PASSED
  {}
[2026-03-18 00:39:04] [INFO] [压力位突破警报-78500-第二止盈位] CHECK_PASSED
  {}
[2026-03-18 00:43:39] [INFO] [支撑位跌破警报-73000-突破后回踩支撑] CHECK_START
  {}
[2026-03-18 00:43:39] [INFO] [压力位突破警报-78500-第二止盈位] CHECK_START
  {}
[2026-03-18 00:43:39] [INFO] [支撑位跌破警报-72000-EMA7强支撑] CHECK_START
  {}
[2026-03-18 00:43:41] [INFO] [压力位突破警报-78500-第二止盈位] CHECK_PASSED
  {}
[2026-03-18 00:43:41] [INFO] [支撑位跌破警报-72000-EMA7强支撑] CHECK_PASSED
  {}
[2026-03-18 00:43:40] [INFO] [支撑位跌破警报-73000-突破后回踩支撑] CHECK_PASSED
  {}
[2026-03-18 00:48:18] [INFO] [支撑位跌破警报-73000-突破后回踩支撑] CHECK_START
  {}
[2026-03-18 00:48:18] [INFO] [压力位突破警报-78500-第二止盈位] CHECK_START
  {}
[2026-03-18 00:48:18] [INFO] [支撑位跌破警报-72000-EMA7强支撑] CHECK_START
  {}
[2026-03-18 00:48:19] [INFO] [支撑位跌破警报-73000-突破后回踩支撑] CHECK_PASSED
  {}
[2026-03-18 00:48:19] [INFO] [压力位突破警报-78500-第二止盈位] CHECK_PASSED
  {}
[2026-03-18 00:48:20] [INFO] [支撑位跌破警报-72000-EMA7强支撑] CHECK_PASSED
  {}
[2026-03-18 00:52:56] [INFO] [支撑位跌破警报-73000-突破后回踩支撑] CHECK_START
  {}
[2026-03-18 00:52:56] [INFO] [压力位突破警报-78500-第二止盈位] CHECK_START
  {}
[2026-03-18 00:52:56] [INFO] [支撑位跌破警报-72000-EMA7强支撑] CHECK_START
  {}
[2026-03-18 00:52:57] [INFO] [支撑位跌破警报-72000-EMA7强支撑] CHECK_PASSED
  {}
[2026-03-18 00:52:57] [INFO] [支撑位跌破警报-73000-突破后回踩支撑] CHECK_PASSED
  {}
[2026-03-18 00:52:58] [INFO] [压力位突破警报-78500-第二止盈位] CHECK_PASSED
  {}
[2026-03-18 00:57:32] [INFO] [支撑位跌破警报-73000-突破后回踩支撑] CHECK_START
  {}
[2026-03-18 00:57:32] [INFO] [压力位突破警报-78500-第二止盈位] CHECK_START
  {}
[2026-03-18 00:57:32] [INFO] [支撑位跌破警报-72000-EMA7强支撑] CHECK_START
  {}
[2026-03-18 00:57:34] [INFO] [支撑位跌破警报-73000-突破后回踩支撑] CHECK_PASSED
  {}
[2026-03-18 00:57:35] [INFO] [压力位突破警报-78500-第二止盈位] CHECK_PASSED
  {}
[2026-03-18 00:57:35] [INFO] [支撑位跌破警报-72000-EMA7强支撑] CHECK_PASSED
  {}
[2026-03-18 01:02:09] [INFO] [支撑位跌破警报-73000-突破后回踩支撑] CHECK_START
  {}
[2026-03-18 01:02:09] [INFO] [压力位突破警报-78500-第二止盈位] CHECK_START
  {}
[2026-03-18 01:02:09] [INFO] [支撑位跌破警报-72000-EMA7强支撑] CHECK_START
  {}
[2026-03-18 01:02:11] [INFO] [支撑位跌破警报-73000-突破后回踩支撑] CHECK_PASSED
  {}
[2026-03-18 01:02:11] [INFO] [压力位突破警报-78500-第二止盈位] CHECK_PASSED
  {}
[2026-03-18 01:02:12] [INFO] [支撑位跌破警报-72000-EMA7强支撑] CHECK_PASSED
  {}
[2026-03-18 01:06:44] [INFO] [支撑位跌破警报-73000-突破后回踩支撑] CHECK_START
  {}
[2026-03-18 01:06:44] [INFO] [压力位突破警报-78500-第二止盈位] CHECK_START
  {}
[2026-03-18 01:06:44] [INFO] [支撑位跌破警报-72000-EMA7强支撑] CHECK_START
  {}
[2026-03-18 01:06:47] [INFO] [支撑位跌破警报-73000-突破后回踩支撑] CHECK_PASSED
  {}
[2026-03-18 01:06:47] [INFO] [压力位突破警报-78500-第二止盈位] CHECK_PASSED
  {}
[2026-03-18 01:06:47] [INFO] [支撑位跌破警报-72000-EMA7强支撑] CHECK_PASSED
  {}
[2026-03-18 01:11:20] [INFO] [支撑位跌破警报-73000-突破后回踩支撑] CHECK_START
  {}
[2026-03-18 01:11:20] [INFO] [压力位突破警报-78500-第二止盈位] CHECK_START
  {}
[2026-03-18 01:11:20] [INFO] [支撑位跌破警报-72000-EMA7强支撑] CHECK_START
  {}
[2026-03-18 01:11:22] [INFO] [压力位突破警报-78500-第二止盈位] CHECK_PASSED
  {}
[2026-03-18 01:11:22] [INFO] [支撑位跌破警报-73000-突破后回踩支撑] CHECK_PASSED
  {}
[2026-03-18 01:11:22] [INFO] [支撑位跌破警报-72000-EMA7强支撑] CHECK_PASSED
  {}
[2026-03-18 01:15:54] [INFO] [支撑位跌破警报-73000-突破后回踩支撑] CHECK_START
  {}
[2026-03-18 01:15:54] [INFO] [压力位突破警报-78500-第二止盈位] CHECK_START
  {}
[2026-03-18 01:15:54] [INFO] [支撑位跌破警报-72000-EMA7强支撑] CHECK_START
  {}
[2026-03-18 01:15:56] [INFO] [支撑位跌破警报-73000-突破后回踩支撑] CHECK_PASSED
  {}
[2026-03-18 01:15:56] [INFO] [支撑位跌破警报-72000-EMA7强支撑] CHECK_PASSED
  {}
[2026-03-18 01:15:57] [INFO] [压力位突破警报-78500-第二止盈位] CHECK_PASSED
  {}
[2026-03-18 01:20:29] [INFO] [支撑位跌破警报-73000-突破后回踩支撑] CHECK_START
  {}
[2026-03-18 01:20:29] [INFO] [压力位突破警报-78500-第二止盈位] CHECK_START
  {}
[2026-03-18 01:20:29] [INFO] [支撑位跌破警报-72000-EMA7强支撑] CHECK_START
  {}
[2026-03-18 01:20:30] [INFO] [支撑位跌破警报-73000-突破后回踩支撑] CHECK_PASSED
  {}
[2026-03-18 01:20:31] [INFO] [压力位突破警报-78500-第二止盈位] CHECK_PASSED
  {}
[2026-03-18 01:20:31] [INFO] [支撑位跌破警报-72000-EMA7强支撑] CHECK_PASSED
  {}
[2026-03-18 01:25:04] [INFO] [支撑位跌破警报-73000-突破后回踩支撑] CHECK_START
  {}
[2026-03-18 01:25:04] [INFO] [压力位突破警报-78500-第二止盈位] CHECK_START
  {}
[2026-03-18 01:25:04] [INFO] [支撑位跌破警报-72000-EMA7强支撑] CHECK_START
  {}
[2026-03-18 01:25:05] [INFO] [支撑位跌破警报-73000-突破后回踩支撑] CHECK_PASSED
  {}
[2026-03-18 01:25:06] [INFO] [压力位突破警报-78500-第二止盈位] CHECK_PASSED
  {}
[2026-03-18 01:25:06] [INFO] [支撑位跌破警报-72000-EMA7强支撑] CHECK_PASSED
  {}
[2026-03-18 01:29:40] [INFO] [支撑位跌破警报-73000-突破后回踩支撑] CHECK_START
  {}
[2026-03-18 01:29:40] [INFO] [压力位突破警报-78500-第二止盈位] CHECK_START
  {}
[2026-03-18 01:29:40] [INFO] [支撑位跌破警报-72000-EMA7强支撑] CHECK_START
  {}
[2026-03-18 01:29:41] [INFO] [压力位突破警报-78500-第二止盈位] CHECK_PASSED
  {}
[2026-03-18 01:29:42] [INFO] [支撑位跌破警报-73000-突破后回踩支撑] CHECK_PASSED
  {}
[2026-03-18 01:29:42] [INFO] [支撑位跌破警报-72000-EMA7强支撑] CHECK_PASSED
  {}
[2026-03-18 01:34:16] [INFO] [支撑位跌破警报-73000-突破后回踩支撑] CHECK_START
  {}
[2026-03-18 01:34:16] [INFO] [压力位突破警报-78500-第二止盈位] CHECK_START
  {}
[2026-03-18 01:34:16] [INFO] [支撑位跌破警报-72000-EMA7强支撑] CHECK_START
  {}
[2026-03-18 01:34:17] [INFO] [支撑位跌破警报-72000-EMA7强支撑] CHECK_PASSED
  {}
[2026-03-18 01:34:19] [INFO] [支撑位跌破警报-73000-突破后回踩支撑] CHECK_PASSED
  {}
[2026-03-18 01:34:19] [INFO] [压力位突破警报-78500-第二止盈位] CHECK_PASSED
  {}
[2026-03-18 01:38:51] [INFO] [支撑位跌破警报-73000-突破后回踩支撑] CHECK_START
  {}
[2026-03-18 01:38:51] [INFO] [压力位突破警报-78500-第二止盈位] CHECK_START
  {}
[2026-03-18 01:38:51] [INFO] [支撑位跌破警报-72000-EMA7强支撑] CHECK_START
  {}
[2026-03-18 01:38:54] [INFO] [支撑位跌破警报-73000-突破后回踩支撑] CHECK_PASSED
  {}
[2026-03-18 01:38:54] [INFO] [压力位突破警报-78500-第二止盈位] CHECK_PASSED
  {}
[2026-03-18 01:38:55] [INFO] [支撑位跌破警报-72000-EMA7强支撑] CHECK_PASSED
  {}
[2026-03-18 01:43:27] [INFO] [支撑位跌破警报-73000-突破后回踩支撑] CHECK_START
  {}
[2026-03-18 01:43:27] [INFO] [压力位突破警报-78500-第二止盈位] CHECK_START
  {}
[2026-03-18 01:43:27] [INFO] [支撑位跌破警报-72000-EMA7强支撑] CHECK_START
  {}
[2026-03-18 01:43:29] [INFO] [支撑位跌破警报-73000-突破后回踩支撑] CHECK_PASSED
  {}
[2026-03-18 01:43:29] [INFO] [压力位突破警报-78500-第二止盈位] CHECK_PASSED
  {}
[2026-03-18 01:43:30] [INFO] [支撑位跌破警报-72000-EMA7强支撑] CHECK_PASSED
  {}
[2026-03-18 01:48:01] [INFO] [支撑位跌破警报-73000-突破后回踩支撑] CHECK_START
  {}
[2026-03-18 01:48:01] [INFO] [压力位突破警报-78500-第二止盈位] CHECK_START
  {}
[2026-03-18 01:48:01] [INFO] [支撑位跌破警报-72000-EMA7强支撑] CHECK_START
  {}
[2026-03-18 01:48:03] [INFO] [压力位突破警报-78500-第二止盈位] CHECK_PASSED
  {}
[2026-03-18 01:48:03] [INFO] [支撑位跌破警报-73000-突破后回踩支撑] CHECK_PASSED
  {}
[2026-03-18 01:48:05] [INFO] [支撑位跌破警报-72000-EMA7强支撑] CHECK_PASSED
  {}
[2026-03-18 01:52:35] [INFO] [支撑位跌破警报-73000-突破后回踩支撑] CHECK_START
  {}
[2026-03-18 01:52:35] [INFO] [压力位突破警报-78500-第二止盈位] CHECK_START
  {}
[2026-03-18 01:52:35] [INFO] [支撑位跌破警报-72000-EMA7强支撑] CHECK_START
  {}
[2026-03-18 01:52:39] [INFO] [支撑位跌破警报-73000-突破后回踩支撑] CHECK_PASSED
  {}
[2026-03-18 01:52:41] [INFO] [支撑位跌破警报-72000-EMA7强支撑] CHECK_PASSED
  {}
[2026-03-18 01:52:39] [INFO] [压力位突破警报-78500-第二止盈位] CHECK_PASSED
  {}
[2026-03-18 01:57:09] [INFO] [支撑位跌破警报-73000-突破后回踩支撑] CHECK_START
  {}
[2026-03-18 01:57:09] [INFO] [压力位突破警报-78500-第二止盈位] CHECK_START
  {}
[2026-03-18 01:57:09] [INFO] [支撑位跌破警报-72000-EMA7强支撑] CHECK_START
  {}
[2026-03-18 01:57:10] [INFO] [支撑位跌破警报-72000-EMA7强支撑] CHECK_PASSED
  {}
[2026-03-18 01:57:10] [INFO] [压力位突破警报-78500-第二止盈位] CHECK_PASSED
  {}
[2026-03-18 01:57:10] [INFO] [支撑位跌破警报-73000-突破后回踩支撑] CHECK_PASSED
  {}
[2026-03-18 02:01:43] [INFO] [支撑位跌破警报-73000-突破后回踩支撑] CHECK_START
  {}
[2026-03-18 02:01:43] [INFO] [压力位突破警报-78500-第二止盈位] CHECK_START
  {}
[2026-03-18 02:01:43] [INFO] [支撑位跌破警报-72000-EMA7强支撑] CHECK_START
  {}
[2026-03-18 02:01:46] [INFO] [支撑位跌破警报-73000-突破后回踩支撑] CHECK_PASSED
  {}
[2026-03-18 02:01:46] [INFO] [支撑位跌破警报-72000-EMA7强支撑] CHECK_PASSED
  {}
[2026-03-18 02:01:46] [INFO] [压力位突破警报-78500-第二止盈位] CHECK_PASSED
  {}
[2026-03-18 02:06:16] [INFO] [支撑位跌破警报-73000-突破后回踩支撑] CHECK_START
  {}
[2026-03-18 02:06:16] [INFO] [压力位突破警报-78500-第二止盈位] CHECK_START
  {}
[2026-03-18 02:06:16] [INFO] [支撑位跌破警报-72000-EMA7强支撑] CHECK_START
  {}
[2026-03-18 02:06:20] [INFO] [支撑位跌破警报-73000-突破后回踩支撑] CHECK_PASSED
  {}
[2026-03-18 02:06:20] [INFO] [压力位突破警报-78500-第二止盈位] CHECK_PASSED
  {}
[2026-03-18 02:06:21] [INFO] [支撑位跌破警报-72000-EMA7强支撑] CHECK_PASSED
  {}
[2026-03-18 02:10:49] [INFO] [支撑位跌破警报-73000-突破后回踩支撑] CHECK_START
  {}
[2026-03-18 02:10:49] [INFO] [压力位突破警报-78500-第二止盈位] CHECK_START
  {}
[2026-03-18 02:10:49] [INFO] [支撑位跌破警报-72000-EMA7强支撑] CHECK_START
  {}
[2026-03-18 02:10:52] [INFO] [支撑位跌破警报-73000-突破后回踩支撑] CHECK_PASSED
  {}
[2026-03-18 02:10:52] [INFO] [支撑位跌破警报-72000-EMA7强支撑] CHECK_PASSED
  {}
[2026-03-18 02:10:53] [INFO] [压力位突破警报-78500-第二止盈位] CHECK_PASSED
  {}
[2026-03-18 02:15:23] [INFO] [支撑位跌破警报-73000-突破后回踩支撑] CHECK_START
  {}
[2026-03-18 02:15:23] [INFO] [压力位突破警报-78500-第二止盈位] CHECK_START
  {}
[2026-03-18 02:15:23] [INFO] [支撑位跌破警报-72000-EMA7强支撑] CHECK_START
  {}
[2026-03-18 02:15:26] [INFO] [支撑位跌破警报-72000-EMA7强支撑] CHECK_PASSED
  {}
[2026-03-18 02:15:27] [INFO] [支撑位跌破警报-73000-突破后回踩支撑] CHECK_PASSED
  {}
[2026-03-18 02:15:28] [INFO] [压力位突破警报-78500-第二止盈位] CHECK_PASSED
  {}
[2026-03-18 02:19:56] [INFO] [支撑位跌破警报-73000-突破后回踩支撑] CHECK_START
  {}
[2026-03-18 02:19:56] [INFO] [压力位突破警报-78500-第二止盈位] CHECK_START
  {}
[2026-03-18 02:19:56] [INFO] [支撑位跌破警报-72000-EMA7强支撑] CHECK_START
  {}
[2026-03-18 02:19:59] [INFO] [压力位突破警报-78500-第二止盈位] CHECK_PASSED
  {}
[2026-03-18 02:19:59] [INFO] [支撑位跌破警报-72000-EMA7强支撑] CHECK_PASSED
  {}
[2026-03-18 02:20:00] [INFO] [支撑位跌破警报-73000-突破后回踩支撑] CHECK_PASSED
  {}
[2026-03-18 02:24:29] [INFO] [支撑位跌破警报-73000-突破后回踩支撑] CHECK_START
  {}
[2026-03-18 02:24:29] [INFO] [压力位突破警报-78500-第二止盈位] CHECK_START
  {}
[2026-03-18 02:24:29] [INFO] [支撑位跌破警报-72000-EMA7强支撑] CHECK_START
  {}
[2026-03-18 02:24:31] [INFO] [压力位突破警报-78500-第二止盈位] CHECK_PASSED
  {}
[2026-03-18 02:24:31] [INFO] [支撑位跌破警报-73000-突破后回踩支撑] CHECK_PASSED
  {}
[2026-03-18 02:24:32] [INFO] [支撑位跌破警报-72000-EMA7强支撑] CHECK_PASSED
  {}
[2026-03-18 02:29:03] [INFO] [支撑位跌破警报-73000-突破后回踩支撑] CHECK_START
  {}
[2026-03-18 02:29:03] [INFO] [压力位突破警报-78500-第二止盈位] CHECK_START
  {}
[2026-03-18 02:29:03] [INFO] [支撑位跌破警报-72000-EMA7强支撑] CHECK_START
  {}
[2026-03-18 02:29:04] [INFO] [支撑位跌破警报-73000-突破后回踩支撑] CHECK_PASSED
  {}
[2026-03-18 02:29:04] [INFO] [支撑位跌破警报-72000-EMA7强支撑] CHECK_PASSED
  {}
[2026-03-18 02:29:04] [INFO] [压力位突破警报-78500-第二止盈位] CHECK_PASSED
  {}
[2026-03-18 02:33:36] [INFO] [支撑位跌破警报-73000-突破后回踩支撑] CHECK_START
  {}
[2026-03-18 02:33:36] [INFO] [压力位突破警报-78500-第二止盈位] CHECK_START
  {}
[2026-03-18 02:33:36] [INFO] [支撑位跌破警报-72000-EMA7强支撑] CHECK_START
  {}
[2026-03-18 02:33:37] [INFO] [支撑位跌破警报-73000-突破后回踩支撑] CHECK_PASSED
  {}
[2026-03-18 02:33:37] [INFO] [压力位突破警报-78500-第二止盈位] CHECK_PASSED
  {}
[2026-03-18 02:33:37] [INFO] [支撑位跌破警报-72000-EMA7强支撑] CHECK_PASSED
  {}
[2026-03-18 02:38:10] [INFO] [支撑位跌破警报-73000-突破后回踩支撑] CHECK_START
  {}
[2026-03-18 02:38:10] [INFO] [压力位突破警报-78500-第二止盈位] CHECK_START
  {}
[2026-03-18 02:38:10] [INFO] [支撑位跌破警报-72000-EMA7强支撑] CHECK_START
  {}
[2026-03-18 02:38:11] [INFO] [支撑位跌破警报-73000-突破后回踩支撑] CHECK_PASSED
  {}
[2026-03-18 02:38:11] [INFO] [压力位突破警报-78500-第二止盈位] CHECK_PASSED
  {}
[2026-03-18 02:38:11] [INFO] [支撑位跌破警报-72000-EMA7强支撑] CHECK_PASSED
  {}
[2026-03-18 02:42:43] [INFO] [支撑位跌破警报-73000-突破后回踩支撑] CHECK_START
  {}
[2026-03-18 02:42:43] [INFO] [压力位突破警报-78500-第二止盈位] CHECK_START
  {}
[2026-03-18 02:42:43] [INFO] [支撑位跌破警报-72000-EMA7强支撑] CHECK_START
  {}
[2026-03-18 02:42:44] [INFO] [压力位突破警报-78500-第二止盈位] CHECK_PASSED
  {}
[2026-03-18 02:42:44] [INFO] [支撑位跌破警报-73000-突破后回踩支撑] CHECK_PASSED
  {}
[2026-03-18 02:42:44] [INFO] [支撑位跌破警报-72000-EMA7强支撑] CHECK_PASSED
  {}
[2026-03-18 02:47:16] [INFO] [支撑位跌破警报-73000-突破后回踩支撑] CHECK_START
  {}
[2026-03-18 02:47:16] [INFO] [压力位突破警报-78500-第二止盈位] CHECK_START
  {}
[2026-03-18 02:47:16] [INFO] [支撑位跌破警报-72000-EMA7强支撑] CHECK_START
  {}
[2026-03-18 02:47:17] [INFO] [压力位突破警报-78500-第二止盈位] CHECK_PASSED
  {}
[2026-03-18 02:47:17] [INFO] [支撑位跌破警报-72000-EMA7强支撑] CHECK_PASSED
  {}
[2026-03-18 02:47:17] [INFO] [支撑位跌破警报-73000-突破后回踩支撑] CHECK_PASSED
  {}
[2026-03-18 02:51:49] [INFO] [支撑位跌破警报-73000-突破后回踩支撑] CHECK_START
  {}
[2026-03-18 02:51:49] [INFO] [压力位突破警报-78500-第二止盈位] CHECK_START
  {}
[2026-03-18 02:51:49] [INFO] [支撑位跌破警报-72000-EMA7强支撑] CHECK_START
  {}
[2026-03-18 02:51:50] [INFO] [支撑位跌破警报-72000-EMA7强支撑] CHECK_PASSED
  {}
[2026-03-18 02:51:50] [INFO] [压力位突破警报-78500-第二止盈位] CHECK_PASSED
  {}
[2026-03-18 02:51:50] [INFO] [支撑位跌破警报-73000-突破后回踩支撑] CHECK_PASSED
  {}
[2026-03-18 02:56:22] [INFO] [支撑位跌破警报-73000-突破后回踩支撑] CHECK_START
  {}
[2026-03-18 02:56:22] [INFO] [压力位突破警报-78500-第二止盈位] CHECK_START
  {}
[2026-03-18 02:56:22] [INFO] [支撑位跌破警报-72000-EMA7强支撑] CHECK_START
  {}
[2026-03-18 02:56:22] [INFO] [支撑位跌破警报-73000-突破后回踩支撑] CHECK_PASSED
  {}
[2026-03-18 02:56:22] [INFO] [压力位突破警报-78500-第二止盈位] CHECK_PASSED
  {}
[2026-03-18 02:56:23] [INFO] [支撑位跌破警报-72000-EMA7强支撑] CHECK_PASSED
  {}
[2026-03-18 03:00:54] [INFO] [支撑位跌破警报-73000-突破后回踩支撑] CHECK_START
  {}
[2026-03-18 03:00:54] [INFO] [压力位突破警报-78500-第二止盈位] CHECK_START
  {}
[2026-03-18 03:00:54] [INFO] [支撑位跌破警报-72000-EMA7强支撑] CHECK_START
  {}
[2026-03-18 03:00:55] [INFO] [支撑位跌破警报-73000-突破后回踩支撑] CHECK_PASSED
  {}
[2026-03-18 03:00:55] [INFO] [支撑位跌破警报-72000-EMA7强支撑] CHECK_PASSED
  {}
[2026-03-18 03:00:55] [INFO] [压力位突破警报-78500-第二止盈位] CHECK_PASSED
  {}
[2026-03-18 03:05:27] [INFO] [支撑位跌破警报-73000-突破后回踩支撑] CHECK_START
  {}
[2026-03-18 03:05:27] [INFO] [压力位突破警报-78500-第二止盈位] CHECK_START
  {}
[2026-03-18 03:05:27] [INFO] [支撑位跌破警报-72000-EMA7强支撑] CHECK_START
  {}
[2026-03-18 03:05:28] [INFO] [支撑位跌破警报-72000-EMA7强支撑] CHECK_PASSED
  {}
[2026-03-18 03:05:28] [INFO] [支撑位跌破警报-73000-突破后回踩支撑] CHECK_PASSED
  {}
[2026-03-18 03:05:28] [INFO] [压力位突破警报-78500-第二止盈位] CHECK_PASSED
  {}
[2026-03-18 03:10:00] [INFO] [支撑位跌破警报-73000-突破后回踩支撑] CHECK_START
  {}
[2026-03-18 03:10:00] [INFO] [压力位突破警报-78500-第二止盈位] CHECK_START
  {}
[2026-03-18 03:10:00] [INFO] [支撑位跌破警报-72000-EMA7强支撑] CHECK_START
  {}
[2026-03-18 03:10:01] [INFO] [压力位突破警报-78500-第二止盈位] CHECK_PASSED
  {}
[2026-03-18 03:10:01] [INFO] [支撑位跌破警报-73000-突破后回踩支撑] CHECK_PASSED
  {}
[2026-03-18 03:10:01] [INFO] [支撑位跌破警报-72000-EMA7强支撑] CHECK_PASSED
  {}
[2026-03-18 03:14:34] [INFO] [支撑位跌破警报-73000-突破后回踩支撑] CHECK_START
  {}
[2026-03-18 03:14:34] [INFO] [压力位突破警报-78500-第二止盈位] CHECK_START
  {}
[2026-03-18 03:14:34] [INFO] [支撑位跌破警报-72000-EMA7强支撑] CHECK_START
  {}
[2026-03-18 03:14:35] [INFO] [压力位突破警报-78500-第二止盈位] CHECK_PASSED
  {}
[2026-03-18 03:14:36] [INFO] [支撑位跌破警报-73000-突破后回踩支撑] CHECK_PASSED
  {}
[2026-03-18 03:14:37] [INFO] [支撑位跌破警报-72000-EMA7强支撑] CHECK_PASSED
  {}
[2026-03-18 03:19:07] [INFO] [支撑位跌破警报-73000-突破后回踩支撑] CHECK_START
  {}
[2026-03-18 03:19:07] [INFO] [压力位突破警报-78500-第二止盈位] CHECK_START
  {}
[2026-03-18 03:19:07] [INFO] [支撑位跌破警报-72000-EMA7强支撑] CHECK_START
  {}
[2026-03-18 03:19:08] [INFO] [支撑位跌破警报-72000-EMA7强支撑] CHECK_PASSED
  {}
[2026-03-18 03:19:08] [INFO] [压力位突破警报-78500-第二止盈位] CHECK_PASSED
  {}
[2026-03-18 03:19:08] [INFO] [支撑位跌破警报-73000-突破后回踩支撑] CHECK_PASSED
  {}
[2026-03-18 03:23:40] [INFO] [支撑位跌破警报-73000-突破后回踩支撑] CHECK_START
  {}
[2026-03-18 03:23:40] [INFO] [压力位突破警报-78500-第二止盈位] CHECK_START
  {}
[2026-03-18 03:23:40] [INFO] [支撑位跌破警报-72000-EMA7强支撑] CHECK_START
  {}
[2026-03-18 03:23:41] [INFO] [支撑位跌破警报-72000-EMA7强支撑] CHECK_PASSED
  {}
[2026-03-18 03:23:41] [INFO] [支撑位跌破警报-73000-突破后回踩支撑] CHECK_PASSED
  {}
[2026-03-18 03:23:41] [INFO] [压力位突破警报-78500-第二止盈位] CHECK_PASSED
  {}
[2026-03-18 03:28:12] [INFO] [支撑位跌破警报-73000-突破后回踩支撑] CHECK_START
  {}
[2026-03-18 03:28:12] [INFO] [压力位突破警报-78500-第二止盈位] CHECK_START
  {}
[2026-03-18 03:28:12] [INFO] [支撑位跌破警报-72000-EMA7强支撑] CHECK_START
  {}
[2026-03-18 03:28:13] [INFO] [压力位突破警报-78500-第二止盈位] CHECK_PASSED
  {}
[2026-03-18 03:28:13] [INFO] [支撑位跌破警报-73000-突破后回踩支撑] CHECK_PASSED
  {}
[2026-03-18 03:28:13] [INFO] [支撑位跌破警报-72000-EMA7强支撑] CHECK_PASSED
  {}
[2026-03-18 03:32:46] [INFO] [支撑位跌破警报-73000-突破后回踩支撑] CHECK_START
  {}
[2026-03-18 03:32:46] [INFO] [压力位突破警报-78500-第二止盈位] CHECK_START
  {}
[2026-03-18 03:32:46] [INFO] [支撑位跌破警报-72000-EMA7强支撑] CHECK_START
  {}
[2026-03-18 03:32:47] [INFO] [压力位突破警报-78500-第二止盈位] CHECK_PASSED
  {}
[2026-03-18 03:32:47] [INFO] [支撑位跌破警报-72000-EMA7强支撑] CHECK_PASSED
  {}
[2026-03-18 03:32:47] [INFO] [支撑位跌破警报-73000-突破后回踩支撑] CHECK_PASSED
  {}
[2026-03-18 03:37:19] [INFO] [支撑位跌破警报-73000-突破后回踩支撑] CHECK_START
  {}
[2026-03-18 03:37:19] [INFO] [压力位突破警报-78500-第二止盈位] CHECK_START
  {}
[2026-03-18 03:37:19] [INFO] [支撑位跌破警报-72000-EMA7强支撑] CHECK_START
  {}
[2026-03-18 03:37:20] [INFO] [支撑位跌破警报-73000-突破后回踩支撑] CHECK_PASSED
  {}
[2026-03-18 03:37:20] [INFO] [支撑位跌破警报-72000-EMA7强支撑] CHECK_PASSED
  {}
[2026-03-18 03:37:20] [INFO] [压力位突破警报-78500-第二止盈位] CHECK_PASSED
  {}
[2026-03-18 03:41:52] [INFO] [支撑位跌破警报-73000-突破后回踩支撑] CHECK_START
  {}
[2026-03-18 03:41:52] [INFO] [压力位突破警报-78500-第二止盈位] CHECK_START
  {}
[2026-03-18 03:41:52] [INFO] [支撑位跌破警报-72000-EMA7强支撑] CHECK_START
  {}
[2026-03-18 03:41:53] [INFO] [支撑位跌破警报-72000-EMA7强支撑] CHECK_PASSED
  {}
[2026-03-18 03:41:53] [INFO] [支撑位跌破警报-73000-突破后回踩支撑] CHECK_PASSED
  {}
[2026-03-18 03:41:53] [INFO] [压力位突破警报-78500-第二止盈位] CHECK_PASSED
  {}
[2026-03-18 03:46:25] [INFO] [支撑位跌破警报-73000-突破后回踩支撑] CHECK_START
  {}
[2026-03-18 03:46:25] [INFO] [压力位突破警报-78500-第二止盈位] CHECK_START
  {}
[2026-03-18 03:46:25] [INFO] [支撑位跌破警报-72000-EMA7强支撑] CHECK_START
  {}
[2026-03-18 03:46:26] [INFO] [支撑位跌破警报-73000-突破后回踩支撑] CHECK_PASSED
  {}
[2026-03-18 03:46:26] [INFO] [支撑位跌破警报-72000-EMA7强支撑] CHECK_PASSED
  {}
[2026-03-18 03:46:26] [INFO] [压力位突破警报-78500-第二止盈位] CHECK_PASSED
  {}
[2026-03-18 03:50:58] [INFO] [支撑位跌破警报-73000-突破后回踩支撑] CHECK_START
  {}
[2026-03-18 03:50:58] [INFO] [压力位突破警报-78500-第二止盈位] CHECK_START
  {}
[2026-03-18 03:50:58] [INFO] [支撑位跌破警报-72000-EMA7强支撑] CHECK_START
  {}
[2026-03-18 03:50:58] [INFO] [支撑位跌破警报-72000-EMA7强支撑] CHECK_PASSED
  {}
[2026-03-18 03:50:58] [INFO] [压力位突破警报-78500-第二止盈位] CHECK_PASSED
  {}
[2026-03-18 03:50:58] [INFO] [支撑位跌破警报-73000-突破后回踩支撑] CHECK_PASSED
  {}
[2026-03-18 03:55:31] [INFO] [支撑位跌破警报-73000-突破后回踩支撑] CHECK_START
  {}
[2026-03-18 03:55:31] [INFO] [压力位突破警报-78500-第二止盈位] CHECK_START
  {}
[2026-03-18 03:55:31] [INFO] [支撑位跌破警报-72000-EMA7强支撑] CHECK_START
  {}
[2026-03-18 03:55:31] [INFO] [压力位突破警报-78500-第二止盈位] CHECK_PASSED
  {}
[2026-03-18 03:55:31] [INFO] [支撑位跌破警报-73000-突破后回踩支撑] CHECK_PASSED
  {}
[2026-03-18 03:55:31] [INFO] [支撑位跌破警报-72000-EMA7强支撑] CHECK_PASSED
  {}
[2026-03-18 04:00:03] [INFO] [支撑位跌破警报-73000-突破后回踩支撑] CHECK_START
  {}
[2026-03-18 04:00:03] [INFO] [压力位突破警报-78500-第二止盈位] CHECK_START
  {}
[2026-03-18 04:00:03] [INFO] [支撑位跌破警报-72000-EMA7强支撑] CHECK_START
  {}
[2026-03-18 04:00:04] [INFO] [支撑位跌破警报-72000-EMA7强支撑] CHECK_PASSED
  {}
[2026-03-18 04:00:04] [INFO] [压力位突破警报-78500-第二止盈位] CHECK_PASSED
  {}
[2026-03-18 04:00:04] [INFO] [支撑位跌破警报-73000-突破后回踩支撑] CHECK_PASSED
  {}
[2026-03-18 04:04:36] [INFO] [支撑位跌破警报-73000-突破后回踩支撑] CHECK_START
  {}
[2026-03-18 04:04:36] [INFO] [压力位突破警报-78500-第二止盈位] CHECK_START
  {}
[2026-03-18 04:04:36] [INFO] [支撑位跌破警报-72000-EMA7强支撑] CHECK_START
  {}
[2026-03-18 04:04:37] [INFO] [压力位突破警报-78500-第二止盈位] CHECK_PASSED
  {}
[2026-03-18 04:04:37] [INFO] [支撑位跌破警报-72000-EMA7强支撑] CHECK_PASSED
  {}
[2026-03-18 04:04:38] [INFO] [支撑位跌破警报-73000-突破后回踩支撑] CHECK_PASSED
  {}
[2026-03-18 04:09:09] [INFO] [支撑位跌破警报-73000-突破后回踩支撑] CHECK_START
  {}
[2026-03-18 04:09:09] [INFO] [压力位突破警报-78500-第二止盈位] CHECK_START
  {}
[2026-03-18 04:09:09] [INFO] [支撑位跌破警报-72000-EMA7强支撑] CHECK_START
  {}
[2026-03-18 04:09:09] [INFO] [压力位突破警报-78500-第二止盈位] CHECK_PASSED
  {}
[2026-03-18 04:09:09] [INFO] [支撑位跌破警报-73000-突破后回踩支撑] CHECK_PASSED
  {}
[2026-03-18 04:09:09] [INFO] [支撑位跌破警报-72000-EMA7强支撑] CHECK_PASSED
  {}
[2026-03-18 04:13:41] [INFO] [支撑位跌破警报-73000-突破后回踩支撑] CHECK_START
  {}
[2026-03-18 04:13:41] [INFO] [压力位突破警报-78500-第二止盈位] CHECK_START
  {}
[2026-03-18 04:13:41] [INFO] [支撑位跌破警报-72000-EMA7强支撑] CHECK_START
  {}
[2026-03-18 04:13:42] [INFO] [支撑位跌破警报-72000-EMA7强支撑] CHECK_PASSED
  {}
[2026-03-18 04:13:42] [INFO] [支撑位跌破警报-73000-突破后回踩支撑] CHECK_PASSED
  {}
[2026-03-18 04:13:43] [INFO] [压力位突破警报-78500-第二止盈位] CHECK_PASSED
  {}
[2026-03-18 04:18:14] [INFO] [支撑位跌破警报-73000-突破后回踩支撑] CHECK_START
  {}
[2026-03-18 04:18:14] [INFO] [压力位突破警报-78500-第二止盈位] CHECK_START
  {}
[2026-03-18 04:18:14] [INFO] [支撑位跌破警报-72000-EMA7强支撑] CHECK_START
  {}
[2026-03-18 04:18:15] [INFO] [压力位突破警报-78500-第二止盈位] CHECK_PASSED
  {}
[2026-03-18 04:18:15] [INFO] [支撑位跌破警报-72000-EMA7强支撑] CHECK_PASSED
  {}
[2026-03-18 04:18:16] [INFO] [支撑位跌破警报-73000-突破后回踩支撑] CHECK_PASSED
  {}
[2026-03-18 04:22:47] [INFO] [支撑位跌破警报-73000-突破后回踩支撑] CHECK_START
  {}
[2026-03-18 04:22:47] [INFO] [压力位突破警报-78500-第二止盈位] CHECK_START
  {}
[2026-03-18 04:22:47] [INFO] [支撑位跌破警报-72000-EMA7强支撑] CHECK_START
  {}
[2026-03-18 04:22:48] [INFO] [支撑位跌破警报-73000-突破后回踩支撑] CHECK_PASSED
  {}
[2026-03-18 04:22:48] [INFO] [支撑位跌破警报-72000-EMA7强支撑] CHECK_PASSED
  {}
[2026-03-18 04:22:48] [INFO] [压力位突破警报-78500-第二止盈位] CHECK_PASSED
  {}
[2026-03-18 04:27:20] [INFO] [支撑位跌破警报-73000-突破后回踩支撑] CHECK_START
  {}
[2026-03-18 04:27:20] [INFO] [压力位突破警报-78500-第二止盈位] CHECK_START
  {}
[2026-03-18 04:27:20] [INFO] [支撑位跌破警报-72000-EMA7强支撑] CHECK_START
  {}
[2026-03-18 04:27:21] [INFO] [支撑位跌破警报-72000-EMA7强支撑] CHECK_PASSED
  {}
[2026-03-18 04:27:21] [INFO] [支撑位跌破警报-73000-突破后回踩支撑] CHECK_PASSED
  {}
[2026-03-18 04:27:21] [INFO] [压力位突破警报-78500-第二止盈位] CHECK_PASSED
  {}
[2026-03-18 04:31:53] [INFO] [支撑位跌破警报-73000-突破后回踩支撑] CHECK_START
  {}
[2026-03-18 04:31:53] [INFO] [压力位突破警报-78500-第二止盈位] CHECK_START
  {}
[2026-03-18 04:31:53] [INFO] [支撑位跌破警报-72000-EMA7强支撑] CHECK_START
  {}
[2026-03-18 04:31:53] [INFO] [支撑位跌破警报-72000-EMA7强支撑] CHECK_PASSED
  {}
[2026-03-18 04:31:54] [INFO] [压力位突破警报-78500-第二止盈位] CHECK_PASSED
  {}
[2026-03-18 04:31:54] [INFO] [支撑位跌破警报-73000-突破后回踩支撑] CHECK_PASSED
  {}
[2026-03-18 04:36:25] [INFO] [支撑位跌破警报-73000-突破后回踩支撑] CHECK_START
  {}
[2026-03-18 04:36:25] [INFO] [压力位突破警报-78500-第二止盈位] CHECK_START
  {}
[2026-03-18 04:36:25] [INFO] [支撑位跌破警报-72000-EMA7强支撑] CHECK_START
  {}
[2026-03-18 04:36:26] [INFO] [压力位突破警报-78500-第二止盈位] CHECK_PASSED
  {}
[2026-03-18 04:36:26] [INFO] [支撑位跌破警报-72000-EMA7强支撑] CHECK_PASSED
  {}
[2026-03-18 04:36:27] [INFO] [支撑位跌破警报-73000-突破后回踩支撑] CHECK_PASSED
  {}
[2026-03-18 04:40:58] [INFO] [支撑位跌破警报-73000-突破后回踩支撑] CHECK_START
  {}
[2026-03-18 04:40:58] [INFO] [压力位突破警报-78500-第二止盈位] CHECK_START
  {}
[2026-03-18 04:40:58] [INFO] [支撑位跌破警报-72000-EMA7强支撑] CHECK_START
  {}
[2026-03-18 04:40:59] [INFO] [支撑位跌破警报-72000-EMA7强支撑] CHECK_PASSED
  {}
[2026-03-18 04:40:59] [INFO] [压力位突破警报-78500-第二止盈位] CHECK_PASSED
  {}
[2026-03-18 04:40:59] [INFO] [支撑位跌破警报-73000-突破后回踩支撑] CHECK_PASSED
  {}
[2026-03-18 04:45:31] [INFO] [支撑位跌破警报-73000-突破后回踩支撑] CHECK_START
  {}
[2026-03-18 04:45:31] [INFO] [压力位突破警报-78500-第二止盈位] CHECK_START
  {}
[2026-03-18 04:45:31] [INFO] [支撑位跌破警报-72000-EMA7强支撑] CHECK_START
  {}
[2026-03-18 04:45:32] [INFO] [压力位突破警报-78500-第二止盈位] CHECK_PASSED
  {}
[2026-03-18 04:45:32] [INFO] [支撑位跌破警报-73000-突破后回踩支撑] CHECK_PASSED
  {}
[2026-03-18 04:45:32] [INFO] [支撑位跌破警报-72000-EMA7强支撑] CHECK_PASSED
  {}
[2026-03-18 04:50:03] [INFO] [支撑位跌破警报-73000-突破后回踩支撑] CHECK_START
  {}
[2026-03-18 04:50:03] [INFO] [压力位突破警报-78500-第二止盈位] CHECK_START
  {}
[2026-03-18 04:50:03] [INFO] [支撑位跌破警报-72000-EMA7强支撑] CHECK_START
  {}
[2026-03-18 04:50:04] [INFO] [支撑位跌破警报-72000-EMA7强支撑] CHECK_PASSED
  {}
[2026-03-18 04:50:04] [INFO] [压力位突破警报-78500-第二止盈位] CHECK_PASSED
  {}
[2026-03-18 04:50:04] [INFO] [支撑位跌破警报-73000-突破后回踩支撑] CHECK_PASSED
  {}
[2026-03-18 04:54:36] [INFO] [支撑位跌破警报-73000-突破后回踩支撑] CHECK_START
  {}
[2026-03-18 04:54:36] [INFO] [压力位突破警报-78500-第二止盈位] CHECK_START
  {}
[2026-03-18 04:54:36] [INFO] [支撑位跌破警报-72000-EMA7强支撑] CHECK_START
  {}
[2026-03-18 04:54:37] [INFO] [压力位突破警报-78500-第二止盈位] CHECK_PASSED
  {}
[2026-03-18 04:54:37] [INFO] [支撑位跌破警报-73000-突破后回踩支撑] CHECK_PASSED
  {}
[2026-03-18 04:54:37] [INFO] [支撑位跌破警报-72000-EMA7强支撑] CHECK_PASSED
  {}
[2026-03-18 04:59:09] [INFO] [支撑位跌破警报-73000-突破后回踩支撑] CHECK_START
  {}
[2026-03-18 04:59:09] [INFO] [压力位突破警报-78500-第二止盈位] CHECK_START
  {}
[2026-03-18 04:59:09] [INFO] [支撑位跌破警报-72000-EMA7强支撑] CHECK_START
  {}
[2026-03-18 04:59:10] [INFO] [压力位突破警报-78500-第二止盈位] CHECK_PASSED
  {}
[2026-03-18 04:59:10] [INFO] [支撑位跌破警报-73000-突破后回踩支撑] CHECK_PASSED
  {}
[2026-03-18 04:59:10] [INFO] [支撑位跌破警报-72000-EMA7强支撑] CHECK_PASSED
  {}
[2026-03-18 05:03:42] [INFO] [支撑位跌破警报-73000-突破后回踩支撑] CHECK_START
  {}
[2026-03-18 05:03:42] [INFO] [压力位突破警报-78500-第二止盈位] CHECK_START
  {}
[2026-03-18 05:03:42] [INFO] [支撑位跌破警报-72000-EMA7强支撑] CHECK_START
  {}
[2026-03-18 05:03:43] [INFO] [支撑位跌破警报-73000-突破后回踩支撑] CHECK_PASSED
  {}
[2026-03-18 05:03:43] [INFO] [支撑位跌破警报-72000-EMA7强支撑] CHECK_PASSED
  {}
[2026-03-18 05:03:43] [INFO] [压力位突破警报-78500-第二止盈位] CHECK_PASSED
  {}
[2026-03-18 05:08:14] [INFO] [支撑位跌破警报-73000-突破后回踩支撑] CHECK_START
  {}
[2026-03-18 05:08:14] [INFO] [压力位突破警报-78500-第二止盈位] CHECK_START
  {}
[2026-03-18 05:08:14] [INFO] [支撑位跌破警报-72000-EMA7强支撑] CHECK_START
  {}
[2026-03-18 05:08:15] [INFO] [压力位突破警报-78500-第二止盈位] CHECK_PASSED
  {}
[2026-03-18 05:08:15] [INFO] [支撑位跌破警报-72000-EMA7强支撑] CHECK_PASSED
  {}
[2026-03-18 05:08:15] [INFO] [支撑位跌破警报-73000-突破后回踩支撑] CHECK_PASSED
  {}
[2026-03-18 05:12:47] [INFO] [支撑位跌破警报-73000-突破后回踩支撑] CHECK_START
  {}
[2026-03-18 05:12:47] [INFO] [压力位突破警报-78500-第二止盈位] CHECK_START
  {}
[2026-03-18 05:12:47] [INFO] [支撑位跌破警报-72000-EMA7强支撑] CHECK_START
  {}
[2026-03-18 05:12:48] [INFO] [压力位突破警报-78500-第二止盈位] CHECK_PASSED
  {}
[2026-03-18 05:12:48] [INFO] [支撑位跌破警报-73000-突破后回踩支撑] CHECK_PASSED
  {}
[2026-03-18 05:12:48] [INFO] [支撑位跌破警报-72000-EMA7强支撑] CHECK_PASSED
  {}
[2026-03-18 05:17:31] [INFO] [支撑位跌破警报-73000-突破后回踩支撑] CHECK_START
  {}
[2026-03-18 05:17:31] [INFO] [压力位突破警报-78500-第二止盈位] CHECK_START
  {}
[2026-03-18 05:17:31] [INFO] [支撑位跌破警报-72000-EMA7强支撑] CHECK_START
  {}
[2026-03-18 05:17:31] [INFO] [压力位突破警报-78500-第二止盈位] CHECK_PASSED
  {}
[2026-03-18 05:17:31] [INFO] [支撑位跌破警报-73000-突破后回踩支撑] CHECK_PASSED
  {}
[2026-03-18 05:17:31] [INFO] [支撑位跌破警报-72000-EMA7强支撑] CHECK_PASSED
  {}
[2026-03-18 05:22:24] [INFO] [支撑位跌破警报-73000-突破后回踩支撑] CHECK_START
  {}
[2026-03-18 05:22:24] [INFO] [压力位突破警报-78500-第二止盈位] CHECK_START
  {}
[2026-03-18 05:22:24] [INFO] [支撑位跌破警报-72000-EMA7强支撑] CHECK_START
  {}
[2026-03-18 05:22:25] [INFO] [支撑位跌破警报-73000-突破后回踩支撑] CHECK_PASSED
  {}
[2026-03-18 05:22:25] [INFO] [压力位突破警报-78500-第二止盈位] CHECK_PASSED
  {}
[2026-03-18 05:22:25] [INFO] [支撑位跌破警报-72000-EMA7强支撑] CHECK_PASSED
  {}
[2026-03-18 05:27:20] [INFO] [支撑位跌破警报-73000-突破后回踩支撑] CHECK_START
  {}
[2026-03-18 05:27:20] [INFO] [压力位突破警报-78500-第二止盈位] CHECK_START
  {}
[2026-03-18 05:27:20] [INFO] [支撑位跌破警报-72000-EMA7强支撑] CHECK_START
  {}
[2026-03-18 05:27:21] [INFO] [压力位突破警报-78500-第二止盈位] CHECK_PASSED
  {}
[2026-03-18 05:27:21] [INFO] [支撑位跌破警报-73000-突破后回踩支撑] CHECK_PASSED
  {}
[2026-03-18 05:27:21] [INFO] [支撑位跌破警报-72000-EMA7强支撑] CHECK_PASSED
  {}
[2026-03-18 05:32:19] [INFO] [支撑位跌破警报-73000-突破后回踩支撑] CHECK_START
  {}
[2026-03-18 05:32:19] [INFO] [压力位突破警报-78500-第二止盈位] CHECK_START
  {}
[2026-03-18 05:32:19] [INFO] [支撑位跌破警报-72000-EMA7强支撑] CHECK_START
  {}
[2026-03-18 05:32:19] [INFO] [支撑位跌破警报-73000-突破后回踩支撑] CHECK_PASSED
  {}
[2026-03-18 05:32:20] [INFO] [支撑位跌破警报-72000-EMA7强支撑] CHECK_PASSED
  {}
[2026-03-18 05:32:20] [INFO] [压力位突破警报-78500-第二止盈位] CHECK_PASSED
  {}
[2026-03-18 05:37:18] [INFO] [支撑位跌破警报-73000-突破后回踩支撑] CHECK_START
  {}
[2026-03-18 05:37:18] [INFO] [压力位突破警报-78500-第二止盈位] CHECK_START
  {}
[2026-03-18 05:37:18] [INFO] [支撑位跌破警报-72000-EMA7强支撑] CHECK_START
  {}
[2026-03-18 05:37:19] [INFO] [支撑位跌破警报-73000-突破后回踩支撑] CHECK_PASSED
  {}
[2026-03-18 05:37:19] [INFO] [压力位突破警报-78500-第二止盈位] CHECK_PASSED
  {}
[2026-03-18 05:37:19] [INFO] [支撑位跌破警报-72000-EMA7强支撑] CHECK_PASSED
  {}
[2026-03-18 05:42:18] [INFO] [支撑位跌破警报-73000-突破后回踩支撑] CHECK_START
  {}
[2026-03-18 05:42:18] [INFO] [压力位突破警报-78500-第二止盈位] CHECK_START
  {}
[2026-03-18 05:42:18] [INFO] [支撑位跌破警报-72000-EMA7强支撑] CHECK_START
  {}
[2026-03-18 05:42:19] [INFO] [支撑位跌破警报-73000-突破后回踩支撑] CHECK_PASSED
  {}
[2026-03-18 05:42:19] [INFO] [支撑位跌破警报-72000-EMA7强支撑] CHECK_PASSED
  {}
[2026-03-18 05:42:19] [INFO] [压力位突破警报-78500-第二止盈位] CHECK_PASSED
  {}
[2026-03-18 05:47:18] [INFO] [支撑位跌破警报-73000-突破后回踩支撑] CHECK_START
  {}
[2026-03-18 05:47:18] [INFO] [压力位突破警报-78500-第二止盈位] CHECK_START
  {}
[2026-03-18 05:47:18] [INFO] [支撑位跌破警报-72000-EMA7强支撑] CHECK_START
  {}
[2026-03-18 05:47:19] [INFO] [支撑位跌破警报-73000-突破后回踩支撑] CHECK_PASSED
  {}
[2026-03-18 05:47:19] [INFO] [支撑位跌破警报-72000-EMA7强支撑] CHECK_PASSED
  {}
[2026-03-18 05:47:19] [INFO] [压力位突破警报-78500-第二止盈位] CHECK_PASSED
  {}
[2026-03-18 05:52:18] [INFO] [支撑位跌破警报-73000-突破后回踩支撑] CHECK_START
  {}
[2026-03-18 05:52:18] [INFO] [压力位突破警报-78500-第二止盈位] CHECK_START
  {}
[2026-03-18 05:52:18] [INFO] [支撑位跌破警报-72000-EMA7强支撑] CHECK_START
  {}
[2026-03-18 05:52:19] [INFO] [支撑位跌破警报-72000-EMA7强支撑] CHECK_PASSED
  {}
[2026-03-18 05:52:19] [INFO] [压力位突破警报-78500-第二止盈位] CHECK_PASSED
  {}
[2026-03-18 05:52:19] [INFO] [支撑位跌破警报-73000-突破后回踩支撑] CHECK_PASSED
  {}
[2026-03-18 05:57:18] [INFO] [支撑位跌破警报-73000-突破后回踩支撑] CHECK_START
  {}
[2026-03-18 05:57:18] [INFO] [压力位突破警报-78500-第二止盈位] CHECK_START
  {}
[2026-03-18 05:57:18] [INFO] [支撑位跌破警报-72000-EMA7强支撑] CHECK_START
  {}
[2026-03-18 05:57:18] [INFO] [压力位突破警报-78500-第二止盈位] CHECK_PASSED
  {}
[2026-03-18 05:57:18] [INFO] [支撑位跌破警报-73000-突破后回踩支撑] CHECK_PASSED
  {}
[2026-03-18 05:57:18] [INFO] [支撑位跌破警报-72000-EMA7强支撑] CHECK_PASSED
  {}
[2026-03-18 06:02:17] [INFO] [支撑位跌破警报-73000-突破后回踩支撑] CHECK_START
  {}
[2026-03-18 06:02:17] [INFO] [压力位突破警报-78500-第二止盈位] CHECK_START
  {}
[2026-03-18 06:02:17] [INFO] [支撑位跌破警报-72000-EMA7强支撑] CHECK_START
  {}
[2026-03-18 06:02:18] [INFO] [压力位突破警报-78500-第二止盈位] CHECK_PASSED
  {}
[2026-03-18 06:02:18] [INFO] [支撑位跌破警报-72000-EMA7强支撑] CHECK_PASSED
  {}
[2026-03-18 06:02:18] [INFO] [支撑位跌破警报-73000-突破后回踩支撑] CHECK_PASSED
  {}
[2026-03-18 06:07:17] [INFO] [支撑位跌破警报-73000-突破后回踩支撑] CHECK_START
  {}
[2026-03-18 06:07:17] [INFO] [压力位突破警报-78500-第二止盈位] CHECK_START
  {}
[2026-03-18 06:07:17] [INFO] [支撑位跌破警报-72000-EMA7强支撑] CHECK_START
  {}
[2026-03-18 06:07:18] [INFO] [支撑位跌破警报-72000-EMA7强支撑] CHECK_PASSED
  {}
[2026-03-18 06:07:18] [INFO] [压力位突破警报-78500-第二止盈位] CHECK_PASSED
  {}
[2026-03-18 06:07:18] [INFO] [支撑位跌破警报-73000-突破后回踩支撑] CHECK_PASSED
  {}
[2026-03-18 06:12:17] [INFO] [支撑位跌破警报-73000-突破后回踩支撑] CHECK_START
  {}
[2026-03-18 06:12:17] [INFO] [压力位突破警报-78500-第二止盈位] CHECK_START
  {}
[2026-03-18 06:12:17] [INFO] [支撑位跌破警报-72000-EMA7强支撑] CHECK_START
  {}
[2026-03-18 06:12:18] [INFO] [支撑位跌破警报-72000-EMA7强支撑] CHECK_PASSED
  {}
[2026-03-18 06:12:18] [INFO] [压力位突破警报-78500-第二止盈位] CHECK_PASSED
  {}
[2026-03-18 06:12:18] [INFO] [支撑位跌破警报-73000-突破后回踩支撑] CHECK_PASSED
  {}
[2026-03-18 06:17:17] [INFO] [支撑位跌破警报-73000-突破后回踩支撑] CHECK_START
  {}
[2026-03-18 06:17:17] [INFO] [压力位突破警报-78500-第二止盈位] CHECK_START
  {}
[2026-03-18 06:17:17] [INFO] [支撑位跌破警报-72000-EMA7强支撑] CHECK_START
  {}
[2026-03-18 06:17:17] [INFO] [支撑位跌破警报-73000-突破后回踩支撑] CHECK_PASSED
  {}
[2026-03-18 06:17:18] [INFO] [支撑位跌破警报-72000-EMA7强支撑] CHECK_PASSED
  {}
[2026-03-18 06:17:18] [INFO] [压力位突破警报-78500-第二止盈位] CHECK_PASSED
  {}
[2026-03-18 06:22:16] [INFO] [支撑位跌破警报-73000-突破后回踩支撑] CHECK_START
  {}
[2026-03-18 06:22:17] [INFO] [压力位突破警报-78500-第二止盈位] CHECK_START
  {}
[2026-03-18 06:22:17] [INFO] [支撑位跌破警报-72000-EMA7强支撑] CHECK_START
  {}
[2026-03-18 06:22:18] [INFO] [压力位突破警报-78500-第二止盈位] CHECK_PASSED
  {}
[2026-03-18 06:22:18] [INFO] [支撑位跌破警报-72000-EMA7强支撑] CHECK_PASSED
  {}
[2026-03-18 06:22:18] [INFO] [支撑位跌破警报-73000-突破后回踩支撑] CHECK_PASSED
  {}
[2026-03-18 06:27:16] [INFO] [支撑位跌破警报-73000-突破后回踩支撑] CHECK_START
  {}
[2026-03-18 06:27:17] [INFO] [压力位突破警报-78500-第二止盈位] CHECK_START
  {}
[2026-03-18 06:27:17] [INFO] [支撑位跌破警报-72000-EMA7强支撑] CHECK_START
  {}
[2026-03-18 06:27:17] [INFO] [支撑位跌破警报-73000-突破后回踩支撑] CHECK_PASSED
  {}
[2026-03-18 06:27:17] [INFO] [压力位突破警报-78500-第二止盈位] CHECK_PASSED
  {}
[2026-03-18 06:27:17] [INFO] [支撑位跌破警报-72000-EMA7强支撑] CHECK_PASSED
  {}
[2026-03-18 06:32:16] [INFO] [支撑位跌破警报-73000-突破后回踩支撑] CHECK_START
  {}
[2026-03-18 06:32:16] [INFO] [压力位突破警报-78500-第二止盈位] CHECK_START
  {}
[2026-03-18 06:32:16] [INFO] [支撑位跌破警报-72000-EMA7强支撑] CHECK_START
  {}
[2026-03-18 06:32:17] [INFO] [支撑位跌破警报-73000-突破后回踩支撑] CHECK_PASSED
  {}
[2026-03-18 06:32:17] [INFO] [压力位突破警报-78500-第二止盈位] CHECK_PASSED
  {}
[2026-03-18 06:32:17] [INFO] [支撑位跌破警报-72000-EMA7强支撑] CHECK_PASSED
  {}
[2026-03-18 06:37:16] [INFO] [支撑位跌破警报-73000-突破后回踩支撑] CHECK_START
  {}
[2026-03-18 06:37:16] [INFO] [压力位突破警报-78500-第二止盈位] CHECK_START
  {}
[2026-03-18 06:37:16] [INFO] [支撑位跌破警报-72000-EMA7强支撑] CHECK_START
  {}
[2026-03-18 06:37:16] [INFO] [支撑位跌破警报-73000-突破后回踩支撑] CHECK_PASSED
  {}
[2026-03-18 06:37:17] [INFO] [支撑位跌破警报-72000-EMA7强支撑] CHECK_PASSED
  {}
[2026-03-18 06:37:17] [INFO] [压力位突破警报-78500-第二止盈位] CHECK_PASSED
  {}
[2026-03-18 06:42:15] [INFO] [支撑位跌破警报-73000-突破后回踩支撑] CHECK_START
  {}
[2026-03-18 06:42:16] [INFO] [压力位突破警报-78500-第二止盈位] CHECK_START
  {}
[2026-03-18 06:42:16] [INFO] [支撑位跌破警报-72000-EMA7强支撑] CHECK_START
  {}
[2026-03-18 06:42:16] [INFO] [支撑位跌破警报-73000-突破后回踩支撑] CHECK_PASSED
  {}
[2026-03-18 06:42:16] [INFO] [压力位突破警报-78500-第二止盈位] CHECK_PASSED
  {}
[2026-03-18 06:42:16] [INFO] [支撑位跌破警报-72000-EMA7强支撑] CHECK_PASSED
  {}
[2026-03-18 06:47:15] [INFO] [支撑位跌破警报-73000-突破后回踩支撑] CHECK_START
  {}
[2026-03-18 06:47:15] [INFO] [压力位突破警报-78500-第二止盈位] CHECK_START
  {}
[2026-03-18 06:47:15] [INFO] [支撑位跌破警报-72000-EMA7强支撑] CHECK_START
  {}
[2026-03-18 06:47:16] [INFO] [支撑位跌破警报-73000-突破后回踩支撑] CHECK_PASSED
  {}
[2026-03-18 06:47:16] [INFO] [支撑位跌破警报-72000-EMA7强支撑] CHECK_PASSED
  {}
[2026-03-18 06:47:16] [INFO] [压力位突破警报-78500-第二止盈位] CHECK_PASSED
  {}
[2026-03-18 06:52:15] [INFO] [支撑位跌破警报-73000-突破后回踩支撑] CHECK_START
  {}
[2026-03-18 06:52:15] [INFO] [压力位突破警报-78500-第二止盈位] CHECK_START
  {}
[2026-03-18 06:52:15] [INFO] [支撑位跌破警报-72000-EMA7强支撑] CHECK_START
  {}
[2026-03-18 06:52:15] [INFO] [支撑位跌破警报-73000-突破后回踩支撑] CHECK_PASSED
  {}
[2026-03-18 06:52:16] [INFO] [压力位突破警报-78500-第二止盈位] CHECK_PASSED
  {}
[2026-03-18 06:52:16] [INFO] [支撑位跌破警报-72000-EMA7强支撑] CHECK_PASSED
  {}
[2026-03-18 06:57:14] [INFO] [支撑位跌破警报-73000-突破后回踩支撑] CHECK_START
  {}
[2026-03-18 06:57:14] [INFO] [压力位突破警报-78500-第二止盈位] CHECK_START
  {}
[2026-03-18 06:57:14] [INFO] [支撑位跌破警报-72000-EMA7强支撑] CHECK_START
  {}
[2026-03-18 06:57:15] [INFO] [支撑位跌破警报-73000-突破后回踩支撑] CHECK_PASSED
  {}
[2026-03-18 06:57:15] [INFO] [支撑位跌破警报-72000-EMA7强支撑] CHECK_PASSED
  {}
[2026-03-18 06:57:16] [INFO] [压力位突破警报-78500-第二止盈位] CHECK_PASSED
  {}
[2026-03-18 07:02:14] [INFO] [支撑位跌破警报-73000-突破后回踩支撑] CHECK_START
  {}
[2026-03-18 07:02:14] [INFO] [压力位突破警报-78500-第二止盈位] CHECK_START
  {}
[2026-03-18 07:02:14] [INFO] [支撑位跌破警报-72000-EMA7强支撑] CHECK_START
  {}
[2026-03-18 07:02:14] [INFO] [支撑位跌破警报-73000-突破后回踩支撑] CHECK_PASSED
  {}
[2026-03-18 07:02:15] [INFO] [压力位突破警报-78500-第二止盈位] CHECK_PASSED
  {}
[2026-03-18 07:02:15] [INFO] [支撑位跌破警报-72000-EMA7强支撑] CHECK_PASSED
  {}
[2026-03-18 07:07:13] [INFO] [支撑位跌破警报-73000-突破后回踩支撑] CHECK_START
  {}
[2026-03-18 07:07:13] [INFO] [压力位突破警报-78500-第二止盈位] CHECK_START
  {}
[2026-03-18 07:07:13] [INFO] [支撑位跌破警报-72000-EMA7强支撑] CHECK_START
  {}
[2026-03-18 07:07:14] [INFO] [支撑位跌破警报-73000-突破后回踩支撑] CHECK_PASSED
  {}
[2026-03-18 07:07:14] [INFO] [压力位突破警报-78500-第二止盈位] CHECK_PASSED
  {}
[2026-03-18 07:07:14] [INFO] [支撑位跌破警报-72000-EMA7强支撑] CHECK_PASSED
  {}
[2026-03-18 07:12:13] [INFO] [支撑位跌破警报-73000-突破后回踩支撑] CHECK_START
  {}
[2026-03-18 07:12:13] [INFO] [压力位突破警报-78500-第二止盈位] CHECK_START
  {}
[2026-03-18 07:12:13] [INFO] [支撑位跌破警报-72000-EMA7强支撑] CHECK_START
  {}
[2026-03-18 07:12:13] [INFO] [支撑位跌破警报-73000-突破后回踩支撑] CHECK_PASSED
  {}
[2026-03-18 07:12:14] [INFO] [压力位突破警报-78500-第二止盈位] CHECK_PASSED
  {}
[2026-03-18 07:12:14] [INFO] [支撑位跌破警报-72000-EMA7强支撑] CHECK_PASSED
  {}
[2026-03-18 07:17:12] [INFO] [支撑位跌破警报-73000-突破后回踩支撑] CHECK_START
  {}
[2026-03-18 07:17:12] [INFO] [压力位突破警报-78500-第二止盈位] CHECK_START
  {}
[2026-03-18 07:17:12] [INFO] [支撑位跌破警报-72000-EMA7强支撑] CHECK_START
  {}
[2026-03-18 07:17:13] [INFO] [支撑位跌破警报-73000-突破后回踩支撑] CHECK_PASSED
  {}
[2026-03-18 07:17:13] [INFO] [压力位突破警报-78500-第二止盈位] CHECK_PASSED
  {}
[2026-03-18 07:17:13] [INFO] [支撑位跌破警报-72000-EMA7强支撑] CHECK_PASSED
  {}
[2026-03-18 07:22:11] [INFO] [支撑位跌破警报-73000-突破后回踩支撑] CHECK_START
  {}
[2026-03-18 07:22:12] [INFO] [压力位突破警报-78500-第二止盈位] CHECK_START
  {}
[2026-03-18 07:22:12] [INFO] [支撑位跌破警报-72000-EMA7强支撑] CHECK_START
  {}
[2026-03-18 07:22:12] [INFO] [支撑位跌破警报-73000-突破后回踩支撑] CHECK_PASSED
  {}
[2026-03-18 07:22:12] [INFO] [压力位突破警报-78500-第二止盈位] CHECK_PASSED
  {}
[2026-03-18 07:22:13] [INFO] [支撑位跌破警报-72000-EMA7强支撑] CHECK_PASSED
  {}
[2026-03-18 07:27:11] [INFO] [支撑位跌破警报-73000-突破后回踩支撑] CHECK_START
  {}
[2026-03-18 07:27:11] [INFO] [压力位突破警报-78500-第二止盈位] CHECK_START
  {}
[2026-03-18 07:27:11] [INFO] [支撑位跌破警报-72000-EMA7强支撑] CHECK_START
  {}
[2026-03-18 07:27:12] [INFO] [支撑位跌破警报-73000-突破后回踩支撑] CHECK_PASSED
  {}
[2026-03-18 07:27:12] [INFO] [压力位突破警报-78500-第二止盈位] CHECK_PASSED
  {}
[2026-03-18 07:27:12] [INFO] [支撑位跌破警报-72000-EMA7强支撑] CHECK_PASSED
  {}
[2026-03-18 07:32:10] [INFO] [支撑位跌破警报-73000-突破后回踩支撑] CHECK_START
  {}
[2026-03-18 07:32:10] [INFO] [压力位突破警报-78500-第二止盈位] CHECK_START
  {}
[2026-03-18 07:32:10] [INFO] [支撑位跌破警报-72000-EMA7强支撑] CHECK_START
  {}
[2026-03-18 07:32:11] [INFO] [支撑位跌破警报-73000-突破后回踩支撑] CHECK_PASSED
  {}
[2026-03-18 07:32:11] [INFO] [支撑位跌破警报-72000-EMA7强支撑] CHECK_PASSED
  {}
[2026-03-18 07:32:11] [INFO] [压力位突破警报-78500-第二止盈位] CHECK_PASSED
  {}
[2026-03-18 07:37:09] [INFO] [支撑位跌破警报-73000-突破后回踩支撑] CHECK_START
  {}
[2026-03-18 07:37:10] [INFO] [压力位突破警报-78500-第二止盈位] CHECK_START
  {}
[2026-03-18 07:37:10] [INFO] [支撑位跌破警报-72000-EMA7强支撑] CHECK_START
  {}
[2026-03-18 07:37:10] [INFO] [支撑位跌破警报-73000-突破后回踩支撑] CHECK_PASSED
  {}
[2026-03-18 07:37:10] [INFO] [压力位突破警报-78500-第二止盈位] CHECK_PASSED
  {}
[2026-03-18 07:37:11] [INFO] [支撑位跌破警报-72000-EMA7强支撑] CHECK_PASSED
  {}
[2026-03-18 07:42:08] [INFO] [支撑位跌破警报-73000-突破后回踩支撑] CHECK_START
  {}
[2026-03-18 07:42:09] [INFO] [压力位突破警报-78500-第二止盈位] CHECK_START
  {}
[2026-03-18 07:42:09] [INFO] [支撑位跌破警报-72000-EMA7强支撑] CHECK_START
  {}
[2026-03-18 07:42:09] [INFO] [支撑位跌破警报-73000-突破后回踩支撑] CHECK_PASSED
  {}
[2026-03-18 07:42:10] [INFO] [支撑位跌破警报-72000-EMA7强支撑] CHECK_PASSED
  {}
[2026-03-18 07:42:10] [INFO] [压力位突破警报-78500-第二止盈位] CHECK_PASSED
  {}
[2026-03-18 07:47:08] [INFO] [支撑位跌破警报-73000-突破后回踩支撑] CHECK_START
  {}
[2026-03-18 07:47:08] [INFO] [压力位突破警报-78500-第二止盈位] CHECK_START
  {}
[2026-03-18 07:47:08] [INFO] [支撑位跌破警报-72000-EMA7强支撑] CHECK_START
  {}
[2026-03-18 07:47:08] [INFO] [支撑位跌破警报-73000-突破后回踩支撑] CHECK_PASSED
  {}
[2026-03-18 07:47:09] [INFO] [支撑位跌破警报-72000-EMA7强支撑] CHECK_PASSED
  {}
[2026-03-18 07:47:09] [INFO] [压力位突破警报-78500-第二止盈位] CHECK_PASSED
  {}
[2026-03-18 07:52:07] [INFO] [支撑位跌破警报-73000-突破后回踩支撑] CHECK_START
  {}
[2026-03-18 07:52:07] [INFO] [压力位突破警报-78500-第二止盈位] CHECK_START
  {}
[2026-03-18 07:52:07] [INFO] [支撑位跌破警报-72000-EMA7强支撑] CHECK_START
  {}
[2026-03-18 07:52:08] [INFO] [支撑位跌破警报-73000-突破后回踩支撑] CHECK_PASSED
  {}
[2026-03-18 07:52:08] [INFO] [压力位突破警报-78500-第二止盈位] CHECK_PASSED
  {}
[2026-03-18 07:52:08] [INFO] [支撑位跌破警报-72000-EMA7强支撑] CHECK_PASSED
  {}
[2026-03-18 07:57:06] [INFO] [支撑位跌破警报-73000-突破后回踩支撑] CHECK_START
  {}
[2026-03-18 07:57:06] [INFO] [压力位突破警报-78500-第二止盈位] CHECK_START
  {}
[2026-03-18 07:57:06] [INFO] [支撑位跌破警报-72000-EMA7强支撑] CHECK_START
  {}
[2026-03-18 07:57:07] [INFO] [支撑位跌破警报-73000-突破后回踩支撑] CHECK_PASSED
  {}
[2026-03-18 07:57:07] [INFO] [支撑位跌破警报-72000-EMA7强支撑] CHECK_PASSED
  {}
[2026-03-18 07:57:07] [INFO] [压力位突破警报-78500-第二止盈位] CHECK_PASSED
  {}
[2026-03-18 08:02:05] [INFO] [支撑位跌破警报-73000-突破后回踩支撑] CHECK_START
  {}
[2026-03-18 08:02:05] [INFO] [压力位突破警报-78500-第二止盈位] CHECK_START
  {}
[2026-03-18 08:02:05] [INFO] [支撑位跌破警报-72000-EMA7强支撑] CHECK_START
  {}
[2026-03-18 08:02:06] [INFO] [支撑位跌破警报-73000-突破后回踩支撑] CHECK_PASSED
  {}
[2026-03-18 08:02:06] [INFO] [支撑位跌破警报-72000-EMA7强支撑] CHECK_PASSED
  {}
[2026-03-18 08:02:06] [INFO] [压力位突破警报-78500-第二止盈位] CHECK_PASSED
  {}
[2026-03-18 08:07:04] [INFO] [支撑位跌破警报-73000-突破后回踩支撑] CHECK_START
  {}
[2026-03-18 08:07:05] [INFO] [压力位突破警报-78500-第二止盈位] CHECK_START
  {}
[2026-03-18 08:07:05] [INFO] [支撑位跌破警报-72000-EMA7强支撑] CHECK_START
  {}
[2026-03-18 08:07:05] [INFO] [支撑位跌破警报-73000-突破后回踩支撑] CHECK_PASSED
  {}
[2026-03-18 08:07:05] [INFO] [压力位突破警报-78500-第二止盈位] CHECK_PASSED
  {}
[2026-03-18 08:07:05] [INFO] [支撑位跌破警报-72000-EMA7强支撑] CHECK_PASSED
  {}
[2026-03-18 08:12:03] [INFO] [支撑位跌破警报-73000-突破后回踩支撑] CHECK_START
  {}
[2026-03-18 08:12:04] [INFO] [压力位突破警报-78500-第二止盈位] CHECK_START
  {}
[2026-03-18 08:12:04] [INFO] [支撑位跌破警报-72000-EMA7强支撑] CHECK_START
  {}
[2026-03-18 08:12:04] [INFO] [支撑位跌破警报-73000-突破后回踩支撑] CHECK_PASSED
  {}
[2026-03-18 08:12:04] [INFO] [支撑位跌破警报-72000-EMA7强支撑] CHECK_PASSED
  {}
[2026-03-18 08:12:04] [INFO] [压力位突破警报-78500-第二止盈位] CHECK_PASSED
  {}
[2026-03-18 08:17:02] [INFO] [支撑位跌破警报-73000-突破后回踩支撑] CHECK_START
  {}
[2026-03-18 08:17:03] [INFO] [压力位突破警报-78500-第二止盈位] CHECK_START
  {}
[2026-03-18 08:17:03] [INFO] [支撑位跌破警报-72000-EMA7强支撑] CHECK_START
  {}
[2026-03-18 08:17:03] [INFO] [支撑位跌破警报-73000-突破后回踩支撑] CHECK_PASSED
  {}
[2026-03-18 08:17:03] [INFO] [支撑位跌破警报-72000-EMA7强支撑] CHECK_PASSED
  {}
[2026-03-18 08:17:06] [INFO] [压力位突破警报-78500-第二止盈位] CHECK_PASSED
  {}
[2026-03-18 08:22:01] [INFO] [支撑位跌破警报-73000-突破后回踩支撑] CHECK_START
  {}
[2026-03-18 08:22:02] [INFO] [压力位突破警报-78500-第二止盈位] CHECK_START
  {}
[2026-03-18 08:22:02] [INFO] [支撑位跌破警报-72000-EMA7强支撑] CHECK_START
  {}
[2026-03-18 08:22:02] [INFO] [支撑位跌破警报-73000-突破后回踩支撑] CHECK_PASSED
  {}
[2026-03-18 08:22:02] [INFO] [支撑位跌破警报-72000-EMA7强支撑] CHECK_PASSED
  {}
[2026-03-18 08:22:02] [INFO] [压力位突破警报-78500-第二止盈位] CHECK_PASSED
  {}
[2026-03-18 08:27:00] [INFO] [支撑位跌破警报-73000-突破后回踩支撑] CHECK_START
  {}
[2026-03-18 08:27:01] [INFO] [压力位突破警报-78500-第二止盈位] CHECK_START
  {}
[2026-03-18 08:27:01] [INFO] [支撑位跌破警报-72000-EMA7强支撑] CHECK_START
  {}
[2026-03-18 08:27:01] [INFO] [支撑位跌破警报-73000-突破后回踩支撑] CHECK_PASSED
  {}
[2026-03-18 08:27:01] [INFO] [支撑位跌破警报-72000-EMA7强支撑] CHECK_PASSED
  {}
[2026-03-18 08:27:02] [INFO] [压力位突破警报-78500-第二止盈位] CHECK_PASSED
  {}
[2026-03-18 08:31:59] [INFO] [支撑位跌破警报-73000-突破后回踩支撑] CHECK_START
  {}
[2026-03-18 08:31:59] [INFO] [压力位突破警报-78500-第二止盈位] CHECK_START
  {}
[2026-03-18 08:31:59] [INFO] [支撑位跌破警报-72000-EMA7强支撑] CHECK_START
  {}
[2026-03-18 08:32:00] [INFO] [支撑位跌破警报-73000-突破后回踩支撑] CHECK_PASSED
  {}
[2026-03-18 08:32:00] [INFO] [支撑位跌破警报-72000-EMA7强支撑] CHECK_PASSED
  {}
[2026-03-18 08:32:00] [INFO] [压力位突破警报-78500-第二止盈位] CHECK_PASSED
  {}
[2026-03-18 08:36:58] [INFO] [支撑位跌破警报-73000-突破后回踩支撑] CHECK_START
  {}
[2026-03-18 08:36:58] [INFO] [压力位突破警报-78500-第二止盈位] CHECK_START
  {}
[2026-03-18 08:36:58] [INFO] [支撑位跌破警报-72000-EMA7强支撑] CHECK_START
  {}
[2026-03-18 08:36:59] [INFO] [支撑位跌破警报-73000-突破后回踩支撑] CHECK_PASSED
  {}
[2026-03-18 08:36:59] [INFO] [压力位突破警报-78500-第二止盈位] CHECK_PASSED
  {}
[2026-03-18 08:36:59] [INFO] [支撑位跌破警报-72000-EMA7强支撑] CHECK_PASSED
  {}
[2026-03-18 08:41:57] [INFO] [支撑位跌破警报-73000-突破后回踩支撑] CHECK_START
  {}
[2026-03-18 08:41:57] [INFO] [压力位突破警报-78500-第二止盈位] CHECK_START
  {}
[2026-03-18 08:41:57] [INFO] [支撑位跌破警报-72000-EMA7强支撑] CHECK_START
  {}
[2026-03-18 08:41:58] [INFO] [压力位突破警报-78500-第二止盈位] CHECK_PASSED
  {}
[2026-03-18 08:41:58] [INFO] [支撑位跌破警报-72000-EMA7强支撑] CHECK_PASSED
  {}
[2026-03-18 08:41:58] [INFO] [支撑位跌破警报-73000-突破后回踩支撑] CHECK_PASSED
  {}
[2026-03-18 08:46:56] [INFO] [支撑位跌破警报-73000-突破后回踩支撑] CHECK_START
  {}
[2026-03-18 08:46:56] [INFO] [压力位突破警报-78500-第二止盈位] CHECK_START
  {}
[2026-03-18 08:46:56] [INFO] [支撑位跌破警报-72000-EMA7强支撑] CHECK_START
  {}
[2026-03-18 08:46:57] [INFO] [支撑位跌破警报-73000-突破后回踩支撑] CHECK_PASSED
  {}
[2026-03-18 08:46:57] [INFO] [压力位突破警报-78500-第二止盈位] CHECK_PASSED
  {}
[2026-03-18 08:46:57] [INFO] [支撑位跌破警报-72000-EMA7强支撑] CHECK_PASSED
  {}
[2026-03-18 08:51:55] [INFO] [支撑位跌破警报-73000-突破后回踩支撑] CHECK_START
  {}
[2026-03-18 08:51:55] [INFO] [压力位突破警报-78500-第二止盈位] CHECK_START
  {}
[2026-03-18 08:51:55] [INFO] [支撑位跌破警报-72000-EMA7强支撑] CHECK_START
  {}
[2026-03-18 08:51:56] [INFO] [支撑位跌破警报-73000-突破后回踩支撑] CHECK_PASSED
  {}
[2026-03-18 08:51:56] [INFO] [支撑位跌破警报-72000-EMA7强支撑] CHECK_PASSED
  {}
[2026-03-18 08:51:56] [INFO] [压力位突破警报-78500-第二止盈位] CHECK_PASSED
  {}
[2026-03-18 08:56:54] [INFO] [支撑位跌破警报-73000-突破后回踩支撑] CHECK_START
  {}
[2026-03-18 08:56:54] [INFO] [压力位突破警报-78500-第二止盈位] CHECK_START
  {}
[2026-03-18 08:56:54] [INFO] [支撑位跌破警报-72000-EMA7强支撑] CHECK_START
  {}
[2026-03-18 08:56:55] [INFO] [压力位突破警报-78500-第二止盈位] CHECK_PASSED
  {}
[2026-03-18 08:56:55] [INFO] [支撑位跌破警报-72000-EMA7强支撑] CHECK_PASSED
  {}
[2026-03-18 08:56:55] [INFO] [支撑位跌破警报-73000-突破后回踩支撑] CHECK_PASSED
  {}
[2026-03-18 09:01:52] [INFO] [支撑位跌破警报-73000-突破后回踩支撑] CHECK_START
  {}
[2026-03-18 09:01:53] [INFO] [压力位突破警报-78500-第二止盈位] CHECK_START
  {}
[2026-03-18 09:01:53] [INFO] [支撑位跌破警报-72000-EMA7强支撑] CHECK_START
  {}
[2026-03-18 09:01:53] [INFO] [支撑位跌破警报-73000-突破后回踩支撑] CHECK_PASSED
  {}
[2026-03-18 09:01:53] [INFO] [压力位突破警报-78500-第二止盈位] CHECK_PASSED
  {}
[2026-03-18 09:01:53] [INFO] [支撑位跌破警报-72000-EMA7强支撑] CHECK_PASSED
  {}
[2026-03-18 09:05:59] [INFO] [支撑位跌破警报-73000-突破后回踩支撑] 检测到规则文件已不存在
  {"path":"/home/administrator/.openclaw/july-btc-analyzer/skills/btc-alert/rules/2026-03-16-support-73000.js"}
[2026-03-18 09:05:59] [INFO] [支撑位跌破警报-73000-突破后回踩支撑] RULE_UNLOADED
  {"reason":"file_removed"}
[2026-03-18 09:06:15] [INFO] [Engine] 引擎关闭 (SIGINT)
[2026-03-18 09:06:15] [INFO] [Engine] 引擎启动
  {"rulesDir":"/home/administrator/.openclaw/july-btc-analyzer/skills/btc-alert/rules","archiveDir":"/home/administrator/.openclaw/july-btc-analyzer/skills/btc-alert/rules-archive","logFile":"/home/administrator/.openclaw/july-btc-analyzer/logs/alert-engine.log"}
[2026-03-18 09:06:15] [INFO] [压力位突破警报-78500-第二止盈位] TIMER_STARTED
  {"interval":"300s","file":"2026-03-17-resistance-78500.js"}
[2026-03-18 09:06:15] [INFO] [压力位突破警报-78500-第二止盈位] CHECK_START
  {}
[2026-03-18 09:06:15] [INFO] [支撑位跌破警报-72000-EMA7强支撑] TIMER_STARTED
  {"interval":"300s","file":"2026-03-17-support-72000.js"}
[2026-03-18 09:06:15] [INFO] [支撑位跌破警报-72000-EMA7强支撑] CHECK_START
  {}
[2026-03-18 09:06:15] [INFO] [压力位突破警报-74500-整理上沿突破] TIMER_STARTED
  {"interval":"300s","file":"2026-03-18-resistance-74500.js"}
[2026-03-18 09:06:15] [INFO] [压力位突破警报-74500-整理上沿突破] CHECK_START
  {}
[2026-03-18 09:06:15] [INFO] [支撑位跌破警报-73500-整理下沿跌破] TIMER_STARTED
  {"interval":"300s","file":"2026-03-18-support-73500.js"}
[2026-03-18 09:06:15] [INFO] [支撑位跌破警报-73500-整理下沿跌破] CHECK_START
  {}
[2026-03-18 09:06:15] [INFO] [Engine] 规则加载完成
  {"count":4}
[2026-03-18 09:06:15] [INFO] [支撑位跌破警报-72000-EMA7强支撑] CHECK_PASSED
  {}
[2026-03-18 09:06:16] [INFO] [压力位突破警报-78500-第二止盈位] CHECK_PASSED
  {}
[2026-03-18 09:06:16] [INFO] [压力位突破警报-74500-整理上沿突破] CHECK_PASSED
  {}
[2026-03-18 09:06:16] [INFO] [支撑位跌破警报-73500-整理下沿跌破] CHECK_PASSED
  {}
[2026-03-18 09:11:14] [INFO] [压力位突破警报-78500-第二止盈位] CHECK_START
  {}
[2026-03-18 09:11:14] [INFO] [支撑位跌破警报-72000-EMA7强支撑] CHECK_START
  {}
[2026-03-18 09:11:14] [INFO] [压力位突破警报-74500-整理上沿突破] CHECK_START
  {}
[2026-03-18 09:11:14] [INFO] [支撑位跌破警报-73500-整理下沿跌破] CHECK_START
  {}
[2026-03-18 09:11:14] [INFO] [压力位突破警报-74500-整理上沿突破] CHECK_PASSED
  {}
[2026-03-18 09:11:14] [INFO] [支撑位跌破警报-72000-EMA7强支撑] CHECK_PASSED
  {}
[2026-03-18 09:11:15] [INFO] [支撑位跌破警报-73500-整理下沿跌破] CHECK_PASSED
  {}
[2026-03-18 09:11:16] [INFO] [压力位突破警报-78500-第二止盈位] CHECK_PASSED
  {}
[2026-03-18 09:16:12] [INFO] [压力位突破警报-78500-第二止盈位] CHECK_START
  {}
[2026-03-18 09:16:12] [INFO] [支撑位跌破警报-72000-EMA7强支撑] CHECK_START
  {}
[2026-03-18 09:16:12] [INFO] [压力位突破警报-74500-整理上沿突破] CHECK_START
  {}
[2026-03-18 09:16:12] [INFO] [支撑位跌破警报-73500-整理下沿跌破] CHECK_START
  {}
[2026-03-18 09:16:13] [INFO] [支撑位跌破警报-72000-EMA7强支撑] CHECK_PASSED
  {}
[2026-03-18 09:16:13] [INFO] [压力位突破警报-78500-第二止盈位] CHECK_PASSED
  {}
[2026-03-18 09:16:13] [INFO] [支撑位跌破警报-73500-整理下沿跌破] CHECK_PASSED
  {}
[2026-03-18 09:16:13] [INFO] [压力位突破警报-74500-整理上沿突破] CHECK_PASSED
  {}
[2026-03-18 09:21:11] [INFO] [压力位突破警报-78500-第二止盈位] CHECK_START
  {}
[2026-03-18 09:21:11] [INFO] [支撑位跌破警报-72000-EMA7强支撑] CHECK_START
  {}
[2026-03-18 09:21:11] [INFO] [压力位突破警报-74500-整理上沿突破] CHECK_START
  {}
[2026-03-18 09:21:11] [INFO] [支撑位跌破警报-73500-整理下沿跌破] CHECK_START
  {}
[2026-03-18 09:21:12] [INFO] [压力位突破警报-74500-整理上沿突破] CHECK_PASSED
  {}
[2026-03-18 09:21:12] [INFO] [支撑位跌破警报-73500-整理下沿跌破] CHECK_PASSED
  {}
[2026-03-18 09:21:12] [INFO] [压力位突破警报-78500-第二止盈位] CHECK_PASSED
  {}
[2026-03-18 09:21:12] [INFO] [支撑位跌破警报-72000-EMA7强支撑] CHECK_PASSED
  {}
[2026-03-18 09:26:10] [INFO] [压力位突破警报-78500-第二止盈位] CHECK_START
  {}
[2026-03-18 09:26:10] [INFO] [支撑位跌破警报-72000-EMA7强支撑] CHECK_START
  {}
[2026-03-18 09:26:10] [INFO] [压力位突破警报-74500-整理上沿突破] CHECK_START
  {}
[2026-03-18 09:26:10] [INFO] [支撑位跌破警报-73500-整理下沿跌破] CHECK_START
  {}
[2026-03-18 09:26:10] [INFO] [支撑位跌破警报-72000-EMA7强支撑] CHECK_PASSED
  {}
[2026-03-18 09:26:10] [INFO] [压力位突破警报-78500-第二止盈位] CHECK_PASSED
  {}
[2026-03-18 09:26:10] [INFO] [支撑位跌破警报-73500-整理下沿跌破] CHECK_PASSED
  {}
[2026-03-18 09:26:11] [INFO] [压力位突破警报-74500-整理上沿突破] CHECK_PASSED
  {}
[2026-03-18 09:31:08] [INFO] [压力位突破警报-78500-第二止盈位] CHECK_START
  {}
[2026-03-18 09:31:08] [INFO] [支撑位跌破警报-72000-EMA7强支撑] CHECK_START
  {}
[2026-03-18 09:31:08] [INFO] [压力位突破警报-74500-整理上沿突破] CHECK_START
  {}
[2026-03-18 09:31:08] [INFO] [支撑位跌破警报-73500-整理下沿跌破] CHECK_START
  {}
[2026-03-18 09:31:09] [INFO] [压力位突破警报-78500-第二止盈位] CHECK_PASSED
  {}
[2026-03-18 09:31:09] [INFO] [支撑位跌破警报-73500-整理下沿跌破] CHECK_PASSED
  {}
[2026-03-18 09:31:09] [INFO] [压力位突破警报-74500-整理上沿突破] CHECK_PASSED
  {}
[2026-03-18 09:31:10] [INFO] [支撑位跌破警报-72000-EMA7强支撑] CHECK_PASSED
  {}
[2026-03-18 09:36:07] [INFO] [压力位突破警报-78500-第二止盈位] CHECK_START
  {}
[2026-03-18 09:36:07] [INFO] [支撑位跌破警报-72000-EMA7强支撑] CHECK_START
  {}
[2026-03-18 09:36:07] [INFO] [压力位突破警报-74500-整理上沿突破] CHECK_START
  {}
[2026-03-18 09:36:07] [INFO] [支撑位跌破警报-73500-整理下沿跌破] CHECK_START
  {}
[2026-03-18 09:36:07] [INFO] [支撑位跌破警报-73500-整理下沿跌破] CHECK_PASSED
  {}
[2026-03-18 09:36:07] [INFO] [支撑位跌破警报-72000-EMA7强支撑] CHECK_PASSED
  {}
[2026-03-18 09:36:07] [INFO] [压力位突破警报-78500-第二止盈位] CHECK_PASSED
  {}
[2026-03-18 09:36:07] [INFO] [压力位突破警报-74500-整理上沿突破] CHECK_PASSED
  {}
[2026-03-18 09:41:05] [INFO] [压力位突破警报-78500-第二止盈位] CHECK_START
  {}
[2026-03-18 09:41:05] [INFO] [支撑位跌破警报-72000-EMA7强支撑] CHECK_START
  {}
[2026-03-18 09:41:05] [INFO] [压力位突破警报-74500-整理上沿突破] CHECK_START
  {}
[2026-03-18 09:41:05] [INFO] [支撑位跌破警报-73500-整理下沿跌破] CHECK_START
  {}
[2026-03-18 09:41:06] [INFO] [支撑位跌破警报-72000-EMA7强支撑] CHECK_PASSED
  {}
[2026-03-18 09:41:06] [INFO] [压力位突破警报-74500-整理上沿突破] CHECK_PASSED
  {}
[2026-03-18 09:41:06] [INFO] [压力位突破警报-78500-第二止盈位] CHECK_PASSED
  {}
[2026-03-18 09:41:06] [INFO] [支撑位跌破警报-73500-整理下沿跌破] CHECK_PASSED
  {}
[2026-03-18 09:46:02] [INFO] [压力位突破警报-78500-第二止盈位] CHECK_START
  {}
[2026-03-18 09:46:02] [INFO] [支撑位跌破警报-72000-EMA7强支撑] CHECK_START
  {}
[2026-03-18 09:46:02] [INFO] [压力位突破警报-74500-整理上沿突破] CHECK_START
  {}
[2026-03-18 09:46:02] [INFO] [支撑位跌破警报-73500-整理下沿跌破] CHECK_START
  {}
[2026-03-18 09:46:02] [INFO] [支撑位跌破警报-73500-整理下沿跌破] CHECK_PASSED
  {}
[2026-03-18 09:46:02] [INFO] [支撑位跌破警报-72000-EMA7强支撑] CHECK_PASSED
  {}
[2026-03-18 09:46:02] [INFO] [压力位突破警报-74500-整理上沿突破] CHECK_PASSED
  {}
[2026-03-18 09:46:02] [INFO] [压力位突破警报-78500-第二止盈位] CHECK_PASSED
  {}
[2026-03-18 09:50:58] [INFO] [压力位突破警报-78500-第二止盈位] CHECK_START
  {}
[2026-03-18 09:50:58] [INFO] [支撑位跌破警报-72000-EMA7强支撑] CHECK_START
  {}
[2026-03-18 09:50:58] [INFO] [压力位突破警报-74500-整理上沿突破] CHECK_START
  {}
[2026-03-18 09:50:58] [INFO] [支撑位跌破警报-73500-整理下沿跌破] CHECK_START
  {}
[2026-03-18 09:50:59] [INFO] [压力位突破警报-74500-整理上沿突破] CHECK_PASSED
  {}
[2026-03-18 09:50:59] [INFO] [支撑位跌破警报-73500-整理下沿跌破] CHECK_PASSED
  {}
[2026-03-18 09:50:59] [INFO] [压力位突破警报-78500-第二止盈位] CHECK_PASSED
  {}
[2026-03-18 09:51:00] [INFO] [支撑位跌破警报-72000-EMA7强支撑] CHECK_PASSED
  {}
[2026-03-18 09:55:53] [INFO] [压力位突破警报-78500-第二止盈位] CHECK_START
  {}
[2026-03-18 09:55:53] [INFO] [支撑位跌破警报-72000-EMA7强支撑] CHECK_START
  {}
[2026-03-18 09:55:53] [INFO] [压力位突破警报-74500-整理上沿突破] CHECK_START
  {}
[2026-03-18 09:55:53] [INFO] [支撑位跌破警报-73500-整理下沿跌破] CHECK_START
  {}
[2026-03-18 09:55:53] [INFO] [压力位突破警报-78500-第二止盈位] CHECK_PASSED
  {}
[2026-03-18 09:55:53] [INFO] [支撑位跌破警报-72000-EMA7强支撑] CHECK_PASSED
  {}
[2026-03-18 09:55:53] [INFO] [支撑位跌破警报-73500-整理下沿跌破] CHECK_PASSED
  {}
[2026-03-18 09:55:54] [INFO] [压力位突破警报-74500-整理上沿突破] CHECK_PASSED
  {}
[2026-03-18 10:00:47] [INFO] [压力位突破警报-78500-第二止盈位] CHECK_START
  {}
[2026-03-18 10:00:47] [INFO] [支撑位跌破警报-72000-EMA7强支撑] CHECK_START
  {}
[2026-03-18 10:00:47] [INFO] [压力位突破警报-74500-整理上沿突破] CHECK_START
  {}
[2026-03-18 10:00:47] [INFO] [支撑位跌破警报-73500-整理下沿跌破] CHECK_START
  {}
[2026-03-18 10:00:48] [INFO] [压力位突破警报-78500-第二止盈位] CHECK_PASSED
  {}
[2026-03-18 10:00:48] [INFO] [支撑位跌破警报-73500-整理下沿跌破] CHECK_PASSED
  {}
[2026-03-18 10:00:48] [INFO] [支撑位跌破警报-72000-EMA7强支撑] CHECK_PASSED
  {}
[2026-03-18 10:00:50] [INFO] [压力位突破警报-74500-整理上沿突破] CHECK_PASSED
  {}
[2026-03-18 10:05:40] [INFO] [压力位突破警报-78500-第二止盈位] CHECK_START
  {}
[2026-03-18 10:05:40] [INFO] [支撑位跌破警报-72000-EMA7强支撑] CHECK_START
  {}
[2026-03-18 10:05:40] [INFO] [压力位突破警报-74500-整理上沿突破] CHECK_START
  {}
[2026-03-18 10:05:40] [INFO] [支撑位跌破警报-73500-整理下沿跌破] CHECK_START
  {}
[2026-03-18 10:05:41] [INFO] [支撑位跌破警报-73500-整理下沿跌破] CHECK_PASSED
  {}
[2026-03-18 10:05:41] [INFO] [压力位突破警报-78500-第二止盈位] CHECK_PASSED
  {}
[2026-03-18 10:05:41] [INFO] [支撑位跌破警报-72000-EMA7强支撑] CHECK_PASSED
  {}
[2026-03-18 10:05:41] [INFO] [压力位突破警报-74500-整理上沿突破] CHECK_PASSED
  {}
[2026-03-18 10:10:34] [INFO] [压力位突破警报-78500-第二止盈位] CHECK_START
  {}
[2026-03-18 10:10:34] [INFO] [支撑位跌破警报-72000-EMA7强支撑] CHECK_START
  {}
[2026-03-18 10:10:34] [INFO] [压力位突破警报-74500-整理上沿突破] CHECK_START
  {}
[2026-03-18 10:10:34] [INFO] [支撑位跌破警报-73500-整理下沿跌破] CHECK_START
  {}
[2026-03-18 10:10:34] [INFO] [支撑位跌破警报-72000-EMA7强支撑] CHECK_PASSED
  {}
[2026-03-18 10:10:34] [INFO] [压力位突破警报-74500-整理上沿突破] CHECK_PASSED
  {}
[2026-03-18 10:10:35] [INFO] [支撑位跌破警报-73500-整理下沿跌破] CHECK_PASSED
  {}
[2026-03-18 10:10:35] [INFO] [压力位突破警报-78500-第二止盈位] CHECK_PASSED
  {}
[2026-03-18 10:15:27] [INFO] [压力位突破警报-78500-第二止盈位] CHECK_START
  {}
[2026-03-18 10:15:27] [INFO] [支撑位跌破警报-72000-EMA7强支撑] CHECK_START
  {}
[2026-03-18 10:15:27] [INFO] [压力位突破警报-74500-整理上沿突破] CHECK_START
  {}
[2026-03-18 10:15:27] [INFO] [支撑位跌破警报-73500-整理下沿跌破] CHECK_START
  {}
[2026-03-18 10:15:27] [INFO] [压力位突破警报-74500-整理上沿突破] CHECK_PASSED
  {}
[2026-03-18 10:15:27] [INFO] [压力位突破警报-78500-第二止盈位] CHECK_PASSED
  {}
[2026-03-18 10:15:27] [INFO] [支撑位跌破警报-72000-EMA7强支撑] CHECK_PASSED
  {}
[2026-03-18 10:15:28] [INFO] [支撑位跌破警报-73500-整理下沿跌破] CHECK_PASSED
  {}
[2026-03-18 10:20:20] [INFO] [压力位突破警报-78500-第二止盈位] CHECK_START
  {}
[2026-03-18 10:20:20] [INFO] [支撑位跌破警报-72000-EMA7强支撑] CHECK_START
  {}
[2026-03-18 10:20:20] [INFO] [压力位突破警报-74500-整理上沿突破] CHECK_START
  {}
[2026-03-18 10:20:20] [INFO] [支撑位跌破警报-73500-整理下沿跌破] CHECK_START
  {}
[2026-03-18 10:20:20] [INFO] [压力位突破警报-74500-整理上沿突破] CHECK_PASSED
  {}
[2026-03-18 10:20:20] [INFO] [压力位突破警报-78500-第二止盈位] CHECK_PASSED
  {}
[2026-03-18 10:20:20] [INFO] [支撑位跌破警报-73500-整理下沿跌破] CHECK_PASSED
  {}
[2026-03-18 10:20:20] [INFO] [支撑位跌破警报-72000-EMA7强支撑] CHECK_PASSED
  {}
[2026-03-18 10:25:12] [INFO] [压力位突破警报-78500-第二止盈位] CHECK_START
  {}
[2026-03-18 10:25:12] [INFO] [支撑位跌破警报-72000-EMA7强支撑] CHECK_START
  {}
[2026-03-18 10:25:12] [INFO] [压力位突破警报-74500-整理上沿突破] CHECK_START
  {}
[2026-03-18 10:25:12] [INFO] [支撑位跌破警报-73500-整理下沿跌破] CHECK_START
  {}
[2026-03-18 10:25:13] [INFO] [压力位突破警报-78500-第二止盈位] CHECK_PASSED
  {}
[2026-03-18 10:25:13] [INFO] [支撑位跌破警报-72000-EMA7强支撑] CHECK_PASSED
  {}
[2026-03-18 10:25:14] [INFO] [压力位突破警报-74500-整理上沿突破] CHECK_PASSED
  {}
[2026-03-18 10:25:15] [INFO] [支撑位跌破警报-73500-整理下沿跌破] CHECK_PASSED
  {}
[2026-03-18 10:30:05] [INFO] [压力位突破警报-78500-第二止盈位] CHECK_START
  {}
[2026-03-18 10:30:05] [INFO] [支撑位跌破警报-72000-EMA7强支撑] CHECK_START
  {}
[2026-03-18 10:30:05] [INFO] [压力位突破警报-74500-整理上沿突破] CHECK_START
  {}
[2026-03-18 10:30:05] [INFO] [支撑位跌破警报-73500-整理下沿跌破] CHECK_START
  {}
[2026-03-18 10:30:06] [INFO] [支撑位跌破警报-73500-整理下沿跌破] CHECK_PASSED
  {}
[2026-03-18 10:30:06] [INFO] [支撑位跌破警报-72000-EMA7强支撑] CHECK_PASSED
  {}
[2026-03-18 10:30:06] [INFO] [压力位突破警报-74500-整理上沿突破] CHECK_PASSED
  {}
[2026-03-18 10:30:06] [INFO] [压力位突破警报-78500-第二止盈位] CHECK_PASSED
  {}
[2026-03-18 10:34:58] [INFO] [压力位突破警报-78500-第二止盈位] CHECK_START
  {}
[2026-03-18 10:34:58] [INFO] [支撑位跌破警报-72000-EMA7强支撑] CHECK_START
  {}
[2026-03-18 10:34:58] [INFO] [压力位突破警报-74500-整理上沿突破] CHECK_START
  {}
[2026-03-18 10:34:58] [INFO] [支撑位跌破警报-73500-整理下沿跌破] CHECK_START
  {}
[2026-03-18 10:34:59] [INFO] [压力位突破警报-78500-第二止盈位] CHECK_PASSED
  {}
[2026-03-18 10:34:59] [INFO] [支撑位跌破警报-73500-整理下沿跌破] CHECK_PASSED
  {}
[2026-03-18 10:34:59] [INFO] [支撑位跌破警报-72000-EMA7强支撑] CHECK_PASSED
  {}
[2026-03-18 10:34:59] [INFO] [压力位突破警报-74500-整理上沿突破] CHECK_PASSED
  {}
[2026-03-18 10:39:50] [INFO] [压力位突破警报-78500-第二止盈位] CHECK_START
  {}
[2026-03-18 10:39:50] [INFO] [支撑位跌破警报-72000-EMA7强支撑] CHECK_START
  {}
[2026-03-18 10:39:50] [INFO] [压力位突破警报-74500-整理上沿突破] CHECK_START
  {}
[2026-03-18 10:39:50] [INFO] [支撑位跌破警报-73500-整理下沿跌破] CHECK_START
  {}
[2026-03-18 10:39:51] [INFO] [支撑位跌破警报-73500-整理下沿跌破] CHECK_PASSED
  {}
[2026-03-18 10:39:51] [INFO] [压力位突破警报-78500-第二止盈位] CHECK_PASSED
  {}
[2026-03-18 10:39:51] [INFO] [压力位突破警报-74500-整理上沿突破] CHECK_PASSED
  {}
[2026-03-18 10:39:51] [INFO] [支撑位跌破警报-72000-EMA7强支撑] CHECK_PASSED
  {}
[2026-03-18 10:44:42] [INFO] [压力位突破警报-78500-第二止盈位] CHECK_START
  {}
[2026-03-18 10:44:42] [INFO] [支撑位跌破警报-72000-EMA7强支撑] CHECK_START
  {}
[2026-03-18 10:44:42] [INFO] [压力位突破警报-74500-整理上沿突破] CHECK_START
  {}
[2026-03-18 10:44:42] [INFO] [支撑位跌破警报-73500-整理下沿跌破] CHECK_START
  {}
[2026-03-18 10:44:43] [INFO] [支撑位跌破警报-73500-整理下沿跌破] CHECK_PASSED
  {}
[2026-03-18 10:44:43] [INFO] [支撑位跌破警报-72000-EMA7强支撑] CHECK_PASSED
  {}
[2026-03-18 10:44:44] [INFO] [压力位突破警报-74500-整理上沿突破] CHECK_PASSED
  {}
[2026-03-18 10:44:45] [INFO] [压力位突破警报-78500-第二止盈位] CHECK_PASSED
  {}
[2026-03-18 10:49:34] [INFO] [压力位突破警报-78500-第二止盈位] CHECK_START
  {}
[2026-03-18 10:49:34] [INFO] [支撑位跌破警报-72000-EMA7强支撑] CHECK_START
  {}
[2026-03-18 10:49:34] [INFO] [压力位突破警报-74500-整理上沿突破] CHECK_START
  {}
[2026-03-18 10:49:34] [INFO] [支撑位跌破警报-73500-整理下沿跌破] CHECK_START
  {}
[2026-03-18 10:49:35] [INFO] [支撑位跌破警报-73500-整理下沿跌破] CHECK_PASSED
  {}
[2026-03-18 10:49:35] [INFO] [压力位突破警报-74500-整理上沿突破] CHECK_PASSED
  {}
[2026-03-18 10:49:35] [INFO] [支撑位跌破警报-72000-EMA7强支撑] CHECK_PASSED
  {}
[2026-03-18 10:49:35] [INFO] [压力位突破警报-78500-第二止盈位] CHECK_PASSED
  {}
[2026-03-18 10:54:25] [INFO] [压力位突破警报-78500-第二止盈位] CHECK_START
  {}
[2026-03-18 10:54:25] [INFO] [支撑位跌破警报-72000-EMA7强支撑] CHECK_START
  {}
[2026-03-18 10:54:25] [INFO] [压力位突破警报-74500-整理上沿突破] CHECK_START
  {}
[2026-03-18 10:54:25] [INFO] [支撑位跌破警报-73500-整理下沿跌破] CHECK_START
  {}
[2026-03-18 10:54:26] [INFO] [支撑位跌破警报-72000-EMA7强支撑] CHECK_PASSED
  {}
[2026-03-18 10:54:26] [INFO] [支撑位跌破警报-73500-整理下沿跌破] CHECK_PASSED
  {}
[2026-03-18 10:54:26] [INFO] [压力位突破警报-74500-整理上沿突破] CHECK_PASSED
  {}
[2026-03-18 10:54:26] [INFO] [压力位突破警报-78500-第二止盈位] CHECK_PASSED
  {}
[2026-03-18 10:59:17] [INFO] [压力位突破警报-78500-第二止盈位] CHECK_START
  {}
[2026-03-18 10:59:17] [INFO] [支撑位跌破警报-72000-EMA7强支撑] CHECK_START
  {}
[2026-03-18 10:59:17] [INFO] [压力位突破警报-74500-整理上沿突破] CHECK_START
  {}
[2026-03-18 10:59:17] [INFO] [支撑位跌破警报-73500-整理下沿跌破] CHECK_START
  {}
[2026-03-18 10:59:18] [INFO] [压力位突破警报-74500-整理上沿突破] CHECK_PASSED
  {}
[2026-03-18 10:59:18] [INFO] [支撑位跌破警报-72000-EMA7强支撑] CHECK_PASSED
  {}
[2026-03-18 10:59:18] [INFO] [压力位突破警报-78500-第二止盈位] CHECK_PASSED
  {}
[2026-03-18 10:59:18] [INFO] [支撑位跌破警报-73500-整理下沿跌破] CHECK_PASSED
  {}
[2026-03-18 11:04:08] [INFO] [压力位突破警报-78500-第二止盈位] CHECK_START
  {}
[2026-03-18 11:04:08] [INFO] [支撑位跌破警报-72000-EMA7强支撑] CHECK_START
  {}
[2026-03-18 11:04:08] [INFO] [压力位突破警报-74500-整理上沿突破] CHECK_START
  {}
[2026-03-18 11:04:08] [INFO] [支撑位跌破警报-73500-整理下沿跌破] CHECK_START
  {}
[2026-03-18 11:04:09] [INFO] [支撑位跌破警报-73500-整理下沿跌破] CHECK_PASSED
  {}
[2026-03-18 11:04:09] [INFO] [支撑位跌破警报-72000-EMA7强支撑] CHECK_PASSED
  {}
[2026-03-18 11:04:09] [INFO] [压力位突破警报-78500-第二止盈位] CHECK_PASSED
  {}
[2026-03-18 11:04:09] [INFO] [压力位突破警报-74500-整理上沿突破] CHECK_PASSED
  {}
[2026-03-18 11:08:59] [INFO] [压力位突破警报-78500-第二止盈位] CHECK_START
  {}
[2026-03-18 11:08:59] [INFO] [支撑位跌破警报-72000-EMA7强支撑] CHECK_START
  {}
[2026-03-18 11:08:59] [INFO] [压力位突破警报-74500-整理上沿突破] CHECK_START
  {}
[2026-03-18 11:08:59] [INFO] [支撑位跌破警报-73500-整理下沿跌破] CHECK_START
  {}
[2026-03-18 11:09:00] [INFO] [压力位突破警报-74500-整理上沿突破] CHECK_PASSED
  {}
[2026-03-18 11:09:00] [INFO] [支撑位跌破警报-72000-EMA7强支撑] CHECK_PASSED
  {}
[2026-03-18 11:09:00] [INFO] [压力位突破警报-78500-第二止盈位] CHECK_PASSED
  {}
[2026-03-18 11:09:00] [INFO] [支撑位跌破警报-73500-整理下沿跌破] CHECK_PASSED
  {}
[2026-03-18 11:13:50] [INFO] [压力位突破警报-78500-第二止盈位] CHECK_START
  {}
[2026-03-18 11:13:50] [INFO] [支撑位跌破警报-72000-EMA7强支撑] CHECK_START
  {}
[2026-03-18 11:13:50] [INFO] [压力位突破警报-74500-整理上沿突破] CHECK_START
  {}
[2026-03-18 11:13:50] [INFO] [支撑位跌破警报-73500-整理下沿跌破] CHECK_START
  {}
[2026-03-18 11:13:51] [INFO] [支撑位跌破警报-73500-整理下沿跌破] CHECK_PASSED
  {}
[2026-03-18 11:13:51] [INFO] [压力位突破警报-74500-整理上沿突破] CHECK_PASSED
  {}
[2026-03-18 11:13:51] [INFO] [支撑位跌破警报-72000-EMA7强支撑] CHECK_PASSED
  {}
[2026-03-18 11:13:51] [INFO] [压力位突破警报-78500-第二止盈位] CHECK_PASSED
  {}
[2026-03-18 11:18:41] [INFO] [压力位突破警报-78500-第二止盈位] CHECK_START
  {}
[2026-03-18 11:18:41] [INFO] [支撑位跌破警报-72000-EMA7强支撑] CHECK_START
  {}
[2026-03-18 11:18:41] [INFO] [压力位突破警报-74500-整理上沿突破] CHECK_START
  {}
[2026-03-18 11:18:41] [INFO] [支撑位跌破警报-73500-整理下沿跌破] CHECK_START
  {}
[2026-03-18 11:18:42] [INFO] [压力位突破警报-74500-整理上沿突破] CHECK_PASSED
  {}
[2026-03-18 11:18:42] [INFO] [压力位突破警报-78500-第二止盈位] CHECK_PASSED
  {}
[2026-03-18 11:18:43] [INFO] [支撑位跌破警报-73500-整理下沿跌破] CHECK_PASSED
  {}
[2026-03-18 11:18:43] [INFO] [支撑位跌破警报-72000-EMA7强支撑] CHECK_PASSED
  {}
[2026-03-18 11:23:32] [INFO] [压力位突破警报-78500-第二止盈位] CHECK_START
  {}
[2026-03-18 11:23:32] [INFO] [支撑位跌破警报-72000-EMA7强支撑] CHECK_START
  {}
[2026-03-18 11:23:32] [INFO] [压力位突破警报-74500-整理上沿突破] CHECK_START
  {}
[2026-03-18 11:23:32] [INFO] [支撑位跌破警报-73500-整理下沿跌破] CHECK_START
  {}
[2026-03-18 11:23:33] [INFO] [支撑位跌破警报-73500-整理下沿跌破] CHECK_PASSED
  {}
[2026-03-18 11:23:33] [INFO] [压力位突破警报-74500-整理上沿突破] CHECK_PASSED
  {}
[2026-03-18 11:23:33] [INFO] [支撑位跌破警报-72000-EMA7强支撑] CHECK_PASSED
  {}
[2026-03-18 11:23:33] [INFO] [压力位突破警报-78500-第二止盈位] CHECK_PASSED
  {}
[2026-03-18 11:28:23] [INFO] [压力位突破警报-78500-第二止盈位] CHECK_START
  {}
[2026-03-18 11:28:23] [INFO] [支撑位跌破警报-72000-EMA7强支撑] CHECK_START
  {}
[2026-03-18 11:28:22] [INFO] [压力位突破警报-74500-整理上沿突破] CHECK_START
  {}
[2026-03-18 11:28:22] [INFO] [支撑位跌破警报-73500-整理下沿跌破] CHECK_START
  {}
[2026-03-18 11:28:23] [INFO] [压力位突破警报-78500-第二止盈位] CHECK_PASSED
  {}
[2026-03-18 11:28:23] [INFO] [支撑位跌破警报-73500-整理下沿跌破] CHECK_PASSED
  {}
[2026-03-18 11:28:23] [INFO] [支撑位跌破警报-72000-EMA7强支撑] CHECK_PASSED
  {}
[2026-03-18 11:28:23] [INFO] [压力位突破警报-74500-整理上沿突破] CHECK_PASSED
  {}
[2026-03-18 11:33:13] [INFO] [压力位突破警报-78500-第二止盈位] CHECK_START
  {}
[2026-03-18 11:33:13] [INFO] [支撑位跌破警报-72000-EMA7强支撑] CHECK_START
  {}
[2026-03-18 11:33:13] [INFO] [压力位突破警报-74500-整理上沿突破] CHECK_START
  {}
[2026-03-18 11:33:13] [INFO] [支撑位跌破警报-73500-整理下沿跌破] CHECK_START
  {}
[2026-03-18 11:33:14] [INFO] [压力位突破警报-78500-第二止盈位] CHECK_PASSED
  {}
[2026-03-18 11:33:14] [INFO] [支撑位跌破警报-72000-EMA7强支撑] CHECK_PASSED
  {}
[2026-03-18 11:33:14] [INFO] [支撑位跌破警报-73500-整理下沿跌破] CHECK_PASSED
  {}
[2026-03-18 11:33:14] [INFO] [压力位突破警报-74500-整理上沿突破] CHECK_PASSED
  {}
[2026-03-18 11:38:03] [INFO] [压力位突破警报-78500-第二止盈位] CHECK_START
  {}
[2026-03-18 11:38:03] [INFO] [支撑位跌破警报-72000-EMA7强支撑] CHECK_START
  {}
[2026-03-18 11:38:03] [INFO] [压力位突破警报-74500-整理上沿突破] CHECK_START
  {}
[2026-03-18 11:38:03] [INFO] [支撑位跌破警报-73500-整理下沿跌破] CHECK_START
  {}
[2026-03-18 11:38:04] [INFO] [压力位突破警报-78500-第二止盈位] CHECK_PASSED
  {}
[2026-03-18 11:38:04] [INFO] [支撑位跌破警报-72000-EMA7强支撑] CHECK_PASSED
  {}
[2026-03-18 11:38:04] [INFO] [压力位突破警报-74500-整理上沿突破] CHECK_PASSED
  {}
[2026-03-18 11:38:04] [INFO] [支撑位跌破警报-73500-整理下沿跌破] CHECK_PASSED
  {}
[2026-03-18 11:42:53] [INFO] [压力位突破警报-78500-第二止盈位] CHECK_START
  {}
[2026-03-18 11:42:53] [INFO] [支撑位跌破警报-72000-EMA7强支撑] CHECK_START
  {}
[2026-03-18 11:42:53] [INFO] [压力位突破警报-74500-整理上沿突破] CHECK_START
  {}
[2026-03-18 11:42:53] [INFO] [支撑位跌破警报-73500-整理下沿跌破] CHECK_START
  {}
[2026-03-18 11:42:54] [INFO] [支撑位跌破警报-72000-EMA7强支撑] CHECK_PASSED
  {}
[2026-03-18 11:42:54] [INFO] [压力位突破警报-74500-整理上沿突破] TRIGGERED
  {}
[2026-03-18 11:42:54] [INFO] [支撑位跌破警报-73500-整理下沿跌破] CHECK_PASSED
  {}
[2026-03-18 11:42:54] [INFO] [压力位突破警报-78500-第二止盈位] CHECK_PASSED
  {}
[2026-03-18 11:42:54] [INFO] [压力位突破警报-74500-整理上沿突破] DATA_COLLECTED
  {"dataKeys":["alertTime","error"]}
[2026-03-18 11:42:54] [INFO] [压力位突破警报-74500-整理上沿突破] TRIGGER_COMPLETED
  {}
[2026-03-18 11:45:00] [INFO] [Engine] 引擎关闭 (SIGINT)
[2026-03-18 11:45:00] [INFO] [Engine] 引擎启动
  {"rulesDir":"/home/administrator/.openclaw/july-btc-analyzer/skills/btc-alert/rules","archiveDir":"/home/administrator/.openclaw/july-btc-analyzer/skills/btc-alert/rules-archive","logFile":"/home/administrator/.openclaw/july-btc-analyzer/logs/alert-engine.log"}
[2026-03-18 11:45:00] [INFO] [压力位突破警报-78500-第二止盈位] TIMER_STARTED
  {"interval":"300s","file":"2026-03-17-resistance-78500.js"}
[2026-03-18 11:45:00] [INFO] [压力位突破警报-78500-第二止盈位] CHECK_START
  {}
[2026-03-18 11:45:00] [INFO] [支撑位跌破警报-72000-EMA7强支撑] TIMER_STARTED
  {"interval":"300s","file":"2026-03-17-support-72000.js"}
[2026-03-18 11:45:00] [INFO] [支撑位跌破警报-72000-EMA7强支撑] CHECK_START
  {}
[2026-03-18 11:45:00] [INFO] [压力位突破警报-76000-昨日高点] TIMER_STARTED
  {"interval":"300s","file":"2026-03-18-resistance-76000.js"}
[2026-03-18 11:45:00] [INFO] [压力位突破警报-76000-昨日高点] CHECK_START
  {}
[2026-03-18 11:45:00] [INFO] [支撑位跌破警报-73500-整理下沿跌破] TIMER_STARTED
  {"interval":"300s","file":"2026-03-18-support-73500.js"}
[2026-03-18 11:45:00] [INFO] [支撑位跌破警报-73500-整理下沿跌破] CHECK_START
  {}
[2026-03-18 11:45:00] [INFO] [Engine] 规则加载完成
  {"count":4}
[2026-03-18 11:45:01] [INFO] [压力位突破警报-76000-昨日高点] CHECK_PASSED
  {}
[2026-03-18 11:45:01] [INFO] [支撑位跌破警报-73500-整理下沿跌破] CHECK_PASSED
  {}
[2026-03-18 11:45:01] [INFO] [压力位突破警报-78500-第二止盈位] CHECK_PASSED
  {}
[2026-03-18 11:45:01] [INFO] [支撑位跌破警报-72000-EMA7强支撑] CHECK_PASSED
  {}
[2026-03-18 11:49:50] [INFO] [压力位突破警报-78500-第二止盈位] CHECK_START
  {}
[2026-03-18 11:49:50] [INFO] [支撑位跌破警报-72000-EMA7强支撑] CHECK_START
  {}
[2026-03-18 11:49:50] [INFO] [压力位突破警报-76000-昨日高点] CHECK_START
  {}
[2026-03-18 11:49:50] [INFO] [支撑位跌破警报-73500-整理下沿跌破] CHECK_START
  {}
[2026-03-18 11:49:50] [INFO] [支撑位跌破警报-72000-EMA7强支撑] CHECK_PASSED
  {}
[2026-03-18 11:49:50] [INFO] [支撑位跌破警报-73500-整理下沿跌破] CHECK_PASSED
  {}
[2026-03-18 11:49:50] [INFO] [压力位突破警报-76000-昨日高点] CHECK_PASSED
  {}
[2026-03-18 11:49:50] [INFO] [压力位突破警报-78500-第二止盈位] CHECK_PASSED
  {}
[2026-03-18 11:54:39] [INFO] [压力位突破警报-78500-第二止盈位] CHECK_START
  {}
[2026-03-18 11:54:39] [INFO] [支撑位跌破警报-72000-EMA7强支撑] CHECK_START
  {}
[2026-03-18 11:54:39] [INFO] [压力位突破警报-76000-昨日高点] CHECK_START
  {}
[2026-03-18 11:54:39] [INFO] [支撑位跌破警报-73500-整理下沿跌破] CHECK_START
  {}
[2026-03-18 11:54:40] [INFO] [压力位突破警报-78500-第二止盈位] CHECK_PASSED
  {}
[2026-03-18 11:54:40] [INFO] [支撑位跌破警报-73500-整理下沿跌破] CHECK_PASSED
  {}
[2026-03-18 11:54:40] [INFO] [压力位突破警报-76000-昨日高点] CHECK_PASSED
  {}
[2026-03-18 11:54:41] [INFO] [支撑位跌破警报-72000-EMA7强支撑] CHECK_PASSED
  {}
[2026-03-18 11:59:29] [INFO] [压力位突破警报-78500-第二止盈位] CHECK_START
  {}
[2026-03-18 11:59:29] [INFO] [支撑位跌破警报-72000-EMA7强支撑] CHECK_START
  {}
[2026-03-18 11:59:29] [INFO] [压力位突破警报-76000-昨日高点] CHECK_START
  {}
[2026-03-18 11:59:29] [INFO] [支撑位跌破警报-73500-整理下沿跌破] CHECK_START
  {}
[2026-03-18 11:59:30] [INFO] [压力位突破警报-76000-昨日高点] CHECK_PASSED
  {}
[2026-03-18 11:59:30] [INFO] [压力位突破警报-78500-第二止盈位] CHECK_PASSED
  {}
[2026-03-18 11:59:30] [INFO] [支撑位跌破警报-72000-EMA7强支撑] CHECK_PASSED
  {}
[2026-03-18 11:59:33] [INFO] [支撑位跌破警报-73500-整理下沿跌破] CHECK_PASSED
  {}
[2026-03-18 12:04:19] [INFO] [压力位突破警报-78500-第二止盈位] CHECK_START
  {}
[2026-03-18 12:04:19] [INFO] [支撑位跌破警报-72000-EMA7强支撑] CHECK_START
  {}
[2026-03-18 12:04:19] [INFO] [压力位突破警报-76000-昨日高点] CHECK_START
  {}
[2026-03-18 12:04:19] [INFO] [支撑位跌破警报-73500-整理下沿跌破] CHECK_START
  {}
[2026-03-18 12:04:20] [INFO] [支撑位跌破警报-73500-整理下沿跌破] CHECK_PASSED
  {}
[2026-03-18 12:04:20] [INFO] [压力位突破警报-76000-昨日高点] CHECK_PASSED
  {}
[2026-03-18 12:04:20] [INFO] [压力位突破警报-78500-第二止盈位] CHECK_PASSED
  {}
[2026-03-18 12:04:20] [INFO] [支撑位跌破警报-72000-EMA7强支撑] CHECK_PASSED
  {}
[2026-03-18 12:09:08] [INFO] [压力位突破警报-78500-第二止盈位] CHECK_START
  {}
[2026-03-18 12:09:08] [INFO] [支撑位跌破警报-72000-EMA7强支撑] CHECK_START
  {}
[2026-03-18 12:09:08] [INFO] [压力位突破警报-76000-昨日高点] CHECK_START
  {}
[2026-03-18 12:09:08] [INFO] [支撑位跌破警报-73500-整理下沿跌破] CHECK_START
  {}
[2026-03-18 12:09:09] [INFO] [支撑位跌破警报-73500-整理下沿跌破] CHECK_PASSED
  {}
[2026-03-18 12:09:09] [INFO] [压力位突破警报-76000-昨日高点] CHECK_PASSED
  {}
[2026-03-18 12:09:09] [INFO] [支撑位跌破警报-72000-EMA7强支撑] CHECK_PASSED
  {}
[2026-03-18 12:09:09] [INFO] [压力位突破警报-78500-第二止盈位] CHECK_PASSED
  {}
[2026-03-18 12:13:57] [INFO] [压力位突破警报-78500-第二止盈位] CHECK_START
  {}
[2026-03-18 12:13:57] [INFO] [支撑位跌破警报-72000-EMA7强支撑] CHECK_START
  {}
[2026-03-18 12:13:57] [INFO] [压力位突破警报-76000-昨日高点] CHECK_START
  {}
[2026-03-18 12:13:57] [INFO] [支撑位跌破警报-73500-整理下沿跌破] CHECK_START
  {}
[2026-03-18 12:13:58] [INFO] [支撑位跌破警报-72000-EMA7强支撑] CHECK_PASSED
  {}
[2026-03-18 12:13:58] [INFO] [支撑位跌破警报-73500-整理下沿跌破] CHECK_PASSED
  {}
[2026-03-18 12:13:59] [INFO] [压力位突破警报-76000-昨日高点] CHECK_PASSED
  {}
[2026-03-18 12:13:59] [INFO] [压力位突破警报-78500-第二止盈位] CHECK_PASSED
  {}
[2026-03-18 12:18:46] [INFO] [压力位突破警报-78500-第二止盈位] CHECK_START
  {}
[2026-03-18 12:18:46] [INFO] [支撑位跌破警报-72000-EMA7强支撑] CHECK_START
  {}
[2026-03-18 12:18:46] [INFO] [压力位突破警报-76000-昨日高点] CHECK_START
  {}
[2026-03-18 12:18:46] [INFO] [支撑位跌破警报-73500-整理下沿跌破] CHECK_START
  {}
[2026-03-18 12:18:47] [INFO] [支撑位跌破警报-73500-整理下沿跌破] CHECK_PASSED
  {}
[2026-03-18 12:18:47] [INFO] [支撑位跌破警报-72000-EMA7强支撑] CHECK_PASSED
  {}
[2026-03-18 12:18:47] [INFO] [压力位突破警报-78500-第二止盈位] CHECK_PASSED
  {}
[2026-03-18 12:18:48] [INFO] [压力位突破警报-76000-昨日高点] CHECK_PASSED
  {}
[2026-03-18 12:23:35] [INFO] [压力位突破警报-78500-第二止盈位] CHECK_START
  {}
[2026-03-18 12:23:35] [INFO] [支撑位跌破警报-72000-EMA7强支撑] CHECK_START
  {}
[2026-03-18 12:23:35] [INFO] [压力位突破警报-76000-昨日高点] CHECK_START
  {}
[2026-03-18 12:23:35] [INFO] [支撑位跌破警报-73500-整理下沿跌破] CHECK_START
  {}
[2026-03-18 12:23:36] [INFO] [压力位突破警报-78500-第二止盈位] CHECK_PASSED
  {}
[2026-03-18 12:23:36] [INFO] [压力位突破警报-76000-昨日高点] CHECK_PASSED
  {}
[2026-03-18 12:23:36] [INFO] [支撑位跌破警报-73500-整理下沿跌破] CHECK_PASSED
  {}
[2026-03-18 12:23:37] [INFO] [支撑位跌破警报-72000-EMA7强支撑] CHECK_PASSED
  {}
[2026-03-18 12:28:24] [INFO] [压力位突破警报-78500-第二止盈位] CHECK_START
  {}
[2026-03-18 12:28:24] [INFO] [支撑位跌破警报-72000-EMA7强支撑] CHECK_START
  {}
[2026-03-18 12:28:24] [INFO] [压力位突破警报-76000-昨日高点] CHECK_START
  {}
[2026-03-18 12:28:24] [INFO] [支撑位跌破警报-73500-整理下沿跌破] CHECK_START
  {}
[2026-03-18 12:28:25] [INFO] [压力位突破警报-78500-第二止盈位] CHECK_PASSED
  {}
[2026-03-18 12:28:25] [INFO] [支撑位跌破警报-73500-整理下沿跌破] CHECK_PASSED
  {}
[2026-03-18 12:28:26] [INFO] [压力位突破警报-76000-昨日高点] CHECK_PASSED
  {}
[2026-03-18 12:28:26] [INFO] [支撑位跌破警报-72000-EMA7强支撑] CHECK_PASSED
  {}
[2026-03-18 12:33:13] [INFO] [压力位突破警报-78500-第二止盈位] CHECK_START
  {}
[2026-03-18 12:33:13] [INFO] [支撑位跌破警报-72000-EMA7强支撑] CHECK_START
  {}
[2026-03-18 12:33:13] [INFO] [压力位突破警报-76000-昨日高点] CHECK_START
  {}
[2026-03-18 12:33:13] [INFO] [支撑位跌破警报-73500-整理下沿跌破] CHECK_START
  {}
[2026-03-18 12:33:14] [INFO] [支撑位跌破警报-72000-EMA7强支撑] CHECK_PASSED
  {}
[2026-03-18 12:33:14] [INFO] [压力位突破警报-76000-昨日高点] CHECK_PASSED
  {}
[2026-03-18 12:33:14] [INFO] [支撑位跌破警报-73500-整理下沿跌破] CHECK_PASSED
  {}
[2026-03-18 12:33:15] [INFO] [压力位突破警报-78500-第二止盈位] CHECK_PASSED
  {}
[2026-03-18 12:38:01] [INFO] [压力位突破警报-78500-第二止盈位] CHECK_START
  {}
[2026-03-18 12:38:01] [INFO] [支撑位跌破警报-72000-EMA7强支撑] CHECK_START
  {}
[2026-03-18 12:38:01] [INFO] [压力位突破警报-76000-昨日高点] CHECK_START
  {}
[2026-03-18 12:38:01] [INFO] [支撑位跌破警报-73500-整理下沿跌破] CHECK_START
  {}
[2026-03-18 12:38:03] [INFO] [压力位突破警报-78500-第二止盈位] CHECK_PASSED
  {}
[2026-03-18 12:38:03] [INFO] [支撑位跌破警报-73500-整理下沿跌破] CHECK_PASSED
  {}
[2026-03-18 12:38:04] [INFO] [支撑位跌破警报-72000-EMA7强支撑] CHECK_PASSED
  {}
[2026-03-18 12:38:05] [INFO] [压力位突破警报-76000-昨日高点] CHECK_PASSED
  {}
[2026-03-18 12:42:50] [INFO] [压力位突破警报-78500-第二止盈位] CHECK_START
  {}
[2026-03-18 12:42:50] [INFO] [支撑位跌破警报-72000-EMA7强支撑] CHECK_START
  {}
[2026-03-18 12:42:50] [INFO] [压力位突破警报-76000-昨日高点] CHECK_START
  {}
[2026-03-18 12:42:50] [INFO] [支撑位跌破警报-73500-整理下沿跌破] CHECK_START
  {}
[2026-03-18 12:42:51] [INFO] [压力位突破警报-76000-昨日高点] CHECK_PASSED
  {}
[2026-03-18 12:42:51] [INFO] [支撑位跌破警报-73500-整理下沿跌破] CHECK_PASSED
  {}
[2026-03-18 12:42:51] [INFO] [压力位突破警报-78500-第二止盈位] CHECK_PASSED
  {}
[2026-03-18 12:42:51] [INFO] [支撑位跌破警报-72000-EMA7强支撑] CHECK_PASSED
  {}
[2026-03-18 12:47:38] [INFO] [压力位突破警报-78500-第二止盈位] CHECK_START
  {}
[2026-03-18 12:47:38] [INFO] [支撑位跌破警报-72000-EMA7强支撑] CHECK_START
  {}
[2026-03-18 12:47:38] [INFO] [压力位突破警报-76000-昨日高点] CHECK_START
  {}
[2026-03-18 12:47:38] [INFO] [支撑位跌破警报-73500-整理下沿跌破] CHECK_START
  {}
[2026-03-18 12:47:40] [INFO] [压力位突破警报-78500-第二止盈位] CHECK_PASSED
  {}
[2026-03-18 12:47:40] [INFO] [支撑位跌破警报-72000-EMA7强支撑] CHECK_PASSED
  {}
[2026-03-18 12:47:40] [INFO] [支撑位跌破警报-73500-整理下沿跌破] CHECK_PASSED
  {}
[2026-03-18 12:47:40] [INFO] [压力位突破警报-76000-昨日高点] CHECK_PASSED
  {}
[2026-03-18 12:52:27] [INFO] [压力位突破警报-78500-第二止盈位] CHECK_START
  {}
[2026-03-18 12:52:27] [INFO] [支撑位跌破警报-72000-EMA7强支撑] CHECK_START
  {}
[2026-03-18 12:52:27] [INFO] [压力位突破警报-76000-昨日高点] CHECK_START
  {}
[2026-03-18 12:52:27] [INFO] [支撑位跌破警报-73500-整理下沿跌破] CHECK_START
  {}
[2026-03-18 12:52:28] [INFO] [压力位突破警报-76000-昨日高点] CHECK_PASSED
  {}
[2026-03-18 12:52:28] [INFO] [支撑位跌破警报-73500-整理下沿跌破] CHECK_PASSED
  {}
[2026-03-18 12:52:28] [INFO] [支撑位跌破警报-72000-EMA7强支撑] CHECK_PASSED
  {}
[2026-03-18 12:52:29] [INFO] [压力位突破警报-78500-第二止盈位] CHECK_PASSED
  {}
[2026-03-18 12:57:15] [INFO] [压力位突破警报-78500-第二止盈位] CHECK_START
  {}
[2026-03-18 12:57:15] [INFO] [支撑位跌破警报-72000-EMA7强支撑] CHECK_START
  {}
[2026-03-18 12:57:15] [INFO] [压力位突破警报-76000-昨日高点] CHECK_START
  {}
[2026-03-18 12:57:15] [INFO] [支撑位跌破警报-73500-整理下沿跌破] CHECK_START
  {}
[2026-03-18 12:57:16] [INFO] [支撑位跌破警报-72000-EMA7强支撑] CHECK_PASSED
  {}
[2026-03-18 12:57:16] [INFO] [压力位突破警报-76000-昨日高点] CHECK_PASSED
  {}
[2026-03-18 12:57:18] [INFO] [压力位突破警报-78500-第二止盈位] CHECK_PASSED
  {}
[2026-03-18 12:57:18] [INFO] [支撑位跌破警报-73500-整理下沿跌破] CHECK_PASSED
  {}
[2026-03-18 13:02:03] [INFO] [压力位突破警报-78500-第二止盈位] CHECK_START
  {}
[2026-03-18 13:02:03] [INFO] [支撑位跌破警报-72000-EMA7强支撑] CHECK_START
  {}
[2026-03-18 13:02:03] [INFO] [压力位突破警报-76000-昨日高点] CHECK_START
  {}
[2026-03-18 13:02:03] [INFO] [支撑位跌破警报-73500-整理下沿跌破] CHECK_START
  {}
[2026-03-18 13:02:04] [INFO] [压力位突破警报-78500-第二止盈位] CHECK_PASSED
  {}
[2026-03-18 13:02:04] [INFO] [支撑位跌破警报-73500-整理下沿跌破] CHECK_PASSED
  {}
[2026-03-18 13:02:04] [INFO] [支撑位跌破警报-72000-EMA7强支撑] CHECK_PASSED
  {}
[2026-03-18 13:02:04] [INFO] [压力位突破警报-76000-昨日高点] CHECK_PASSED
  {}
[2026-03-18 13:06:50] [INFO] [压力位突破警报-78500-第二止盈位] CHECK_START
  {}
[2026-03-18 13:06:50] [INFO] [支撑位跌破警报-72000-EMA7强支撑] CHECK_START
  {}
[2026-03-18 13:06:50] [INFO] [压力位突破警报-76000-昨日高点] CHECK_START
  {}
[2026-03-18 13:06:50] [INFO] [支撑位跌破警报-73500-整理下沿跌破] CHECK_START
  {}
[2026-03-18 13:06:51] [INFO] [压力位突破警报-78500-第二止盈位] CHECK_PASSED
  {}
[2026-03-18 13:06:52] [INFO] [支撑位跌破警报-72000-EMA7强支撑] CHECK_PASSED
  {}
[2026-03-18 13:06:52] [INFO] [支撑位跌破警报-73500-整理下沿跌破] CHECK_PASSED
  {}
[2026-03-18 13:06:52] [INFO] [压力位突破警报-76000-昨日高点] CHECK_PASSED
  {}
[2026-03-18 13:11:38] [INFO] [压力位突破警报-78500-第二止盈位] CHECK_START
  {}
[2026-03-18 13:11:38] [INFO] [支撑位跌破警报-72000-EMA7强支撑] CHECK_START
  {}
[2026-03-18 13:11:38] [INFO] [压力位突破警报-76000-昨日高点] CHECK_START
  {}
[2026-03-18 13:11:38] [INFO] [支撑位跌破警报-73500-整理下沿跌破] CHECK_START
  {}
[2026-03-18 13:11:39] [INFO] [支撑位跌破警报-72000-EMA7强支撑] CHECK_PASSED
  {}
[2026-03-18 13:11:39] [INFO] [支撑位跌破警报-73500-整理下沿跌破] CHECK_PASSED
  {}
[2026-03-18 13:11:39] [INFO] [压力位突破警报-76000-昨日高点] CHECK_PASSED
  {}
[2026-03-18 13:11:39] [INFO] [压力位突破警报-78500-第二止盈位] CHECK_PASSED
  {}
[2026-03-18 13:16:25] [INFO] [压力位突破警报-78500-第二止盈位] CHECK_START
  {}
[2026-03-18 13:16:25] [INFO] [支撑位跌破警报-72000-EMA7强支撑] CHECK_START
  {}
[2026-03-18 13:16:25] [INFO] [压力位突破警报-76000-昨日高点] CHECK_START
  {}
[2026-03-18 13:16:25] [INFO] [支撑位跌破警报-73500-整理下沿跌破] CHECK_START
  {}
[2026-03-18 13:16:26] [INFO] [支撑位跌破警报-73500-整理下沿跌破] CHECK_PASSED
  {}
[2026-03-18 13:16:26] [INFO] [支撑位跌破警报-72000-EMA7强支撑] CHECK_PASSED
  {}
[2026-03-18 13:16:26] [INFO] [压力位突破警报-78500-第二止盈位] CHECK_PASSED
  {}
[2026-03-18 13:16:27] [INFO] [压力位突破警报-76000-昨日高点] CHECK_PASSED
  {}
[2026-03-18 13:21:14] [INFO] [压力位突破警报-78500-第二止盈位] CHECK_START
  {}
[2026-03-18 13:21:14] [INFO] [支撑位跌破警报-72000-EMA7强支撑] CHECK_START
  {}
[2026-03-18 13:21:14] [INFO] [压力位突破警报-76000-昨日高点] CHECK_START
  {}
[2026-03-18 13:21:14] [INFO] [支撑位跌破警报-73500-整理下沿跌破] CHECK_START
  {}
[2026-03-18 13:21:15] [INFO] [压力位突破警报-76000-昨日高点] CHECK_PASSED
  {}
[2026-03-18 13:21:15] [INFO] [压力位突破警报-78500-第二止盈位] CHECK_PASSED
  {}
[2026-03-18 13:21:15] [INFO] [支撑位跌破警报-72000-EMA7强支撑] CHECK_PASSED
  {}
[2026-03-18 13:21:15] [INFO] [支撑位跌破警报-73500-整理下沿跌破] CHECK_PASSED
  {}
[2026-03-18 13:26:01] [INFO] [压力位突破警报-78500-第二止盈位] CHECK_START
  {}
[2026-03-18 13:26:01] [INFO] [支撑位跌破警报-72000-EMA7强支撑] CHECK_START
  {}
[2026-03-18 13:26:01] [INFO] [压力位突破警报-76000-昨日高点] CHECK_START
  {}
[2026-03-18 13:26:01] [INFO] [支撑位跌破警报-73500-整理下沿跌破] CHECK_START
  {}
[2026-03-18 13:26:01] [INFO] [支撑位跌破警报-72000-EMA7强支撑] CHECK_PASSED
  {}
[2026-03-18 13:26:02] [INFO] [压力位突破警报-76000-昨日高点] CHECK_PASSED
  {}
[2026-03-18 13:26:02] [INFO] [支撑位跌破警报-73500-整理下沿跌破] CHECK_PASSED
  {}
[2026-03-18 13:26:02] [INFO] [压力位突破警报-78500-第二止盈位] CHECK_PASSED
  {}
[2026-03-18 13:30:48] [INFO] [压力位突破警报-78500-第二止盈位] CHECK_START
  {}
[2026-03-18 13:30:48] [INFO] [支撑位跌破警报-72000-EMA7强支撑] CHECK_START
  {}
[2026-03-18 13:30:48] [INFO] [压力位突破警报-76000-昨日高点] CHECK_START
  {}
[2026-03-18 13:30:48] [INFO] [支撑位跌破警报-73500-整理下沿跌破] CHECK_START
  {}
[2026-03-18 13:30:49] [INFO] [支撑位跌破警报-73500-整理下沿跌破] CHECK_PASSED
  {}
[2026-03-18 13:30:49] [INFO] [压力位突破警报-76000-昨日高点] CHECK_PASSED
  {}
[2026-03-18 13:30:50] [INFO] [支撑位跌破警报-72000-EMA7强支撑] CHECK_PASSED
  {}
[2026-03-18 13:30:50] [INFO] [压力位突破警报-78500-第二止盈位] CHECK_PASSED
  {}
[2026-03-18 13:35:35] [INFO] [压力位突破警报-78500-第二止盈位] CHECK_START
  {}
[2026-03-18 13:35:35] [INFO] [支撑位跌破警报-72000-EMA7强支撑] CHECK_START
  {}
[2026-03-18 13:35:35] [INFO] [压力位突破警报-76000-昨日高点] CHECK_START
  {}
[2026-03-18 13:35:35] [INFO] [支撑位跌破警报-73500-整理下沿跌破] CHECK_START
  {}
[2026-03-18 13:35:36] [INFO] [压力位突破警报-78500-第二止盈位] CHECK_PASSED
  {}
[2026-03-18 13:35:36] [INFO] [支撑位跌破警报-72000-EMA7强支撑] CHECK_PASSED
  {}
[2026-03-18 13:35:36] [INFO] [支撑位跌破警报-73500-整理下沿跌破] CHECK_PASSED
  {}
[2026-03-18 13:35:37] [INFO] [压力位突破警报-76000-昨日高点] CHECK_PASSED
  {}
[2026-03-18 13:40:22] [INFO] [压力位突破警报-78500-第二止盈位] CHECK_START
  {}
[2026-03-18 13:40:22] [INFO] [支撑位跌破警报-72000-EMA7强支撑] CHECK_START
  {}
[2026-03-18 13:40:22] [INFO] [压力位突破警报-76000-昨日高点] CHECK_START
  {}
[2026-03-18 13:40:22] [INFO] [支撑位跌破警报-73500-整理下沿跌破] CHECK_START
  {}
[2026-03-18 13:40:23] [INFO] [压力位突破警报-76000-昨日高点] CHECK_PASSED
  {}
[2026-03-18 13:40:23] [INFO] [压力位突破警报-78500-第二止盈位] CHECK_PASSED
  {}
[2026-03-18 13:40:23] [INFO] [支撑位跌破警报-73500-整理下沿跌破] CHECK_PASSED
  {}
[2026-03-18 13:40:24] [INFO] [支撑位跌破警报-72000-EMA7强支撑] CHECK_PASSED
  {}
[2026-03-18 13:45:09] [INFO] [压力位突破警报-78500-第二止盈位] CHECK_START
  {}
[2026-03-18 13:45:09] [INFO] [支撑位跌破警报-72000-EMA7强支撑] CHECK_START
  {}
[2026-03-18 13:45:09] [INFO] [压力位突破警报-76000-昨日高点] CHECK_START
  {}
[2026-03-18 13:45:09] [INFO] [支撑位跌破警报-73500-整理下沿跌破] CHECK_START
  {}
[2026-03-18 13:45:10] [INFO] [支撑位跌破警报-73500-整理下沿跌破] CHECK_PASSED
  {}
[2026-03-18 13:45:10] [INFO] [压力位突破警报-78500-第二止盈位] CHECK_PASSED
  {}
[2026-03-18 13:45:11] [INFO] [支撑位跌破警报-72000-EMA7强支撑] CHECK_PASSED
  {}
[2026-03-18 13:45:11] [INFO] [压力位突破警报-76000-昨日高点] CHECK_PASSED
  {}
[2026-03-18 13:49:56] [INFO] [压力位突破警报-78500-第二止盈位] CHECK_START
  {}
[2026-03-18 13:49:56] [INFO] [支撑位跌破警报-72000-EMA7强支撑] CHECK_START
  {}
[2026-03-18 13:49:56] [INFO] [压力位突破警报-76000-昨日高点] CHECK_START
  {}
[2026-03-18 13:49:56] [INFO] [支撑位跌破警报-73500-整理下沿跌破] CHECK_START
  {}
[2026-03-18 13:49:57] [INFO] [压力位突破警报-78500-第二止盈位] CHECK_PASSED
  {}
[2026-03-18 13:49:57] [INFO] [支撑位跌破警报-72000-EMA7强支撑] CHECK_PASSED
  {}
[2026-03-18 13:49:57] [INFO] [支撑位跌破警报-73500-整理下沿跌破] CHECK_PASSED
  {}
[2026-03-18 13:49:57] [INFO] [压力位突破警报-76000-昨日高点] CHECK_PASSED
  {}
[2026-03-18 13:54:43] [INFO] [压力位突破警报-78500-第二止盈位] CHECK_START
  {}
[2026-03-18 13:54:43] [INFO] [支撑位跌破警报-72000-EMA7强支撑] CHECK_START
  {}
[2026-03-18 13:54:43] [INFO] [压力位突破警报-76000-昨日高点] CHECK_START
  {}
[2026-03-18 13:54:43] [INFO] [支撑位跌破警报-73500-整理下沿跌破] CHECK_START
  {}
[2026-03-18 13:54:44] [INFO] [压力位突破警报-78500-第二止盈位] CHECK_PASSED
  {}
[2026-03-18 13:54:44] [INFO] [压力位突破警报-76000-昨日高点] CHECK_PASSED
  {}
[2026-03-18 13:54:44] [INFO] [支撑位跌破警报-73500-整理下沿跌破] CHECK_PASSED
  {}
[2026-03-18 13:54:44] [INFO] [支撑位跌破警报-72000-EMA7强支撑] CHECK_PASSED
  {}
[2026-03-18 13:59:29] [INFO] [压力位突破警报-78500-第二止盈位] CHECK_START
  {}
[2026-03-18 13:59:29] [INFO] [支撑位跌破警报-72000-EMA7强支撑] CHECK_START
  {}
[2026-03-18 13:59:29] [INFO] [压力位突破警报-76000-昨日高点] CHECK_START
  {}
[2026-03-18 13:59:29] [INFO] [支撑位跌破警报-73500-整理下沿跌破] CHECK_START
  {}
[2026-03-18 13:59:30] [INFO] [压力位突破警报-76000-昨日高点] CHECK_PASSED
  {}
[2026-03-18 13:59:30] [INFO] [支撑位跌破警报-72000-EMA7强支撑] CHECK_PASSED
  {}
[2026-03-18 13:59:30] [INFO] [压力位突破警报-78500-第二止盈位] CHECK_PASSED
  {}
[2026-03-18 13:59:31] [INFO] [支撑位跌破警报-73500-整理下沿跌破] CHECK_PASSED
  {}
[2026-03-18 14:04:15] [INFO] [压力位突破警报-78500-第二止盈位] CHECK_START
  {}
[2026-03-18 14:04:15] [INFO] [支撑位跌破警报-72000-EMA7强支撑] CHECK_START
  {}
[2026-03-18 14:04:15] [INFO] [压力位突破警报-76000-昨日高点] CHECK_START
  {}
[2026-03-18 14:04:15] [INFO] [支撑位跌破警报-73500-整理下沿跌破] CHECK_START
  {}
[2026-03-18 14:04:17] [INFO] [支撑位跌破警报-73500-整理下沿跌破] CHECK_PASSED
  {}
[2026-03-18 14:04:17] [INFO] [支撑位跌破警报-72000-EMA7强支撑] CHECK_PASSED
  {}
[2026-03-18 14:04:17] [INFO] [压力位突破警报-78500-第二止盈位] CHECK_PASSED
  {}
[2026-03-18 14:04:17] [INFO] [压力位突破警报-76000-昨日高点] CHECK_PASSED
  {}
[2026-03-18 14:09:02] [INFO] [压力位突破警报-78500-第二止盈位] CHECK_START
  {}
[2026-03-18 14:09:02] [INFO] [支撑位跌破警报-72000-EMA7强支撑] CHECK_START
  {}
[2026-03-18 14:09:02] [INFO] [压力位突破警报-76000-昨日高点] CHECK_START
  {}
[2026-03-18 14:09:02] [INFO] [支撑位跌破警报-73500-整理下沿跌破] CHECK_START
  {}
[2026-03-18 14:09:03] [INFO] [压力位突破警报-76000-昨日高点] CHECK_PASSED
  {}
[2026-03-18 14:09:03] [INFO] [支撑位跌破警报-72000-EMA7强支撑] CHECK_PASSED
  {}
[2026-03-18 14:09:03] [INFO] [压力位突破警报-78500-第二止盈位] CHECK_PASSED
  {}
[2026-03-18 14:09:03] [INFO] [支撑位跌破警报-73500-整理下沿跌破] CHECK_PASSED
  {}
[2026-03-18 14:13:48] [INFO] [压力位突破警报-78500-第二止盈位] CHECK_START
  {}
[2026-03-18 14:13:48] [INFO] [支撑位跌破警报-72000-EMA7强支撑] CHECK_START
  {}
[2026-03-18 14:13:48] [INFO] [压力位突破警报-76000-昨日高点] CHECK_START
  {}
[2026-03-18 14:13:48] [INFO] [支撑位跌破警报-73500-整理下沿跌破] CHECK_START
  {}
[2026-03-18 14:13:49] [INFO] [支撑位跌破警报-72000-EMA7强支撑] CHECK_PASSED
  {}
[2026-03-18 14:13:49] [INFO] [支撑位跌破警报-73500-整理下沿跌破] CHECK_PASSED
  {}
[2026-03-18 14:13:49] [INFO] [压力位突破警报-78500-第二止盈位] CHECK_PASSED
  {}
[2026-03-18 14:13:50] [INFO] [压力位突破警报-76000-昨日高点] CHECK_PASSED
  {}
[2026-03-18 14:18:35] [INFO] [压力位突破警报-78500-第二止盈位] CHECK_START
  {}
[2026-03-18 14:18:35] [INFO] [支撑位跌破警报-72000-EMA7强支撑] CHECK_START
  {}
[2026-03-18 14:18:35] [INFO] [压力位突破警报-76000-昨日高点] CHECK_START
  {}
[2026-03-18 14:18:35] [INFO] [支撑位跌破警报-73500-整理下沿跌破] CHECK_START
  {}
[2026-03-18 14:18:35] [INFO] [支撑位跌破警报-73500-整理下沿跌破] CHECK_PASSED
  {}
[2026-03-18 14:18:35] [INFO] [压力位突破警报-76000-昨日高点] CHECK_PASSED
  {}
[2026-03-18 14:18:36] [INFO] [支撑位跌破警报-72000-EMA7强支撑] CHECK_PASSED
  {}
[2026-03-18 14:18:36] [INFO] [压力位突破警报-78500-第二止盈位] CHECK_PASSED
  {}
[2026-03-18 14:23:20] [INFO] [压力位突破警报-78500-第二止盈位] CHECK_START
  {}
[2026-03-18 14:23:20] [INFO] [支撑位跌破警报-72000-EMA7强支撑] CHECK_START
  {}
[2026-03-18 14:23:20] [INFO] [压力位突破警报-76000-昨日高点] CHECK_START
  {}
[2026-03-18 14:23:20] [INFO] [支撑位跌破警报-73500-整理下沿跌破] CHECK_START
  {}
[2026-03-18 14:23:21] [INFO] [压力位突破警报-78500-第二止盈位] CHECK_PASSED
  {}
[2026-03-18 14:23:21] [INFO] [支撑位跌破警报-72000-EMA7强支撑] CHECK_PASSED
  {}
[2026-03-18 14:23:21] [INFO] [压力位突破警报-76000-昨日高点] CHECK_PASSED
  {}
[2026-03-18 14:23:23] [INFO] [支撑位跌破警报-73500-整理下沿跌破] CHECK_PASSED
  {}
[2026-03-18 14:28:06] [INFO] [压力位突破警报-78500-第二止盈位] CHECK_START
  {}
[2026-03-18 14:28:06] [INFO] [支撑位跌破警报-72000-EMA7强支撑] CHECK_START
  {}
[2026-03-18 14:28:06] [INFO] [压力位突破警报-76000-昨日高点] CHECK_START
  {}
[2026-03-18 14:28:06] [INFO] [支撑位跌破警报-73500-整理下沿跌破] CHECK_START
  {}
[2026-03-18 14:28:07] [INFO] [压力位突破警报-76000-昨日高点] CHECK_PASSED
  {}
[2026-03-18 14:28:07] [INFO] [支撑位跌破警报-73500-整理下沿跌破] CHECK_PASSED
  {}
[2026-03-18 14:28:07] [INFO] [压力位突破警报-78500-第二止盈位] CHECK_PASSED
  {}
[2026-03-18 14:28:08] [INFO] [支撑位跌破警报-72000-EMA7强支撑] CHECK_PASSED
  {}
[2026-03-18 14:32:52] [INFO] [压力位突破警报-78500-第二止盈位] CHECK_START
  {}
[2026-03-18 14:32:52] [INFO] [支撑位跌破警报-72000-EMA7强支撑] CHECK_START
  {}
[2026-03-18 14:32:52] [INFO] [压力位突破警报-76000-昨日高点] CHECK_START
  {}
[2026-03-18 14:32:52] [INFO] [支撑位跌破警报-73500-整理下沿跌破] CHECK_START
  {}
[2026-03-18 14:32:53] [INFO] [支撑位跌破警报-72000-EMA7强支撑] CHECK_PASSED
  {}
[2026-03-18 14:32:53] [INFO] [压力位突破警报-76000-昨日高点] CHECK_PASSED
  {}
[2026-03-18 14:32:54] [INFO] [压力位突破警报-78500-第二止盈位] CHECK_PASSED
  {}
[2026-03-18 14:32:54] [INFO] [支撑位跌破警报-73500-整理下沿跌破] CHECK_PASSED
  {}
[2026-03-18 14:37:38] [INFO] [压力位突破警报-78500-第二止盈位] CHECK_START
  {}
[2026-03-18 14:37:38] [INFO] [支撑位跌破警报-72000-EMA7强支撑] CHECK_START
  {}
[2026-03-18 14:37:38] [INFO] [压力位突破警报-76000-昨日高点] CHECK_START
  {}
[2026-03-18 14:37:38] [INFO] [支撑位跌破警报-73500-整理下沿跌破] CHECK_START
  {}
[2026-03-18 14:37:39] [INFO] [压力位突破警报-76000-昨日高点] CHECK_PASSED
  {}
[2026-03-18 14:37:39] [INFO] [支撑位跌破警报-73500-整理下沿跌破] CHECK_PASSED
  {}
[2026-03-18 14:37:39] [INFO] [压力位突破警报-78500-第二止盈位] CHECK_PASSED
  {}
[2026-03-18 14:37:40] [INFO] [支撑位跌破警报-72000-EMA7强支撑] CHECK_PASSED
  {}
[2026-03-18 14:42:24] [INFO] [压力位突破警报-78500-第二止盈位] CHECK_START
  {}
[2026-03-18 14:42:24] [INFO] [支撑位跌破警报-72000-EMA7强支撑] CHECK_START
  {}
[2026-03-18 14:42:24] [INFO] [压力位突破警报-76000-昨日高点] CHECK_START
  {}
[2026-03-18 14:42:24] [INFO] [支撑位跌破警报-73500-整理下沿跌破] CHECK_START
  {}
[2026-03-18 14:42:25] [INFO] [压力位突破警报-76000-昨日高点] CHECK_PASSED
  {}
[2026-03-18 14:42:25] [INFO] [压力位突破警报-78500-第二止盈位] CHECK_PASSED
  {}
[2026-03-18 14:42:25] [INFO] [支撑位跌破警报-72000-EMA7强支撑] CHECK_PASSED
  {}
[2026-03-18 14:42:26] [INFO] [支撑位跌破警报-73500-整理下沿跌破] CHECK_PASSED
  {}
[2026-03-18 14:47:10] [INFO] [压力位突破警报-78500-第二止盈位] CHECK_START
  {}
[2026-03-18 14:47:10] [INFO] [支撑位跌破警报-72000-EMA7强支撑] CHECK_START
  {}
[2026-03-18 14:47:10] [INFO] [压力位突破警报-76000-昨日高点] CHECK_START
  {}
[2026-03-18 14:47:10] [INFO] [支撑位跌破警报-73500-整理下沿跌破] CHECK_START
  {}
[2026-03-18 14:47:11] [INFO] [支撑位跌破警报-73500-整理下沿跌破] CHECK_PASSED
  {}
[2026-03-18 14:47:11] [INFO] [支撑位跌破警报-72000-EMA7强支撑] CHECK_PASSED
  {}
[2026-03-18 14:47:11] [INFO] [压力位突破警报-78500-第二止盈位] CHECK_PASSED
  {}
[2026-03-18 14:47:12] [INFO] [压力位突破警报-76000-昨日高点] CHECK_PASSED
  {}
[2026-03-18 14:51:56] [INFO] [压力位突破警报-78500-第二止盈位] CHECK_START
  {}
[2026-03-18 14:51:56] [INFO] [支撑位跌破警报-72000-EMA7强支撑] CHECK_START
  {}
[2026-03-18 14:51:56] [INFO] [压力位突破警报-76000-昨日高点] CHECK_START
  {}
[2026-03-18 14:51:56] [INFO] [支撑位跌破警报-73500-整理下沿跌破] CHECK_START
  {}
[2026-03-18 14:51:58] [INFO] [支撑位跌破警报-72000-EMA7强支撑] CHECK_PASSED
  {}
[2026-03-18 14:51:58] [INFO] [支撑位跌破警报-73500-整理下沿跌破] CHECK_PASSED
  {}
[2026-03-18 14:51:58] [INFO] [压力位突破警报-78500-第二止盈位] CHECK_PASSED
  {}
[2026-03-18 14:51:58] [INFO] [压力位突破警报-76000-昨日高点] CHECK_PASSED
  {}
[2026-03-18 14:56:41] [INFO] [压力位突破警报-78500-第二止盈位] CHECK_START
  {}
[2026-03-18 14:56:41] [INFO] [支撑位跌破警报-72000-EMA7强支撑] CHECK_START
  {}
[2026-03-18 14:56:41] [INFO] [压力位突破警报-76000-昨日高点] CHECK_START
  {}
[2026-03-18 14:56:41] [INFO] [支撑位跌破警报-73500-整理下沿跌破] CHECK_START
  {}
[2026-03-18 14:56:42] [INFO] [压力位突破警报-78500-第二止盈位] CHECK_PASSED
  {}
[2026-03-18 14:56:42] [INFO] [支撑位跌破警报-72000-EMA7强支撑] CHECK_PASSED
  {}
[2026-03-18 14:56:42] [INFO] [支撑位跌破警报-73500-整理下沿跌破] CHECK_PASSED
  {}
[2026-03-18 14:56:42] [INFO] [压力位突破警报-76000-昨日高点] CHECK_PASSED
  {}
[2026-03-18 15:01:26] [INFO] [压力位突破警报-78500-第二止盈位] CHECK_START
  {}
[2026-03-18 15:01:26] [INFO] [支撑位跌破警报-72000-EMA7强支撑] CHECK_START
  {}
[2026-03-18 15:01:26] [INFO] [压力位突破警报-76000-昨日高点] CHECK_START
  {}
[2026-03-18 15:01:26] [INFO] [支撑位跌破警报-73500-整理下沿跌破] CHECK_START
  {}
[2026-03-18 15:01:27] [INFO] [支撑位跌破警报-72000-EMA7强支撑] CHECK_PASSED
  {}
[2026-03-18 15:01:27] [INFO] [压力位突破警报-78500-第二止盈位] CHECK_PASSED
  {}
[2026-03-18 15:01:27] [INFO] [压力位突破警报-76000-昨日高点] CHECK_PASSED
  {}
[2026-03-18 15:01:28] [INFO] [支撑位跌破警报-73500-整理下沿跌破] CHECK_PASSED
  {}
[2026-03-18 15:06:11] [INFO] [压力位突破警报-78500-第二止盈位] CHECK_START
  {}
[2026-03-18 15:06:11] [INFO] [支撑位跌破警报-72000-EMA7强支撑] CHECK_START
  {}
[2026-03-18 15:06:11] [INFO] [压力位突破警报-76000-昨日高点] CHECK_START
  {}
[2026-03-18 15:06:11] [INFO] [支撑位跌破警报-73500-整理下沿跌破] CHECK_START
  {}
[2026-03-18 15:06:13] [INFO] [支撑位跌破警报-72000-EMA7强支撑] CHECK_PASSED
  {}
[2026-03-18 15:06:13] [INFO] [支撑位跌破警报-73500-整理下沿跌破] CHECK_PASSED
  {}
[2026-03-18 15:06:13] [INFO] [压力位突破警报-76000-昨日高点] CHECK_PASSED
  {}
[2026-03-18 15:06:15] [INFO] [压力位突破警报-78500-第二止盈位] CHECK_PASSED
  {}
[2026-03-18 15:10:56] [INFO] [压力位突破警报-78500-第二止盈位] CHECK_START
  {}
[2026-03-18 15:10:57] [INFO] [支撑位跌破警报-72000-EMA7强支撑] CHECK_START
  {}
[2026-03-18 15:10:57] [INFO] [压力位突破警报-76000-昨日高点] CHECK_START
  {}
[2026-03-18 15:10:57] [INFO] [支撑位跌破警报-73500-整理下沿跌破] CHECK_START
  {}
[2026-03-18 15:10:57] [INFO] [压力位突破警报-76000-昨日高点] CHECK_PASSED
  {}
[2026-03-18 15:10:58] [INFO] [支撑位跌破警报-72000-EMA7强支撑] CHECK_PASSED
  {}
[2026-03-18 15:10:58] [INFO] [压力位突破警报-78500-第二止盈位] CHECK_PASSED
  {}
[2026-03-18 15:10:59] [INFO] [支撑位跌破警报-73500-整理下沿跌破] CHECK_PASSED
  {}
[2026-03-18 15:15:43] [INFO] [压力位突破警报-78500-第二止盈位] CHECK_START
  {}
[2026-03-18 15:15:43] [INFO] [支撑位跌破警报-72000-EMA7强支撑] CHECK_START
  {}
[2026-03-18 15:15:43] [INFO] [压力位突破警报-76000-昨日高点] CHECK_START
  {}
[2026-03-18 15:15:43] [INFO] [支撑位跌破警报-73500-整理下沿跌破] CHECK_START
  {}
[2026-03-18 15:15:44] [INFO] [压力位突破警报-76000-昨日高点] CHECK_PASSED
  {}
[2026-03-18 15:15:44] [INFO] [支撑位跌破警报-73500-整理下沿跌破] CHECK_PASSED
  {}
[2026-03-18 15:15:44] [INFO] [支撑位跌破警报-72000-EMA7强支撑] CHECK_PASSED
  {}
[2026-03-18 15:15:44] [INFO] [压力位突破警报-78500-第二止盈位] CHECK_PASSED
  {}
[2026-03-18 15:20:28] [INFO] [压力位突破警报-78500-第二止盈位] CHECK_START
  {}
[2026-03-18 15:20:28] [INFO] [支撑位跌破警报-72000-EMA7强支撑] CHECK_START
  {}
[2026-03-18 15:20:28] [INFO] [压力位突破警报-76000-昨日高点] CHECK_START
  {}
[2026-03-18 15:20:28] [INFO] [支撑位跌破警报-73500-整理下沿跌破] CHECK_START
  {}
[2026-03-18 15:20:29] [INFO] [压力位突破警报-78500-第二止盈位] CHECK_PASSED
  {}
[2026-03-18 15:20:29] [INFO] [支撑位跌破警报-72000-EMA7强支撑] CHECK_PASSED
  {}
[2026-03-18 15:20:29] [INFO] [支撑位跌破警报-73500-整理下沿跌破] CHECK_PASSED
  {}
[2026-03-18 15:20:30] [INFO] [压力位突破警报-76000-昨日高点] CHECK_PASSED
  {}
[2026-03-18 15:25:13] [INFO] [压力位突破警报-78500-第二止盈位] CHECK_START
  {}
[2026-03-18 15:25:13] [INFO] [支撑位跌破警报-72000-EMA7强支撑] CHECK_START
  {}
[2026-03-18 15:25:13] [INFO] [压力位突破警报-76000-昨日高点] CHECK_START
  {}
[2026-03-18 15:25:13] [INFO] [支撑位跌破警报-73500-整理下沿跌破] CHECK_START
  {}
[2026-03-18 15:25:15] [INFO] [压力位突破警报-76000-昨日高点] CHECK_PASSED
  {}
[2026-03-18 15:25:15] [INFO] [支撑位跌破警报-72000-EMA7强支撑] CHECK_PASSED
  {}
[2026-03-18 15:25:15] [INFO] [压力位突破警报-78500-第二止盈位] CHECK_PASSED
  {}
[2026-03-18 15:25:15] [INFO] [支撑位跌破警报-73500-整理下沿跌破] CHECK_PASSED
  {}
[2026-03-18 15:29:59] [INFO] [压力位突破警报-78500-第二止盈位] CHECK_START
  {}
[2026-03-18 15:29:59] [INFO] [支撑位跌破警报-72000-EMA7强支撑] CHECK_START
  {}
[2026-03-18 15:29:59] [INFO] [压力位突破警报-76000-昨日高点] CHECK_START
  {}
[2026-03-18 15:29:59] [INFO] [支撑位跌破警报-73500-整理下沿跌破] CHECK_START
  {}
[2026-03-18 15:29:59] [INFO] [压力位突破警报-78500-第二止盈位] CHECK_PASSED
  {}
[2026-03-18 15:29:59] [INFO] [支撑位跌破警报-73500-整理下沿跌破] CHECK_PASSED
  {}
[2026-03-18 15:29:59] [INFO] [压力位突破警报-76000-昨日高点] CHECK_PASSED
  {}
[2026-03-18 15:30:01] [INFO] [支撑位跌破警报-72000-EMA7强支撑] CHECK_PASSED
  {}
[2026-03-18 15:34:44] [INFO] [压力位突破警报-78500-第二止盈位] CHECK_START
  {}
[2026-03-18 15:34:44] [INFO] [支撑位跌破警报-72000-EMA7强支撑] CHECK_START
  {}
[2026-03-18 15:34:44] [INFO] [压力位突破警报-76000-昨日高点] CHECK_START
  {}
[2026-03-18 15:34:44] [INFO] [支撑位跌破警报-73500-整理下沿跌破] CHECK_START
  {}
[2026-03-18 15:34:45] [INFO] [压力位突破警报-78500-第二止盈位] CHECK_PASSED
  {}
[2026-03-18 15:34:45] [INFO] [压力位突破警报-76000-昨日高点] CHECK_PASSED
  {}
[2026-03-18 15:34:46] [INFO] [支撑位跌破警报-73500-整理下沿跌破] CHECK_PASSED
  {}
[2026-03-18 15:34:49] [INFO] [支撑位跌破警报-72000-EMA7强支撑] CHECK_PASSED
  {}
[2026-03-18 15:39:28] [INFO] [压力位突破警报-78500-第二止盈位] CHECK_START
  {}
[2026-03-18 15:39:28] [INFO] [支撑位跌破警报-72000-EMA7强支撑] CHECK_START
  {}
[2026-03-18 15:39:28] [INFO] [压力位突破警报-76000-昨日高点] CHECK_START
  {}
[2026-03-18 15:39:28] [INFO] [支撑位跌破警报-73500-整理下沿跌破] CHECK_START
  {}
[2026-03-18 15:39:29] [INFO] [压力位突破警报-76000-昨日高点] CHECK_PASSED
  {}
[2026-03-18 15:39:30] [INFO] [支撑位跌破警报-72000-EMA7强支撑] CHECK_PASSED
  {}
[2026-03-18 15:39:30] [INFO] [压力位突破警报-78500-第二止盈位] CHECK_PASSED
  {}
[2026-03-18 15:39:30] [INFO] [支撑位跌破警报-73500-整理下沿跌破] CHECK_PASSED
  {}
[2026-03-18 15:44:13] [INFO] [压力位突破警报-78500-第二止盈位] CHECK_START
  {}
[2026-03-18 15:44:13] [INFO] [支撑位跌破警报-72000-EMA7强支撑] CHECK_START
  {}
[2026-03-18 15:44:13] [INFO] [压力位突破警报-76000-昨日高点] CHECK_START
  {}
[2026-03-18 15:44:13] [INFO] [支撑位跌破警报-73500-整理下沿跌破] CHECK_START
  {}
[2026-03-18 15:44:14] [INFO] [压力位突破警报-76000-昨日高点] CHECK_PASSED
  {}
[2026-03-18 15:44:14] [INFO] [支撑位跌破警报-72000-EMA7强支撑] CHECK_PASSED
  {}
[2026-03-18 15:44:14] [INFO] [支撑位跌破警报-73500-整理下沿跌破] CHECK_PASSED
  {}
[2026-03-18 15:44:16] [INFO] [压力位突破警报-78500-第二止盈位] CHECK_PASSED
  {}
[2026-03-18 15:48:58] [INFO] [压力位突破警报-78500-第二止盈位] CHECK_START
  {}
[2026-03-18 15:48:58] [INFO] [支撑位跌破警报-72000-EMA7强支撑] CHECK_START
  {}
[2026-03-18 15:48:58] [INFO] [压力位突破警报-76000-昨日高点] CHECK_START
  {}
[2026-03-18 15:48:58] [INFO] [支撑位跌破警报-73500-整理下沿跌破] CHECK_START
  {}
[2026-03-18 15:48:59] [INFO] [支撑位跌破警报-73500-整理下沿跌破] CHECK_PASSED
  {}
[2026-03-18 15:48:59] [INFO] [压力位突破警报-76000-昨日高点] CHECK_PASSED
  {}
[2026-03-18 15:48:59] [INFO] [压力位突破警报-78500-第二止盈位] CHECK_PASSED
  {}
[2026-03-18 15:49:00] [INFO] [支撑位跌破警报-72000-EMA7强支撑] CHECK_PASSED
  {}
[2026-03-18 15:53:43] [INFO] [压力位突破警报-78500-第二止盈位] CHECK_START
  {}
[2026-03-18 15:53:43] [INFO] [支撑位跌破警报-72000-EMA7强支撑] CHECK_START
  {}
[2026-03-18 15:53:43] [INFO] [压力位突破警报-76000-昨日高点] CHECK_START
  {}
[2026-03-18 15:53:43] [INFO] [支撑位跌破警报-73500-整理下沿跌破] CHECK_START
  {}
[2026-03-18 15:53:44] [INFO] [压力位突破警报-78500-第二止盈位] CHECK_PASSED
  {}
[2026-03-18 15:53:44] [INFO] [压力位突破警报-76000-昨日高点] CHECK_PASSED
  {}
[2026-03-18 15:53:45] [INFO] [支撑位跌破警报-73500-整理下沿跌破] CHECK_PASSED
  {}
[2026-03-18 15:53:45] [INFO] [支撑位跌破警报-72000-EMA7强支撑] CHECK_PASSED
  {}
[2026-03-18 15:58:27] [INFO] [压力位突破警报-78500-第二止盈位] CHECK_START
  {}
[2026-03-18 15:58:27] [INFO] [支撑位跌破警报-72000-EMA7强支撑] CHECK_START
  {}
[2026-03-18 15:58:27] [INFO] [压力位突破警报-76000-昨日高点] CHECK_START
  {}
[2026-03-18 15:58:27] [INFO] [支撑位跌破警报-73500-整理下沿跌破] CHECK_START
  {}
[2026-03-18 15:58:28] [INFO] [支撑位跌破警报-72000-EMA7强支撑] CHECK_PASSED
  {}
[2026-03-18 15:58:28] [INFO] [压力位突破警报-76000-昨日高点] CHECK_PASSED
  {}
[2026-03-18 15:58:28] [INFO] [支撑位跌破警报-73500-整理下沿跌破] CHECK_PASSED
  {}
[2026-03-18 15:58:28] [INFO] [压力位突破警报-78500-第二止盈位] CHECK_PASSED
  {}
[2026-03-18 16:03:12] [INFO] [压力位突破警报-78500-第二止盈位] CHECK_START
  {}
[2026-03-18 16:03:12] [INFO] [支撑位跌破警报-72000-EMA7强支撑] CHECK_START
  {}
[2026-03-18 16:03:12] [INFO] [压力位突破警报-76000-昨日高点] CHECK_START
  {}
[2026-03-18 16:03:12] [INFO] [支撑位跌破警报-73500-整理下沿跌破] CHECK_START
  {}
[2026-03-18 16:03:12] [INFO] [支撑位跌破警报-73500-整理下沿跌破] CHECK_PASSED
  {}
[2026-03-18 16:03:13] [INFO] [支撑位跌破警报-72000-EMA7强支撑] CHECK_PASSED
  {}
[2026-03-18 16:03:13] [INFO] [压力位突破警报-78500-第二止盈位] CHECK_PASSED
  {}
[2026-03-18 16:03:13] [INFO] [压力位突破警报-76000-昨日高点] CHECK_PASSED
  {}
[2026-03-18 16:07:59] [INFO] [压力位突破警报-78500-第二止盈位] CHECK_START
  {}
[2026-03-18 16:07:59] [INFO] [支撑位跌破警报-72000-EMA7强支撑] CHECK_START
  {}
[2026-03-18 16:07:59] [INFO] [压力位突破警报-76000-昨日高点] CHECK_START
  {}
[2026-03-18 16:07:59] [INFO] [支撑位跌破警报-73500-整理下沿跌破] CHECK_START
  {}
[2026-03-18 16:08:01] [INFO] [支撑位跌破警报-72000-EMA7强支撑] CHECK_PASSED
  {}
[2026-03-18 16:08:01] [INFO] [压力位突破警报-78500-第二止盈位] CHECK_PASSED
  {}
[2026-03-18 16:08:01] [INFO] [压力位突破警报-76000-昨日高点] CHECK_PASSED
  {}
[2026-03-18 16:08:01] [INFO] [支撑位跌破警报-73500-整理下沿跌破] CHECK_PASSED
  {}
[2026-03-18 16:12:44] [INFO] [压力位突破警报-78500-第二止盈位] CHECK_START
  {}
[2026-03-18 16:12:44] [INFO] [支撑位跌破警报-72000-EMA7强支撑] CHECK_START
  {}
[2026-03-18 16:12:44] [INFO] [压力位突破警报-76000-昨日高点] CHECK_START
  {}
[2026-03-18 16:12:44] [INFO] [支撑位跌破警报-73500-整理下沿跌破] CHECK_START
  {}
[2026-03-18 16:12:45] [INFO] [支撑位跌破警报-72000-EMA7强支撑] CHECK_PASSED
  {}
[2026-03-18 16:12:46] [INFO] [支撑位跌破警报-73500-整理下沿跌破] CHECK_PASSED
  {}
[2026-03-18 16:12:46] [INFO] [压力位突破警报-78500-第二止盈位] CHECK_PASSED
  {}
[2026-03-18 16:12:46] [INFO] [压力位突破警报-76000-昨日高点] CHECK_PASSED
  {}
[2026-03-18 16:17:27] [INFO] [压力位突破警报-78500-第二止盈位] CHECK_START
  {}
[2026-03-18 16:17:27] [INFO] [支撑位跌破警报-72000-EMA7强支撑] CHECK_START
  {}
[2026-03-18 16:17:27] [INFO] [压力位突破警报-76000-昨日高点] CHECK_START
  {}
[2026-03-18 16:17:27] [INFO] [支撑位跌破警报-73500-整理下沿跌破] CHECK_START
  {}
[2026-03-18 16:17:28] [INFO] [支撑位跌破警报-72000-EMA7强支撑] CHECK_PASSED
  {}
[2026-03-18 16:17:28] [INFO] [压力位突破警报-78500-第二止盈位] CHECK_PASSED
  {}
[2026-03-18 16:17:29] [INFO] [支撑位跌破警报-73500-整理下沿跌破] CHECK_PASSED
  {}
[2026-03-18 16:17:30] [INFO] [压力位突破警报-76000-昨日高点] CHECK_PASSED
  {}
[2026-03-18 16:22:11] [INFO] [压力位突破警报-78500-第二止盈位] CHECK_START
  {}
[2026-03-18 16:22:11] [INFO] [支撑位跌破警报-72000-EMA7强支撑] CHECK_START
  {}
[2026-03-18 16:22:11] [INFO] [压力位突破警报-76000-昨日高点] CHECK_START
  {}
[2026-03-18 16:22:11] [INFO] [支撑位跌破警报-73500-整理下沿跌破] CHECK_START
  {}
[2026-03-18 16:22:12] [INFO] [压力位突破警报-78500-第二止盈位] CHECK_PASSED
  {}
[2026-03-18 16:22:12] [INFO] [压力位突破警报-76000-昨日高点] CHECK_PASSED
  {}
[2026-03-18 16:22:12] [INFO] [支撑位跌破警报-72000-EMA7强支撑] CHECK_PASSED
  {}
[2026-03-18 16:22:13] [INFO] [支撑位跌破警报-73500-整理下沿跌破] CHECK_PASSED
  {}
[2026-03-18 16:26:54] [INFO] [压力位突破警报-78500-第二止盈位] CHECK_START
  {}
[2026-03-18 16:26:54] [INFO] [支撑位跌破警报-72000-EMA7强支撑] CHECK_START
  {}
[2026-03-18 16:26:54] [INFO] [压力位突破警报-76000-昨日高点] CHECK_START
  {}
[2026-03-18 16:26:54] [INFO] [支撑位跌破警报-73500-整理下沿跌破] CHECK_START
  {}
[2026-03-18 16:26:55] [INFO] [支撑位跌破警报-72000-EMA7强支撑] CHECK_PASSED
  {}
[2026-03-18 16:26:55] [INFO] [压力位突破警报-76000-昨日高点] CHECK_PASSED
  {}
[2026-03-18 16:26:55] [INFO] [压力位突破警报-78500-第二止盈位] CHECK_PASSED
  {}
[2026-03-18 16:26:55] [INFO] [支撑位跌破警报-73500-整理下沿跌破] CHECK_PASSED
  {}
[2026-03-18 16:31:37] [INFO] [压力位突破警报-78500-第二止盈位] CHECK_START
  {}
[2026-03-18 16:31:37] [INFO] [支撑位跌破警报-72000-EMA7强支撑] CHECK_START
  {}
[2026-03-18 16:31:37] [INFO] [压力位突破警报-76000-昨日高点] CHECK_START
  {}
[2026-03-18 16:31:37] [INFO] [支撑位跌破警报-73500-整理下沿跌破] CHECK_START
  {}
[2026-03-18 16:31:38] [INFO] [压力位突破警报-78500-第二止盈位] CHECK_PASSED
  {}
[2026-03-18 16:31:38] [INFO] [压力位突破警报-76000-昨日高点] CHECK_PASSED
  {}
[2026-03-18 16:31:38] [INFO] [支撑位跌破警报-73500-整理下沿跌破] CHECK_PASSED
  {}
[2026-03-18 16:31:38] [INFO] [支撑位跌破警报-72000-EMA7强支撑] CHECK_PASSED
  {}
[2026-03-18 16:36:20] [INFO] [压力位突破警报-78500-第二止盈位] CHECK_START
  {}
[2026-03-18 16:36:20] [INFO] [支撑位跌破警报-72000-EMA7强支撑] CHECK_START
  {}
[2026-03-18 16:36:20] [INFO] [压力位突破警报-76000-昨日高点] CHECK_START
  {}
[2026-03-18 16:36:20] [INFO] [支撑位跌破警报-73500-整理下沿跌破] CHECK_START
  {}
[2026-03-18 16:36:21] [INFO] [支撑位跌破警报-73500-整理下沿跌破] CHECK_PASSED
  {}
[2026-03-18 16:36:21] [INFO] [支撑位跌破警报-72000-EMA7强支撑] CHECK_PASSED
  {}
[2026-03-18 16:36:21] [INFO] [压力位突破警报-76000-昨日高点] CHECK_PASSED
  {}
[2026-03-18 16:36:21] [INFO] [压力位突破警报-78500-第二止盈位] CHECK_PASSED
  {}
[2026-03-18 16:41:03] [INFO] [压力位突破警报-78500-第二止盈位] CHECK_START
  {}
[2026-03-18 16:41:03] [INFO] [支撑位跌破警报-72000-EMA7强支撑] CHECK_START
  {}
[2026-03-18 16:41:03] [INFO] [压力位突破警报-76000-昨日高点] CHECK_START
  {}
[2026-03-18 16:41:03] [INFO] [支撑位跌破警报-73500-整理下沿跌破] CHECK_START
  {}
[2026-03-18 16:41:04] [INFO] [支撑位跌破警报-73500-整理下沿跌破] CHECK_PASSED
  {}
[2026-03-18 16:41:04] [INFO] [压力位突破警报-78500-第二止盈位] CHECK_PASSED
  {}
[2026-03-18 16:41:04] [INFO] [支撑位跌破警报-72000-EMA7强支撑] CHECK_PASSED
  {}
[2026-03-18 16:41:04] [INFO] [压力位突破警报-76000-昨日高点] CHECK_PASSED
  {}
[2026-03-18 16:45:46] [INFO] [压力位突破警报-78500-第二止盈位] CHECK_START
  {}
[2026-03-18 16:45:46] [INFO] [支撑位跌破警报-72000-EMA7强支撑] CHECK_START
  {}
[2026-03-18 16:45:46] [INFO] [压力位突破警报-76000-昨日高点] CHECK_START
  {}
[2026-03-18 16:45:46] [INFO] [支撑位跌破警报-73500-整理下沿跌破] CHECK_START
  {}
[2026-03-18 16:45:47] [INFO] [支撑位跌破警报-73500-整理下沿跌破] CHECK_PASSED
  {}
[2026-03-18 16:45:47] [INFO] [压力位突破警报-76000-昨日高点] CHECK_PASSED
  {}
[2026-03-18 16:45:48] [INFO] [压力位突破警报-78500-第二止盈位] CHECK_PASSED
  {}
[2026-03-18 16:45:48] [INFO] [支撑位跌破警报-72000-EMA7强支撑] CHECK_PASSED
  {}
[2026-03-18 16:50:28] [INFO] [压力位突破警报-78500-第二止盈位] CHECK_START
  {}
[2026-03-18 16:50:28] [INFO] [支撑位跌破警报-72000-EMA7强支撑] CHECK_START
  {}
[2026-03-18 16:50:28] [INFO] [压力位突破警报-76000-昨日高点] CHECK_START
  {}
[2026-03-18 16:50:28] [INFO] [支撑位跌破警报-73500-整理下沿跌破] CHECK_START
  {}
[2026-03-18 16:50:29] [INFO] [支撑位跌破警报-73500-整理下沿跌破] CHECK_PASSED
  {}
[2026-03-18 16:50:29] [INFO] [压力位突破警报-76000-昨日高点] CHECK_PASSED
  {}
[2026-03-18 16:50:29] [INFO] [支撑位跌破警报-72000-EMA7强支撑] CHECK_PASSED
  {}
[2026-03-18 16:50:30] [INFO] [压力位突破警报-78500-第二止盈位] CHECK_PASSED
  {}
[2026-03-18 16:55:10] [INFO] [压力位突破警报-78500-第二止盈位] CHECK_START
  {}
[2026-03-18 16:55:10] [INFO] [支撑位跌破警报-72000-EMA7强支撑] CHECK_START
  {}
[2026-03-18 16:55:10] [INFO] [压力位突破警报-76000-昨日高点] CHECK_START
  {}
[2026-03-18 16:55:10] [INFO] [支撑位跌破警报-73500-整理下沿跌破] CHECK_START
  {}
[2026-03-18 16:55:11] [INFO] [压力位突破警报-78500-第二止盈位] CHECK_PASSED
  {}
[2026-03-18 16:55:11] [INFO] [支撑位跌破警报-72000-EMA7强支撑] CHECK_PASSED
  {}
[2026-03-18 16:55:12] [INFO] [压力位突破警报-76000-昨日高点] CHECK_PASSED
  {}
[2026-03-18 16:55:12] [INFO] [支撑位跌破警报-73500-整理下沿跌破] CHECK_PASSED
  {}
[2026-03-18 16:59:53] [INFO] [压力位突破警报-78500-第二止盈位] CHECK_START
  {}
[2026-03-18 16:59:53] [INFO] [支撑位跌破警报-72000-EMA7强支撑] CHECK_START
  {}
[2026-03-18 16:59:53] [INFO] [压力位突破警报-76000-昨日高点] CHECK_START
  {}
[2026-03-18 16:59:53] [INFO] [支撑位跌破警报-73500-整理下沿跌破] CHECK_START
  {}
[2026-03-18 16:59:53] [INFO] [支撑位跌破警报-72000-EMA7强支撑] CHECK_PASSED
  {}
[2026-03-18 16:59:54] [INFO] [压力位突破警报-76000-昨日高点] CHECK_PASSED
  {}
[2026-03-18 16:59:54] [INFO] [支撑位跌破警报-73500-整理下沿跌破] CHECK_PASSED
  {}
[2026-03-18 16:59:55] [INFO] [压力位突破警报-78500-第二止盈位] CHECK_PASSED
  {}
[2026-03-18 17:04:35] [INFO] [压力位突破警报-78500-第二止盈位] CHECK_START
  {}
[2026-03-18 17:04:35] [INFO] [支撑位跌破警报-72000-EMA7强支撑] CHECK_START
  {}
[2026-03-18 17:04:35] [INFO] [压力位突破警报-76000-昨日高点] CHECK_START
  {}
[2026-03-18 17:04:35] [INFO] [支撑位跌破警报-73500-整理下沿跌破] CHECK_START
  {}
[2026-03-18 17:04:36] [INFO] [支撑位跌破警报-72000-EMA7强支撑] CHECK_PASSED
  {}
[2026-03-18 17:04:36] [INFO] [压力位突破警报-78500-第二止盈位] CHECK_PASSED
  {}
[2026-03-18 17:04:36] [INFO] [支撑位跌破警报-73500-整理下沿跌破] CHECK_PASSED
  {}
[2026-03-18 17:04:37] [INFO] [压力位突破警报-76000-昨日高点] CHECK_PASSED
  {}
[2026-03-18 17:09:17] [INFO] [压力位突破警报-78500-第二止盈位] CHECK_START
  {}
[2026-03-18 17:09:17] [INFO] [支撑位跌破警报-72000-EMA7强支撑] CHECK_START
  {}
[2026-03-18 17:09:17] [INFO] [压力位突破警报-76000-昨日高点] CHECK_START
  {}
[2026-03-18 17:09:17] [INFO] [支撑位跌破警报-73500-整理下沿跌破] CHECK_START
  {}
[2026-03-18 17:09:18] [INFO] [支撑位跌破警报-73500-整理下沿跌破] CHECK_PASSED
  {}
[2026-03-18 17:09:18] [INFO] [压力位突破警报-76000-昨日高点] CHECK_PASSED
  {}
[2026-03-18 17:09:18] [INFO] [支撑位跌破警报-72000-EMA7强支撑] CHECK_PASSED
  {}
[2026-03-18 17:09:19] [INFO] [压力位突破警报-78500-第二止盈位] CHECK_PASSED
  {}
[2026-03-18 17:13:59] [INFO] [压力位突破警报-78500-第二止盈位] CHECK_START
  {}
[2026-03-18 17:13:59] [INFO] [支撑位跌破警报-72000-EMA7强支撑] CHECK_START
  {}
[2026-03-18 17:13:59] [INFO] [压力位突破警报-76000-昨日高点] CHECK_START
  {}
[2026-03-18 17:13:59] [INFO] [支撑位跌破警报-73500-整理下沿跌破] CHECK_START
  {}
[2026-03-18 17:14:00] [INFO] [支撑位跌破警报-73500-整理下沿跌破] CHECK_PASSED
  {}
[2026-03-18 17:14:00] [INFO] [压力位突破警报-76000-昨日高点] CHECK_PASSED
  {}
[2026-03-18 17:14:01] [INFO] [支撑位跌破警报-72000-EMA7强支撑] CHECK_PASSED
  {}
[2026-03-18 17:14:02] [INFO] [压力位突破警报-78500-第二止盈位] CHECK_PASSED
  {}
[2026-03-18 17:18:43] [INFO] [压力位突破警报-78500-第二止盈位] CHECK_START
  {}
[2026-03-18 17:18:43] [INFO] [支撑位跌破警报-72000-EMA7强支撑] CHECK_START
  {}
[2026-03-18 17:18:43] [INFO] [压力位突破警报-76000-昨日高点] CHECK_START
  {}
[2026-03-18 17:18:43] [INFO] [支撑位跌破警报-73500-整理下沿跌破] CHECK_START
  {}
[2026-03-18 17:18:44] [INFO] [支撑位跌破警报-73500-整理下沿跌破] CHECK_PASSED
  {}
[2026-03-18 17:18:44] [INFO] [压力位突破警报-76000-昨日高点] CHECK_PASSED
  {}
[2026-03-18 17:18:44] [INFO] [压力位突破警报-78500-第二止盈位] CHECK_PASSED
  {}
[2026-03-18 17:18:44] [INFO] [支撑位跌破警报-72000-EMA7强支撑] CHECK_PASSED
  {}
[2026-03-18 17:23:25] [INFO] [压力位突破警报-78500-第二止盈位] CHECK_START
  {}
[2026-03-18 17:23:25] [INFO] [支撑位跌破警报-72000-EMA7强支撑] CHECK_START
  {}
[2026-03-18 17:23:25] [INFO] [压力位突破警报-76000-昨日高点] CHECK_START
  {}
[2026-03-18 17:23:25] [INFO] [支撑位跌破警报-73500-整理下沿跌破] CHECK_START
  {}
[2026-03-18 17:23:26] [INFO] [压力位突破警报-76000-昨日高点] CHECK_PASSED
  {}
[2026-03-18 17:23:27] [INFO] [支撑位跌破警报-73500-整理下沿跌破] CHECK_PASSED
  {}
[2026-03-18 17:23:27] [INFO] [支撑位跌破警报-72000-EMA7强支撑] CHECK_PASSED
  {}
[2026-03-18 17:23:27] [INFO] [压力位突破警报-78500-第二止盈位] CHECK_PASSED
  {}
[2026-03-18 17:28:06] [INFO] [压力位突破警报-78500-第二止盈位] CHECK_START
  {}
[2026-03-18 17:28:06] [INFO] [支撑位跌破警报-72000-EMA7强支撑] CHECK_START
  {}
[2026-03-18 17:28:06] [INFO] [压力位突破警报-76000-昨日高点] CHECK_START
  {}
[2026-03-18 17:28:06] [INFO] [支撑位跌破警报-73500-整理下沿跌破] CHECK_START
  {}
[2026-03-18 17:28:07] [INFO] [压力位突破警报-78500-第二止盈位] CHECK_PASSED
  {}
[2026-03-18 17:28:07] [INFO] [支撑位跌破警报-73500-整理下沿跌破] CHECK_PASSED
  {}
[2026-03-18 17:28:07] [INFO] [压力位突破警报-76000-昨日高点] CHECK_PASSED
  {}
[2026-03-18 17:28:08] [INFO] [支撑位跌破警报-72000-EMA7强支撑] CHECK_PASSED
  {}
[2026-03-18 17:32:49] [INFO] [压力位突破警报-78500-第二止盈位] CHECK_START
  {}
[2026-03-18 17:32:49] [INFO] [支撑位跌破警报-72000-EMA7强支撑] CHECK_START
  {}
[2026-03-18 17:32:49] [INFO] [压力位突破警报-76000-昨日高点] CHECK_START
  {}
[2026-03-18 17:32:49] [INFO] [支撑位跌破警报-73500-整理下沿跌破] CHECK_START
  {}
[2026-03-18 17:32:50] [INFO] [支撑位跌破警报-73500-整理下沿跌破] CHECK_PASSED
  {}
[2026-03-18 17:32:50] [INFO] [压力位突破警报-78500-第二止盈位] CHECK_PASSED
  {}
[2026-03-18 17:32:50] [INFO] [压力位突破警报-76000-昨日高点] CHECK_PASSED
  {}
[2026-03-18 17:32:51] [INFO] [支撑位跌破警报-72000-EMA7强支撑] CHECK_PASSED
  {}
[2026-03-18 17:37:31] [INFO] [压力位突破警报-78500-第二止盈位] CHECK_START
  {}
[2026-03-18 17:37:31] [INFO] [支撑位跌破警报-72000-EMA7强支撑] CHECK_START
  {}
[2026-03-18 17:37:31] [INFO] [压力位突破警报-76000-昨日高点] CHECK_START
  {}
[2026-03-18 17:37:31] [INFO] [支撑位跌破警报-73500-整理下沿跌破] CHECK_START
  {}
[2026-03-18 17:37:32] [INFO] [支撑位跌破警报-73500-整理下沿跌破] CHECK_PASSED
  {}
[2026-03-18 17:37:32] [INFO] [压力位突破警报-76000-昨日高点] CHECK_PASSED
  {}
[2026-03-18 17:37:33] [INFO] [支撑位跌破警报-72000-EMA7强支撑] CHECK_PASSED
  {}
[2026-03-18 17:37:33] [INFO] [压力位突破警报-78500-第二止盈位] CHECK_PASSED
  {}
[2026-03-18 17:42:12] [INFO] [压力位突破警报-78500-第二止盈位] CHECK_START
  {}
[2026-03-18 17:42:12] [INFO] [支撑位跌破警报-72000-EMA7强支撑] CHECK_START
  {}
[2026-03-18 17:42:12] [INFO] [压力位突破警报-76000-昨日高点] CHECK_START
  {}
[2026-03-18 17:42:12] [INFO] [支撑位跌破警报-73500-整理下沿跌破] CHECK_START
  {}
[2026-03-18 17:42:13] [INFO] [压力位突破警报-76000-昨日高点] CHECK_PASSED
  {}
[2026-03-18 17:42:13] [INFO] [支撑位跌破警报-72000-EMA7强支撑] CHECK_PASSED
  {}
[2026-03-18 17:42:14] [INFO] [压力位突破警报-78500-第二止盈位] CHECK_PASSED
  {}
[2026-03-18 17:42:14] [INFO] [支撑位跌破警报-73500-整理下沿跌破] CHECK_PASSED
  {}
[2026-03-18 17:46:53] [INFO] [压力位突破警报-78500-第二止盈位] CHECK_START
  {}
[2026-03-18 17:46:53] [INFO] [支撑位跌破警报-72000-EMA7强支撑] CHECK_START
  {}
[2026-03-18 17:46:53] [INFO] [压力位突破警报-76000-昨日高点] CHECK_START
  {}
[2026-03-18 17:46:53] [INFO] [支撑位跌破警报-73500-整理下沿跌破] CHECK_START
  {}
[2026-03-18 17:46:54] [INFO] [支撑位跌破警报-73500-整理下沿跌破] CHECK_PASSED
  {}
[2026-03-18 17:46:55] [INFO] [支撑位跌破警报-72000-EMA7强支撑] CHECK_PASSED
  {}
[2026-03-18 17:46:55] [INFO] [压力位突破警报-78500-第二止盈位] CHECK_PASSED
  {}
[2026-03-18 17:46:55] [INFO] [压力位突破警报-76000-昨日高点] CHECK_PASSED
  {}
[2026-03-18 17:51:34] [INFO] [压力位突破警报-78500-第二止盈位] CHECK_START
  {}
[2026-03-18 17:51:34] [INFO] [支撑位跌破警报-72000-EMA7强支撑] CHECK_START
  {}
[2026-03-18 17:51:34] [INFO] [压力位突破警报-76000-昨日高点] CHECK_START
  {}
[2026-03-18 17:51:34] [INFO] [支撑位跌破警报-73500-整理下沿跌破] CHECK_START
  {}
[2026-03-18 17:51:35] [INFO] [支撑位跌破警报-73500-整理下沿跌破] CHECK_PASSED
  {}
[2026-03-18 17:51:35] [INFO] [压力位突破警报-78500-第二止盈位] CHECK_PASSED
  {}
[2026-03-18 17:51:35] [INFO] [支撑位跌破警报-72000-EMA7强支撑] CHECK_PASSED
  {}
[2026-03-18 17:51:37] [INFO] [压力位突破警报-76000-昨日高点] CHECK_PASSED
  {}
[2026-03-18 17:56:16] [INFO] [压力位突破警报-78500-第二止盈位] CHECK_START
  {}
[2026-03-18 17:56:16] [INFO] [支撑位跌破警报-72000-EMA7强支撑] CHECK_START
  {}
[2026-03-18 17:56:16] [INFO] [压力位突破警报-76000-昨日高点] CHECK_START
  {}
[2026-03-18 17:56:16] [INFO] [支撑位跌破警报-73500-整理下沿跌破] CHECK_START
  {}
[2026-03-18 17:56:17] [INFO] [支撑位跌破警报-73500-整理下沿跌破] CHECK_PASSED
  {}
[2026-03-18 17:56:17] [INFO] [压力位突破警报-76000-昨日高点] CHECK_PASSED
  {}
[2026-03-18 17:56:18] [INFO] [支撑位跌破警报-72000-EMA7强支撑] CHECK_PASSED
  {}
[2026-03-18 17:56:18] [INFO] [压力位突破警报-78500-第二止盈位] CHECK_PASSED
  {}
[2026-03-18 18:00:57] [INFO] [压力位突破警报-78500-第二止盈位] CHECK_START
  {}
[2026-03-18 18:00:57] [INFO] [支撑位跌破警报-72000-EMA7强支撑] CHECK_START
  {}
[2026-03-18 18:00:57] [INFO] [压力位突破警报-76000-昨日高点] CHECK_START
  {}
[2026-03-18 18:00:57] [INFO] [支撑位跌破警报-73500-整理下沿跌破] CHECK_START
  {}
[2026-03-18 18:00:58] [INFO] [支撑位跌破警报-72000-EMA7强支撑] CHECK_PASSED
  {}
[2026-03-18 18:00:58] [INFO] [压力位突破警报-76000-昨日高点] CHECK_PASSED
  {}
[2026-03-18 18:00:58] [INFO] [压力位突破警报-78500-第二止盈位] CHECK_PASSED
  {}
[2026-03-18 18:00:58] [INFO] [支撑位跌破警报-73500-整理下沿跌破] CHECK_PASSED
  {}
[2026-03-18 18:05:38] [INFO] [压力位突破警报-78500-第二止盈位] CHECK_START
  {}
[2026-03-18 18:05:38] [INFO] [支撑位跌破警报-72000-EMA7强支撑] CHECK_START
  {}
[2026-03-18 18:05:38] [INFO] [压力位突破警报-76000-昨日高点] CHECK_START
  {}
[2026-03-18 18:05:38] [INFO] [支撑位跌破警报-73500-整理下沿跌破] CHECK_START
  {}
[2026-03-18 18:05:37] [INFO] [支撑位跌破警报-73500-整理下沿跌破] CHECK_PASSED
  {}
[2026-03-18 18:05:37] [INFO] [支撑位跌破警报-72000-EMA7强支撑] CHECK_PASSED
  {}
[2026-03-18 18:05:38] [INFO] [压力位突破警报-78500-第二止盈位] CHECK_PASSED
  {}
[2026-03-18 18:05:38] [INFO] [压力位突破警报-76000-昨日高点] CHECK_PASSED
  {}
[2026-03-18 18:10:19] [INFO] [压力位突破警报-78500-第二止盈位] CHECK_START
  {}
[2026-03-18 18:10:18] [INFO] [支撑位跌破警报-72000-EMA7强支撑] CHECK_START
  {}
[2026-03-18 18:10:18] [INFO] [压力位突破警报-76000-昨日高点] CHECK_START
  {}
[2026-03-18 18:10:18] [INFO] [支撑位跌破警报-73500-整理下沿跌破] CHECK_START
  {}
[2026-03-18 18:10:18] [INFO] [支撑位跌破警报-72000-EMA7强支撑] CHECK_PASSED
  {}
[2026-03-18 18:10:18] [INFO] [支撑位跌破警报-73500-整理下沿跌破] CHECK_PASSED
  {}
[2026-03-18 18:10:19] [INFO] [压力位突破警报-78500-第二止盈位] CHECK_PASSED
  {}
[2026-03-18 18:10:21] [INFO] [压力位突破警报-76000-昨日高点] CHECK_PASSED
  {}
[2026-03-18 18:14:59] [INFO] [压力位突破警报-78500-第二止盈位] CHECK_START
  {}
[2026-03-18 18:14:59] [INFO] [支撑位跌破警报-72000-EMA7强支撑] CHECK_START
  {}
[2026-03-18 18:14:59] [INFO] [压力位突破警报-76000-昨日高点] CHECK_START
  {}
[2026-03-18 18:14:59] [INFO] [支撑位跌破警报-73500-整理下沿跌破] CHECK_START
  {}
[2026-03-18 18:14:58] [INFO] [压力位突破警报-76000-昨日高点] CHECK_PASSED
  {}
[2026-03-18 18:14:58] [INFO] [压力位突破警报-78500-第二止盈位] CHECK_PASSED
  {}
[2026-03-18 18:14:58] [INFO] [支撑位跌破警报-72000-EMA7强支撑] CHECK_PASSED
  {}
[2026-03-18 18:15:00] [INFO] [支撑位跌破警报-73500-整理下沿跌破] CHECK_PASSED
  {}
[2026-03-18 18:19:39] [INFO] [压力位突破警报-78500-第二止盈位] CHECK_START
  {}
[2026-03-18 18:19:40] [INFO] [支撑位跌破警报-72000-EMA7强支撑] CHECK_START
  {}
[2026-03-18 18:19:40] [INFO] [压力位突破警报-76000-昨日高点] CHECK_START
  {}
[2026-03-18 18:19:40] [INFO] [支撑位跌破警报-73500-整理下沿跌破] CHECK_START
  {}
[2026-03-18 18:19:38] [INFO] [压力位突破警报-78500-第二止盈位] CHECK_PASSED
  {}
[2026-03-18 18:19:38] [INFO] [支撑位跌破警报-72000-EMA7强支撑] CHECK_PASSED
  {}
[2026-03-18 18:19:39] [INFO] [支撑位跌破警报-73500-整理下沿跌破] CHECK_PASSED
  {}
[2026-03-18 18:19:39] [INFO] [压力位突破警报-76000-昨日高点] CHECK_PASSED
  {}
[2026-03-18 18:24:23] [INFO] [压力位突破警报-78500-第二止盈位] CHECK_START
  {}
[2026-03-18 18:24:23] [INFO] [支撑位跌破警报-72000-EMA7强支撑] CHECK_START
  {}
[2026-03-18 18:24:23] [INFO] [压力位突破警报-76000-昨日高点] CHECK_START
  {}
[2026-03-18 18:24:23] [INFO] [支撑位跌破警报-73500-整理下沿跌破] CHECK_START
  {}
[2026-03-18 18:24:22] [INFO] [支撑位跌破警报-73500-整理下沿跌破] CHECK_PASSED
  {}
[2026-03-18 18:24:22] [INFO] [支撑位跌破警报-72000-EMA7强支撑] CHECK_PASSED
  {}
[2026-03-18 18:24:22] [INFO] [压力位突破警报-78500-第二止盈位] CHECK_PASSED
  {}
[2026-03-18 18:24:22] [INFO] [压力位突破警报-76000-昨日高点] CHECK_PASSED
  {}
[2026-03-18 18:29:03] [INFO] [压力位突破警报-78500-第二止盈位] CHECK_START
  {}
[2026-03-18 18:29:03] [INFO] [支撑位跌破警报-72000-EMA7强支撑] CHECK_START
  {}
[2026-03-18 18:29:03] [INFO] [压力位突破警报-76000-昨日高点] CHECK_START
  {}
[2026-03-18 18:29:03] [INFO] [支撑位跌破警报-73500-整理下沿跌破] CHECK_START
  {}
[2026-03-18 18:29:03] [INFO] [支撑位跌破警报-72000-EMA7强支撑] CHECK_PASSED
  {}
[2026-03-18 18:29:04] [INFO] [支撑位跌破警报-73500-整理下沿跌破] CHECK_PASSED
  {}
[2026-03-18 18:29:05] [INFO] [压力位突破警报-78500-第二止盈位] CHECK_PASSED
  {}
[2026-03-18 18:29:06] [INFO] [压力位突破警报-76000-昨日高点] CHECK_PASSED
  {}
[2026-03-18 18:33:43] [INFO] [压力位突破警报-78500-第二止盈位] CHECK_START
  {}
[2026-03-18 18:33:43] [INFO] [支撑位跌破警报-72000-EMA7强支撑] CHECK_START
  {}
[2026-03-18 18:33:43] [INFO] [压力位突破警报-76000-昨日高点] CHECK_START
  {}
[2026-03-18 18:33:43] [INFO] [支撑位跌破警报-73500-整理下沿跌破] CHECK_START
  {}
[2026-03-18 18:33:44] [INFO] [压力位突破警报-78500-第二止盈位] CHECK_PASSED
  {}
[2026-03-18 18:33:44] [INFO] [压力位突破警报-76000-昨日高点] CHECK_PASSED
  {}
[2026-03-18 18:33:45] [INFO] [支撑位跌破警报-72000-EMA7强支撑] CHECK_PASSED
  {}
[2026-03-18 18:33:46] [INFO] [支撑位跌破警报-73500-整理下沿跌破] CHECK_PASSED
  {}
[2026-03-18 18:38:24] [INFO] [压力位突破警报-78500-第二止盈位] CHECK_START
  {}
[2026-03-18 18:38:24] [INFO] [支撑位跌破警报-72000-EMA7强支撑] CHECK_START
  {}
[2026-03-18 18:38:24] [INFO] [压力位突破警报-76000-昨日高点] CHECK_START
  {}
[2026-03-18 18:38:24] [INFO] [支撑位跌破警报-73500-整理下沿跌破] CHECK_START
  {}
[2026-03-18 18:38:25] [INFO] [压力位突破警报-76000-昨日高点] CHECK_PASSED
  {}
[2026-03-18 18:38:25] [INFO] [支撑位跌破警报-73500-整理下沿跌破] CHECK_PASSED
  {}
[2026-03-18 18:38:24] [INFO] [支撑位跌破警报-72000-EMA7强支撑] CHECK_PASSED
  {}
[2026-03-18 18:38:24] [INFO] [压力位突破警报-78500-第二止盈位] CHECK_PASSED
  {}
[2026-03-18 18:43:04] [INFO] [压力位突破警报-78500-第二止盈位] CHECK_START
  {}
[2026-03-18 18:43:04] [INFO] [支撑位跌破警报-72000-EMA7强支撑] CHECK_START
  {}
[2026-03-18 18:43:04] [INFO] [压力位突破警报-76000-昨日高点] CHECK_START
  {}
[2026-03-18 18:43:04] [INFO] [支撑位跌破警报-73500-整理下沿跌破] CHECK_START
  {}
[2026-03-18 18:43:05] [INFO] [压力位突破警报-78500-第二止盈位] CHECK_PASSED
  {}
[2026-03-18 18:43:05] [INFO] [支撑位跌破警报-72000-EMA7强支撑] CHECK_PASSED
  {}
[2026-03-18 18:43:05] [INFO] [支撑位跌破警报-73500-整理下沿跌破] CHECK_PASSED
  {}
[2026-03-18 18:43:05] [INFO] [压力位突破警报-76000-昨日高点] CHECK_PASSED
  {}
[2026-03-18 18:47:44] [INFO] [压力位突破警报-78500-第二止盈位] CHECK_START
  {}
[2026-03-18 18:47:44] [INFO] [支撑位跌破警报-72000-EMA7强支撑] CHECK_START
  {}
[2026-03-18 18:47:44] [INFO] [压力位突破警报-76000-昨日高点] CHECK_START
  {}
[2026-03-18 18:47:44] [INFO] [支撑位跌破警报-73500-整理下沿跌破] CHECK_START
  {}
[2026-03-18 18:47:45] [INFO] [压力位突破警报-78500-第二止盈位] CHECK_PASSED
  {}
[2026-03-18 18:47:45] [INFO] [支撑位跌破警报-73500-整理下沿跌破] CHECK_PASSED
  {}
[2026-03-18 18:47:44] [INFO] [支撑位跌破警报-72000-EMA7强支撑] CHECK_PASSED
  {}
[2026-03-18 18:47:45] [INFO] [压力位突破警报-76000-昨日高点] CHECK_PASSED
  {}
[2026-03-18 18:52:24] [INFO] [压力位突破警报-78500-第二止盈位] CHECK_START
  {}
[2026-03-18 18:52:24] [INFO] [支撑位跌破警报-72000-EMA7强支撑] CHECK_START
  {}
[2026-03-18 18:52:24] [INFO] [压力位突破警报-76000-昨日高点] CHECK_START
  {}
[2026-03-18 18:52:24] [INFO] [支撑位跌破警报-73500-整理下沿跌破] CHECK_START
  {}
[2026-03-18 18:52:26] [INFO] [支撑位跌破警报-72000-EMA7强支撑] CHECK_PASSED
  {}
[2026-03-18 18:52:25] [INFO] [支撑位跌破警报-73500-整理下沿跌破] CHECK_PASSED
  {}
[2026-03-18 18:52:25] [INFO] [压力位突破警报-78500-第二止盈位] CHECK_PASSED
  {}
[2026-03-18 18:52:28] [INFO] [压力位突破警报-76000-昨日高点] CHECK_PASSED
  {}
[2026-03-18 18:57:09] [INFO] [压力位突破警报-78500-第二止盈位] CHECK_START
  {}
[2026-03-18 18:57:09] [INFO] [支撑位跌破警报-72000-EMA7强支撑] CHECK_START
  {}
[2026-03-18 18:57:09] [INFO] [压力位突破警报-76000-昨日高点] CHECK_START
  {}
[2026-03-18 18:57:09] [INFO] [支撑位跌破警报-73500-整理下沿跌破] CHECK_START
  {}
[2026-03-18 18:57:11] [INFO] [压力位突破警报-78500-第二止盈位] CHECK_PASSED
  {}
[2026-03-18 18:57:11] [INFO] [支撑位跌破警报-72000-EMA7强支撑] CHECK_PASSED
  {}
[2026-03-18 18:57:10] [INFO] [压力位突破警报-76000-昨日高点] CHECK_PASSED
  {}
[2026-03-18 18:57:14] [INFO] [支撑位跌破警报-73500-整理下沿跌破] CHECK_PASSED
  {}
[2026-03-18 19:01:51] [INFO] [压力位突破警报-78500-第二止盈位] CHECK_START
  {}
[2026-03-18 19:01:51] [INFO] [支撑位跌破警报-72000-EMA7强支撑] CHECK_START
  {}
[2026-03-18 19:01:51] [INFO] [压力位突破警报-76000-昨日高点] CHECK_START
  {}
[2026-03-18 19:01:51] [INFO] [支撑位跌破警报-73500-整理下沿跌破] CHECK_START
  {}
[2026-03-18 19:01:52] [INFO] [压力位突破警报-76000-昨日高点] CHECK_PASSED
  {}
[2026-03-18 19:01:53] [INFO] [支撑位跌破警报-72000-EMA7强支撑] CHECK_PASSED
  {}
[2026-03-18 19:01:52] [INFO] [支撑位跌破警报-73500-整理下沿跌破] CHECK_PASSED
  {}
[2026-03-18 19:01:53] [INFO] [压力位突破警报-78500-第二止盈位] CHECK_PASSED
  {}
[2026-03-18 19:06:31] [INFO] [压力位突破警报-78500-第二止盈位] CHECK_START
  {}
[2026-03-18 19:06:31] [INFO] [支撑位跌破警报-72000-EMA7强支撑] CHECK_START
  {}
[2026-03-18 19:06:31] [INFO] [压力位突破警报-76000-昨日高点] CHECK_START
  {}
[2026-03-18 19:06:31] [INFO] [支撑位跌破警报-73500-整理下沿跌破] CHECK_START
  {}
[2026-03-18 19:06:32] [INFO] [压力位突破警报-76000-昨日高点] CHECK_PASSED
  {}
[2026-03-18 19:06:33] [INFO] [压力位突破警报-78500-第二止盈位] CHECK_PASSED
  {}
[2026-03-18 19:06:33] [INFO] [支撑位跌破警报-72000-EMA7强支撑] CHECK_PASSED
  {}
[2026-03-18 19:06:33] [INFO] [支撑位跌破警报-73500-整理下沿跌破] CHECK_PASSED
  {}
[2026-03-18 19:11:11] [INFO] [压力位突破警报-78500-第二止盈位] CHECK_START
  {}
[2026-03-18 19:11:11] [INFO] [支撑位跌破警报-72000-EMA7强支撑] CHECK_START
  {}
[2026-03-18 19:11:11] [INFO] [压力位突破警报-76000-昨日高点] CHECK_START
  {}
[2026-03-18 19:11:11] [INFO] [支撑位跌破警报-73500-整理下沿跌破] CHECK_START
  {}
[2026-03-18 19:11:12] [INFO] [支撑位跌破警报-72000-EMA7强支撑] CHECK_PASSED
  {}
[2026-03-18 19:11:13] [INFO] [压力位突破警报-78500-第二止盈位] CHECK_PASSED
  {}
[2026-03-18 19:11:13] [INFO] [压力位突破警报-76000-昨日高点] CHECK_PASSED
  {}
[2026-03-18 19:11:14] [INFO] [支撑位跌破警报-73500-整理下沿跌破] CHECK_PASSED
  {}
[2026-03-18 19:15:52] [INFO] [压力位突破警报-78500-第二止盈位] CHECK_START
  {}
[2026-03-18 19:15:52] [INFO] [支撑位跌破警报-72000-EMA7强支撑] CHECK_START
  {}
[2026-03-18 19:15:52] [INFO] [压力位突破警报-76000-昨日高点] CHECK_START
  {}
[2026-03-18 19:15:52] [INFO] [支撑位跌破警报-73500-整理下沿跌破] CHECK_START
  {}
[2026-03-18 19:15:52] [INFO] [支撑位跌破警报-73500-整理下沿跌破] CHECK_PASSED
  {}
[2026-03-18 19:15:52] [INFO] [支撑位跌破警报-72000-EMA7强支撑] CHECK_PASSED
  {}
[2026-03-18 19:15:53] [INFO] [压力位突破警报-76000-昨日高点] CHECK_PASSED
  {}
[2026-03-18 19:15:53] [INFO] [压力位突破警报-78500-第二止盈位] CHECK_PASSED
  {}
[2026-03-18 19:20:37] [INFO] [压力位突破警报-78500-第二止盈位] CHECK_START
  {}
[2026-03-18 19:20:37] [INFO] [支撑位跌破警报-72000-EMA7强支撑] CHECK_START
  {}
[2026-03-18 19:20:37] [INFO] [压力位突破警报-76000-昨日高点] CHECK_START
  {}
[2026-03-18 19:20:37] [INFO] [支撑位跌破警报-73500-整理下沿跌破] CHECK_START
  {}
[2026-03-18 19:20:38] [INFO] [支撑位跌破警报-73500-整理下沿跌破] CHECK_PASSED
  {}
[2026-03-18 19:20:39] [INFO] [压力位突破警报-78500-第二止盈位] CHECK_PASSED
  {}
[2026-03-18 19:20:39] [INFO] [压力位突破警报-76000-昨日高点] CHECK_PASSED
  {}
[2026-03-18 19:20:40] [INFO] [支撑位跌破警报-72000-EMA7强支撑] CHECK_PASSED
  {}
[2026-03-18 19:25:18] [INFO] [压力位突破警报-78500-第二止盈位] CHECK_START
  {}
[2026-03-18 19:25:18] [INFO] [支撑位跌破警报-72000-EMA7强支撑] CHECK_START
  {}
[2026-03-18 19:25:18] [INFO] [压力位突破警报-76000-昨日高点] CHECK_START
  {}
[2026-03-18 19:25:18] [INFO] [支撑位跌破警报-73500-整理下沿跌破] CHECK_START
  {}
[2026-03-18 19:25:19] [INFO] [压力位突破警报-78500-第二止盈位] CHECK_PASSED
  {}
[2026-03-18 19:25:19] [INFO] [压力位突破警报-76000-昨日高点] CHECK_PASSED
  {}
[2026-03-18 19:25:19] [INFO] [支撑位跌破警报-72000-EMA7强支撑] CHECK_PASSED
  {}
[2026-03-18 19:25:19] [INFO] [支撑位跌破警报-73500-整理下沿跌破] CHECK_PASSED
  {}
[2026-03-18 19:29:59] [INFO] [压力位突破警报-78500-第二止盈位] CHECK_START
  {}
[2026-03-18 19:29:59] [INFO] [支撑位跌破警报-72000-EMA7强支撑] CHECK_START
  {}
[2026-03-18 19:29:59] [INFO] [压力位突破警报-76000-昨日高点] CHECK_START
  {}
[2026-03-18 19:29:59] [INFO] [支撑位跌破警报-73500-整理下沿跌破] CHECK_START
  {}
[2026-03-18 19:30:00] [INFO] [支撑位跌破警报-73500-整理下沿跌破] CHECK_PASSED
  {}
[2026-03-18 19:30:01] [INFO] [支撑位跌破警报-72000-EMA7强支撑] CHECK_PASSED
  {}
[2026-03-18 19:30:01] [INFO] [压力位突破警报-76000-昨日高点] CHECK_PASSED
  {}
[2026-03-18 19:30:01] [INFO] [压力位突破警报-78500-第二止盈位] CHECK_PASSED
  {}
[2026-03-18 19:34:38] [INFO] [压力位突破警报-78500-第二止盈位] CHECK_START
  {}
[2026-03-18 19:34:38] [INFO] [支撑位跌破警报-72000-EMA7强支撑] CHECK_START
  {}
[2026-03-18 19:34:38] [INFO] [压力位突破警报-76000-昨日高点] CHECK_START
  {}
[2026-03-18 19:34:38] [INFO] [支撑位跌破警报-73500-整理下沿跌破] CHECK_START
  {}
[2026-03-18 19:34:39] [INFO] [支撑位跌破警报-73500-整理下沿跌破] CHECK_PASSED
  {}
[2026-03-18 19:34:40] [INFO] [支撑位跌破警报-72000-EMA7强支撑] CHECK_PASSED
  {}
[2026-03-18 19:34:40] [INFO] [压力位突破警报-78500-第二止盈位] CHECK_PASSED
  {}
[2026-03-18 19:34:40] [INFO] [压力位突破警报-76000-昨日高点] CHECK_PASSED
  {}
[2026-03-18 19:39:19] [INFO] [压力位突破警报-78500-第二止盈位] CHECK_START
  {}
[2026-03-18 19:39:19] [INFO] [支撑位跌破警报-72000-EMA7强支撑] CHECK_START
  {}
[2026-03-18 19:39:19] [INFO] [压力位突破警报-76000-昨日高点] CHECK_START
  {}
[2026-03-18 19:39:19] [INFO] [支撑位跌破警报-73500-整理下沿跌破] CHECK_START
  {}
[2026-03-18 19:39:20] [INFO] [支撑位跌破警报-72000-EMA7强支撑] CHECK_PASSED
  {}
[2026-03-18 19:39:20] [INFO] [压力位突破警报-78500-第二止盈位] CHECK_PASSED
  {}
[2026-03-18 19:39:22] [INFO] [支撑位跌破警报-73500-整理下沿跌破] TRIGGERED
  {}
[2026-03-18 19:39:22] [INFO] [压力位突破警报-76000-昨日高点] CHECK_PASSED
  {}
[2026-03-18 19:39:23] [INFO] [支撑位跌破警报-73500-整理下沿跌破] DATA_COLLECTED
  {"dataKeys":["alertTime","currentPrice","priceChange","volume24h","fearGreedIndex","klines15m","triggerPrice","alertType"]}
[2026-03-18 19:39:23] [INFO] [支撑位跌破警报-73500-整理下沿跌破] TRIGGER_COMPLETED
  {}
[2026-03-18 19:41:37] [INFO] [Engine] 引擎关闭 (SIGINT)
[2026-03-18 19:41:37] [INFO] [Engine] 引擎启动
  {"rulesDir":"/home/administrator/.openclaw/july-btc-analyzer/skills/btc-alert/rules","archiveDir":"/home/administrator/.openclaw/july-btc-analyzer/skills/btc-alert/rules-archive","logFile":"/home/administrator/.openclaw/july-btc-analyzer/logs/alert-engine.log"}
[2026-03-18 19:41:38] [INFO] [压力位突破警报-78500-第二止盈位] TIMER_STARTED
  {"interval":"300s","file":"2026-03-17-resistance-78500.js"}
[2026-03-18 19:41:38] [INFO] [压力位突破警报-78500-第二止盈位] CHECK_START
  {}
[2026-03-18 19:41:38] [INFO] [压力位突破警报-76000-昨日高点] TIMER_STARTED
  {"interval":"300s","file":"2026-03-18-resistance-76000.js"}
[2026-03-18 19:41:38] [INFO] [压力位突破警报-76000-昨日高点] CHECK_START
  {}
[2026-03-18 19:41:38] [INFO] [支撑位跌破警报-72000-EMA7关键支撑] TIMER_STARTED
  {"interval":"300s","file":"2026-03-18-support-72000-ema7.js"}
[2026-03-18 19:41:38] [INFO] [支撑位跌破警报-72000-EMA7关键支撑] CHECK_START
  {}
[2026-03-18 19:41:38] [INFO] [Engine] 规则加载完成
  {"count":3}
[2026-03-18 19:41:38] [INFO] [支撑位跌破警报-72000-EMA7关键支撑] CHECK_PASSED
  {}
[2026-03-18 19:41:38] [INFO] [压力位突破警报-78500-第二止盈位] CHECK_PASSED
  {}
[2026-03-18 19:41:39] [INFO] [压力位突破警报-76000-昨日高点] CHECK_PASSED
  {}
[2026-03-18 19:46:17] [INFO] [压力位突破警报-78500-第二止盈位] CHECK_START
  {}
[2026-03-18 19:46:17] [INFO] [压力位突破警报-76000-昨日高点] CHECK_START
  {}
[2026-03-18 19:46:17] [INFO] [支撑位跌破警报-72000-EMA7关键支撑] CHECK_START
  {}
[2026-03-18 19:46:18] [INFO] [支撑位跌破警报-72000-EMA7关键支撑] CHECK_PASSED
  {}
[2026-03-18 19:46:18] [INFO] [压力位突破警报-76000-昨日高点] CHECK_PASSED
  {}
[2026-03-18 19:46:18] [INFO] [压力位突破警报-78500-第二止盈位] CHECK_PASSED
  {}
[2026-03-18 19:50:57] [INFO] [压力位突破警报-78500-第二止盈位] CHECK_START
  {}
[2026-03-18 19:50:57] [INFO] [压力位突破警报-76000-昨日高点] CHECK_START
  {}
[2026-03-18 19:50:57] [INFO] [支撑位跌破警报-72000-EMA7关键支撑] CHECK_START
  {}
[2026-03-18 19:50:58] [INFO] [压力位突破警报-78500-第二止盈位] CHECK_PASSED
  {}
[2026-03-18 19:50:59] [INFO] [压力位突破警报-76000-昨日高点] CHECK_PASSED
  {}
[2026-03-18 19:50:59] [INFO] [支撑位跌破警报-72000-EMA7关键支撑] CHECK_PASSED
  {}
[2026-03-18 19:55:36] [INFO] [压力位突破警报-78500-第二止盈位] CHECK_START
  {}
[2026-03-18 19:55:36] [INFO] [压力位突破警报-76000-昨日高点] CHECK_START
  {}
[2026-03-18 19:55:36] [INFO] [支撑位跌破警报-72000-EMA7关键支撑] CHECK_START
  {}
[2026-03-18 19:55:37] [INFO] [压力位突破警报-76000-昨日高点] CHECK_PASSED
  {}
[2026-03-18 19:55:38] [INFO] [压力位突破警报-78500-第二止盈位] CHECK_PASSED
  {}
[2026-03-18 19:55:39] [INFO] [支撑位跌破警报-72000-EMA7关键支撑] CHECK_PASSED
  {}
[2026-03-18 20:00:17] [INFO] [压力位突破警报-78500-第二止盈位] CHECK_START
  {}
[2026-03-18 20:00:17] [INFO] [压力位突破警报-76000-昨日高点] CHECK_START
  {}
[2026-03-18 20:00:17] [INFO] [支撑位跌破警报-72000-EMA7关键支撑] CHECK_START
  {}
[2026-03-18 20:00:18] [INFO] [压力位突破警报-76000-昨日高点] CHECK_PASSED
  {}
[2026-03-18 20:00:19] [INFO] [压力位突破警报-78500-第二止盈位] CHECK_PASSED
  {}
[2026-03-18 20:00:19] [INFO] [支撑位跌破警报-72000-EMA7关键支撑] CHECK_PASSED
  {}
[2026-03-18 20:04:55] [INFO] [压力位突破警报-78500-第二止盈位] CHECK_START
  {}
[2026-03-18 20:04:55] [INFO] [压力位突破警报-76000-昨日高点] CHECK_START
  {}
[2026-03-18 20:04:55] [INFO] [支撑位跌破警报-72000-EMA7关键支撑] CHECK_START
  {}
[2026-03-18 20:04:57] [INFO] [压力位突破警报-76000-昨日高点] CHECK_PASSED
  {}
[2026-03-18 20:04:57] [INFO] [支撑位跌破警报-72000-EMA7关键支撑] CHECK_PASSED
  {}
[2026-03-18 20:05:06] [INFO] [压力位突破警报-78500-第二止盈位] CHECK_PASSED
  {}
[2026-03-18 20:09:35] [INFO] [压力位突破警报-78500-第二止盈位] CHECK_START
  {}
[2026-03-18 20:09:35] [INFO] [压力位突破警报-76000-昨日高点] CHECK_START
  {}
[2026-03-18 20:09:35] [INFO] [支撑位跌破警报-72000-EMA7关键支撑] CHECK_START
  {}
[2026-03-18 20:09:37] [INFO] [压力位突破警报-78500-第二止盈位] CHECK_PASSED
  {}
[2026-03-18 20:09:37] [INFO] [支撑位跌破警报-72000-EMA7关键支撑] CHECK_PASSED
  {}
[2026-03-18 20:09:37] [INFO] [压力位突破警报-76000-昨日高点] CHECK_PASSED
  {}
[2026-03-18 20:14:15] [INFO] [压力位突破警报-78500-第二止盈位] CHECK_START
  {}
[2026-03-18 20:14:15] [INFO] [压力位突破警报-76000-昨日高点] CHECK_START
  {}
[2026-03-18 20:14:15] [INFO] [支撑位跌破警报-72000-EMA7关键支撑] CHECK_START
  {}
[2026-03-18 20:14:16] [INFO] [支撑位跌破警报-72000-EMA7关键支撑] CHECK_PASSED
  {}
[2026-03-18 20:14:16] [INFO] [压力位突破警报-76000-昨日高点] CHECK_PASSED
  {}
[2026-03-18 20:14:18] [INFO] [压力位突破警报-78500-第二止盈位] CHECK_PASSED
  {}
[2026-03-18 20:18:53] [INFO] [压力位突破警报-78500-第二止盈位] CHECK_START
  {}
[2026-03-18 20:18:53] [INFO] [压力位突破警报-76000-昨日高点] CHECK_START
  {}
[2026-03-18 20:18:53] [INFO] [支撑位跌破警报-72000-EMA7关键支撑] CHECK_START
  {}
[2026-03-18 20:18:55] [INFO] [压力位突破警报-76000-昨日高点] CHECK_PASSED
  {}
[2026-03-18 20:18:56] [INFO] [支撑位跌破警报-72000-EMA7关键支撑] CHECK_PASSED
  {}
[2026-03-18 20:18:56] [INFO] [压力位突破警报-78500-第二止盈位] CHECK_PASSED
  {}
[2026-03-18 20:23:33] [INFO] [压力位突破警报-78500-第二止盈位] CHECK_START
  {}
[2026-03-18 20:23:33] [INFO] [压力位突破警报-76000-昨日高点] CHECK_START
  {}
[2026-03-18 20:23:33] [INFO] [支撑位跌破警报-72000-EMA7关键支撑] CHECK_START
  {}
[2026-03-18 20:23:35] [INFO] [压力位突破警报-78500-第二止盈位] CHECK_PASSED
  {}
[2026-03-18 20:23:35] [INFO] [支撑位跌破警报-72000-EMA7关键支撑] CHECK_PASSED
  {}
[2026-03-18 20:23:36] [INFO] [压力位突破警报-76000-昨日高点] CHECK_PASSED
  {}
[2026-03-18 20:28:12] [INFO] [压力位突破警报-78500-第二止盈位] CHECK_START
  {}
[2026-03-18 20:28:12] [INFO] [压力位突破警报-76000-昨日高点] CHECK_START
  {}
[2026-03-18 20:28:12] [INFO] [支撑位跌破警报-72000-EMA7关键支撑] CHECK_START
  {}
[2026-03-18 20:28:13] [INFO] [压力位突破警报-76000-昨日高点] CHECK_PASSED
  {}
[2026-03-18 20:28:14] [INFO] [支撑位跌破警报-72000-EMA7关键支撑] CHECK_PASSED
  {}
[2026-03-18 20:28:14] [INFO] [压力位突破警报-78500-第二止盈位] CHECK_PASSED
  {}
[2026-03-18 20:32:56] [INFO] [压力位突破警报-78500-第二止盈位] CHECK_START
  {}
[2026-03-18 20:32:56] [INFO] [压力位突破警报-76000-昨日高点] CHECK_START
  {}
[2026-03-18 20:32:56] [INFO] [支撑位跌破警报-72000-EMA7关键支撑] CHECK_START
  {}
[2026-03-18 20:32:57] [INFO] [压力位突破警报-78500-第二止盈位] CHECK_PASSED
  {}
[2026-03-18 20:32:57] [INFO] [支撑位跌破警报-72000-EMA7关键支撑] CHECK_PASSED
  {}
[2026-03-18 20:32:59] [INFO] [压力位突破警报-76000-昨日高点] CHECK_PASSED
  {}
[2026-03-18 20:37:35] [INFO] [压力位突破警报-78500-第二止盈位] CHECK_START
  {}
[2026-03-18 20:37:35] [INFO] [压力位突破警报-76000-昨日高点] CHECK_START
  {}
[2026-03-18 20:37:35] [INFO] [支撑位跌破警报-72000-EMA7关键支撑] CHECK_START
  {}
[2026-03-18 20:37:37] [INFO] [支撑位跌破警报-72000-EMA7关键支撑] CHECK_PASSED
  {}
[2026-03-18 20:37:37] [INFO] [压力位突破警报-78500-第二止盈位] CHECK_PASSED
  {}
[2026-03-18 20:37:37] [INFO] [压力位突破警报-76000-昨日高点] CHECK_PASSED
  {}
[2026-03-18 20:42:13] [INFO] [压力位突破警报-78500-第二止盈位] CHECK_START
  {}
[2026-03-18 20:42:13] [INFO] [压力位突破警报-76000-昨日高点] CHECK_START
  {}
[2026-03-18 20:42:13] [INFO] [支撑位跌破警报-72000-EMA7关键支撑] CHECK_START
  {}
[2026-03-18 20:42:16] [INFO] [压力位突破警报-78500-第二止盈位] CHECK_PASSED
  {}
[2026-03-18 20:42:18] [INFO] [压力位突破警报-76000-昨日高点] CHECK_PASSED
  {}
[2026-03-18 20:42:20] [INFO] [支撑位跌破警报-72000-EMA7关键支撑] CHECK_PASSED
  {}
[2026-03-18 20:46:50] [INFO] [压力位突破警报-78500-第二止盈位] CHECK_START
  {}
[2026-03-18 20:46:50] [INFO] [压力位突破警报-76000-昨日高点] CHECK_START
  {}
[2026-03-18 20:46:50] [INFO] [支撑位跌破警报-72000-EMA7关键支撑] CHECK_START
  {}
[2026-03-18 20:46:51] [INFO] [压力位突破警报-76000-昨日高点] CHECK_PASSED
  {}
[2026-03-18 20:46:52] [INFO] [支撑位跌破警报-72000-EMA7关键支撑] CHECK_PASSED
  {}
[2026-03-18 20:46:52] [INFO] [压力位突破警报-78500-第二止盈位] CHECK_PASSED
  {}
[2026-03-18 20:51:27] [INFO] [压力位突破警报-78500-第二止盈位] CHECK_START
  {}
[2026-03-18 20:51:27] [INFO] [压力位突破警报-76000-昨日高点] CHECK_START
  {}
[2026-03-18 20:51:27] [INFO] [支撑位跌破警报-72000-EMA7关键支撑] CHECK_START
  {}
[2026-03-18 20:51:28] [INFO] [支撑位跌破警报-72000-EMA7关键支撑] CHECK_PASSED
  {}
[2026-03-18 20:51:28] [INFO] [压力位突破警报-78500-第二止盈位] CHECK_PASSED
  {}
[2026-03-18 20:51:28] [INFO] [压力位突破警报-76000-昨日高点] CHECK_PASSED
  {}
[2026-03-18 20:56:06] [INFO] [压力位突破警报-78500-第二止盈位] CHECK_START
  {}
[2026-03-18 20:56:06] [INFO] [压力位突破警报-76000-昨日高点] CHECK_START
  {}
[2026-03-18 20:56:06] [INFO] [支撑位跌破警报-72000-EMA7关键支撑] CHECK_START
  {}
[2026-03-18 20:56:07] [INFO] [压力位突破警报-78500-第二止盈位] CHECK_PASSED
  {}
[2026-03-18 20:56:08] [INFO] [支撑位跌破警报-72000-EMA7关键支撑] CHECK_PASSED
  {}
[2026-03-18 20:56:08] [INFO] [压力位突破警报-76000-昨日高点] CHECK_PASSED
  {}
[2026-03-18 21:00:46] [INFO] [压力位突破警报-78500-第二止盈位] CHECK_START
  {}
[2026-03-18 21:00:46] [INFO] [压力位突破警报-76000-昨日高点] CHECK_START
  {}
[2026-03-18 21:00:46] [INFO] [支撑位跌破警报-72000-EMA7关键支撑] CHECK_START
  {}
[2026-03-18 21:00:47] [INFO] [压力位突破警报-78500-第二止盈位] CHECK_PASSED
  {}
[2026-03-18 21:00:47] [INFO] [支撑位跌破警报-72000-EMA7关键支撑] CHECK_PASSED
  {}
[2026-03-18 21:00:48] [INFO] [压力位突破警报-76000-昨日高点] CHECK_PASSED
  {}
[2026-03-18 21:05:20] [INFO] [Engine] 引擎关闭 (SIGINT)
[2026-03-18 21:05:20] [INFO] [Engine] 引擎启动
  {"rulesDir":"/home/administrator/.openclaw/july-btc-analyzer/skills/btc-alert/rules","archiveDir":"/home/administrator/.openclaw/july-btc-analyzer/skills/btc-alert/rules-archive","logFile":"/home/administrator/.openclaw/july-btc-analyzer/logs/alert-engine.log"}
[2026-03-18 21:05:20] [INFO] [压力位突破警报-78500-第二止盈位] TIMER_STARTED
  {"interval":"300s","file":"2026-03-17-resistance-78500.js"}
[2026-03-18 21:05:20] [INFO] [压力位突破警报-78500-第二止盈位] CHECK_START
  {}
[2026-03-18 21:05:20] [INFO] [压力位突破警报-76000-昨日高点] TIMER_STARTED
  {"interval":"300s","file":"2026-03-18-resistance-76000.js"}
[2026-03-18 21:05:20] [INFO] [压力位突破警报-76000-昨日高点] CHECK_START
  {}
[2026-03-18 21:05:20] [INFO] [支撑位跌破警报-71000-止损位] TIMER_STARTED
  {"interval":"180s","file":"2026-03-18-support-71000-stoploss.js"}
[2026-03-18 21:05:20] [INFO] [支撑位跌破警报-71000-止损位] CHECK_START
  {}
[2026-03-18 21:05:20] [INFO] [支撑位跌破警报-72000-EMA7关键支撑] TIMER_STARTED
  {"interval":"300s","file":"2026-03-18-support-72000-ema7.js"}
[2026-03-18 21:05:20] [INFO] [支撑位跌破警报-72000-EMA7关键支撑] CHECK_START
  {}
[2026-03-18 21:05:20] [INFO] [Engine] 规则加载完成
  {"count":4}
[2026-03-18 21:05:22] [INFO] [压力位突破警报-76000-昨日高点] CHECK_PASSED
  {}
[2026-03-18 21:05:23] [INFO] [支撑位跌破警报-72000-EMA7关键支撑] CHECK_PASSED
  {}
[2026-03-18 21:05:23] [INFO] [压力位突破警报-78500-第二止盈位] CHECK_PASSED
  {}
[2026-03-18 21:05:23] [INFO] [支撑位跌破警报-71000-止损位] CHECK_PASSED
  {}
[2026-03-18 21:08:08] [INFO] [支撑位跌破警报-71000-止损位] CHECK_START
  {}
[2026-03-18 21:08:13] [INFO] [支撑位跌破警报-71000-止损位] CHECK_PASSED
  {}
[2026-03-18 21:09:59] [INFO] [压力位突破警报-78500-第二止盈位] CHECK_START
  {}
[2026-03-18 21:09:59] [INFO] [压力位突破警报-76000-昨日高点] CHECK_START
  {}
[2026-03-18 21:09:59] [INFO] [支撑位跌破警报-72000-EMA7关键支撑] CHECK_START
  {}
[2026-03-18 21:10:01] [INFO] [压力位突破警报-78500-第二止盈位] CHECK_PASSED
  {}
[2026-03-18 21:10:01] [INFO] [支撑位跌破警报-72000-EMA7关键支撑] CHECK_PASSED
  {}
[2026-03-18 21:10:03] [INFO] [压力位突破警报-76000-昨日高点] CHECK_PASSED
  {}
[2026-03-18 21:10:54] [INFO] [支撑位跌破警报-71000-止损位] CHECK_START
  {}
[2026-03-18 21:10:57] [INFO] [支撑位跌破警报-71000-止损位] CHECK_PASSED
  {}
[2026-03-18 21:13:42] [INFO] [支撑位跌破警报-71000-止损位] CHECK_START
  {}
[2026-03-18 21:13:44] [INFO] [支撑位跌破警报-71000-止损位] CHECK_PASSED
  {}
[2026-03-18 21:14:37] [INFO] [压力位突破警报-78500-第二止盈位] CHECK_START
  {}
[2026-03-18 21:14:37] [INFO] [压力位突破警报-76000-昨日高点] CHECK_START
  {}
[2026-03-18 21:14:37] [INFO] [支撑位跌破警报-72000-EMA7关键支撑] CHECK_START
  {}
[2026-03-18 21:14:38] [INFO] [支撑位跌破警报-72000-EMA7关键支撑] CHECK_PASSED
  {}
[2026-03-18 21:14:38] [INFO] [压力位突破警报-76000-昨日高点] CHECK_PASSED
  {}
[2026-03-18 21:14:39] [INFO] [压力位突破警报-78500-第二止盈位] CHECK_PASSED
  {}
[2026-03-18 21:16:29] [INFO] [支撑位跌破警报-71000-止损位] CHECK_START
  {}
[2026-03-18 21:16:30] [INFO] [支撑位跌破警报-71000-止损位] CHECK_PASSED
  {}
[2026-03-18 21:19:15] [INFO] [压力位突破警报-78500-第二止盈位] CHECK_START
  {}
[2026-03-18 21:19:15] [INFO] [压力位突破警报-76000-昨日高点] CHECK_START
  {}
[2026-03-18 21:19:15] [INFO] [支撑位跌破警报-72000-EMA7关键支撑] CHECK_START
  {}
[2026-03-18 21:19:15] [INFO] [支撑位跌破警报-71000-止损位] CHECK_START
  {}
[2026-03-18 21:19:17] [INFO] [压力位突破警报-76000-昨日高点] CHECK_PASSED
  {}
[2026-03-18 21:19:17] [INFO] [压力位突破警报-78500-第二止盈位] CHECK_PASSED
  {}
[2026-03-18 21:19:17] [INFO] [支撑位跌破警报-72000-EMA7关键支撑] CHECK_PASSED
  {}
[2026-03-18 21:19:17] [INFO] [支撑位跌破警报-71000-止损位] CHECK_PASSED
  {}
[2026-03-18 21:22:02] [INFO] [支撑位跌破警报-71000-止损位] CHECK_START
  {}
[2026-03-18 21:22:05] [INFO] [支撑位跌破警报-71000-止损位] CHECK_PASSED
  {}
[2026-03-18 21:23:53] [INFO] [压力位突破警报-78500-第二止盈位] CHECK_START
  {}
[2026-03-18 21:23:53] [INFO] [压力位突破警报-76000-昨日高点] CHECK_START
  {}
[2026-03-18 21:23:53] [INFO] [支撑位跌破警报-72000-EMA7关键支撑] CHECK_START
  {}
[2026-03-18 21:23:55] [INFO] [压力位突破警报-76000-昨日高点] CHECK_PASSED
  {}
[2026-03-18 21:23:56] [INFO] [压力位突破警报-78500-第二止盈位] CHECK_PASSED
  {}
[2026-03-18 21:23:57] [INFO] [支撑位跌破警报-72000-EMA7关键支撑] CHECK_PASSED
  {}
[2026-03-18 21:24:48] [INFO] [支撑位跌破警报-71000-止损位] CHECK_START
  {}
[2026-03-18 21:24:51] [INFO] [支撑位跌破警报-71000-止损位] CHECK_PASSED
  {}
[2026-03-18 21:27:35] [INFO] [支撑位跌破警报-71000-止损位] CHECK_START
  {}
[2026-03-18 21:27:36] [INFO] [支撑位跌破警报-71000-止损位] CHECK_PASSED
  {}
[2026-03-18 21:28:30] [INFO] [压力位突破警报-78500-第二止盈位] CHECK_START
  {}
[2026-03-18 21:28:30] [INFO] [压力位突破警报-76000-昨日高点] CHECK_START
  {}
[2026-03-18 21:28:30] [INFO] [支撑位跌破警报-72000-EMA7关键支撑] CHECK_START
  {}
[2026-03-18 21:28:33] [INFO] [压力位突破警报-78500-第二止盈位] CHECK_PASSED
  {}
[2026-03-18 21:28:33] [INFO] [压力位突破警报-76000-昨日高点] CHECK_PASSED
  {}
[2026-03-18 21:28:33] [INFO] [支撑位跌破警报-72000-EMA7关键支撑] CHECK_PASSED
  {}
[2026-03-18 21:30:20] [INFO] [支撑位跌破警报-71000-止损位] CHECK_START
  {}
[2026-03-18 21:30:22] [INFO] [支撑位跌破警报-71000-止损位] CHECK_PASSED
  {}
[2026-03-18 21:33:07] [INFO] [支撑位跌破警报-71000-止损位] CHECK_START
  {}
[2026-03-18 21:33:07] [INFO] [压力位突破警报-78500-第二止盈位] CHECK_START
  {}
[2026-03-18 21:33:07] [INFO] [压力位突破警报-76000-昨日高点] CHECK_START
  {}
[2026-03-18 21:33:07] [INFO] [支撑位跌破警报-72000-EMA7关键支撑] CHECK_START
  {}
[2026-03-18 21:33:08] [INFO] [压力位突破警报-76000-昨日高点] CHECK_PASSED
  {}
[2026-03-18 21:33:09] [INFO] [支撑位跌破警报-72000-EMA7关键支撑] CHECK_PASSED
  {}
[2026-03-18 21:33:09] [INFO] [压力位突破警报-78500-第二止盈位] CHECK_PASSED
  {}
[2026-03-18 21:33:09] [INFO] [支撑位跌破警报-71000-止损位] CHECK_PASSED
  {}
[2026-03-18 21:35:53] [INFO] [支撑位跌破警报-71000-止损位] CHECK_START
  {}
[2026-03-18 21:35:57] [INFO] [支撑位跌破警报-71000-止损位] CHECK_PASSED
  {}
[2026-03-18 21:37:44] [INFO] [压力位突破警报-78500-第二止盈位] CHECK_START
  {}
[2026-03-18 21:37:44] [INFO] [压力位突破警报-76000-昨日高点] CHECK_START
  {}
[2026-03-18 21:37:44] [INFO] [支撑位跌破警报-72000-EMA7关键支撑] CHECK_START
  {}
[2026-03-18 21:37:45] [INFO] [支撑位跌破警报-72000-EMA7关键支撑] CHECK_PASSED
  {}
[2026-03-18 21:37:46] [INFO] [压力位突破警报-76000-昨日高点] CHECK_PASSED
  {}
[2026-03-18 21:37:48] [INFO] [压力位突破警报-78500-第二止盈位] CHECK_PASSED
  {}
[2026-03-18 21:38:40] [INFO] [支撑位跌破警报-71000-止损位] CHECK_START
  {}
[2026-03-18 21:38:41] [INFO] [支撑位跌破警报-71000-止损位] CHECK_PASSED
  {}
[2026-03-18 21:41:26] [INFO] [支撑位跌破警报-71000-止损位] CHECK_START
  {}
[2026-03-18 21:41:27] [INFO] [支撑位跌破警报-71000-止损位] CHECK_PASSED
  {}
[2026-03-18 21:42:21] [INFO] [压力位突破警报-78500-第二止盈位] CHECK_START
  {}
[2026-03-18 21:42:21] [INFO] [压力位突破警报-76000-昨日高点] CHECK_START
  {}
[2026-03-18 21:42:21] [INFO] [支撑位跌破警报-72000-EMA7关键支撑] CHECK_START
  {}
[2026-03-18 21:42:22] [INFO] [支撑位跌破警报-72000-EMA7关键支撑] CHECK_PASSED
  {}
[2026-03-18 21:42:23] [INFO] [压力位突破警报-78500-第二止盈位] CHECK_PASSED
  {}
[2026-03-18 21:42:24] [INFO] [压力位突破警报-76000-昨日高点] CHECK_PASSED
  {}
[2026-03-18 21:44:12] [INFO] [支撑位跌破警报-71000-止损位] CHECK_START
  {}
[2026-03-18 21:44:13] [INFO] [支撑位跌破警报-71000-止损位] CHECK_PASSED
  {}
[2026-03-18 21:46:58] [INFO] [支撑位跌破警报-71000-止损位] CHECK_START
  {}
[2026-03-18 21:46:58] [INFO] [压力位突破警报-78500-第二止盈位] CHECK_START
  {}
[2026-03-18 21:46:58] [INFO] [压力位突破警报-76000-昨日高点] CHECK_START
  {}
[2026-03-18 21:46:58] [INFO] [支撑位跌破警报-72000-EMA7关键支撑] CHECK_START
  {}
[2026-03-18 21:47:00] [INFO] [支撑位跌破警报-71000-止损位] CHECK_PASSED
  {}
[2026-03-18 21:47:00] [INFO] [压力位突破警报-76000-昨日高点] CHECK_PASSED
  {}
[2026-03-18 21:47:00] [INFO] [支撑位跌破警报-72000-EMA7关键支撑] CHECK_PASSED
  {}
[2026-03-18 21:47:00] [INFO] [压力位突破警报-78500-第二止盈位] CHECK_PASSED
  {}
[2026-03-18 21:49:44] [INFO] [支撑位跌破警报-71000-止损位] CHECK_START
  {}
[2026-03-18 21:49:46] [INFO] [支撑位跌破警报-71000-止损位] CHECK_PASSED
  {}
[2026-03-18 21:51:34] [INFO] [压力位突破警报-78500-第二止盈位] CHECK_START
  {}
[2026-03-18 21:51:34] [INFO] [压力位突破警报-76000-昨日高点] CHECK_START
  {}
[2026-03-18 21:51:34] [INFO] [支撑位跌破警报-72000-EMA7关键支撑] CHECK_START
  {}
[2026-03-18 21:51:36] [INFO] [压力位突破警报-76000-昨日高点] CHECK_PASSED
  {}
[2026-03-18 21:51:36] [INFO] [支撑位跌破警报-72000-EMA7关键支撑] CHECK_PASSED
  {}
[2026-03-18 21:51:37] [INFO] [压力位突破警报-78500-第二止盈位] CHECK_PASSED
  {}
[2026-03-18 21:52:30] [INFO] [支撑位跌破警报-71000-止损位] CHECK_START
  {}
[2026-03-18 21:52:31] [INFO] [支撑位跌破警报-71000-止损位] CHECK_PASSED
  {}
[2026-03-18 21:55:17] [INFO] [支撑位跌破警报-71000-止损位] CHECK_START
  {}
[2026-03-18 21:55:18] [INFO] [支撑位跌破警报-71000-止损位] CHECK_PASSED
  {}
[2026-03-18 21:56:12] [INFO] [压力位突破警报-78500-第二止盈位] CHECK_START
  {}
[2026-03-18 21:56:12] [INFO] [压力位突破警报-76000-昨日高点] CHECK_START
  {}
[2026-03-18 21:56:12] [INFO] [支撑位跌破警报-72000-EMA7关键支撑] CHECK_START
  {}
[2026-03-18 21:56:14] [INFO] [压力位突破警报-78500-第二止盈位] CHECK_PASSED
  {}
[2026-03-18 21:56:14] [INFO] [支撑位跌破警报-72000-EMA7关键支撑] CHECK_PASSED
  {}
[2026-03-18 21:56:14] [INFO] [压力位突破警报-76000-昨日高点] CHECK_PASSED
  {}
[2026-03-18 21:58:03] [INFO] [支撑位跌破警报-71000-止损位] CHECK_START
  {}
[2026-03-18 21:58:05] [INFO] [支撑位跌破警报-71000-止损位] CHECK_PASSED
  {}
[2026-03-18 22:00:49] [INFO] [支撑位跌破警报-71000-止损位] CHECK_START
  {}
[2026-03-18 22:00:49] [INFO] [压力位突破警报-78500-第二止盈位] CHECK_START
  {}
[2026-03-18 22:00:49] [INFO] [压力位突破警报-76000-昨日高点] CHECK_START
  {}
[2026-03-18 22:00:49] [INFO] [支撑位跌破警报-72000-EMA7关键支撑] CHECK_START
  {}
[2026-03-18 22:00:51] [INFO] [压力位突破警报-78500-第二止盈位] CHECK_PASSED
  {}
[2026-03-18 22:00:52] [INFO] [支撑位跌破警报-71000-止损位] CHECK_PASSED
  {}
[2026-03-18 22:00:52] [INFO] [支撑位跌破警报-72000-EMA7关键支撑] CHECK_PASSED
  {}
[2026-03-18 22:00:52] [INFO] [压力位突破警报-76000-昨日高点] CHECK_PASSED
  {}
[2026-03-18 22:03:36] [INFO] [支撑位跌破警报-71000-止损位] CHECK_START
  {}
[2026-03-18 22:03:38] [INFO] [支撑位跌破警报-71000-止损位] CHECK_PASSED
  {}
[2026-03-18 22:05:27] [INFO] [压力位突破警报-78500-第二止盈位] CHECK_START
  {}
[2026-03-18 22:05:27] [INFO] [压力位突破警报-76000-昨日高点] CHECK_START
  {}
[2026-03-18 22:05:27] [INFO] [支撑位跌破警报-72000-EMA7关键支撑] CHECK_START
  {}
[2026-03-18 22:05:28] [INFO] [压力位突破警报-76000-昨日高点] CHECK_PASSED
  {}
[2026-03-18 22:05:29] [INFO] [压力位突破警报-78500-第二止盈位] CHECK_PASSED
  {}
[2026-03-18 22:05:30] [INFO] [支撑位跌破警报-72000-EMA7关键支撑] CHECK_PASSED
  {}
[2026-03-18 22:06:22] [INFO] [支撑位跌破警报-71000-止损位] CHECK_START
  {}
[2026-03-18 22:06:25] [INFO] [支撑位跌破警报-71000-止损位] CHECK_PASSED
  {}
[2026-03-18 22:09:10] [INFO] [支撑位跌破警报-71000-止损位] CHECK_START
  {}
[2026-03-18 22:09:11] [INFO] [支撑位跌破警报-71000-止损位] CHECK_PASSED
  {}
[2026-03-18 22:10:04] [INFO] [压力位突破警报-78500-第二止盈位] CHECK_START
  {}
[2026-03-18 22:10:04] [INFO] [压力位突破警报-76000-昨日高点] CHECK_START
  {}
[2026-03-18 22:10:04] [INFO] [支撑位跌破警报-72000-EMA7关键支撑] CHECK_START
  {}
[2026-03-18 22:10:06] [INFO] [支撑位跌破警报-72000-EMA7关键支撑] CHECK_PASSED
  {}
[2026-03-18 22:10:06] [INFO] [压力位突破警报-76000-昨日高点] CHECK_PASSED
  {}
[2026-03-18 22:10:06] [INFO] [压力位突破警报-78500-第二止盈位] CHECK_PASSED
  {}
[2026-03-18 22:11:55] [INFO] [支撑位跌破警报-71000-止损位] CHECK_START
  {}
[2026-03-18 22:11:57] [INFO] [支撑位跌破警报-71000-止损位] CHECK_PASSED
  {}
[2026-03-18 22:14:41] [INFO] [支撑位跌破警报-71000-止损位] CHECK_START
  {}
[2026-03-18 22:14:41] [INFO] [压力位突破警报-78500-第二止盈位] CHECK_START
  {}
[2026-03-18 22:14:41] [INFO] [压力位突破警报-76000-昨日高点] CHECK_START
  {}
[2026-03-18 22:14:41] [INFO] [支撑位跌破警报-72000-EMA7关键支撑] CHECK_START
  {}
[2026-03-18 22:14:43] [INFO] [压力位突破警报-78500-第二止盈位] CHECK_PASSED
  {}
[2026-03-18 22:14:43] [INFO] [压力位突破警报-76000-昨日高点] CHECK_PASSED
  {}
[2026-03-18 22:14:44] [INFO] [支撑位跌破警报-72000-EMA7关键支撑] TRIGGERED
  {}
[2026-03-18 22:14:46] [INFO] [支撑位跌破警报-71000-止损位] CHECK_PASSED
  {}
[2026-03-18 22:14:50] [INFO] [支撑位跌破警报-72000-EMA7关键支撑] DATA_COLLECTED
  {"dataKeys":["alertTime","currentPrice","priceChange","volume24h","fearGreedIndex","klines15m","triggerPrice","alertType"]}
[2026-03-18 22:14:50] [INFO] [支撑位跌破警报-72000-EMA7关键支撑] TRIGGER_COMPLETED
  {}
[2026-03-18 22:16:47] [INFO] [Engine] 引擎关闭 (SIGINT)
[2026-03-18 22:16:47] [INFO] [Engine] 引擎启动
  {"rulesDir":"/home/administrator/.openclaw/july-btc-analyzer/skills/btc-alert/rules","archiveDir":"/home/administrator/.openclaw/july-btc-analyzer/skills/btc-alert/rules-archive","logFile":"/home/administrator/.openclaw/july-btc-analyzer/logs/alert-engine.log"}
[2026-03-18 22:16:47] [INFO] [压力位突破警报-78500-第二止盈位] TIMER_STARTED
  {"interval":"300s","file":"2026-03-17-resistance-78500.js"}
[2026-03-18 22:16:47] [INFO] [压力位突破警报-78500-第二止盈位] CHECK_START
  {}
[2026-03-18 22:16:47] [INFO] [压力位突破警报-76000-昨日高点] TIMER_STARTED
  {"interval":"300s","file":"2026-03-18-resistance-76000.js"}
[2026-03-18 22:16:47] [INFO] [压力位突破警报-76000-昨日高点] CHECK_START
  {}
[2026-03-18 22:16:47] [INFO] [支撑位跌破警报-70000-止损位] TIMER_STARTED
  {"interval":"300s","file":"2026-03-18-support-70000-stoploss.js"}
[2026-03-18 22:16:47] [INFO] [支撑位跌破警报-70000-止损位] CHECK_START
  {}
[2026-03-18 22:16:47] [INFO] [支撑位跌破警报-71000-止损位] TIMER_STARTED
  {"interval":"180s","file":"2026-03-18-support-71000-stoploss.js"}
[2026-03-18 22:16:47] [INFO] [支撑位跌破警报-71000-止损位] CHECK_START
  {}
[2026-03-18 22:16:47] [INFO] [Engine] 规则加载完成
  {"count":4}
[2026-03-18 22:16:48] [INFO] [支撑位跌破警报-70000-止损位] CHECK_PASSED
  {}
[2026-03-18 22:16:48] [INFO] [压力位突破警报-78500-第二止盈位] CHECK_PASSED
  {}
[2026-03-18 22:16:49] [INFO] [压力位突破警报-76000-昨日高点] CHECK_PASSED
  {}
[2026-03-18 22:16:51] [INFO] [支撑位跌破警报-71000-止损位] CHECK_PASSED
  {}
[2026-03-18 22:19:32] [INFO] [支撑位跌破警报-71000-止损位] CHECK_START
  {}
[2026-03-18 22:19:34] [INFO] [支撑位跌破警报-71000-止损位] CHECK_PASSED
  {}
[2026-03-18 22:21:25] [INFO] [压力位突破警报-78500-第二止盈位] CHECK_START
  {}
[2026-03-18 22:21:25] [INFO] [压力位突破警报-76000-昨日高点] CHECK_START
  {}
[2026-03-18 22:21:25] [INFO] [支撑位跌破警报-70000-止损位] CHECK_START
  {}
[2026-03-18 22:21:26] [INFO] [压力位突破警报-78500-第二止盈位] CHECK_PASSED
  {}
[2026-03-18 22:21:26] [INFO] [压力位突破警报-76000-昨日高点] CHECK_PASSED
  {}
[2026-03-18 22:21:26] [INFO] [支撑位跌破警报-70000-止损位] CHECK_PASSED
  {}
[2026-03-18 22:22:21] [INFO] [支撑位跌破警报-71000-止损位] CHECK_START
  {}
[2026-03-18 22:22:22] [INFO] [支撑位跌破警报-71000-止损位] CHECK_PASSED
  {}
[2026-03-18 22:25:12] [INFO] [支撑位跌破警报-71000-止损位] CHECK_START
  {}
[2026-03-18 22:25:15] [INFO] [支撑位跌破警报-71000-止损位] CHECK_PASSED
  {}
[2026-03-18 22:26:08] [INFO] [压力位突破警报-78500-第二止盈位] CHECK_START
  {}
[2026-03-18 22:26:08] [INFO] [压力位突破警报-76000-昨日高点] CHECK_START
  {}
[2026-03-18 22:26:08] [INFO] [支撑位跌破警报-70000-止损位] CHECK_START
  {}
[2026-03-18 22:26:09] [INFO] [压力位突破警报-76000-昨日高点] CHECK_PASSED
  {}
[2026-03-18 22:26:09] [INFO] [支撑位跌破警报-70000-止损位] CHECK_PASSED
  {}
[2026-03-18 22:26:10] [INFO] [压力位突破警报-78500-第二止盈位] CHECK_PASSED
  {}
[2026-03-18 22:27:59] [INFO] [支撑位跌破警报-71000-止损位] CHECK_START
  {}
[2026-03-18 22:28:03] [INFO] [支撑位跌破警报-71000-止损位] CHECK_PASSED
  {}
[2026-03-18 22:30:46] [INFO] [压力位突破警报-78500-第二止盈位] CHECK_START
  {}
[2026-03-18 22:30:46] [INFO] [压力位突破警报-76000-昨日高点] CHECK_START
  {}
[2026-03-18 22:30:46] [INFO] [支撑位跌破警报-70000-止损位] CHECK_START
  {}
[2026-03-18 22:30:46] [INFO] [支撑位跌破警报-71000-止损位] CHECK_START
  {}
[2026-03-18 22:30:47] [INFO] [支撑位跌破警报-70000-止损位] CHECK_PASSED
  {}
[2026-03-18 22:30:47] [INFO] [支撑位跌破警报-71000-止损位] CHECK_PASSED
  {}
[2026-03-18 22:30:48] [INFO] [压力位突破警报-78500-第二止盈位] CHECK_PASSED
  {}
[2026-03-18 22:30:49] [INFO] [压力位突破警报-76000-昨日高点] CHECK_PASSED
  {}
[2026-03-18 22:33:32] [INFO] [支撑位跌破警报-71000-止损位] CHECK_START
  {}
[2026-03-18 22:33:34] [INFO] [支撑位跌破警报-71000-止损位] CHECK_PASSED
  {}
[2026-03-18 22:35:23] [INFO] [压力位突破警报-78500-第二止盈位] CHECK_START
  {}
[2026-03-18 22:35:23] [INFO] [压力位突破警报-76000-昨日高点] CHECK_START
  {}
[2026-03-18 22:35:23] [INFO] [支撑位跌破警报-70000-止损位] CHECK_START
  {}
[2026-03-18 22:35:22] [INFO] [压力位突破警报-76000-昨日高点] CHECK_PASSED
  {}
[2026-03-18 22:35:23] [INFO] [压力位突破警报-78500-第二止盈位] CHECK_PASSED
  {}
[2026-03-18 22:35:24] [INFO] [支撑位跌破警报-70000-止损位] CHECK_PASSED
  {}
[2026-03-18 22:36:17] [INFO] [支撑位跌破警报-71000-止损位] CHECK_START
  {}
[2026-03-18 22:36:18] [INFO] [支撑位跌破警报-71000-止损位] CHECK_PASSED
  {}
[2026-03-18 22:39:05] [INFO] [支撑位跌破警报-71000-止损位] CHECK_START
  {}
[2026-03-18 22:39:06] [INFO] [支撑位跌破警报-71000-止损位] CHECK_PASSED
  {}
[2026-03-18 22:40:00] [INFO] [压力位突破警报-78500-第二止盈位] CHECK_START
  {}
[2026-03-18 22:40:00] [INFO] [压力位突破警报-76000-昨日高点] CHECK_START
  {}
[2026-03-18 22:40:00] [INFO] [支撑位跌破警报-70000-止损位] CHECK_START
  {}
[2026-03-18 22:39:59] [INFO] [支撑位跌破警报-70000-止损位] CHECK_PASSED
  {}
[2026-03-18 22:39:59] [INFO] [压力位突破警报-76000-昨日高点] CHECK_PASSED
  {}
[2026-03-18 22:39:59] [INFO] [压力位突破警报-78500-第二止盈位] CHECK_PASSED
  {}
[2026-03-18 22:41:51] [INFO] [支撑位跌破警报-71000-止损位] CHECK_START
  {}
[2026-03-18 22:41:51] [INFO] [支撑位跌破警报-71000-止损位] CHECK_PASSED
  {}
[2026-03-18 22:44:35] [INFO] [压力位突破警报-78500-第二止盈位] CHECK_START
  {}
[2026-03-18 22:44:35] [INFO] [压力位突破警报-76000-昨日高点] CHECK_START
  {}
[2026-03-18 22:44:35] [INFO] [支撑位跌破警报-70000-止损位] CHECK_START
  {}
[2026-03-18 22:44:35] [INFO] [支撑位跌破警报-71000-止损位] CHECK_START
  {}
[2026-03-18 22:44:37] [INFO] [压力位突破警报-78500-第二止盈位] CHECK_PASSED
  {}
[2026-03-18 22:44:35] [INFO] [压力位突破警报-76000-昨日高点] CHECK_PASSED
  {}
[2026-03-18 22:44:36] [INFO] [支撑位跌破警报-71000-止损位] CHECK_PASSED
  {}
[2026-03-18 22:44:37] [INFO] [支撑位跌破警报-70000-止损位] CHECK_PASSED
  {}
[2026-03-18 22:47:22] [INFO] [支撑位跌破警报-71000-止损位] CHECK_START
  {}
[2026-03-18 22:47:21] [INFO] [支撑位跌破警报-71000-止损位] CHECK_PASSED
  {}
[2026-03-18 22:49:12] [INFO] [压力位突破警报-78500-第二止盈位] CHECK_START
  {}
[2026-03-18 22:49:12] [INFO] [压力位突破警报-76000-昨日高点] CHECK_START
  {}
[2026-03-18 22:49:13] [INFO] [支撑位跌破警报-70000-止损位] CHECK_START
  {}
[2026-03-18 22:49:13] [INFO] [压力位突破警报-76000-昨日高点] CHECK_PASSED
  {}
[2026-03-18 22:49:15] [INFO] [压力位突破警报-78500-第二止盈位] CHECK_PASSED
  {}
[2026-03-18 22:49:20] [INFO] [支撑位跌破警报-70000-止损位] CHECK_PASSED
  {}
[2026-03-18 22:50:08] [INFO] [支撑位跌破警报-71000-止损位] CHECK_START
  {}
[2026-03-18 22:50:07] [INFO] [支撑位跌破警报-71000-止损位] CHECK_PASSED
  {}
[2026-03-18 22:52:55] [INFO] [支撑位跌破警报-71000-止损位] CHECK_START
  {}
[2026-03-18 22:52:56] [INFO] [支撑位跌破警报-71000-止损位] CHECK_PASSED
  {}
[2026-03-18 22:53:52] [INFO] [压力位突破警报-78500-第二止盈位] CHECK_START
  {}
[2026-03-18 22:53:52] [INFO] [压力位突破警报-76000-昨日高点] CHECK_START
  {}
[2026-03-18 22:53:52] [INFO] [支撑位跌破警报-70000-止损位] CHECK_START
  {}
[2026-03-18 22:53:53] [INFO] [支撑位跌破警报-70000-止损位] CHECK_PASSED
  {}
[2026-03-18 22:53:53] [INFO] [压力位突破警报-76000-昨日高点] CHECK_PASSED
  {}
[2026-03-18 22:53:55] [INFO] [压力位突破警报-78500-第二止盈位] CHECK_PASSED
  {}
[2026-03-18 22:55:44] [INFO] [支撑位跌破警报-71000-止损位] CHECK_START
  {}
[2026-03-18 22:55:46] [INFO] [支撑位跌破警报-71000-止损位] CHECK_PASSED
  {}
[2026-03-18 22:58:31] [INFO] [支撑位跌破警报-71000-止损位] CHECK_START
  {}
[2026-03-18 22:58:31] [INFO] [压力位突破警报-78500-第二止盈位] CHECK_START
  {}
[2026-03-18 22:58:31] [INFO] [压力位突破警报-76000-昨日高点] CHECK_START
  {}
[2026-03-18 22:58:31] [INFO] [支撑位跌破警报-70000-止损位] CHECK_START
  {}
[2026-03-18 22:58:32] [INFO] [支撑位跌破警报-71000-止损位] CHECK_PASSED
  {}
[2026-03-18 22:58:32] [INFO] [支撑位跌破警报-70000-止损位] CHECK_PASSED
  {}
[2026-03-18 22:58:33] [INFO] [压力位突破警报-78500-第二止盈位] CHECK_PASSED
  {}
[2026-03-18 22:58:36] [INFO] [压力位突破警报-76000-昨日高点] CHECK_PASSED
  {}
[2026-03-18 23:01:17] [INFO] [支撑位跌破警报-71000-止损位] CHECK_START
  {}
[2026-03-18 23:01:18] [INFO] [支撑位跌破警报-71000-止损位] CHECK_PASSED
  {}
[2026-03-18 23:03:08] [INFO] [压力位突破警报-78500-第二止盈位] CHECK_START
  {}
[2026-03-18 23:03:08] [INFO] [压力位突破警报-76000-昨日高点] CHECK_START
  {}
[2026-03-18 23:03:08] [INFO] [支撑位跌破警报-70000-止损位] CHECK_START
  {}
[2026-03-18 23:03:09] [INFO] [支撑位跌破警报-70000-止损位] CHECK_PASSED
  {}
[2026-03-18 23:03:10] [INFO] [压力位突破警报-76000-昨日高点] CHECK_PASSED
  {}
[2026-03-18 23:03:10] [INFO] [压力位突破警报-78500-第二止盈位] CHECK_PASSED
  {}
[2026-03-18 23:04:03] [INFO] [支撑位跌破警报-71000-止损位] CHECK_START
  {}
[2026-03-18 23:04:06] [INFO] [支撑位跌破警报-71000-止损位] CHECK_PASSED
  {}
[2026-03-18 23:06:50] [INFO] [支撑位跌破警报-71000-止损位] CHECK_START
  {}
[2026-03-18 23:06:52] [INFO] [支撑位跌破警报-71000-止损位] CHECK_PASSED
  {}
[2026-03-18 23:07:45] [INFO] [压力位突破警报-78500-第二止盈位] CHECK_START
  {}
[2026-03-18 23:07:45] [INFO] [压力位突破警报-76000-昨日高点] CHECK_START
  {}
[2026-03-18 23:07:45] [INFO] [支撑位跌破警报-70000-止损位] CHECK_START
  {}
[2026-03-18 23:07:46] [INFO] [压力位突破警报-78500-第二止盈位] CHECK_PASSED
  {}
[2026-03-18 23:07:46] [INFO] [压力位突破警报-76000-昨日高点] CHECK_PASSED
  {}
[2026-03-18 23:07:53] [INFO] [支撑位跌破警报-70000-止损位] CHECK_PASSED
  {}
[2026-03-18 23:09:35] [INFO] [支撑位跌破警报-71000-止损位] CHECK_START
  {}
[2026-03-18 23:09:36] [INFO] [支撑位跌破警报-71000-止损位] CHECK_PASSED
  {}
[2026-03-18 23:12:22] [INFO] [压力位突破警报-78500-第二止盈位] CHECK_START
  {}
[2026-03-18 23:12:22] [INFO] [压力位突破警报-76000-昨日高点] CHECK_START
  {}
[2026-03-18 23:12:22] [INFO] [支撑位跌破警报-70000-止损位] CHECK_START
  {}
[2026-03-18 23:12:22] [INFO] [支撑位跌破警报-71000-止损位] CHECK_START
  {}
[2026-03-18 23:12:24] [INFO] [支撑位跌破警报-70000-止损位] CHECK_PASSED
  {}
[2026-03-18 23:12:23] [INFO] [支撑位跌破警报-71000-止损位] CHECK_PASSED
  {}
[2026-03-18 23:12:22] [INFO] [压力位突破警报-76000-昨日高点] CHECK_PASSED
  {}
[2026-03-18 23:12:24] [INFO] [压力位突破警报-78500-第二止盈位] CHECK_PASSED
  {}
[2026-03-18 23:15:07] [INFO] [支撑位跌破警报-71000-止损位] CHECK_START
  {}
[2026-03-18 23:15:09] [INFO] [支撑位跌破警报-71000-止损位] CHECK_PASSED
  {}
[2026-03-18 23:16:58] [INFO] [压力位突破警报-78500-第二止盈位] CHECK_START
  {}
[2026-03-18 23:16:58] [INFO] [压力位突破警报-76000-昨日高点] CHECK_START
  {}
[2026-03-18 23:16:58] [INFO] [支撑位跌破警报-70000-止损位] CHECK_START
  {}
[2026-03-18 23:17:00] [INFO] [支撑位跌破警报-70000-止损位] CHECK_PASSED
  {}
[2026-03-18 23:17:00] [INFO] [压力位突破警报-78500-第二止盈位] CHECK_PASSED
  {}
[2026-03-18 23:17:02] [INFO] [压力位突破警报-76000-昨日高点] CHECK_PASSED
  {}
[2026-03-18 23:17:55] [INFO] [支撑位跌破警报-71000-止损位] CHECK_START
  {}
[2026-03-18 23:18:04] [INFO] [支撑位跌破警报-71000-止损位] CHECK_PASSED
  {}
[2026-03-18 23:20:44] [INFO] [支撑位跌破警报-71000-止损位] CHECK_START
  {}
[2026-03-18 23:20:46] [INFO] [支撑位跌破警报-71000-止损位] CHECK_PASSED
  {}
[2026-03-18 23:21:40] [INFO] [压力位突破警报-78500-第二止盈位] CHECK_START
  {}
[2026-03-18 23:21:40] [INFO] [压力位突破警报-76000-昨日高点] CHECK_START
  {}
[2026-03-18 23:21:40] [INFO] [支撑位跌破警报-70000-止损位] CHECK_START
  {}
[2026-03-18 23:21:41] [INFO] [压力位突破警报-78500-第二止盈位] CHECK_PASSED
  {}
[2026-03-18 23:21:42] [INFO] [支撑位跌破警报-70000-止损位] CHECK_PASSED
  {}
[2026-03-18 23:21:42] [INFO] [压力位突破警报-76000-昨日高点] CHECK_PASSED
  {}
[2026-03-18 23:23:31] [INFO] [支撑位跌破警报-71000-止损位] CHECK_START
  {}
[2026-03-18 23:23:33] [INFO] [支撑位跌破警报-71000-止损位] CHECK_PASSED
  {}
[2026-03-18 23:26:21] [INFO] [压力位突破警报-78500-第二止盈位] CHECK_START
  {}
[2026-03-18 23:26:21] [INFO] [压力位突破警报-76000-昨日高点] CHECK_START
  {}
[2026-03-18 23:26:21] [INFO] [支撑位跌破警报-70000-止损位] CHECK_START
  {}
[2026-03-18 23:26:21] [INFO] [支撑位跌破警报-71000-止损位] CHECK_START
  {}
[2026-03-18 23:26:23] [INFO] [压力位突破警报-78500-第二止盈位] CHECK_PASSED
  {}
[2026-03-18 23:26:23] [INFO] [支撑位跌破警报-70000-止损位] CHECK_PASSED
  {}
[2026-03-18 23:26:22] [INFO] [压力位突破警报-76000-昨日高点] CHECK_PASSED
  {}
[2026-03-18 23:26:23] [INFO] [支撑位跌破警报-71000-止损位] CHECK_PASSED
  {}
[2026-03-18 23:29:06] [INFO] [支撑位跌破警报-71000-止损位] CHECK_START
  {}
[2026-03-18 23:29:07] [INFO] [支撑位跌破警报-71000-止损位] CHECK_PASSED
  {}
[2026-03-18 23:30:59] [INFO] [压力位突破警报-78500-第二止盈位] CHECK_START
  {}
[2026-03-18 23:30:59] [INFO] [压力位突破警报-76000-昨日高点] CHECK_START
  {}
[2026-03-18 23:30:59] [INFO] [支撑位跌破警报-70000-止损位] CHECK_START
  {}
[2026-03-18 23:31:00] [INFO] [压力位突破警报-76000-昨日高点] CHECK_PASSED
  {}
[2026-03-18 23:31:01] [INFO] [支撑位跌破警报-70000-止损位] CHECK_PASSED
  {}
[2026-03-18 23:31:00] [INFO] [压力位突破警报-78500-第二止盈位] CHECK_PASSED
  {}
[2026-03-18 23:31:55] [INFO] [支撑位跌破警报-71000-止损位] CHECK_START
  {}
[2026-03-18 23:31:57] [INFO] [支撑位跌破警报-71000-止损位] CHECK_PASSED
  {}
[2026-03-18 23:34:40] [INFO] [支撑位跌破警报-71000-止损位] CHECK_START
  {}
[2026-03-18 23:34:42] [INFO] [支撑位跌破警报-71000-止损位] CHECK_PASSED
  {}
[2026-03-18 23:35:35] [INFO] [压力位突破警报-78500-第二止盈位] CHECK_START
  {}
[2026-03-18 23:35:35] [INFO] [压力位突破警报-76000-昨日高点] CHECK_START
  {}
[2026-03-18 23:35:35] [INFO] [支撑位跌破警报-70000-止损位] CHECK_START
  {}
[2026-03-18 23:35:37] [INFO] [压力位突破警报-78500-第二止盈位] CHECK_PASSED
  {}
[2026-03-18 23:35:38] [INFO] [支撑位跌破警报-70000-止损位] CHECK_PASSED
  {}
[2026-03-18 23:36:03] [INFO] [压力位突破警报-76000-昨日高点] CHECK_PASSED
  {}
[2026-03-18 23:37:26] [INFO] [支撑位跌破警报-71000-止损位] CHECK_START
  {}
[2026-03-18 23:37:27] [INFO] [支撑位跌破警报-71000-止损位] CHECK_PASSED
  {}
[2026-03-18 23:40:12] [INFO] [压力位突破警报-78500-第二止盈位] CHECK_START
  {}
[2026-03-18 23:40:12] [INFO] [压力位突破警报-76000-昨日高点] CHECK_START
  {}
[2026-03-18 23:40:12] [INFO] [支撑位跌破警报-70000-止损位] CHECK_START
  {}
[2026-03-18 23:40:12] [INFO] [支撑位跌破警报-71000-止损位] CHECK_START
  {}
[2026-03-18 23:40:13] [INFO] [压力位突破警报-78500-第二止盈位] CHECK_PASSED
  {}
[2026-03-18 23:40:13] [INFO] [支撑位跌破警报-71000-止损位] CHECK_PASSED
  {}
[2026-03-18 23:40:14] [INFO] [支撑位跌破警报-70000-止损位] CHECK_PASSED
  {}
[2026-03-18 23:40:13] [INFO] [压力位突破警报-76000-昨日高点] CHECK_PASSED
  {}
[2026-03-18 23:42:57] [INFO] [支撑位跌破警报-71000-止损位] CHECK_START
  {}
[2026-03-18 23:42:58] [INFO] [支撑位跌破警报-71000-止损位] CHECK_PASSED
  {}
[2026-03-18 23:44:48] [INFO] [压力位突破警报-78500-第二止盈位] CHECK_START
  {}
[2026-03-18 23:44:48] [INFO] [压力位突破警报-76000-昨日高点] CHECK_START
  {}
[2026-03-18 23:44:48] [INFO] [支撑位跌破警报-70000-止损位] CHECK_START
  {}
[2026-03-18 23:44:49] [INFO] [压力位突破警报-78500-第二止盈位] CHECK_PASSED
  {}
[2026-03-18 23:44:50] [INFO] [支撑位跌破警报-70000-止损位] CHECK_PASSED
  {}
[2026-03-18 23:44:50] [INFO] [压力位突破警报-76000-昨日高点] CHECK_PASSED
  {}
[2026-03-18 23:45:43] [INFO] [支撑位跌破警报-71000-止损位] CHECK_START
  {}
[2026-03-18 23:45:45] [INFO] [支撑位跌破警报-71000-止损位] CHECK_PASSED
  {}
[2026-03-18 23:48:29] [INFO] [支撑位跌破警报-71000-止损位] CHECK_START
  {}
[2026-03-18 23:48:31] [INFO] [支撑位跌破警报-71000-止损位] CHECK_PASSED
  {}
[2026-03-18 23:49:23] [INFO] [压力位突破警报-78500-第二止盈位] CHECK_START
  {}
[2026-03-18 23:49:23] [INFO] [压力位突破警报-76000-昨日高点] CHECK_START
  {}
[2026-03-18 23:49:23] [INFO] [支撑位跌破警报-70000-止损位] CHECK_START
  {}
[2026-03-18 23:49:24] [INFO] [压力位突破警报-78500-第二止盈位] CHECK_PASSED
  {}
[2026-03-18 23:49:24] [INFO] [压力位突破警报-76000-昨日高点] CHECK_PASSED
  {}
[2026-03-18 23:49:25] [INFO] [支撑位跌破警报-70000-止损位] CHECK_PASSED
  {}
[2026-03-18 23:51:15] [INFO] [支撑位跌破警报-71000-止损位] CHECK_START
  {}
[2026-03-18 23:51:16] [INFO] [支撑位跌破警报-71000-止损位] CHECK_PASSED
  {}
[2026-03-18 23:54:01] [INFO] [压力位突破警报-78500-第二止盈位] CHECK_START
  {}
[2026-03-18 23:54:01] [INFO] [压力位突破警报-76000-昨日高点] CHECK_START
  {}
[2026-03-18 23:54:01] [INFO] [支撑位跌破警报-70000-止损位] CHECK_START
  {}
[2026-03-18 23:54:01] [INFO] [支撑位跌破警报-71000-止损位] CHECK_START
  {}
[2026-03-18 23:54:02] [INFO] [压力位突破警报-78500-第二止盈位] CHECK_PASSED
  {}
[2026-03-18 23:54:02] [INFO] [支撑位跌破警报-71000-止损位] CHECK_PASSED
  {}
[2026-03-18 23:54:03] [INFO] [压力位突破警报-76000-昨日高点] CHECK_PASSED
  {}
[2026-03-18 23:54:03] [INFO] [支撑位跌破警报-70000-止损位] CHECK_PASSED
  {}
[2026-03-18 23:56:49] [INFO] [支撑位跌破警报-71000-止损位] CHECK_START
  {}
[2026-03-18 23:56:53] [INFO] [支撑位跌破警报-71000-止损位] CHECK_PASSED
  {}
[2026-03-18 23:58:40] [INFO] [压力位突破警报-78500-第二止盈位] CHECK_START
  {}
[2026-03-18 23:58:40] [INFO] [压力位突破警报-76000-昨日高点] CHECK_START
  {}
[2026-03-18 23:58:40] [INFO] [支撑位跌破警报-70000-止损位] CHECK_START
  {}
[2026-03-18 23:58:42] [INFO] [压力位突破警报-76000-昨日高点] CHECK_PASSED
  {}
[2026-03-18 23:58:42] [INFO] [压力位突破警报-78500-第二止盈位] CHECK_PASSED
  {}
[2026-03-18 23:58:43] [INFO] [支撑位跌破警报-70000-止损位] CHECK_PASSED
  {}
[2026-03-18 23:59:35] [INFO] [支撑位跌破警报-71000-止损位] CHECK_START
  {}
[2026-03-18 23:59:38] [INFO] [支撑位跌破警报-71000-止损位] CHECK_PASSED
  {}
[2026-03-19 00:02:21] [INFO] [支撑位跌破警报-71000-止损位] CHECK_START
  {}
[2026-03-19 00:02:23] [INFO] [支撑位跌破警报-71000-止损位] CHECK_PASSED
  {}
[2026-03-19 00:03:17] [INFO] [压力位突破警报-78500-第二止盈位] CHECK_START
  {}
[2026-03-19 00:03:17] [INFO] [压力位突破警报-76000-昨日高点] CHECK_START
  {}
[2026-03-19 00:03:17] [INFO] [支撑位跌破警报-70000-止损位] CHECK_START
  {}
[2026-03-19 00:03:18] [INFO] [压力位突破警报-76000-昨日高点] CHECK_PASSED
  {}
[2026-03-19 00:03:19] [INFO] [支撑位跌破警报-70000-止损位] CHECK_PASSED
  {}
[2026-03-19 00:03:20] [INFO] [压力位突破警报-78500-第二止盈位] CHECK_PASSED
  {}
[2026-03-19 00:05:07] [INFO] [支撑位跌破警报-71000-止损位] CHECK_START
  {}
[2026-03-19 00:05:09] [INFO] [支撑位跌破警报-71000-止损位] CHECK_PASSED
  {}
[2026-03-19 00:07:53] [INFO] [压力位突破警报-78500-第二止盈位] CHECK_START
  {}
[2026-03-19 00:07:53] [INFO] [压力位突破警报-76000-昨日高点] CHECK_START
  {}
[2026-03-19 00:07:53] [INFO] [支撑位跌破警报-70000-止损位] CHECK_START
  {}
[2026-03-19 00:07:53] [INFO] [支撑位跌破警报-71000-止损位] CHECK_START
  {}
[2026-03-19 00:07:54] [INFO] [支撑位跌破警报-70000-止损位] CHECK_PASSED
  {}
[2026-03-19 00:07:55] [INFO] [压力位突破警报-76000-昨日高点] CHECK_PASSED
  {}
[2026-03-19 00:07:55] [INFO] [支撑位跌破警报-71000-止损位] CHECK_PASSED
  {}
[2026-03-19 00:07:56] [INFO] [压力位突破警报-78500-第二止盈位] CHECK_PASSED
  {}
[2026-03-19 00:10:40] [INFO] [支撑位跌破警报-71000-止损位] CHECK_START
  {}
[2026-03-19 00:10:42] [INFO] [支撑位跌破警报-71000-止损位] CHECK_PASSED
  {}
[2026-03-19 00:12:30] [INFO] [压力位突破警报-78500-第二止盈位] CHECK_START
  {}
[2026-03-19 00:12:30] [INFO] [压力位突破警报-76000-昨日高点] CHECK_START
  {}
[2026-03-19 00:12:30] [INFO] [支撑位跌破警报-70000-止损位] CHECK_START
  {}
[2026-03-19 00:12:31] [INFO] [压力位突破警报-76000-昨日高点] CHECK_PASSED
  {}
[2026-03-19 00:12:32] [INFO] [支撑位跌破警报-70000-止损位] CHECK_PASSED
  {}
[2026-03-19 00:12:32] [INFO] [压力位突破警报-78500-第二止盈位] CHECK_PASSED
  {}
[2026-03-19 00:13:25] [INFO] [支撑位跌破警报-71000-止损位] CHECK_START
  {}
[2026-03-19 00:13:26] [INFO] [支撑位跌破警报-71000-止损位] CHECK_PASSED
  {}
[2026-03-19 00:16:11] [INFO] [支撑位跌破警报-71000-止损位] CHECK_START
  {}
[2026-03-19 00:16:14] [INFO] [支撑位跌破警报-71000-止损位] CHECK_PASSED
  {}
[2026-03-19 00:17:06] [INFO] [压力位突破警报-78500-第二止盈位] CHECK_START
  {}
[2026-03-19 00:17:06] [INFO] [压力位突破警报-76000-昨日高点] CHECK_START
  {}
[2026-03-19 00:17:06] [INFO] [支撑位跌破警报-70000-止损位] CHECK_START
  {}
[2026-03-19 00:17:08] [INFO] [压力位突破警报-78500-第二止盈位] CHECK_PASSED
  {}
[2026-03-19 00:17:10] [INFO] [压力位突破警报-76000-昨日高点] CHECK_PASSED
  {}
[2026-03-19 00:17:34] [INFO] [支撑位跌破警报-70000-止损位] CHECK_PASSED
  {}
[2026-03-19 00:18:57] [INFO] [支撑位跌破警报-71000-止损位] CHECK_START
  {}
[2026-03-19 00:18:59] [INFO] [支撑位跌破警报-71000-止损位] CHECK_PASSED
  {}
[2026-03-19 00:21:47] [INFO] [压力位突破警报-78500-第二止盈位] CHECK_START
  {}
[2026-03-19 00:21:47] [INFO] [压力位突破警报-76000-昨日高点] CHECK_START
  {}
[2026-03-19 00:21:47] [INFO] [支撑位跌破警报-70000-止损位] CHECK_START
  {}
[2026-03-19 00:21:47] [INFO] [支撑位跌破警报-71000-止损位] CHECK_START
  {}
[2026-03-19 00:21:56] [INFO] [压力位突破警报-76000-昨日高点] CHECK_PASSED
  {}
[2026-03-19 00:21:56] [INFO] [压力位突破警报-78500-第二止盈位] CHECK_PASSED
  {}
[2026-03-19 00:22:06] [INFO] [支撑位跌破警报-70000-止损位] CHECK_PASSED
  {}
[2026-03-19 00:22:06] [INFO] [支撑位跌破警报-71000-止损位] CHECK_PASSED
  {}
[2026-03-19 00:24:34] [INFO] [支撑位跌破警报-71000-止损位] CHECK_START
  {}
[2026-03-19 00:24:35] [INFO] [支撑位跌破警报-71000-止损位] CHECK_PASSED
  {}
[2026-03-19 00:26:24] [INFO] [压力位突破警报-78500-第二止盈位] CHECK_START
  {}
[2026-03-19 00:26:24] [INFO] [压力位突破警报-76000-昨日高点] CHECK_START
  {}
[2026-03-19 00:26:24] [INFO] [支撑位跌破警报-70000-止损位] CHECK_START
  {}
[2026-03-19 00:26:25] [INFO] [压力位突破警报-78500-第二止盈位] CHECK_PASSED
  {}
[2026-03-19 00:26:26] [INFO] [支撑位跌破警报-70000-止损位] CHECK_PASSED
  {}
[2026-03-19 00:26:28] [INFO] [压力位突破警报-76000-昨日高点] CHECK_PASSED
  {}
[2026-03-19 00:27:19] [INFO] [支撑位跌破警报-71000-止损位] CHECK_START
  {}
[2026-03-19 00:27:20] [INFO] [支撑位跌破警报-71000-止损位] CHECK_PASSED
  {}
[2026-03-19 00:30:04] [INFO] [支撑位跌破警报-71000-止损位] CHECK_START
  {}
[2026-03-19 00:30:06] [INFO] [支撑位跌破警报-71000-止损位] CHECK_PASSED
  {}
[2026-03-19 00:30:59] [INFO] [压力位突破警报-78500-第二止盈位] CHECK_START
  {}
[2026-03-19 00:30:59] [INFO] [压力位突破警报-76000-昨日高点] CHECK_START
  {}
[2026-03-19 00:30:59] [INFO] [支撑位跌破警报-70000-止损位] CHECK_START
  {}
[2026-03-19 00:31:00] [INFO] [压力位突破警报-76000-昨日高点] CHECK_PASSED
  {}
[2026-03-19 00:31:01] [INFO] [支撑位跌破警报-70000-止损位] CHECK_PASSED
  {}
[2026-03-19 00:31:02] [INFO] [压力位突破警报-78500-第二止盈位] CHECK_PASSED
  {}
[2026-03-19 00:32:49] [INFO] [支撑位跌破警报-71000-止损位] CHECK_START
  {}
[2026-03-19 00:32:51] [INFO] [支撑位跌破警报-71000-止损位] CHECK_PASSED
  {}
[2026-03-19 00:35:34] [INFO] [压力位突破警报-78500-第二止盈位] CHECK_START
  {}
[2026-03-19 00:35:34] [INFO] [压力位突破警报-76000-昨日高点] CHECK_START
  {}
[2026-03-19 00:35:34] [INFO] [支撑位跌破警报-70000-止损位] CHECK_START
  {}
[2026-03-19 00:35:34] [INFO] [支撑位跌破警报-71000-止损位] CHECK_START
  {}
[2026-03-19 00:35:35] [INFO] [支撑位跌破警报-70000-止损位] CHECK_PASSED
  {}
[2026-03-19 00:35:35] [INFO] [支撑位跌破警报-71000-止损位] CHECK_PASSED
  {}
[2026-03-19 00:35:35] [INFO] [压力位突破警报-78500-第二止盈位] CHECK_PASSED
  {}
[2026-03-19 00:35:37] [INFO] [压力位突破警报-76000-昨日高点] CHECK_PASSED
  {}
[2026-03-19 00:38:19] [INFO] [支撑位跌破警报-71000-止损位] CHECK_START
  {}
[2026-03-19 00:38:20] [INFO] [支撑位跌破警报-71000-止损位] CHECK_PASSED
  {}
[2026-03-19 00:40:07] [INFO] [压力位突破警报-78500-第二止盈位] CHECK_START
  {}
[2026-03-19 00:40:07] [INFO] [压力位突破警报-76000-昨日高点] CHECK_START
  {}
[2026-03-19 00:40:07] [INFO] [支撑位跌破警报-70000-止损位] CHECK_START
  {}
[2026-03-19 00:40:09] [INFO] [压力位突破警报-78500-第二止盈位] CHECK_PASSED
  {}
[2026-03-19 00:40:09] [INFO] [压力位突破警报-76000-昨日高点] CHECK_PASSED
  {}
[2026-03-19 00:40:09] [INFO] [支撑位跌破警报-70000-止损位] CHECK_PASSED
  {}
[2026-03-19 00:41:03] [INFO] [支撑位跌破警报-71000-止损位] CHECK_START
  {}
[2026-03-19 00:41:04] [INFO] [支撑位跌破警报-71000-止损位] CHECK_PASSED
  {}
[2026-03-19 00:43:48] [INFO] [支撑位跌破警报-71000-止损位] CHECK_START
  {}
[2026-03-19 00:43:50] [INFO] [支撑位跌破警报-71000-止损位] CHECK_PASSED
  {}
[2026-03-19 00:44:42] [INFO] [压力位突破警报-78500-第二止盈位] CHECK_START
  {}
[2026-03-19 00:44:42] [INFO] [压力位突破警报-76000-昨日高点] CHECK_START
  {}
[2026-03-19 00:44:42] [INFO] [支撑位跌破警报-70000-止损位] CHECK_START
  {}
[2026-03-19 00:44:43] [INFO] [压力位突破警报-78500-第二止盈位] CHECK_PASSED
  {}
[2026-03-19 00:44:43] [INFO] [压力位突破警报-76000-昨日高点] CHECK_PASSED
  {}
[2026-03-19 00:44:50] [INFO] [支撑位跌破警报-70000-止损位] CHECK_PASSED
  {}
[2026-03-19 00:46:33] [INFO] [支撑位跌破警报-71000-止损位] CHECK_START
  {}
[2026-03-19 00:46:36] [INFO] [支撑位跌破警报-71000-止损位] CHECK_PASSED
  {}
[2026-03-19 00:49:19] [INFO] [压力位突破警报-78500-第二止盈位] CHECK_START
  {}
[2026-03-19 00:49:19] [INFO] [压力位突破警报-76000-昨日高点] CHECK_START
  {}
[2026-03-19 00:49:19] [INFO] [支撑位跌破警报-70000-止损位] CHECK_START
  {}
[2026-03-19 00:49:19] [INFO] [支撑位跌破警报-71000-止损位] CHECK_START
  {}
[2026-03-19 00:49:20] [INFO] [支撑位跌破警报-71000-止损位] CHECK_PASSED
  {}
[2026-03-19 00:49:20] [INFO] [压力位突破警报-76000-昨日高点] CHECK_PASSED
  {}
[2026-03-19 00:49:21] [INFO] [压力位突破警报-78500-第二止盈位] CHECK_PASSED
  {}
[2026-03-19 00:49:22] [INFO] [支撑位跌破警报-70000-止损位] CHECK_PASSED
  {}
[2026-03-19 00:52:05] [INFO] [支撑位跌破警报-71000-止损位] CHECK_START
  {}
[2026-03-19 00:52:07] [INFO] [支撑位跌破警报-71000-止损位] CHECK_PASSED
  {}
[2026-03-19 00:53:55] [INFO] [压力位突破警报-78500-第二止盈位] CHECK_START
  {}
[2026-03-19 00:53:55] [INFO] [压力位突破警报-76000-昨日高点] CHECK_START
  {}
[2026-03-19 00:53:55] [INFO] [支撑位跌破警报-70000-止损位] CHECK_START
  {}
[2026-03-19 00:53:56] [INFO] [支撑位跌破警报-70000-止损位] CHECK_PASSED
  {}
[2026-03-19 00:53:56] [INFO] [压力位突破警报-76000-昨日高点] CHECK_PASSED
  {}
[2026-03-19 00:53:57] [INFO] [压力位突破警报-78500-第二止盈位] CHECK_PASSED
  {}
[2026-03-19 00:54:49] [INFO] [支撑位跌破警报-71000-止损位] CHECK_START
  {}
[2026-03-19 00:54:51] [INFO] [支撑位跌破警报-71000-止损位] CHECK_PASSED
  {}
[2026-03-19 00:57:34] [INFO] [支撑位跌破警报-71000-止损位] CHECK_START
  {}
[2026-03-19 00:57:36] [INFO] [支撑位跌破警报-71000-止损位] CHECK_PASSED
  {}
[2026-03-19 00:58:29] [INFO] [压力位突破警报-78500-第二止盈位] CHECK_START
  {}
[2026-03-19 00:58:29] [INFO] [压力位突破警报-76000-昨日高点] CHECK_START
  {}
[2026-03-19 00:58:29] [INFO] [支撑位跌破警报-70000-止损位] CHECK_START
  {}
[2026-03-19 00:58:31] [INFO] [支撑位跌破警报-70000-止损位] CHECK_PASSED
  {}
[2026-03-19 00:58:32] [INFO] [压力位突破警报-78500-第二止盈位] CHECK_PASSED
  {}
[2026-03-19 00:58:33] [INFO] [压力位突破警报-76000-昨日高点] CHECK_PASSED
  {}
[2026-03-19 01:00:18] [INFO] [支撑位跌破警报-71000-止损位] CHECK_START
  {}
[2026-03-19 01:00:20] [INFO] [支撑位跌破警报-71000-止损位] CHECK_PASSED
  {}
[2026-03-19 01:03:04] [INFO] [支撑位跌破警报-71000-止损位] CHECK_START
  {}
[2026-03-19 01:03:04] [INFO] [压力位突破警报-78500-第二止盈位] CHECK_START
  {}
[2026-03-19 01:03:04] [INFO] [压力位突破警报-76000-昨日高点] CHECK_START
  {}
[2026-03-19 01:03:04] [INFO] [支撑位跌破警报-70000-止损位] CHECK_START
  {}
[2026-03-19 01:03:05] [INFO] [压力位突破警报-78500-第二止盈位] CHECK_PASSED
  {}
[2026-03-19 01:03:05] [INFO] [支撑位跌破警报-70000-止损位] CHECK_PASSED
  {}
[2026-03-19 01:03:05] [INFO] [压力位突破警报-76000-昨日高点] CHECK_PASSED
  {}
[2026-03-19 01:03:07] [INFO] [支撑位跌破警报-71000-止损位] CHECK_PASSED
  {}
[2026-03-19 01:05:48] [INFO] [支撑位跌破警报-71000-止损位] CHECK_START
  {}
[2026-03-19 01:05:49] [INFO] [支撑位跌破警报-71000-止损位] CHECK_PASSED
  {}
[2026-03-19 01:07:38] [INFO] [压力位突破警报-78500-第二止盈位] CHECK_START
  {}
[2026-03-19 01:07:38] [INFO] [压力位突破警报-76000-昨日高点] CHECK_START
  {}
[2026-03-19 01:07:38] [INFO] [支撑位跌破警报-70000-止损位] CHECK_START
  {}
[2026-03-19 01:07:39] [INFO] [支撑位跌破警报-70000-止损位] CHECK_PASSED
  {}
[2026-03-19 01:07:40] [INFO] [压力位突破警报-76000-昨日高点] CHECK_PASSED
  {}
[2026-03-19 01:07:41] [INFO] [压力位突破警报-78500-第二止盈位] CHECK_PASSED
  {}
[2026-03-19 01:08:32] [INFO] [支撑位跌破警报-71000-止损位] CHECK_START
  {}
[2026-03-19 01:08:34] [INFO] [支撑位跌破警报-71000-止损位] CHECK_PASSED
  {}
[2026-03-19 01:11:16] [INFO] [支撑位跌破警报-71000-止损位] CHECK_START
  {}
[2026-03-19 01:11:18] [INFO] [支撑位跌破警报-71000-止损位] CHECK_PASSED
  {}
[2026-03-19 01:12:11] [INFO] [压力位突破警报-78500-第二止盈位] CHECK_START
  {}
[2026-03-19 01:12:11] [INFO] [压力位突破警报-76000-昨日高点] CHECK_START
  {}
[2026-03-19 01:12:11] [INFO] [支撑位跌破警报-70000-止损位] CHECK_START
  {}
[2026-03-19 01:12:12] [INFO] [压力位突破警报-76000-昨日高点] CHECK_PASSED
  {}
[2026-03-19 01:12:13] [INFO] [支撑位跌破警报-70000-止损位] CHECK_PASSED
  {}
[2026-03-19 01:12:14] [INFO] [压力位突破警报-78500-第二止盈位] CHECK_PASSED
  {}
[2026-03-19 01:14:01] [INFO] [支撑位跌破警报-71000-止损位] CHECK_START
  {}
[2026-03-19 01:14:02] [INFO] [支撑位跌破警报-71000-止损位] CHECK_PASSED
  {}
[2026-03-19 01:16:45] [INFO] [支撑位跌破警报-71000-止损位] CHECK_START
  {}
[2026-03-19 01:16:45] [INFO] [压力位突破警报-78500-第二止盈位] CHECK_START
  {}
[2026-03-19 01:16:45] [INFO] [压力位突破警报-76000-昨日高点] CHECK_START
  {}
[2026-03-19 01:16:45] [INFO] [支撑位跌破警报-70000-止损位] CHECK_START
  {}
[2026-03-19 01:16:47] [INFO] [压力位突破警报-78500-第二止盈位] CHECK_PASSED
  {}
[2026-03-19 01:16:48] [INFO] [支撑位跌破警报-70000-止损位] CHECK_PASSED
  {}
[2026-03-19 01:16:49] [INFO] [支撑位跌破警报-71000-止损位] CHECK_PASSED
  {}
[2026-03-19 01:16:49] [INFO] [压力位突破警报-76000-昨日高点] CHECK_PASSED
  {}
[2026-03-19 01:19:29] [INFO] [支撑位跌破警报-71000-止损位] CHECK_START
  {}
[2026-03-19 01:19:31] [INFO] [支撑位跌破警报-71000-止损位] CHECK_PASSED
  {}
[2026-03-19 01:21:18] [INFO] [压力位突破警报-78500-第二止盈位] CHECK_START
  {}
[2026-03-19 01:21:18] [INFO] [压力位突破警报-76000-昨日高点] CHECK_START
  {}
[2026-03-19 01:21:18] [INFO] [支撑位跌破警报-70000-止损位] CHECK_START
  {}
[2026-03-19 01:21:19] [INFO] [支撑位跌破警报-70000-止损位] CHECK_PASSED
  {}
[2026-03-19 01:21:20] [INFO] [压力位突破警报-78500-第二止盈位] CHECK_PASSED
  {}
[2026-03-19 01:21:20] [INFO] [压力位突破警报-76000-昨日高点] CHECK_PASSED
  {}
[2026-03-19 01:22:13] [INFO] [支撑位跌破警报-71000-止损位] CHECK_START
  {}
[2026-03-19 01:22:15] [INFO] [支撑位跌破警报-71000-止损位] CHECK_PASSED
  {}
[2026-03-19 01:24:58] [INFO] [支撑位跌破警报-71000-止损位] CHECK_START
  {}
[2026-03-19 01:25:01] [INFO] [支撑位跌破警报-71000-止损位] CHECK_PASSED
  {}
[2026-03-19 01:25:53] [INFO] [压力位突破警报-78500-第二止盈位] CHECK_START
  {}
[2026-03-19 01:25:53] [INFO] [压力位突破警报-76000-昨日高点] CHECK_START
  {}
[2026-03-19 01:25:53] [INFO] [支撑位跌破警报-70000-止损位] CHECK_START
  {}
[2026-03-19 01:25:54] [INFO] [压力位突破警报-76000-昨日高点] CHECK_PASSED
  {}
[2026-03-19 01:25:54] [INFO] [压力位突破警报-78500-第二止盈位] CHECK_PASSED
  {}
[2026-03-19 01:25:56] [INFO] [支撑位跌破警报-70000-止损位] CHECK_PASSED
  {}
[2026-03-19 01:27:42] [INFO] [支撑位跌破警报-71000-止损位] CHECK_START
  {}
[2026-03-19 01:27:43] [INFO] [支撑位跌破警报-71000-止损位] CHECK_PASSED
  {}
[2026-03-19 01:30:26] [INFO] [支撑位跌破警报-71000-止损位] CHECK_START
  {}
[2026-03-19 01:30:26] [INFO] [压力位突破警报-78500-第二止盈位] CHECK_START
  {}
[2026-03-19 01:30:26] [INFO] [压力位突破警报-76000-昨日高点] CHECK_START
  {}
[2026-03-19 01:30:26] [INFO] [支撑位跌破警报-70000-止损位] CHECK_START
  {}
[2026-03-19 01:30:27] [INFO] [支撑位跌破警报-70000-止损位] CHECK_PASSED
  {}
[2026-03-19 01:30:28] [INFO] [支撑位跌破警报-71000-止损位] CHECK_PASSED
  {}
[2026-03-19 01:30:28] [INFO] [压力位突破警报-78500-第二止盈位] CHECK_PASSED
  {}
[2026-03-19 01:30:30] [INFO] [压力位突破警报-76000-昨日高点] CHECK_PASSED
  {}
[2026-03-19 01:33:09] [INFO] [支撑位跌破警报-71000-止损位] CHECK_START
  {}
[2026-03-19 01:33:11] [INFO] [支撑位跌破警报-71000-止损位] CHECK_PASSED
  {}
[2026-03-19 01:35:00] [INFO] [压力位突破警报-78500-第二止盈位] CHECK_START
  {}
[2026-03-19 01:35:00] [INFO] [压力位突破警报-76000-昨日高点] CHECK_START
  {}
[2026-03-19 01:35:00] [INFO] [支撑位跌破警报-70000-止损位] CHECK_START
  {}
[2026-03-19 01:35:03] [INFO] [压力位突破警报-76000-昨日高点] CHECK_PASSED
  {}
[2026-03-19 01:35:04] [INFO] [支撑位跌破警报-70000-止损位] CHECK_PASSED
  {}
[2026-03-19 01:35:04] [INFO] [压力位突破警报-78500-第二止盈位] CHECK_PASSED
  {}
[2026-03-19 01:35:54] [INFO] [支撑位跌破警报-71000-止损位] CHECK_START
  {}
[2026-03-19 01:35:56] [INFO] [支撑位跌破警报-71000-止损位] CHECK_PASSED
  {}
[2026-03-19 01:38:38] [INFO] [支撑位跌破警报-71000-止损位] CHECK_START
  {}
[2026-03-19 01:38:40] [INFO] [支撑位跌破警报-71000-止损位] CHECK_PASSED
  {}
[2026-03-19 01:39:33] [INFO] [压力位突破警报-78500-第二止盈位] CHECK_START
  {}
[2026-03-19 01:39:33] [INFO] [压力位突破警报-76000-昨日高点] CHECK_START
  {}
[2026-03-19 01:39:33] [INFO] [支撑位跌破警报-70000-止损位] CHECK_START
  {}
[2026-03-19 01:39:35] [INFO] [压力位突破警报-76000-昨日高点] CHECK_PASSED
  {}
[2026-03-19 01:39:36] [INFO] [支撑位跌破警报-70000-止损位] CHECK_PASSED
  {}
[2026-03-19 01:39:36] [INFO] [压力位突破警报-78500-第二止盈位] CHECK_PASSED
  {}
[2026-03-19 01:41:23] [INFO] [支撑位跌破警报-71000-止损位] CHECK_START
  {}
[2026-03-19 01:41:25] [INFO] [支撑位跌破警报-71000-止损位] CHECK_PASSED
  {}
[2026-03-19 01:44:06] [INFO] [支撑位跌破警报-71000-止损位] CHECK_START
  {}
[2026-03-19 01:44:06] [INFO] [压力位突破警报-78500-第二止盈位] CHECK_START
  {}
[2026-03-19 01:44:06] [INFO] [压力位突破警报-76000-昨日高点] CHECK_START
  {}
[2026-03-19 01:44:06] [INFO] [支撑位跌破警报-70000-止损位] CHECK_START
  {}
[2026-03-19 01:44:07] [INFO] [压力位突破警报-76000-昨日高点] CHECK_PASSED
  {}
[2026-03-19 01:44:07] [INFO] [压力位突破警报-78500-第二止盈位] CHECK_PASSED
  {}
[2026-03-19 01:44:08] [INFO] [支撑位跌破警报-71000-止损位] CHECK_PASSED
  {}
[2026-03-19 01:44:08] [INFO] [支撑位跌破警报-70000-止损位] CHECK_PASSED
  {}
[2026-03-19 01:46:50] [INFO] [支撑位跌破警报-71000-止损位] CHECK_START
  {}
[2026-03-19 01:46:54] [INFO] [支撑位跌破警报-71000-止损位] CHECK_PASSED
  {}
[2026-03-19 01:48:40] [INFO] [压力位突破警报-78500-第二止盈位] CHECK_START
  {}
[2026-03-19 01:48:40] [INFO] [压力位突破警报-76000-昨日高点] CHECK_START
  {}
[2026-03-19 01:48:40] [INFO] [支撑位跌破警报-70000-止损位] CHECK_START
  {}
[2026-03-19 01:48:41] [INFO] [压力位突破警报-76000-昨日高点] CHECK_PASSED
  {}
[2026-03-19 01:48:41] [INFO] [支撑位跌破警报-70000-止损位] CHECK_PASSED
  {}
[2026-03-19 01:48:41] [INFO] [压力位突破警报-78500-第二止盈位] CHECK_PASSED
  {}
[2026-03-19 01:49:34] [INFO] [支撑位跌破警报-71000-止损位] CHECK_START
  {}
[2026-03-19 01:49:36] [INFO] [支撑位跌破警报-71000-止损位] CHECK_PASSED
  {}
[2026-03-19 01:52:18] [INFO] [支撑位跌破警报-71000-止损位] CHECK_START
  {}
[2026-03-19 01:52:20] [INFO] [支撑位跌破警报-71000-止损位] CHECK_PASSED
  {}
[2026-03-19 01:53:13] [INFO] [压力位突破警报-78500-第二止盈位] CHECK_START
  {}
[2026-03-19 01:53:13] [INFO] [压力位突破警报-76000-昨日高点] CHECK_START
  {}
[2026-03-19 01:53:13] [INFO] [支撑位跌破警报-70000-止损位] CHECK_START
  {}
[2026-03-19 01:53:14] [INFO] [压力位突破警报-78500-第二止盈位] CHECK_PASSED
  {}
[2026-03-19 01:53:15] [INFO] [压力位突破警报-76000-昨日高点] CHECK_PASSED
  {}
[2026-03-19 01:53:15] [INFO] [支撑位跌破警报-70000-止损位] CHECK_PASSED
  {}
[2026-03-19 01:55:02] [INFO] [支撑位跌破警报-71000-止损位] CHECK_START
  {}
[2026-03-19 01:55:03] [INFO] [支撑位跌破警报-71000-止损位] CHECK_PASSED
  {}
[2026-03-19 01:57:48] [INFO] [压力位突破警报-78500-第二止盈位] CHECK_START
  {}
[2026-03-19 01:57:48] [INFO] [压力位突破警报-76000-昨日高点] CHECK_START
  {}
[2026-03-19 01:57:48] [INFO] [支撑位跌破警报-70000-止损位] CHECK_START
  {}
[2026-03-19 01:57:48] [INFO] [支撑位跌破警报-71000-止损位] CHECK_START
  {}
[2026-03-19 01:57:49] [INFO] [支撑位跌破警报-71000-止损位] CHECK_PASSED
  {}
[2026-03-19 01:57:49] [INFO] [压力位突破警报-78500-第二止盈位] CHECK_PASSED
  {}
[2026-03-19 01:57:49] [INFO] [支撑位跌破警报-70000-止损位] CHECK_PASSED
  {}
[2026-03-19 01:57:49] [INFO] [压力位突破警报-76000-昨日高点] CHECK_PASSED
  {}
[2026-03-19 02:00:30] [INFO] [支撑位跌破警报-71000-止损位] CHECK_START
  {}
[2026-03-19 02:00:32] [INFO] [支撑位跌破警报-71000-止损位] CHECK_PASSED
  {}
[2026-03-19 02:02:19] [INFO] [压力位突破警报-78500-第二止盈位] CHECK_START
  {}
[2026-03-19 02:02:19] [INFO] [压力位突破警报-76000-昨日高点] CHECK_START
  {}
[2026-03-19 02:02:19] [INFO] [支撑位跌破警报-70000-止损位] CHECK_START
  {}
[2026-03-19 02:02:20] [INFO] [压力位突破警报-76000-昨日高点] CHECK_PASSED
  {}
[2026-03-19 02:02:21] [INFO] [压力位突破警报-78500-第二止盈位] CHECK_PASSED
  {}
[2026-03-19 02:02:22] [INFO] [支撑位跌破警报-70000-止损位] CHECK_PASSED
  {}
[2026-03-19 02:03:15] [INFO] [支撑位跌破警报-71000-止损位] CHECK_START
  {}
[2026-03-19 02:03:17] [INFO] [支撑位跌破警报-71000-止损位] CHECK_PASSED
  {}
[2026-03-19 02:05:59] [INFO] [支撑位跌破警报-71000-止损位] CHECK_START
  {}
[2026-03-19 02:06:00] [INFO] [支撑位跌破警报-71000-止损位] CHECK_PASSED
  {}
[2026-03-19 02:06:54] [INFO] [压力位突破警报-78500-第二止盈位] CHECK_START
  {}
[2026-03-19 02:06:54] [INFO] [压力位突破警报-76000-昨日高点] CHECK_START
  {}
[2026-03-19 02:06:54] [INFO] [支撑位跌破警报-70000-止损位] CHECK_START
  {}
[2026-03-19 02:06:56] [INFO] [压力位突破警报-78500-第二止盈位] CHECK_PASSED
  {}
[2026-03-19 02:06:56] [INFO] [支撑位跌破警报-70000-止损位] CHECK_PASSED
  {}
[2026-03-19 02:06:56] [INFO] [压力位突破警报-76000-昨日高点] CHECK_PASSED
  {}
[2026-03-19 02:08:43] [INFO] [支撑位跌破警报-71000-止损位] CHECK_START
  {}
[2026-03-19 02:08:45] [INFO] [支撑位跌破警报-71000-止损位] CHECK_PASSED
  {}
[2026-03-19 02:11:27] [INFO] [压力位突破警报-78500-第二止盈位] CHECK_START
  {}
[2026-03-19 02:11:27] [INFO] [压力位突破警报-76000-昨日高点] CHECK_START
  {}
[2026-03-19 02:11:27] [INFO] [支撑位跌破警报-70000-止损位] CHECK_START
  {}
[2026-03-19 02:11:27] [INFO] [支撑位跌破警报-71000-止损位] CHECK_START
  {}
[2026-03-19 02:11:28] [INFO] [压力位突破警报-76000-昨日高点] CHECK_PASSED
  {}
[2026-03-19 02:11:28] [INFO] [压力位突破警报-78500-第二止盈位] CHECK_PASSED
  {}
[2026-03-19 02:11:29] [INFO] [支撑位跌破警报-71000-止损位] CHECK_PASSED
  {}
[2026-03-19 02:11:29] [INFO] [支撑位跌破警报-70000-止损位] CHECK_PASSED
  {}
[2026-03-19 02:14:11] [INFO] [支撑位跌破警报-71000-止损位] CHECK_START
  {}
[2026-03-19 02:14:13] [INFO] [支撑位跌破警报-71000-止损位] CHECK_PASSED
  {}
[2026-03-19 02:16:01] [INFO] [压力位突破警报-78500-第二止盈位] CHECK_START
  {}
[2026-03-19 02:16:01] [INFO] [压力位突破警报-76000-昨日高点] CHECK_START
  {}
[2026-03-19 02:16:01] [INFO] [支撑位跌破警报-70000-止损位] CHECK_START
  {}
[2026-03-19 02:16:01] [INFO] [压力位突破警报-78500-第二止盈位] CHECK_PASSED
  {}
[2026-03-19 02:16:02] [INFO] [压力位突破警报-76000-昨日高点] CHECK_PASSED
  {}
[2026-03-19 02:16:02] [INFO] [支撑位跌破警报-70000-止损位] CHECK_PASSED
  {}
[2026-03-19 02:16:55] [INFO] [支撑位跌破警报-71000-止损位] CHECK_START
  {}
[2026-03-19 02:16:56] [INFO] [支撑位跌破警报-71000-止损位] CHECK_PASSED
  {}
[2026-03-19 02:19:39] [INFO] [支撑位跌破警报-71000-止损位] CHECK_START
  {}
[2026-03-19 02:19:41] [INFO] [支撑位跌破警报-71000-止损位] CHECK_PASSED
  {}
[2026-03-19 02:20:33] [INFO] [压力位突破警报-78500-第二止盈位] CHECK_START
  {}
[2026-03-19 02:20:33] [INFO] [压力位突破警报-76000-昨日高点] CHECK_START
  {}
[2026-03-19 02:20:34] [INFO] [支撑位跌破警报-70000-止损位] CHECK_START
  {}
[2026-03-19 02:20:35] [INFO] [压力位突破警报-78500-第二止盈位] CHECK_PASSED
  {}
[2026-03-19 02:20:35] [INFO] [支撑位跌破警报-70000-止损位] CHECK_PASSED
  {}
[2026-03-19 02:20:35] [INFO] [压力位突破警报-76000-昨日高点] CHECK_PASSED
  {}
[2026-03-19 02:22:23] [INFO] [支撑位跌破警报-71000-止损位] CHECK_START
  {}
[2026-03-19 02:22:24] [INFO] [支撑位跌破警报-71000-止损位] CHECK_PASSED
  {}
[2026-03-19 02:25:06] [INFO] [压力位突破警报-78500-第二止盈位] CHECK_START
  {}
[2026-03-19 02:25:06] [INFO] [压力位突破警报-76000-昨日高点] CHECK_START
  {}
[2026-03-19 02:25:06] [INFO] [支撑位跌破警报-70000-止损位] CHECK_START
  {}
[2026-03-19 02:25:06] [INFO] [支撑位跌破警报-71000-止损位] CHECK_START
  {}
[2026-03-19 02:25:08] [INFO] [压力位突破警报-78500-第二止盈位] CHECK_PASSED
  {}
[2026-03-19 02:25:08] [INFO] [支撑位跌破警报-71000-止损位] CHECK_PASSED
  {}
[2026-03-19 02:25:08] [INFO] [支撑位跌破警报-70000-止损位] CHECK_PASSED
  {}
[2026-03-19 02:25:08] [INFO] [压力位突破警报-76000-昨日高点] CHECK_PASSED
  {}
[2026-03-19 02:27:51] [INFO] [支撑位跌破警报-71000-止损位] CHECK_START
  {}
[2026-03-19 02:27:51] [INFO] [支撑位跌破警报-71000-止损位] CHECK_PASSED
  {}
[2026-03-19 02:29:38] [INFO] [压力位突破警报-78500-第二止盈位] CHECK_START
  {}
[2026-03-19 02:29:38] [INFO] [压力位突破警报-76000-昨日高点] CHECK_START
  {}
[2026-03-19 02:29:39] [INFO] [支撑位跌破警报-70000-止损位] CHECK_START
  {}
[2026-03-19 02:29:39] [INFO] [支撑位跌破警报-70000-止损位] CHECK_PASSED
  {}
[2026-03-19 02:29:39] [INFO] [压力位突破警报-76000-昨日高点] CHECK_PASSED
  {}
[2026-03-19 02:29:40] [INFO] [压力位突破警报-78500-第二止盈位] CHECK_PASSED
  {}
[2026-03-19 02:30:35] [INFO] [支撑位跌破警报-71000-止损位] CHECK_START
  {}
[2026-03-19 02:30:36] [INFO] [支撑位跌破警报-71000-止损位] CHECK_PASSED
  {}
[2026-03-19 02:33:18] [INFO] [支撑位跌破警报-71000-止损位] CHECK_START
  {}
[2026-03-19 02:33:20] [INFO] [支撑位跌破警报-71000-止损位] CHECK_PASSED
  {}
[2026-03-19 02:34:13] [INFO] [压力位突破警报-78500-第二止盈位] CHECK_START
  {}
[2026-03-19 02:34:13] [INFO] [压力位突破警报-76000-昨日高点] CHECK_START
  {}
[2026-03-19 02:34:13] [INFO] [支撑位跌破警报-70000-止损位] CHECK_START
  {}
[2026-03-19 02:34:14] [INFO] [支撑位跌破警报-70000-止损位] CHECK_PASSED
  {}
[2026-03-19 02:34:14] [INFO] [压力位突破警报-76000-昨日高点] CHECK_PASSED
  {}
[2026-03-19 02:34:14] [INFO] [压力位突破警报-78500-第二止盈位] CHECK_PASSED
  {}
[2026-03-19 02:36:02] [INFO] [支撑位跌破警报-71000-止损位] CHECK_START
  {}
[2026-03-19 02:36:03] [INFO] [支撑位跌破警报-71000-止损位] CHECK_PASSED
  {}
[2026-03-19 02:38:45] [INFO] [压力位突破警报-78500-第二止盈位] CHECK_START
  {}
[2026-03-19 02:38:45] [INFO] [压力位突破警报-76000-昨日高点] CHECK_START
  {}
[2026-03-19 02:38:45] [INFO] [支撑位跌破警报-70000-止损位] CHECK_START
  {}
[2026-03-19 02:38:45] [INFO] [支撑位跌破警报-71000-止损位] CHECK_START
  {}
[2026-03-19 02:38:46] [INFO] [压力位突破警报-78500-第二止盈位] CHECK_PASSED
  {}
[2026-03-19 02:38:46] [INFO] [压力位突破警报-76000-昨日高点] CHECK_PASSED
  {}
[2026-03-19 02:38:46] [INFO] [支撑位跌破警报-71000-止损位] CHECK_PASSED
  {}
[2026-03-19 02:38:47] [INFO] [支撑位跌破警报-70000-止损位] CHECK_PASSED
  {}
[2026-03-19 02:41:30] [INFO] [支撑位跌破警报-71000-止损位] CHECK_START
  {}
[2026-03-19 02:41:31] [INFO] [支撑位跌破警报-71000-止损位] CHECK_PASSED
  {}
[2026-03-19 02:43:19] [INFO] [压力位突破警报-78500-第二止盈位] CHECK_START
  {}
[2026-03-19 02:43:19] [INFO] [压力位突破警报-76000-昨日高点] CHECK_START
  {}
[2026-03-19 02:43:19] [INFO] [支撑位跌破警报-70000-止损位] CHECK_START
  {}
[2026-03-19 02:43:20] [INFO] [压力位突破警报-76000-昨日高点] CHECK_PASSED
  {}
[2026-03-19 02:43:20] [INFO] [压力位突破警报-78500-第二止盈位] CHECK_PASSED
  {}
[2026-03-19 02:43:20] [INFO] [支撑位跌破警报-70000-止损位] CHECK_PASSED
  {}
[2026-03-19 02:44:14] [INFO] [支撑位跌破警报-71000-止损位] CHECK_START
  {}
[2026-03-19 02:44:15] [INFO] [支撑位跌破警报-71000-止损位] CHECK_PASSED
  {}
[2026-03-19 02:46:57] [INFO] [支撑位跌破警报-71000-止损位] CHECK_START
  {}
[2026-03-19 02:46:58] [INFO] [支撑位跌破警报-71000-止损位] CHECK_PASSED
  {}
[2026-03-19 02:47:52] [INFO] [压力位突破警报-78500-第二止盈位] CHECK_START
  {}
[2026-03-19 02:47:52] [INFO] [压力位突破警报-76000-昨日高点] CHECK_START
  {}
[2026-03-19 02:47:52] [INFO] [支撑位跌破警报-70000-止损位] CHECK_START
  {}
[2026-03-19 02:47:53] [INFO] [压力位突破警报-78500-第二止盈位] CHECK_PASSED
  {}
[2026-03-19 02:47:53] [INFO] [支撑位跌破警报-70000-止损位] CHECK_PASSED
  {}
[2026-03-19 02:47:53] [INFO] [压力位突破警报-76000-昨日高点] CHECK_PASSED
  {}
[2026-03-19 02:49:41] [INFO] [支撑位跌破警报-71000-止损位] CHECK_START
  {}
[2026-03-19 02:49:42] [INFO] [支撑位跌破警报-71000-止损位] CHECK_PASSED
  {}
[2026-03-19 02:52:24] [INFO] [压力位突破警报-78500-第二止盈位] CHECK_START
  {}
[2026-03-19 02:52:24] [INFO] [压力位突破警报-76000-昨日高点] CHECK_START
  {}
[2026-03-19 02:52:24] [INFO] [支撑位跌破警报-70000-止损位] CHECK_START
  {}
[2026-03-19 02:52:25] [INFO] [支撑位跌破警报-71000-止损位] CHECK_START
  {}
[2026-03-19 02:52:26] [INFO] [支撑位跌破警报-70000-止损位] CHECK_PASSED
  {}
[2026-03-19 02:52:26] [INFO] [支撑位跌破警报-71000-止损位] CHECK_PASSED
  {}
[2026-03-19 02:52:26] [INFO] [压力位突破警报-76000-昨日高点] CHECK_PASSED
  {}
[2026-03-19 02:52:26] [INFO] [压力位突破警报-78500-第二止盈位] CHECK_PASSED
  {}
[2026-03-19 02:55:08] [INFO] [支撑位跌破警报-71000-止损位] CHECK_START
  {}
[2026-03-19 02:55:10] [INFO] [支撑位跌破警报-71000-止损位] CHECK_PASSED
  {}
[2026-03-19 02:56:57] [INFO] [压力位突破警报-78500-第二止盈位] CHECK_START
  {}
[2026-03-19 02:56:57] [INFO] [压力位突破警报-76000-昨日高点] CHECK_START
  {}
[2026-03-19 02:56:57] [INFO] [支撑位跌破警报-70000-止损位] CHECK_START
  {}
[2026-03-19 02:56:59] [INFO] [压力位突破警报-76000-昨日高点] CHECK_PASSED
  {}
[2026-03-19 02:56:59] [INFO] [压力位突破警报-78500-第二止盈位] CHECK_PASSED
  {}
[2026-03-19 02:56:59] [INFO] [支撑位跌破警报-70000-止损位] CHECK_PASSED
  {}
[2026-03-19 02:57:52] [INFO] [支撑位跌破警报-71000-止损位] CHECK_START
  {}
[2026-03-19 02:57:53] [INFO] [支撑位跌破警报-71000-止损位] CHECK_PASSED
  {}
[2026-03-19 03:00:35] [INFO] [支撑位跌破警报-71000-止损位] CHECK_START
  {}
[2026-03-19 03:00:37] [INFO] [支撑位跌破警报-71000-止损位] CHECK_PASSED
  {}
[2026-03-19 03:01:30] [INFO] [压力位突破警报-78500-第二止盈位] CHECK_START
  {}
[2026-03-19 03:01:30] [INFO] [压力位突破警报-76000-昨日高点] CHECK_START
  {}
[2026-03-19 03:01:30] [INFO] [支撑位跌破警报-70000-止损位] CHECK_START
  {}
[2026-03-19 03:01:31] [INFO] [压力位突破警报-76000-昨日高点] CHECK_PASSED
  {}
[2026-03-19 03:01:31] [INFO] [支撑位跌破警报-70000-止损位] CHECK_PASSED
  {}
[2026-03-19 03:01:31] [INFO] [压力位突破警报-78500-第二止盈位] CHECK_PASSED
  {}
[2026-03-19 03:03:20] [INFO] [支撑位跌破警报-71000-止损位] CHECK_START
  {}
[2026-03-19 03:03:21] [INFO] [支撑位跌破警报-71000-止损位] CHECK_PASSED
  {}
[2026-03-19 03:06:03] [INFO] [压力位突破警报-78500-第二止盈位] CHECK_START
  {}
[2026-03-19 03:06:03] [INFO] [压力位突破警报-76000-昨日高点] CHECK_START
  {}
[2026-03-19 03:06:03] [INFO] [支撑位跌破警报-70000-止损位] CHECK_START
  {}
[2026-03-19 03:06:03] [INFO] [支撑位跌破警报-71000-止损位] CHECK_START
  {}
[2026-03-19 03:06:04] [INFO] [支撑位跌破警报-71000-止损位] CHECK_PASSED
  {}
[2026-03-19 03:06:05] [INFO] [压力位突破警报-76000-昨日高点] CHECK_PASSED
  {}
[2026-03-19 03:06:05] [INFO] [压力位突破警报-78500-第二止盈位] CHECK_PASSED
  {}
[2026-03-19 03:06:05] [INFO] [支撑位跌破警报-70000-止损位] CHECK_PASSED
  {}
[2026-03-19 03:08:47] [INFO] [支撑位跌破警报-71000-止损位] CHECK_START
  {}
[2026-03-19 03:08:49] [INFO] [支撑位跌破警报-71000-止损位] CHECK_PASSED
  {}
[2026-03-19 03:10:36] [INFO] [压力位突破警报-78500-第二止盈位] CHECK_START
  {}
[2026-03-19 03:10:36] [INFO] [压力位突破警报-76000-昨日高点] CHECK_START
  {}
[2026-03-19 03:10:36] [INFO] [支撑位跌破警报-70000-止损位] CHECK_START
  {}
[2026-03-19 03:10:37] [INFO] [支撑位跌破警报-70000-止损位] CHECK_PASSED
  {}
[2026-03-19 03:10:37] [INFO] [压力位突破警报-76000-昨日高点] CHECK_PASSED
  {}
[2026-03-19 03:10:37] [INFO] [压力位突破警报-78500-第二止盈位] CHECK_PASSED
  {}
[2026-03-19 03:11:31] [INFO] [支撑位跌破警报-71000-止损位] CHECK_START
  {}
[2026-03-19 03:11:32] [INFO] [支撑位跌破警报-71000-止损位] CHECK_PASSED
  {}
[2026-03-19 03:14:15] [INFO] [支撑位跌破警报-71000-止损位] CHECK_START
  {}
[2026-03-19 03:14:16] [INFO] [支撑位跌破警报-71000-止损位] CHECK_PASSED
  {}
[2026-03-19 03:15:09] [INFO] [压力位突破警报-78500-第二止盈位] CHECK_START
  {}
[2026-03-19 03:15:09] [INFO] [压力位突破警报-76000-昨日高点] CHECK_START
  {}
[2026-03-19 03:15:09] [INFO] [支撑位跌破警报-70000-止损位] CHECK_START
  {}
[2026-03-19 03:15:10] [INFO] [压力位突破警报-76000-昨日高点] CHECK_PASSED
  {}
[2026-03-19 03:15:10] [INFO] [压力位突破警报-78500-第二止盈位] CHECK_PASSED
  {}
[2026-03-19 03:15:10] [INFO] [支撑位跌破警报-70000-止损位] CHECK_PASSED
  {}
[2026-03-19 03:16:58] [INFO] [支撑位跌破警报-71000-止损位] CHECK_START
  {}
[2026-03-19 03:17:00] [INFO] [支撑位跌破警报-71000-止损位] CHECK_PASSED
  {}
[2026-03-19 03:19:42] [INFO] [压力位突破警报-78500-第二止盈位] CHECK_START
  {}
[2026-03-19 03:19:42] [INFO] [压力位突破警报-76000-昨日高点] CHECK_START
  {}
[2026-03-19 03:19:42] [INFO] [支撑位跌破警报-70000-止损位] CHECK_START
  {}
[2026-03-19 03:19:42] [INFO] [支撑位跌破警报-71000-止损位] CHECK_START
  {}
[2026-03-19 03:19:44] [INFO] [压力位突破警报-78500-第二止盈位] CHECK_PASSED
  {}
[2026-03-19 03:19:44] [INFO] [压力位突破警报-76000-昨日高点] CHECK_PASSED
  {}
[2026-03-19 03:19:44] [INFO] [支撑位跌破警报-71000-止损位] CHECK_PASSED
  {}
[2026-03-19 03:19:44] [INFO] [支撑位跌破警报-70000-止损位] CHECK_PASSED
  {}
[2026-03-19 03:22:26] [INFO] [支撑位跌破警报-71000-止损位] CHECK_START
  {}
[2026-03-19 03:22:27] [INFO] [支撑位跌破警报-71000-止损位] CHECK_PASSED
  {}
[2026-03-19 03:24:15] [INFO] [压力位突破警报-78500-第二止盈位] CHECK_START
  {}
[2026-03-19 03:24:15] [INFO] [压力位突破警报-76000-昨日高点] CHECK_START
  {}
[2026-03-19 03:24:15] [INFO] [支撑位跌破警报-70000-止损位] CHECK_START
  {}
[2026-03-19 03:24:16] [INFO] [压力位突破警报-76000-昨日高点] CHECK_PASSED
  {}
[2026-03-19 03:24:16] [INFO] [支撑位跌破警报-70000-止损位] CHECK_PASSED
  {}
[2026-03-19 03:24:17] [INFO] [压力位突破警报-78500-第二止盈位] CHECK_PASSED
  {}
[2026-03-19 03:25:09] [INFO] [支撑位跌破警报-71000-止损位] CHECK_START
  {}
[2026-03-19 03:25:10] [INFO] [支撑位跌破警报-71000-止损位] CHECK_PASSED
  {}
[2026-03-19 03:27:53] [INFO] [支撑位跌破警报-71000-止损位] CHECK_START
  {}
[2026-03-19 03:27:54] [INFO] [支撑位跌破警报-71000-止损位] CHECK_PASSED
  {}
[2026-03-19 03:28:47] [INFO] [压力位突破警报-78500-第二止盈位] CHECK_START
  {}
[2026-03-19 03:28:47] [INFO] [压力位突破警报-76000-昨日高点] CHECK_START
  {}
[2026-03-19 03:28:47] [INFO] [支撑位跌破警报-70000-止损位] CHECK_START
  {}
[2026-03-19 03:28:48] [INFO] [压力位突破警报-78500-第二止盈位] CHECK_PASSED
  {}
[2026-03-19 03:28:48] [INFO] [支撑位跌破警报-70000-止损位] CHECK_PASSED
  {}
[2026-03-19 03:28:49] [INFO] [压力位突破警报-76000-昨日高点] CHECK_PASSED
  {}
[2026-03-19 03:30:37] [INFO] [支撑位跌破警报-71000-止损位] CHECK_START
  {}
[2026-03-19 03:30:38] [INFO] [支撑位跌破警报-71000-止损位] CHECK_PASSED
  {}
[2026-03-19 03:33:20] [INFO] [压力位突破警报-78500-第二止盈位] CHECK_START
  {}
[2026-03-19 03:33:20] [INFO] [压力位突破警报-76000-昨日高点] CHECK_START
  {}
[2026-03-19 03:33:20] [INFO] [支撑位跌破警报-70000-止损位] CHECK_START
  {}
[2026-03-19 03:33:20] [INFO] [支撑位跌破警报-71000-止损位] CHECK_START
  {}
[2026-03-19 03:33:21] [INFO] [支撑位跌破警报-71000-止损位] CHECK_PASSED
  {}
[2026-03-19 03:33:21] [INFO] [压力位突破警报-76000-昨日高点] CHECK_PASSED
  {}
[2026-03-19 03:33:21] [INFO] [压力位突破警报-78500-第二止盈位] CHECK_PASSED
  {}
[2026-03-19 03:33:22] [INFO] [支撑位跌破警报-70000-止损位] CHECK_PASSED
  {}
[2026-03-19 03:36:04] [INFO] [支撑位跌破警报-71000-止损位] CHECK_START
  {}
[2026-03-19 03:36:05] [INFO] [支撑位跌破警报-71000-止损位] CHECK_PASSED
  {}
[2026-03-19 03:37:53] [INFO] [压力位突破警报-78500-第二止盈位] CHECK_START
  {}
[2026-03-19 03:37:53] [INFO] [压力位突破警报-76000-昨日高点] CHECK_START
  {}
[2026-03-19 03:37:53] [INFO] [支撑位跌破警报-70000-止损位] CHECK_START
  {}
[2026-03-19 03:37:54] [INFO] [压力位突破警报-78500-第二止盈位] CHECK_PASSED
  {}
[2026-03-19 03:37:55] [INFO] [支撑位跌破警报-70000-止损位] CHECK_PASSED
  {}
[2026-03-19 03:37:55] [INFO] [压力位突破警报-76000-昨日高点] CHECK_PASSED
  {}
[2026-03-19 03:38:48] [INFO] [支撑位跌破警报-71000-止损位] CHECK_START
  {}
[2026-03-19 03:38:48] [INFO] [支撑位跌破警报-71000-止损位] CHECK_PASSED
  {}
[2026-03-19 03:41:31] [INFO] [支撑位跌破警报-71000-止损位] CHECK_START
  {}
[2026-03-19 03:41:32] [INFO] [支撑位跌破警报-71000-止损位] CHECK_PASSED
  {}
[2026-03-19 03:42:26] [INFO] [压力位突破警报-78500-第二止盈位] CHECK_START
  {}
[2026-03-19 03:42:26] [INFO] [压力位突破警报-76000-昨日高点] CHECK_START
  {}
[2026-03-19 03:42:26] [INFO] [支撑位跌破警报-70000-止损位] CHECK_START
  {}
[2026-03-19 03:42:27] [INFO] [压力位突破警报-78500-第二止盈位] CHECK_PASSED
  {}
[2026-03-19 03:42:27] [INFO] [压力位突破警报-76000-昨日高点] CHECK_PASSED
  {}
[2026-03-19 03:42:27] [INFO] [支撑位跌破警报-70000-止损位] CHECK_PASSED
  {}
[2026-03-19 03:44:15] [INFO] [支撑位跌破警报-71000-止损位] CHECK_START
  {}
[2026-03-19 03:44:16] [INFO] [支撑位跌破警报-71000-止损位] CHECK_PASSED
  {}
[2026-03-19 03:46:58] [INFO] [压力位突破警报-78500-第二止盈位] CHECK_START
  {}
[2026-03-19 03:46:58] [INFO] [压力位突破警报-76000-昨日高点] CHECK_START
  {}
[2026-03-19 03:46:58] [INFO] [支撑位跌破警报-70000-止损位] CHECK_START
  {}
[2026-03-19 03:46:58] [INFO] [支撑位跌破警报-71000-止损位] CHECK_START
  {}
[2026-03-19 03:46:59] [INFO] [支撑位跌破警报-70000-止损位] CHECK_PASSED
  {}
[2026-03-19 03:46:59] [INFO] [支撑位跌破警报-71000-止损位] CHECK_PASSED
  {}
[2026-03-19 03:47:00] [INFO] [压力位突破警报-76000-昨日高点] CHECK_PASSED
  {}
[2026-03-19 03:47:00] [INFO] [压力位突破警报-78500-第二止盈位] CHECK_PASSED
  {}
[2026-03-19 03:49:42] [INFO] [支撑位跌破警报-71000-止损位] CHECK_START
  {}
[2026-03-19 03:49:43] [INFO] [支撑位跌破警报-71000-止损位] CHECK_PASSED
  {}
[2026-03-19 03:51:31] [INFO] [压力位突破警报-78500-第二止盈位] CHECK_START
  {}
[2026-03-19 03:51:31] [INFO] [压力位突破警报-76000-昨日高点] CHECK_START
  {}
[2026-03-19 03:51:31] [INFO] [支撑位跌破警报-70000-止损位] CHECK_START
  {}
[2026-03-19 03:51:32] [INFO] [支撑位跌破警报-70000-止损位] CHECK_PASSED
  {}
[2026-03-19 03:51:32] [INFO] [压力位突破警报-78500-第二止盈位] CHECK_PASSED
  {}
[2026-03-19 03:51:32] [INFO] [压力位突破警报-76000-昨日高点] CHECK_PASSED
  {}
[2026-03-19 03:52:26] [INFO] [支撑位跌破警报-71000-止损位] CHECK_START
  {}
[2026-03-19 03:52:27] [INFO] [支撑位跌破警报-71000-止损位] CHECK_PASSED
  {}
[2026-03-19 03:55:10] [INFO] [支撑位跌破警报-71000-止损位] CHECK_START
  {}
[2026-03-19 03:55:11] [INFO] [支撑位跌破警报-71000-止损位] CHECK_PASSED
  {}
[2026-03-19 03:56:04] [INFO] [压力位突破警报-78500-第二止盈位] CHECK_START
  {}
[2026-03-19 03:56:04] [INFO] [压力位突破警报-76000-昨日高点] CHECK_START
  {}
[2026-03-19 03:56:04] [INFO] [支撑位跌破警报-70000-止损位] CHECK_START
  {}
[2026-03-19 03:56:06] [INFO] [支撑位跌破警报-70000-止损位] CHECK_PASSED
  {}
[2026-03-19 03:56:06] [INFO] [压力位突破警报-76000-昨日高点] CHECK_PASSED
  {}
[2026-03-19 03:56:06] [INFO] [压力位突破警报-78500-第二止盈位] CHECK_PASSED
  {}
[2026-03-19 03:57:54] [INFO] [支撑位跌破警报-71000-止损位] CHECK_START
  {}
[2026-03-19 03:57:57] [INFO] [支撑位跌破警报-71000-止损位] CHECK_PASSED
  {}
[2026-03-19 04:00:37] [INFO] [压力位突破警报-78500-第二止盈位] CHECK_START
  {}
[2026-03-19 04:00:37] [INFO] [压力位突破警报-76000-昨日高点] CHECK_START
  {}
[2026-03-19 04:00:37] [INFO] [支撑位跌破警报-70000-止损位] CHECK_START
  {}
[2026-03-19 04:00:37] [INFO] [支撑位跌破警报-71000-止损位] CHECK_START
  {}
[2026-03-19 04:00:38] [INFO] [压力位突破警报-78500-第二止盈位] CHECK_PASSED
  {}
[2026-03-19 04:00:38] [INFO] [压力位突破警报-76000-昨日高点] CHECK_PASSED
  {}
[2026-03-19 04:00:38] [INFO] [支撑位跌破警报-70000-止损位] CHECK_PASSED
  {}
[2026-03-19 04:00:38] [INFO] [支撑位跌破警报-71000-止损位] CHECK_PASSED
  {}
[2026-03-19 04:03:21] [INFO] [支撑位跌破警报-71000-止损位] CHECK_START
  {}
[2026-03-19 04:03:22] [INFO] [支撑位跌破警报-71000-止损位] TRIGGERED
  {}
[2026-03-19 04:03:24] [INFO] [支撑位跌破警报-71000-止损位] DATA_COLLECTED
  {"dataKeys":["alertTime","currentPrice","priceChange","volume24h","fearGreedIndex","klines5m","triggerPrice","alertType"]}
[2026-03-19 04:03:24] [INFO] [支撑位跌破警报-71000-止损位] TRIGGER_COMPLETED
  {}
[2026-03-19 04:05:10] [INFO] [压力位突破警报-78500-第二止盈位] CHECK_START
  {}
[2026-03-19 04:05:10] [INFO] [压力位突破警报-78500-第二止盈位] CHECK_PASSED
  {}
[2026-03-19 04:05:10] [INFO] [压力位突破警报-76000-昨日高点] CHECK_START
  {}
[2026-03-19 04:05:10] [INFO] [压力位突破警报-76000-昨日高点] CHECK_PASSED
  {}
[2026-03-19 04:05:10] [INFO] [支撑位跌破警报-70000-止损位] CHECK_START
  {}
[2026-03-19 04:05:10] [INFO] [支撑位跌破警报-70000-止损位] CHECK_PASSED
  {}
[2026-03-19 04:06:07] [INFO] [支撑位跌破警报-71000-止损位] CHECK_START
  {}
[2026-03-19 04:06:07] [INFO] [支撑位跌破警报-71000-止损位] CHECK_PASSED
  {}
[2026-03-19 04:08:52] [INFO] [支撑位跌破警报-71000-止损位] CHECK_START
  {}
[2026-03-19 04:08:52] [INFO] [支撑位跌破警报-71000-止损位] CHECK_PASSED
  {}
[2026-03-19 04:09:47] [INFO] [压力位突破警报-78500-第二止盈位] CHECK_START
  {}
[2026-03-19 04:09:47] [INFO] [压力位突破警报-78500-第二止盈位] CHECK_PASSED
  {}
[2026-03-19 04:09:47] [INFO] [压力位突破警报-76000-昨日高点] CHECK_START
  {}
[2026-03-19 04:09:47] [INFO] [压力位突破警报-76000-昨日高点] CHECK_PASSED
  {}
[2026-03-19 04:09:47] [INFO] [支撑位跌破警报-70000-止损位] CHECK_START
  {}
[2026-03-19 04:09:47] [INFO] [支撑位跌破警报-70000-止损位] CHECK_PASSED
  {}
[2026-03-19 04:11:37] [INFO] [支撑位跌破警报-71000-止损位] CHECK_START
  {}
[2026-03-19 04:11:37] [INFO] [支撑位跌破警报-71000-止损位] CHECK_PASSED
  {}
[2026-03-19 04:14:21] [INFO] [压力位突破警报-78500-第二止盈位] CHECK_START
  {}
[2026-03-19 04:14:21] [INFO] [压力位突破警报-78500-第二止盈位] CHECK_PASSED
  {}
[2026-03-19 04:14:21] [INFO] [压力位突破警报-76000-昨日高点] CHECK_START
  {}
[2026-03-19 04:14:21] [INFO] [压力位突破警报-76000-昨日高点] CHECK_PASSED
  {}
[2026-03-19 04:14:21] [INFO] [支撑位跌破警报-70000-止损位] CHECK_START
  {}
[2026-03-19 04:14:21] [INFO] [支撑位跌破警报-70000-止损位] CHECK_PASSED
  {}
[2026-03-19 04:14:21] [INFO] [支撑位跌破警报-71000-止损位] CHECK_START
  {}
[2026-03-19 04:14:21] [INFO] [支撑位跌破警报-71000-止损位] CHECK_PASSED
  {}
[2026-03-19 04:17:05] [INFO] [支撑位跌破警报-71000-止损位] CHECK_START
  {}
[2026-03-19 04:17:05] [INFO] [支撑位跌破警报-71000-止损位] CHECK_PASSED
  {}
[2026-03-19 04:18:54] [INFO] [压力位突破警报-78500-第二止盈位] CHECK_START
  {}
[2026-03-19 04:18:54] [INFO] [压力位突破警报-78500-第二止盈位] CHECK_PASSED
  {}
[2026-03-19 04:18:54] [INFO] [压力位突破警报-76000-昨日高点] CHECK_START
  {}
[2026-03-19 04:18:54] [INFO] [压力位突破警报-76000-昨日高点] CHECK_PASSED
  {}
[2026-03-19 04:18:54] [INFO] [支撑位跌破警报-70000-止损位] CHECK_START
  {}
[2026-03-19 04:18:54] [INFO] [支撑位跌破警报-70000-止损位] CHECK_PASSED
  {}
[2026-03-19 04:19:49] [INFO] [支撑位跌破警报-71000-止损位] CHECK_START
  {}
[2026-03-19 04:19:49] [INFO] [支撑位跌破警报-71000-止损位] CHECK_PASSED
  {}
[2026-03-19 04:22:32] [INFO] [支撑位跌破警报-71000-止损位] CHECK_START
  {}
[2026-03-19 04:22:32] [INFO] [支撑位跌破警报-71000-止损位] CHECK_PASSED
  {}
[2026-03-19 04:23:26] [INFO] [压力位突破警报-78500-第二止盈位] CHECK_START
  {}
[2026-03-19 04:23:26] [INFO] [压力位突破警报-78500-第二止盈位] CHECK_PASSED
  {}
[2026-03-19 04:23:26] [INFO] [压力位突破警报-76000-昨日高点] CHECK_START
  {}
[2026-03-19 04:23:26] [INFO] [压力位突破警报-76000-昨日高点] CHECK_PASSED
  {}
[2026-03-19 04:23:26] [INFO] [支撑位跌破警报-70000-止损位] CHECK_START
  {}
[2026-03-19 04:23:26] [INFO] [支撑位跌破警报-70000-止损位] CHECK_PASSED
  {}
[2026-03-19 04:25:16] [INFO] [支撑位跌破警报-71000-止损位] CHECK_START
  {}
[2026-03-19 04:25:16] [INFO] [支撑位跌破警报-71000-止损位] CHECK_PASSED
  {}
[2026-03-19 04:27:59] [INFO] [压力位突破警报-78500-第二止盈位] CHECK_START
  {}
[2026-03-19 04:27:59] [INFO] [压力位突破警报-78500-第二止盈位] CHECK_PASSED
  {}
[2026-03-19 04:27:59] [INFO] [压力位突破警报-76000-昨日高点] CHECK_START
  {}
[2026-03-19 04:27:59] [INFO] [压力位突破警报-76000-昨日高点] CHECK_PASSED
  {}
[2026-03-19 04:27:59] [INFO] [支撑位跌破警报-70000-止损位] CHECK_START
  {}
[2026-03-19 04:27:59] [INFO] [支撑位跌破警报-70000-止损位] CHECK_PASSED
  {}
[2026-03-19 04:27:59] [INFO] [支撑位跌破警报-71000-止损位] CHECK_START
  {}
[2026-03-19 04:27:59] [INFO] [支撑位跌破警报-71000-止损位] CHECK_PASSED
  {}
[2026-03-19 04:30:43] [INFO] [支撑位跌破警报-71000-止损位] CHECK_START
  {}
[2026-03-19 04:30:43] [INFO] [支撑位跌破警报-71000-止损位] CHECK_PASSED
  {}
[2026-03-19 04:32:32] [INFO] [压力位突破警报-78500-第二止盈位] CHECK_START
  {}
[2026-03-19 04:32:32] [INFO] [压力位突破警报-78500-第二止盈位] CHECK_PASSED
  {}
[2026-03-19 04:32:32] [INFO] [压力位突破警报-76000-昨日高点] CHECK_START
  {}
[2026-03-19 04:32:32] [INFO] [压力位突破警报-76000-昨日高点] CHECK_PASSED
  {}
[2026-03-19 04:32:32] [INFO] [支撑位跌破警报-70000-止损位] CHECK_START
  {}
[2026-03-19 04:32:32] [INFO] [支撑位跌破警报-70000-止损位] CHECK_PASSED
  {}
[2026-03-19 04:33:27] [INFO] [支撑位跌破警报-71000-止损位] CHECK_START
  {}
[2026-03-19 04:33:28] [INFO] [支撑位跌破警报-71000-止损位] CHECK_PASSED
  {}
[2026-03-19 04:36:10] [INFO] [支撑位跌破警报-71000-止损位] CHECK_START
  {}
[2026-03-19 04:36:12] [INFO] [支撑位跌破警报-71000-止损位] CHECK_PASSED
  {}
[2026-03-19 04:37:05] [INFO] [压力位突破警报-78500-第二止盈位] CHECK_START
  {}
[2026-03-19 04:37:05] [INFO] [压力位突破警报-78500-第二止盈位] CHECK_PASSED
  {}
[2026-03-19 04:37:05] [INFO] [压力位突破警报-76000-昨日高点] CHECK_START
  {}
[2026-03-19 04:37:05] [INFO] [压力位突破警报-76000-昨日高点] CHECK_PASSED
  {}
[2026-03-19 04:37:05] [INFO] [支撑位跌破警报-70000-止损位] CHECK_START
  {}
[2026-03-19 04:37:05] [INFO] [支撑位跌破警报-70000-止损位] CHECK_PASSED
  {}
[2026-03-19 04:38:54] [INFO] [支撑位跌破警报-71000-止损位] CHECK_START
  {}
[2026-03-19 04:38:55] [INFO] [支撑位跌破警报-71000-止损位] CHECK_PASSED
  {}
[2026-03-19 04:41:37] [INFO] [压力位突破警报-78500-第二止盈位] CHECK_START
  {}
[2026-03-19 04:41:37] [INFO] [压力位突破警报-78500-第二止盈位] CHECK_PASSED
  {}
[2026-03-19 04:41:37] [INFO] [压力位突破警报-76000-昨日高点] CHECK_START
  {}
[2026-03-19 04:41:37] [INFO] [压力位突破警报-76000-昨日高点] CHECK_PASSED
  {}
[2026-03-19 04:41:37] [INFO] [支撑位跌破警报-70000-止损位] CHECK_START
  {}
[2026-03-19 04:41:37] [INFO] [支撑位跌破警报-70000-止损位] CHECK_PASSED
  {}
[2026-03-19 04:41:38] [INFO] [支撑位跌破警报-71000-止损位] CHECK_START
  {}
[2026-03-19 04:41:39] [INFO] [支撑位跌破警报-71000-止损位] CHECK_PASSED
  {}
[2026-03-19 04:44:21] [INFO] [支撑位跌破警报-71000-止损位] CHECK_START
  {}
[2026-03-19 04:44:23] [INFO] [支撑位跌破警报-71000-止损位] CHECK_PASSED
  {}
[2026-03-19 04:46:10] [INFO] [压力位突破警报-78500-第二止盈位] CHECK_START
  {}
[2026-03-19 04:46:10] [INFO] [压力位突破警报-78500-第二止盈位] CHECK_PASSED
  {}
[2026-03-19 04:46:10] [INFO] [压力位突破警报-76000-昨日高点] CHECK_START
  {}
[2026-03-19 04:46:10] [INFO] [压力位突破警报-76000-昨日高点] CHECK_PASSED
  {}
[2026-03-19 04:46:10] [INFO] [支撑位跌破警报-70000-止损位] CHECK_START
  {}
[2026-03-19 04:46:10] [INFO] [支撑位跌破警报-70000-止损位] CHECK_PASSED
  {}
[2026-03-19 04:47:05] [INFO] [支撑位跌破警报-71000-止损位] CHECK_START
  {}
[2026-03-19 04:47:06] [INFO] [支撑位跌破警报-71000-止损位] CHECK_PASSED
  {}
[2026-03-19 04:49:48] [INFO] [支撑位跌破警报-71000-止损位] CHECK_START
  {}
[2026-03-19 04:49:50] [INFO] [支撑位跌破警报-71000-止损位] CHECK_PASSED
  {}
[2026-03-19 04:50:43] [INFO] [压力位突破警报-78500-第二止盈位] CHECK_START
  {}
[2026-03-19 04:50:43] [INFO] [压力位突破警报-78500-第二止盈位] CHECK_PASSED
  {}
[2026-03-19 04:50:43] [INFO] [压力位突破警报-76000-昨日高点] CHECK_START
  {}
[2026-03-19 04:50:43] [INFO] [压力位突破警报-76000-昨日高点] CHECK_PASSED
  {}
[2026-03-19 04:50:43] [INFO] [支撑位跌破警报-70000-止损位] CHECK_START
  {}
[2026-03-19 04:50:43] [INFO] [支撑位跌破警报-70000-止损位] CHECK_PASSED
  {}
[2026-03-19 04:52:32] [INFO] [支撑位跌破警报-71000-止损位] CHECK_START
  {}
[2026-03-19 04:52:34] [INFO] [支撑位跌破警报-71000-止损位] CHECK_PASSED
  {}
[2026-03-19 04:55:15] [INFO] [压力位突破警报-78500-第二止盈位] CHECK_START
  {}
[2026-03-19 04:55:15] [INFO] [压力位突破警报-78500-第二止盈位] CHECK_PASSED
  {}
[2026-03-19 04:55:15] [INFO] [压力位突破警报-76000-昨日高点] CHECK_START
  {}
[2026-03-19 04:55:15] [INFO] [压力位突破警报-76000-昨日高点] CHECK_PASSED
  {}
[2026-03-19 04:55:15] [INFO] [支撑位跌破警报-70000-止损位] CHECK_START
  {}
[2026-03-19 04:55:15] [INFO] [支撑位跌破警报-70000-止损位] CHECK_PASSED
  {}
[2026-03-19 04:55:16] [INFO] [支撑位跌破警报-71000-止损位] CHECK_START
  {}
[2026-03-19 04:55:17] [INFO] [支撑位跌破警报-71000-止损位] CHECK_PASSED
  {}
[2026-03-19 04:57:59] [INFO] [支撑位跌破警报-71000-止损位] CHECK_START
  {}
[2026-03-19 04:58:00] [INFO] [支撑位跌破警报-71000-止损位] CHECK_PASSED
  {}
[2026-03-19 04:59:48] [INFO] [压力位突破警报-78500-第二止盈位] CHECK_START
  {}
[2026-03-19 04:59:48] [INFO] [压力位突破警报-78500-第二止盈位] CHECK_PASSED
  {}
[2026-03-19 04:59:48] [INFO] [压力位突破警报-76000-昨日高点] CHECK_START
  {}
[2026-03-19 04:59:48] [INFO] [压力位突破警报-76000-昨日高点] CHECK_PASSED
  {}
[2026-03-19 04:59:48] [INFO] [支撑位跌破警报-70000-止损位] CHECK_START
  {}
[2026-03-19 04:59:48] [INFO] [支撑位跌破警报-70000-止损位] CHECK_PASSED
  {}
[2026-03-19 05:00:43] [INFO] [支撑位跌破警报-71000-止损位] CHECK_START
  {}
[2026-03-19 05:00:44] [INFO] [支撑位跌破警报-71000-止损位] CHECK_PASSED
  {}
[2026-03-19 05:03:27] [INFO] [支撑位跌破警报-71000-止损位] CHECK_START
  {}
[2026-03-19 05:03:28] [INFO] [支撑位跌破警报-71000-止损位] CHECK_PASSED
  {}
[2026-03-19 05:04:21] [INFO] [压力位突破警报-78500-第二止盈位] CHECK_START
  {}
[2026-03-19 05:04:21] [INFO] [压力位突破警报-76000-昨日高点] CHECK_START
  {}
[2026-03-19 05:04:21] [INFO] [支撑位跌破警报-70000-止损位] CHECK_START
  {}
[2026-03-19 05:04:22] [INFO] [压力位突破警报-78500-第二止盈位] CHECK_PASSED
  {}
[2026-03-19 05:04:22] [INFO] [压力位突破警报-76000-昨日高点] CHECK_PASSED
  {}
[2026-03-19 05:04:23] [INFO] [支撑位跌破警报-70000-止损位] CHECK_PASSED
  {}
[2026-03-19 05:06:10] [INFO] [支撑位跌破警报-71000-止损位] CHECK_START
  {}
[2026-03-19 05:06:12] [INFO] [支撑位跌破警报-71000-止损位] CHECK_PASSED
  {}
[2026-03-19 05:08:54] [INFO] [压力位突破警报-78500-第二止盈位] CHECK_START
  {}
[2026-03-19 05:08:54] [INFO] [压力位突破警报-76000-昨日高点] CHECK_START
  {}
[2026-03-19 05:08:54] [INFO] [支撑位跌破警报-70000-止损位] CHECK_START
  {}
[2026-03-19 05:08:54] [INFO] [支撑位跌破警报-71000-止损位] CHECK_START
  {}
[2026-03-19 05:08:55] [INFO] [压力位突破警报-76000-昨日高点] CHECK_PASSED
  {}
[2026-03-19 05:08:55] [INFO] [支撑位跌破警报-70000-止损位] CHECK_PASSED
  {}
[2026-03-19 05:08:55] [INFO] [压力位突破警报-78500-第二止盈位] CHECK_PASSED
  {}
[2026-03-19 05:08:55] [INFO] [支撑位跌破警报-71000-止损位] CHECK_PASSED
  {}
[2026-03-19 05:11:37] [INFO] [支撑位跌破警报-71000-止损位] CHECK_START
  {}
[2026-03-19 05:11:40] [INFO] [支撑位跌破警报-71000-止损位] CHECK_PASSED
  {}
[2026-03-19 05:13:26] [INFO] [压力位突破警报-78500-第二止盈位] CHECK_START
  {}
[2026-03-19 05:13:26] [INFO] [压力位突破警报-76000-昨日高点] CHECK_START
  {}
[2026-03-19 05:13:26] [INFO] [支撑位跌破警报-70000-止损位] CHECK_START
  {}
[2026-03-19 05:13:28] [INFO] [支撑位跌破警报-70000-止损位] CHECK_PASSED
  {}
[2026-03-19 05:13:28] [INFO] [压力位突破警报-76000-昨日高点] CHECK_PASSED
  {}
[2026-03-19 05:13:28] [INFO] [压力位突破警报-78500-第二止盈位] CHECK_PASSED
  {}
[2026-03-19 05:14:21] [INFO] [支撑位跌破警报-71000-止损位] CHECK_START
  {}
[2026-03-19 05:14:23] [INFO] [支撑位跌破警报-71000-止损位] CHECK_PASSED
  {}
[2026-03-19 05:17:05] [INFO] [支撑位跌破警报-71000-止损位] CHECK_START
  {}
[2026-03-19 05:17:06] [INFO] [支撑位跌破警报-71000-止损位] CHECK_PASSED
  {}
[2026-03-19 05:17:59] [INFO] [压力位突破警报-78500-第二止盈位] CHECK_START
  {}
[2026-03-19 05:17:59] [INFO] [压力位突破警报-76000-昨日高点] CHECK_START
  {}
[2026-03-19 05:17:59] [INFO] [支撑位跌破警报-70000-止损位] CHECK_START
  {}
[2026-03-19 05:18:00] [INFO] [支撑位跌破警报-70000-止损位] CHECK_PASSED
  {}
[2026-03-19 05:18:00] [INFO] [压力位突破警报-78500-第二止盈位] CHECK_PASSED
  {}
[2026-03-19 05:18:00] [INFO] [压力位突破警报-76000-昨日高点] CHECK_PASSED
  {}
[2026-03-19 05:19:48] [INFO] [支撑位跌破警报-71000-止损位] CHECK_START
  {}
[2026-03-19 05:19:50] [INFO] [支撑位跌破警报-71000-止损位] CHECK_PASSED
  {}
[2026-03-19 05:22:32] [INFO] [压力位突破警报-78500-第二止盈位] CHECK_START
  {}
[2026-03-19 05:22:32] [INFO] [压力位突破警报-76000-昨日高点] CHECK_START
  {}
[2026-03-19 05:22:32] [INFO] [支撑位跌破警报-70000-止损位] CHECK_START
  {}
[2026-03-19 05:22:32] [INFO] [支撑位跌破警报-71000-止损位] CHECK_START
  {}
[2026-03-19 05:22:33] [INFO] [压力位突破警报-78500-第二止盈位] CHECK_PASSED
  {}
[2026-03-19 05:22:33] [INFO] [支撑位跌破警报-70000-止损位] CHECK_PASSED
  {}
[2026-03-19 05:22:33] [INFO] [压力位突破警报-76000-昨日高点] CHECK_PASSED
  {}
[2026-03-19 05:22:33] [INFO] [支撑位跌破警报-71000-止损位] CHECK_PASSED
  {}
[2026-03-19 05:25:16] [INFO] [支撑位跌破警报-71000-止损位] CHECK_START
  {}
[2026-03-19 05:25:17] [INFO] [支撑位跌破警报-71000-止损位] CHECK_PASSED
  {}
[2026-03-19 05:27:04] [INFO] [压力位突破警报-78500-第二止盈位] CHECK_START
  {}
[2026-03-19 05:27:04] [INFO] [压力位突破警报-76000-昨日高点] CHECK_START
  {}
[2026-03-19 05:27:04] [INFO] [支撑位跌破警报-70000-止损位] CHECK_START
  {}
[2026-03-19 05:27:05] [INFO] [压力位突破警报-76000-昨日高点] CHECK_PASSED
  {}
[2026-03-19 05:27:05] [INFO] [支撑位跌破警报-70000-止损位] CHECK_PASSED
  {}
[2026-03-19 05:27:05] [INFO] [压力位突破警报-78500-第二止盈位] CHECK_PASSED
  {}
[2026-03-19 05:27:59] [INFO] [支撑位跌破警报-71000-止损位] CHECK_START
  {}
[2026-03-19 05:28:01] [INFO] [支撑位跌破警报-71000-止损位] CHECK_PASSED
  {}
[2026-03-19 05:30:43] [INFO] [支撑位跌破警报-71000-止损位] CHECK_START
  {}
[2026-03-19 05:30:44] [INFO] [支撑位跌破警报-71000-止损位] CHECK_PASSED
  {}
[2026-03-19 05:31:37] [INFO] [压力位突破警报-78500-第二止盈位] CHECK_START
  {}
[2026-03-19 05:31:37] [INFO] [压力位突破警报-76000-昨日高点] CHECK_START
  {}
[2026-03-19 05:31:37] [INFO] [支撑位跌破警报-70000-止损位] CHECK_START
  {}
[2026-03-19 05:31:38] [INFO] [压力位突破警报-78500-第二止盈位] CHECK_PASSED
  {}
[2026-03-19 05:31:38] [INFO] [压力位突破警报-76000-昨日高点] CHECK_PASSED
  {}
[2026-03-19 05:31:39] [INFO] [支撑位跌破警报-70000-止损位] CHECK_PASSED
  {}
[2026-03-19 05:33:26] [INFO] [支撑位跌破警报-71000-止损位] CHECK_START
  {}
[2026-03-19 05:33:28] [INFO] [支撑位跌破警报-71000-止损位] CHECK_PASSED
  {}
[2026-03-19 05:36:12] [INFO] [压力位突破警报-78500-第二止盈位] CHECK_START
  {}
[2026-03-19 05:36:12] [INFO] [压力位突破警报-76000-昨日高点] CHECK_START
  {}
[2026-03-19 05:36:12] [INFO] [支撑位跌破警报-70000-止损位] CHECK_START
  {}
[2026-03-19 05:36:12] [INFO] [支撑位跌破警报-71000-止损位] CHECK_START
  {}
[2026-03-19 05:36:13] [INFO] [压力位突破警报-76000-昨日高点] CHECK_PASSED
  {}
[2026-03-19 05:36:13] [INFO] [压力位突破警报-78500-第二止盈位] CHECK_PASSED
  {}
[2026-03-19 05:36:13] [INFO] [支撑位跌破警报-70000-止损位] CHECK_PASSED
  {}
[2026-03-19 05:36:14] [INFO] [支撑位跌破警报-71000-止损位] CHECK_PASSED
  {}
[2026-03-19 05:38:54] [INFO] [支撑位跌破警报-71000-止损位] CHECK_START
  {}
[2026-03-19 05:38:56] [INFO] [支撑位跌破警报-71000-止损位] CHECK_PASSED
  {}
[2026-03-19 05:40:43] [INFO] [压力位突破警报-78500-第二止盈位] CHECK_START
  {}
[2026-03-19 05:40:43] [INFO] [压力位突破警报-76000-昨日高点] CHECK_START
  {}
[2026-03-19 05:40:43] [INFO] [支撑位跌破警报-70000-止损位] CHECK_START
  {}
[2026-03-19 05:40:44] [INFO] [支撑位跌破警报-70000-止损位] CHECK_PASSED
  {}
[2026-03-19 05:40:44] [INFO] [压力位突破警报-78500-第二止盈位] CHECK_PASSED
  {}
[2026-03-19 05:40:44] [INFO] [压力位突破警报-76000-昨日高点] CHECK_PASSED
  {}
[2026-03-19 05:41:38] [INFO] [支撑位跌破警报-71000-止损位] CHECK_START
  {}
[2026-03-19 05:41:39] [INFO] [支撑位跌破警报-71000-止损位] CHECK_PASSED
  {}
[2026-03-19 05:44:26] [INFO] [支撑位跌破警报-71000-止损位] CHECK_START
  {}
[2026-03-19 05:44:27] [INFO] [支撑位跌破警报-71000-止损位] CHECK_PASSED
  {}
[2026-03-19 05:45:24] [INFO] [压力位突破警报-78500-第二止盈位] CHECK_START
  {}
[2026-03-19 05:45:24] [INFO] [压力位突破警报-76000-昨日高点] CHECK_START
  {}
[2026-03-19 05:45:24] [INFO] [支撑位跌破警报-70000-止损位] CHECK_START
  {}
[2026-03-19 05:45:25] [INFO] [支撑位跌破警报-70000-止损位] CHECK_PASSED
  {}
[2026-03-19 05:45:25] [INFO] [压力位突破警报-78500-第二止盈位] CHECK_PASSED
  {}
[2026-03-19 05:45:25] [INFO] [压力位突破警报-76000-昨日高点] CHECK_PASSED
  {}
[2026-03-19 05:47:21] [INFO] [支撑位跌破警报-71000-止损位] CHECK_START
  {}
[2026-03-19 05:47:23] [INFO] [支撑位跌破警报-71000-止损位] CHECK_PASSED
  {}
[2026-03-19 05:50:17] [INFO] [压力位突破警报-78500-第二止盈位] CHECK_START
  {}
[2026-03-19 05:50:17] [INFO] [压力位突破警报-76000-昨日高点] CHECK_START
  {}
[2026-03-19 05:50:17] [INFO] [支撑位跌破警报-70000-止损位] CHECK_START
  {}
[2026-03-19 05:50:17] [INFO] [支撑位跌破警报-71000-止损位] CHECK_START
  {}
[2026-03-19 05:50:18] [INFO] [压力位突破警报-76000-昨日高点] CHECK_PASSED
  {}
[2026-03-19 05:50:18] [INFO] [支撑位跌破警报-70000-止损位] CHECK_PASSED
  {}
[2026-03-19 05:50:18] [INFO] [压力位突破警报-78500-第二止盈位] CHECK_PASSED
  {}
[2026-03-19 05:50:19] [INFO] [支撑位跌破警报-71000-止损位] CHECK_PASSED
  {}
[2026-03-19 05:53:14] [INFO] [支撑位跌破警报-71000-止损位] CHECK_START
  {}
[2026-03-19 05:53:15] [INFO] [支撑位跌破警报-71000-止损位] CHECK_PASSED
  {}
[2026-03-19 05:55:13] [INFO] [压力位突破警报-78500-第二止盈位] CHECK_START
  {}
[2026-03-19 05:55:13] [INFO] [压力位突破警报-76000-昨日高点] CHECK_START
  {}
[2026-03-19 05:55:13] [INFO] [支撑位跌破警报-70000-止损位] CHECK_START
  {}
[2026-03-19 05:55:14] [INFO] [压力位突破警报-78500-第二止盈位] CHECK_PASSED
  {}
[2026-03-19 05:55:14] [INFO] [支撑位跌破警报-70000-止损位] CHECK_PASSED
  {}
[2026-03-19 05:55:14] [INFO] [压力位突破警报-76000-昨日高点] CHECK_PASSED
  {}
[2026-03-19 05:56:13] [INFO] [支撑位跌破警报-71000-止损位] CHECK_START
  {}
[2026-03-19 05:56:14] [INFO] [支撑位跌破警报-71000-止损位] CHECK_PASSED
  {}
[2026-03-19 05:59:12] [INFO] [支撑位跌破警报-71000-止损位] CHECK_START
  {}
[2026-03-19 05:59:13] [INFO] [支撑位跌破警报-71000-止损位] CHECK_PASSED
  {}
[2026-03-19 06:00:12] [INFO] [压力位突破警报-78500-第二止盈位] CHECK_START
  {}
[2026-03-19 06:00:12] [INFO] [压力位突破警报-76000-昨日高点] CHECK_START
  {}
[2026-03-19 06:00:12] [INFO] [支撑位跌破警报-70000-止损位] CHECK_START
  {}
[2026-03-19 06:00:13] [INFO] [压力位突破警报-78500-第二止盈位] CHECK_PASSED
  {}
[2026-03-19 06:00:13] [INFO] [支撑位跌破警报-70000-止损位] CHECK_PASSED
  {}
[2026-03-19 06:00:13] [INFO] [压力位突破警报-76000-昨日高点] CHECK_PASSED
  {}
[2026-03-19 06:02:12] [INFO] [支撑位跌破警报-71000-止损位] CHECK_START
  {}
[2026-03-19 06:02:13] [INFO] [支撑位跌破警报-71000-止损位] CHECK_PASSED
  {}
[2026-03-19 06:05:11] [INFO] [压力位突破警报-78500-第二止盈位] CHECK_START
  {}
[2026-03-19 06:05:11] [INFO] [压力位突破警报-76000-昨日高点] CHECK_START
  {}
[2026-03-19 06:05:11] [INFO] [支撑位跌破警报-70000-止损位] CHECK_START
  {}
[2026-03-19 06:05:11] [INFO] [支撑位跌破警报-71000-止损位] CHECK_START
  {}
[2026-03-19 06:05:12] [INFO] [支撑位跌破警报-70000-止损位] CHECK_PASSED
  {}
[2026-03-19 06:05:12] [INFO] [压力位突破警报-78500-第二止盈位] CHECK_PASSED
  {}
[2026-03-19 06:05:12] [INFO] [压力位突破警报-76000-昨日高点] CHECK_PASSED
  {}
[2026-03-19 06:05:12] [INFO] [支撑位跌破警报-71000-止损位] CHECK_PASSED
  {}
[2026-03-19 06:08:11] [INFO] [支撑位跌破警报-71000-止损位] CHECK_START
  {}
[2026-03-19 06:08:13] [INFO] [支撑位跌破警报-71000-止损位] CHECK_PASSED
  {}
[2026-03-19 06:10:11] [INFO] [压力位突破警报-78500-第二止盈位] CHECK_START
  {}
[2026-03-19 06:10:11] [INFO] [压力位突破警报-76000-昨日高点] CHECK_START
  {}
[2026-03-19 06:10:11] [INFO] [支撑位跌破警报-70000-止损位] CHECK_START
  {}
[2026-03-19 06:10:12] [INFO] [压力位突破警报-76000-昨日高点] CHECK_PASSED
  {}
[2026-03-19 06:10:12] [INFO] [压力位突破警报-78500-第二止盈位] CHECK_PASSED
  {}
[2026-03-19 06:10:12] [INFO] [支撑位跌破警报-70000-止损位] CHECK_PASSED
  {}
[2026-03-19 06:11:11] [INFO] [支撑位跌破警报-71000-止损位] CHECK_START
  {}
[2026-03-19 06:11:12] [INFO] [支撑位跌破警报-71000-止损位] TRIGGERED
  {}
[2026-03-19 06:11:14] [INFO] [支撑位跌破警报-71000-止损位] DATA_COLLECTED
  {"dataKeys":["alertTime","currentPrice","priceChange","volume24h","fearGreedIndex","klines5m","triggerPrice","alertType"]}
[2026-03-19 06:11:14] [INFO] [支撑位跌破警报-71000-止损位] TRIGGER_COMPLETED
  {}
[2026-03-19 06:14:11] [INFO] [支撑位跌破警报-71000-止损位] CHECK_START
  {}
[2026-03-19 06:14:11] [INFO] [支撑位跌破警报-71000-止损位] CHECK_PASSED
  {}
[2026-03-19 06:15:10] [INFO] [压力位突破警报-78500-第二止盈位] CHECK_START
  {}
[2026-03-19 06:15:10] [INFO] [压力位突破警报-78500-第二止盈位] CHECK_PASSED
  {}
[2026-03-19 06:15:10] [INFO] [压力位突破警报-76000-昨日高点] CHECK_START
  {}
[2026-03-19 06:15:10] [INFO] [压力位突破警报-76000-昨日高点] CHECK_PASSED
  {}
[2026-03-19 06:15:10] [INFO] [支撑位跌破警报-70000-止损位] CHECK_START
  {}
[2026-03-19 06:15:10] [INFO] [支撑位跌破警报-70000-止损位] CHECK_PASSED
  {}
[2026-03-19 06:17:10] [INFO] [支撑位跌破警报-71000-止损位] CHECK_START
  {}
[2026-03-19 06:17:10] [INFO] [支撑位跌破警报-71000-止损位] CHECK_PASSED
  {}
[2026-03-19 06:20:10] [INFO] [压力位突破警报-78500-第二止盈位] CHECK_START
  {}
[2026-03-19 06:20:10] [INFO] [压力位突破警报-78500-第二止盈位] CHECK_PASSED
  {}
[2026-03-19 06:20:10] [INFO] [压力位突破警报-76000-昨日高点] CHECK_START
  {}
[2026-03-19 06:20:10] [INFO] [压力位突破警报-76000-昨日高点] CHECK_PASSED
  {}
[2026-03-19 06:20:10] [INFO] [支撑位跌破警报-70000-止损位] CHECK_START
  {}
[2026-03-19 06:20:10] [INFO] [支撑位跌破警报-70000-止损位] CHECK_PASSED
  {}
[2026-03-19 06:20:10] [INFO] [支撑位跌破警报-71000-止损位] CHECK_START
  {}
[2026-03-19 06:20:10] [INFO] [支撑位跌破警报-71000-止损位] CHECK_PASSED
  {}
[2026-03-19 06:23:10] [INFO] [支撑位跌破警报-71000-止损位] CHECK_START
  {}
[2026-03-19 06:23:10] [INFO] [支撑位跌破警报-71000-止损位] CHECK_PASSED
  {}
[2026-03-19 06:25:10] [INFO] [压力位突破警报-78500-第二止盈位] CHECK_START
  {}
[2026-03-19 06:25:10] [INFO] [压力位突破警报-78500-第二止盈位] CHECK_PASSED
  {}
[2026-03-19 06:25:10] [INFO] [压力位突破警报-76000-昨日高点] CHECK_START
  {}
[2026-03-19 06:25:10] [INFO] [压力位突破警报-76000-昨日高点] CHECK_PASSED
  {}
[2026-03-19 06:25:10] [INFO] [支撑位跌破警报-70000-止损位] CHECK_START
  {}
[2026-03-19 06:25:10] [INFO] [支撑位跌破警报-70000-止损位] CHECK_PASSED
  {}
[2026-03-19 06:26:10] [INFO] [支撑位跌破警报-71000-止损位] CHECK_START
  {}
[2026-03-19 06:26:10] [INFO] [支撑位跌破警报-71000-止损位] CHECK_PASSED
  {}
[2026-03-19 06:29:10] [INFO] [支撑位跌破警报-71000-止损位] CHECK_START
  {}
[2026-03-19 06:29:10] [INFO] [支撑位跌破警报-71000-止损位] CHECK_PASSED
  {}
[2026-03-19 06:30:09] [INFO] [压力位突破警报-78500-第二止盈位] CHECK_START
  {}
[2026-03-19 06:30:09] [INFO] [压力位突破警报-78500-第二止盈位] CHECK_PASSED
  {}
[2026-03-19 06:30:09] [INFO] [压力位突破警报-76000-昨日高点] CHECK_START
  {}
[2026-03-19 06:30:09] [INFO] [压力位突破警报-76000-昨日高点] CHECK_PASSED
  {}
[2026-03-19 06:30:09] [INFO] [支撑位跌破警报-70000-止损位] CHECK_START
  {}
[2026-03-19 06:30:09] [INFO] [支撑位跌破警报-70000-止损位] CHECK_PASSED
  {}
[2026-03-19 06:32:09] [INFO] [支撑位跌破警报-71000-止损位] CHECK_START
  {}
[2026-03-19 06:32:09] [INFO] [支撑位跌破警报-71000-止损位] CHECK_PASSED
  {}
[2026-03-19 06:35:09] [INFO] [压力位突破警报-78500-第二止盈位] CHECK_START
  {}
[2026-03-19 06:35:09] [INFO] [压力位突破警报-78500-第二止盈位] CHECK_PASSED
  {}
[2026-03-19 06:35:09] [INFO] [压力位突破警报-76000-昨日高点] CHECK_START
  {}
[2026-03-19 06:35:09] [INFO] [压力位突破警报-76000-昨日高点] CHECK_PASSED
  {}
[2026-03-19 06:35:09] [INFO] [支撑位跌破警报-70000-止损位] CHECK_START
  {}
[2026-03-19 06:35:09] [INFO] [支撑位跌破警报-70000-止损位] CHECK_PASSED
  {}
[2026-03-19 06:35:09] [INFO] [支撑位跌破警报-71000-止损位] CHECK_START
  {}
[2026-03-19 06:35:09] [INFO] [支撑位跌破警报-71000-止损位] CHECK_PASSED
  {}
[2026-03-19 06:38:09] [INFO] [支撑位跌破警报-71000-止损位] CHECK_START
  {}
[2026-03-19 06:38:09] [INFO] [支撑位跌破警报-71000-止损位] CHECK_PASSED
  {}
[2026-03-19 06:40:08] [INFO] [压力位突破警报-78500-第二止盈位] CHECK_START
  {}
[2026-03-19 06:40:08] [INFO] [压力位突破警报-78500-第二止盈位] CHECK_PASSED
  {}
[2026-03-19 06:40:08] [INFO] [压力位突破警报-76000-昨日高点] CHECK_START
  {}
[2026-03-19 06:40:08] [INFO] [压力位突破警报-76000-昨日高点] CHECK_PASSED
  {}
[2026-03-19 06:40:08] [INFO] [支撑位跌破警报-70000-止损位] CHECK_START
  {}
[2026-03-19 06:40:08] [INFO] [支撑位跌破警报-70000-止损位] CHECK_PASSED
  {}
[2026-03-19 06:41:08] [INFO] [支撑位跌破警报-71000-止损位] CHECK_START
  {}
[2026-03-19 06:41:08] [INFO] [支撑位跌破警报-71000-止损位] CHECK_PASSED
  {}
[2026-03-19 06:44:08] [INFO] [支撑位跌破警报-71000-止损位] CHECK_START
  {}
[2026-03-19 06:44:09] [INFO] [支撑位跌破警报-71000-止损位] CHECK_PASSED
  {}
[2026-03-19 06:45:08] [INFO] [压力位突破警报-78500-第二止盈位] CHECK_START
  {}
[2026-03-19 06:45:08] [INFO] [压力位突破警报-78500-第二止盈位] CHECK_PASSED
  {}
[2026-03-19 06:45:08] [INFO] [压力位突破警报-76000-昨日高点] CHECK_START
  {}
[2026-03-19 06:45:08] [INFO] [压力位突破警报-76000-昨日高点] CHECK_PASSED
  {}
[2026-03-19 06:45:08] [INFO] [支撑位跌破警报-70000-止损位] CHECK_START
  {}
[2026-03-19 06:45:08] [INFO] [支撑位跌破警报-70000-止损位] CHECK_PASSED
  {}
[2026-03-19 06:47:08] [INFO] [支撑位跌破警报-71000-止损位] CHECK_START
  {}
[2026-03-19 06:47:08] [INFO] [支撑位跌破警报-71000-止损位] CHECK_PASSED
  {}
[2026-03-19 06:50:07] [INFO] [压力位突破警报-78500-第二止盈位] CHECK_START
  {}
[2026-03-19 06:50:07] [INFO] [压力位突破警报-78500-第二止盈位] CHECK_PASSED
  {}
[2026-03-19 06:50:07] [INFO] [压力位突破警报-76000-昨日高点] CHECK_START
  {}
[2026-03-19 06:50:07] [INFO] [压力位突破警报-76000-昨日高点] CHECK_PASSED
  {}
[2026-03-19 06:50:07] [INFO] [支撑位跌破警报-70000-止损位] CHECK_START
  {}
[2026-03-19 06:50:07] [INFO] [支撑位跌破警报-70000-止损位] CHECK_PASSED
  {}
[2026-03-19 06:50:07] [INFO] [支撑位跌破警报-71000-止损位] CHECK_START
  {}
[2026-03-19 06:50:08] [INFO] [支撑位跌破警报-71000-止损位] CHECK_PASSED
  {}
[2026-03-19 06:53:07] [INFO] [支撑位跌破警报-71000-止损位] CHECK_START
  {}
[2026-03-19 06:53:08] [INFO] [支撑位跌破警报-71000-止损位] CHECK_PASSED
  {}
[2026-03-19 06:55:06] [INFO] [压力位突破警报-78500-第二止盈位] CHECK_START
  {}
[2026-03-19 06:55:06] [INFO] [压力位突破警报-78500-第二止盈位] CHECK_PASSED
  {}
[2026-03-19 06:55:06] [INFO] [压力位突破警报-76000-昨日高点] CHECK_START
  {}
[2026-03-19 06:55:06] [INFO] [压力位突破警报-76000-昨日高点] CHECK_PASSED
  {}
[2026-03-19 06:55:06] [INFO] [支撑位跌破警报-70000-止损位] CHECK_START
  {}
[2026-03-19 06:55:06] [INFO] [支撑位跌破警报-70000-止损位] CHECK_PASSED
  {}
[2026-03-19 06:56:06] [INFO] [支撑位跌破警报-71000-止损位] CHECK_START
  {}
[2026-03-19 06:56:07] [INFO] [支撑位跌破警报-71000-止损位] CHECK_PASSED
  {}
[2026-03-19 06:59:06] [INFO] [支撑位跌破警报-71000-止损位] CHECK_START
  {}
[2026-03-19 06:59:07] [INFO] [支撑位跌破警报-71000-止损位] CHECK_PASSED
  {}
[2026-03-19 07:00:05] [INFO] [压力位突破警报-78500-第二止盈位] CHECK_START
  {}
[2026-03-19 07:00:05] [INFO] [压力位突破警报-78500-第二止盈位] CHECK_PASSED
  {}
[2026-03-19 07:00:05] [INFO] [压力位突破警报-76000-昨日高点] CHECK_START
  {}
[2026-03-19 07:00:05] [INFO] [压力位突破警报-76000-昨日高点] CHECK_PASSED
  {}
[2026-03-19 07:00:05] [INFO] [支撑位跌破警报-70000-止损位] CHECK_START
  {}
[2026-03-19 07:00:05] [INFO] [支撑位跌破警报-70000-止损位] CHECK_PASSED
  {}
[2026-03-19 07:02:05] [INFO] [支撑位跌破警报-71000-止损位] CHECK_START
  {}
[2026-03-19 07:02:06] [INFO] [支撑位跌破警报-71000-止损位] CHECK_PASSED
  {}
[2026-03-19 07:05:05] [INFO] [压力位突破警报-78500-第二止盈位] CHECK_START
  {}
[2026-03-19 07:05:05] [INFO] [压力位突破警报-78500-第二止盈位] CHECK_PASSED
  {}
[2026-03-19 07:05:05] [INFO] [压力位突破警报-76000-昨日高点] CHECK_START
  {}
[2026-03-19 07:05:05] [INFO] [压力位突破警报-76000-昨日高点] CHECK_PASSED
  {}
[2026-03-19 07:05:05] [INFO] [支撑位跌破警报-70000-止损位] CHECK_START
  {}
[2026-03-19 07:05:05] [INFO] [支撑位跌破警报-70000-止损位] CHECK_PASSED
  {}
[2026-03-19 07:05:05] [INFO] [支撑位跌破警报-71000-止损位] CHECK_START
  {}
[2026-03-19 07:05:06] [INFO] [支撑位跌破警报-71000-止损位] CHECK_PASSED
  {}
[2026-03-19 07:08:05] [INFO] [支撑位跌破警报-71000-止损位] CHECK_START
  {}
[2026-03-19 07:08:07] [INFO] [支撑位跌破警报-71000-止损位] CHECK_PASSED
  {}
[2026-03-19 07:10:04] [INFO] [压力位突破警报-78500-第二止盈位] CHECK_START
  {}
[2026-03-19 07:10:04] [INFO] [压力位突破警报-78500-第二止盈位] CHECK_PASSED
  {}
[2026-03-19 07:10:04] [INFO] [压力位突破警报-76000-昨日高点] CHECK_START
  {}
[2026-03-19 07:10:04] [INFO] [压力位突破警报-76000-昨日高点] CHECK_PASSED
  {}
[2026-03-19 07:10:04] [INFO] [支撑位跌破警报-70000-止损位] CHECK_START
  {}
[2026-03-19 07:10:04] [INFO] [支撑位跌破警报-70000-止损位] CHECK_PASSED
  {}
[2026-03-19 07:11:04] [INFO] [支撑位跌破警报-71000-止损位] CHECK_START
  {}
[2026-03-19 07:11:05] [INFO] [支撑位跌破警报-71000-止损位] CHECK_PASSED
  {}
[2026-03-19 07:14:04] [INFO] [支撑位跌破警报-71000-止损位] CHECK_START
  {}
[2026-03-19 07:14:05] [INFO] [支撑位跌破警报-71000-止损位] CHECK_PASSED
  {}
[2026-03-19 07:15:04] [INFO] [压力位突破警报-78500-第二止盈位] CHECK_START
  {}
[2026-03-19 07:15:04] [INFO] [压力位突破警报-76000-昨日高点] CHECK_START
  {}
[2026-03-19 07:15:04] [INFO] [支撑位跌破警报-70000-止损位] CHECK_START
  {}
[2026-03-19 07:15:05] [INFO] [压力位突破警报-78500-第二止盈位] CHECK_PASSED
  {}
[2026-03-19 07:15:05] [INFO] [支撑位跌破警报-70000-止损位] CHECK_PASSED
  {}
[2026-03-19 07:15:05] [INFO] [压力位突破警报-76000-昨日高点] CHECK_PASSED
  {}
[2026-03-19 07:17:04] [INFO] [支撑位跌破警报-71000-止损位] CHECK_START
  {}
[2026-03-19 07:17:05] [INFO] [支撑位跌破警报-71000-止损位] CHECK_PASSED
  {}
[2026-03-19 07:20:03] [INFO] [压力位突破警报-78500-第二止盈位] CHECK_START
  {}
[2026-03-19 07:20:03] [INFO] [压力位突破警报-76000-昨日高点] CHECK_START
  {}
[2026-03-19 07:20:03] [INFO] [支撑位跌破警报-70000-止损位] CHECK_START
  {}
[2026-03-19 07:20:03] [INFO] [支撑位跌破警报-71000-止损位] CHECK_START
  {}
[2026-03-19 07:20:04] [INFO] [压力位突破警报-78500-第二止盈位] CHECK_PASSED
  {}
[2026-03-19 07:20:04] [INFO] [支撑位跌破警报-70000-止损位] CHECK_PASSED
  {}
[2026-03-19 07:20:04] [INFO] [压力位突破警报-76000-昨日高点] CHECK_PASSED
  {}
[2026-03-19 07:20:04] [INFO] [支撑位跌破警报-71000-止损位] CHECK_PASSED
  {}
[2026-03-19 07:23:03] [INFO] [支撑位跌破警报-71000-止损位] CHECK_START
  {}
[2026-03-19 07:23:04] [INFO] [支撑位跌破警报-71000-止损位] CHECK_PASSED
  {}
[2026-03-19 07:25:02] [INFO] [压力位突破警报-78500-第二止盈位] CHECK_START
  {}
[2026-03-19 07:25:02] [INFO] [压力位突破警报-76000-昨日高点] CHECK_START
  {}
[2026-03-19 07:25:02] [INFO] [支撑位跌破警报-70000-止损位] CHECK_START
  {}
[2026-03-19 07:25:03] [INFO] [支撑位跌破警报-70000-止损位] CHECK_PASSED
  {}
[2026-03-19 07:25:04] [INFO] [压力位突破警报-78500-第二止盈位] CHECK_PASSED
  {}
[2026-03-19 07:25:04] [INFO] [压力位突破警报-76000-昨日高点] CHECK_PASSED
  {}
[2026-03-19 07:26:03] [INFO] [支撑位跌破警报-71000-止损位] CHECK_START
  {}
[2026-03-19 07:26:03] [INFO] [支撑位跌破警报-71000-止损位] CHECK_PASSED
  {}
[2026-03-19 07:29:02] [INFO] [支撑位跌破警报-71000-止损位] CHECK_START
  {}
[2026-03-19 07:29:03] [INFO] [支撑位跌破警报-71000-止损位] CHECK_PASSED
  {}
[2026-03-19 07:30:02] [INFO] [压力位突破警报-78500-第二止盈位] CHECK_START
  {}
[2026-03-19 07:30:02] [INFO] [压力位突破警报-76000-昨日高点] CHECK_START
  {}
[2026-03-19 07:30:02] [INFO] [支撑位跌破警报-70000-止损位] CHECK_START
  {}
[2026-03-19 07:30:02] [INFO] [压力位突破警报-78500-第二止盈位] CHECK_PASSED
  {}
[2026-03-19 07:30:02] [INFO] [支撑位跌破警报-70000-止损位] CHECK_PASSED
  {}
[2026-03-19 07:30:02] [INFO] [压力位突破警报-76000-昨日高点] CHECK_PASSED
  {}
[2026-03-19 07:32:02] [INFO] [支撑位跌破警报-71000-止损位] CHECK_START
  {}
[2026-03-19 07:32:02] [INFO] [支撑位跌破警报-71000-止损位] CHECK_PASSED
  {}
[2026-03-19 07:35:01] [INFO] [压力位突破警报-78500-第二止盈位] CHECK_START
  {}
[2026-03-19 07:35:01] [INFO] [压力位突破警报-76000-昨日高点] CHECK_START
  {}
[2026-03-19 07:35:01] [INFO] [支撑位跌破警报-70000-止损位] CHECK_START
  {}
[2026-03-19 07:35:01] [INFO] [支撑位跌破警报-71000-止损位] CHECK_START
  {}
[2026-03-19 07:35:02] [INFO] [压力位突破警报-78500-第二止盈位] CHECK_PASSED
  {}
[2026-03-19 07:35:02] [INFO] [压力位突破警报-76000-昨日高点] CHECK_PASSED
  {}
[2026-03-19 07:35:02] [INFO] [支撑位跌破警报-70000-止损位] CHECK_PASSED
  {}
[2026-03-19 07:35:02] [INFO] [支撑位跌破警报-71000-止损位] CHECK_PASSED
  {}
[2026-03-19 07:38:01] [INFO] [支撑位跌破警报-71000-止损位] CHECK_START
  {}
[2026-03-19 07:38:02] [INFO] [支撑位跌破警报-71000-止损位] CHECK_PASSED
  {}
[2026-03-19 07:40:00] [INFO] [压力位突破警报-78500-第二止盈位] CHECK_START
  {}
[2026-03-19 07:40:00] [INFO] [压力位突破警报-76000-昨日高点] CHECK_START
  {}
[2026-03-19 07:40:00] [INFO] [支撑位跌破警报-70000-止损位] CHECK_START
  {}
[2026-03-19 07:40:01] [INFO] [压力位突破警报-76000-昨日高点] CHECK_PASSED
  {}
[2026-03-19 07:40:01] [INFO] [支撑位跌破警报-70000-止损位] CHECK_PASSED
  {}
[2026-03-19 07:40:02] [INFO] [压力位突破警报-78500-第二止盈位] CHECK_PASSED
  {}
[2026-03-19 07:41:00] [INFO] [支撑位跌破警报-71000-止损位] CHECK_START
  {}
[2026-03-19 07:41:01] [INFO] [支撑位跌破警报-71000-止损位] CHECK_PASSED
  {}
[2026-03-19 07:44:00] [INFO] [支撑位跌破警报-71000-止损位] CHECK_START
  {}
[2026-03-19 07:44:01] [INFO] [支撑位跌破警报-71000-止损位] CHECK_PASSED
  {}
[2026-03-19 07:44:59] [INFO] [压力位突破警报-78500-第二止盈位] CHECK_START
  {}
[2026-03-19 07:44:59] [INFO] [压力位突破警报-76000-昨日高点] CHECK_START
  {}
[2026-03-19 07:44:59] [INFO] [支撑位跌破警报-70000-止损位] CHECK_START
  {}
[2026-03-19 07:45:00] [INFO] [压力位突破警报-76000-昨日高点] CHECK_PASSED
  {}
[2026-03-19 07:45:00] [INFO] [压力位突破警报-78500-第二止盈位] CHECK_PASSED
  {}
[2026-03-19 07:45:00] [INFO] [支撑位跌破警报-70000-止损位] CHECK_PASSED
  {}
[2026-03-19 07:46:59] [INFO] [支撑位跌破警报-71000-止损位] CHECK_START
  {}
[2026-03-19 07:47:00] [INFO] [支撑位跌破警报-71000-止损位] CHECK_PASSED
  {}
[2026-03-19 07:49:59] [INFO] [压力位突破警报-78500-第二止盈位] CHECK_START
  {}
[2026-03-19 07:49:59] [INFO] [压力位突破警报-76000-昨日高点] CHECK_START
  {}
[2026-03-19 07:49:59] [INFO] [支撑位跌破警报-70000-止损位] CHECK_START
  {}
[2026-03-19 07:49:59] [INFO] [支撑位跌破警报-71000-止损位] CHECK_START
  {}
[2026-03-19 07:50:00] [INFO] [压力位突破警报-78500-第二止盈位] CHECK_PASSED
  {}
[2026-03-19 07:50:00] [INFO] [压力位突破警报-76000-昨日高点] CHECK_PASSED
  {}
[2026-03-19 07:50:00] [INFO] [支撑位跌破警报-71000-止损位] CHECK_PASSED
  {}
[2026-03-19 07:50:00] [INFO] [支撑位跌破警报-70000-止损位] CHECK_PASSED
  {}
[2026-03-19 07:52:59] [INFO] [支撑位跌破警报-71000-止损位] CHECK_START
  {}
[2026-03-19 07:53:00] [INFO] [支撑位跌破警报-71000-止损位] CHECK_PASSED
  {}
[2026-03-19 07:54:58] [INFO] [压力位突破警报-78500-第二止盈位] CHECK_START
  {}
[2026-03-19 07:54:58] [INFO] [压力位突破警报-76000-昨日高点] CHECK_START
  {}
[2026-03-19 07:54:58] [INFO] [支撑位跌破警报-70000-止损位] CHECK_START
  {}
[2026-03-19 07:54:59] [INFO] [支撑位跌破警报-70000-止损位] CHECK_PASSED
  {}
[2026-03-19 07:54:59] [INFO] [压力位突破警报-76000-昨日高点] CHECK_PASSED
  {}
[2026-03-19 07:54:59] [INFO] [压力位突破警报-78500-第二止盈位] CHECK_PASSED
  {}
[2026-03-19 07:55:58] [INFO] [支撑位跌破警报-71000-止损位] CHECK_START
  {}
[2026-03-19 07:56:00] [INFO] [支撑位跌破警报-71000-止损位] CHECK_PASSED
  {}
[2026-03-19 07:58:58] [INFO] [支撑位跌破警报-71000-止损位] CHECK_START
  {}
[2026-03-19 07:58:59] [INFO] [支撑位跌破警报-71000-止损位] CHECK_PASSED
  {}
[2026-03-19 07:59:57] [INFO] [压力位突破警报-78500-第二止盈位] CHECK_START
  {}
[2026-03-19 07:59:57] [INFO] [压力位突破警报-76000-昨日高点] CHECK_START
  {}
[2026-03-19 07:59:57] [INFO] [支撑位跌破警报-70000-止损位] CHECK_START
  {}
[2026-03-19 07:59:59] [INFO] [压力位突破警报-76000-昨日高点] CHECK_PASSED
  {}
[2026-03-19 07:59:59] [INFO] [支撑位跌破警报-70000-止损位] CHECK_PASSED
  {}
[2026-03-19 07:59:59] [INFO] [压力位突破警报-78500-第二止盈位] CHECK_PASSED
  {}
[2026-03-19 08:01:57] [INFO] [支撑位跌破警报-71000-止损位] CHECK_START
  {}
[2026-03-19 08:01:59] [INFO] [支撑位跌破警报-71000-止损位] CHECK_PASSED
  {}
[2026-03-19 08:04:57] [INFO] [压力位突破警报-78500-第二止盈位] CHECK_START
  {}
[2026-03-19 08:04:57] [INFO] [压力位突破警报-76000-昨日高点] CHECK_START
  {}
[2026-03-19 08:04:57] [INFO] [支撑位跌破警报-70000-止损位] CHECK_START
  {}
[2026-03-19 08:04:57] [INFO] [支撑位跌破警报-71000-止损位] CHECK_START
  {}
[2026-03-19 08:04:57] [INFO] [支撑位跌破警报-70000-止损位] CHECK_PASSED
  {}
[2026-03-19 08:04:57] [INFO] [压力位突破警报-76000-昨日高点] CHECK_PASSED
  {}
[2026-03-19 08:04:57] [INFO] [压力位突破警报-78500-第二止盈位] CHECK_PASSED
  {}
[2026-03-19 08:04:58] [INFO] [支撑位跌破警报-71000-止损位] CHECK_PASSED
  {}
[2026-03-19 08:07:56] [INFO] [支撑位跌破警报-71000-止损位] CHECK_START
  {}
[2026-03-19 08:07:57] [INFO] [支撑位跌破警报-71000-止损位] CHECK_PASSED
  {}
[2026-03-19 08:09:55] [INFO] [压力位突破警报-78500-第二止盈位] CHECK_START
  {}
[2026-03-19 08:09:55] [INFO] [压力位突破警报-76000-昨日高点] CHECK_START
  {}
[2026-03-19 08:09:55] [INFO] [支撑位跌破警报-70000-止损位] CHECK_START
  {}
[2026-03-19 08:09:56] [INFO] [支撑位跌破警报-70000-止损位] CHECK_PASSED
  {}
[2026-03-19 08:09:57] [INFO] [压力位突破警报-78500-第二止盈位] CHECK_PASSED
  {}
[2026-03-19 08:09:57] [INFO] [压力位突破警报-76000-昨日高点] CHECK_PASSED
  {}
[2026-03-19 08:10:55] [INFO] [支撑位跌破警报-71000-止损位] CHECK_START
  {}
[2026-03-19 08:10:56] [INFO] [支撑位跌破警报-71000-止损位] CHECK_PASSED
  {}
[2026-03-19 08:13:55] [INFO] [支撑位跌破警报-71000-止损位] CHECK_START
  {}
[2026-03-19 08:13:56] [INFO] [支撑位跌破警报-71000-止损位] CHECK_PASSED
  {}
[2026-03-19 08:14:54] [INFO] [压力位突破警报-78500-第二止盈位] CHECK_START
  {}
[2026-03-19 08:14:54] [INFO] [压力位突破警报-76000-昨日高点] CHECK_START
  {}
[2026-03-19 08:14:54] [INFO] [支撑位跌破警报-70000-止损位] CHECK_START
  {}
[2026-03-19 08:14:55] [INFO] [支撑位跌破警报-70000-止损位] CHECK_PASSED
  {}
[2026-03-19 08:14:55] [INFO] [压力位突破警报-78500-第二止盈位] CHECK_PASSED
  {}
[2026-03-19 08:14:55] [INFO] [压力位突破警报-76000-昨日高点] CHECK_PASSED
  {}
[2026-03-19 08:16:54] [INFO] [支撑位跌破警报-71000-止损位] CHECK_START
  {}
[2026-03-19 08:16:56] [INFO] [支撑位跌破警报-71000-止损位] CHECK_PASSED
  {}
[2026-03-19 08:19:53] [INFO] [压力位突破警报-78500-第二止盈位] CHECK_START
  {}
[2026-03-19 08:19:53] [INFO] [压力位突破警报-76000-昨日高点] CHECK_START
  {}
[2026-03-19 08:19:53] [INFO] [支撑位跌破警报-70000-止损位] CHECK_START
  {}
[2026-03-19 08:19:54] [INFO] [支撑位跌破警报-71000-止损位] CHECK_START
  {}
[2026-03-19 08:19:54] [INFO] [压力位突破警报-78500-第二止盈位] CHECK_PASSED
  {}
[2026-03-19 08:19:54] [INFO] [压力位突破警报-76000-昨日高点] CHECK_PASSED
  {}
[2026-03-19 08:19:54] [INFO] [支撑位跌破警报-70000-止损位] CHECK_PASSED
  {}
[2026-03-19 08:19:55] [INFO] [支撑位跌破警报-71000-止损位] CHECK_PASSED
  {}
[2026-03-19 08:22:53] [INFO] [支撑位跌破警报-71000-止损位] CHECK_START
  {}
[2026-03-19 08:22:55] [INFO] [支撑位跌破警报-71000-止损位] CHECK_PASSED
  {}
[2026-03-19 08:24:52] [INFO] [压力位突破警报-78500-第二止盈位] CHECK_START
  {}
[2026-03-19 08:24:52] [INFO] [压力位突破警报-76000-昨日高点] CHECK_START
  {}
[2026-03-19 08:24:52] [INFO] [支撑位跌破警报-70000-止损位] CHECK_START
  {}
[2026-03-19 08:24:54] [INFO] [支撑位跌破警报-70000-止损位] CHECK_PASSED
  {}
[2026-03-19 08:24:54] [INFO] [压力位突破警报-76000-昨日高点] CHECK_PASSED
  {}
[2026-03-19 08:24:54] [INFO] [压力位突破警报-78500-第二止盈位] CHECK_PASSED
  {}
[2026-03-19 08:25:52] [INFO] [支撑位跌破警报-71000-止损位] CHECK_START
  {}
[2026-03-19 08:25:53] [INFO] [支撑位跌破警报-71000-止损位] CHECK_PASSED
  {}
[2026-03-19 08:28:52] [INFO] [支撑位跌破警报-71000-止损位] CHECK_START
  {}
[2026-03-19 08:28:54] [INFO] [支撑位跌破警报-71000-止损位] CHECK_PASSED
  {}
[2026-03-19 08:29:51] [INFO] [压力位突破警报-78500-第二止盈位] CHECK_START
  {}
[2026-03-19 08:29:51] [INFO] [压力位突破警报-76000-昨日高点] CHECK_START
  {}
[2026-03-19 08:29:51] [INFO] [支撑位跌破警报-70000-止损位] CHECK_START
  {}
[2026-03-19 08:29:52] [INFO] [支撑位跌破警报-70000-止损位] CHECK_PASSED
  {}
[2026-03-19 08:29:52] [INFO] [压力位突破警报-76000-昨日高点] CHECK_PASSED
  {}
[2026-03-19 08:29:53] [INFO] [压力位突破警报-78500-第二止盈位] CHECK_PASSED
  {}
[2026-03-19 08:31:51] [INFO] [支撑位跌破警报-71000-止损位] CHECK_START
  {}
[2026-03-19 08:32:09] [INFO] [支撑位跌破警报-71000-止损位] CHECK_PASSED
  {}
[2026-03-19 08:34:50] [INFO] [压力位突破警报-78500-第二止盈位] CHECK_START
  {}
[2026-03-19 08:34:50] [INFO] [压力位突破警报-76000-昨日高点] CHECK_START
  {}
[2026-03-19 08:34:50] [INFO] [支撑位跌破警报-70000-止损位] CHECK_START
  {}
[2026-03-19 08:34:50] [INFO] [支撑位跌破警报-71000-止损位] CHECK_START
  {}
[2026-03-19 08:34:51] [INFO] [压力位突破警报-78500-第二止盈位] CHECK_PASSED
  {}
[2026-03-19 08:34:51] [INFO] [支撑位跌破警报-70000-止损位] CHECK_PASSED
  {}
[2026-03-19 08:34:51] [INFO] [压力位突破警报-76000-昨日高点] CHECK_PASSED
  {}
[2026-03-19 08:34:51] [INFO] [支撑位跌破警报-71000-止损位] CHECK_PASSED
  {}
[2026-03-19 08:37:49] [INFO] [支撑位跌破警报-71000-止损位] CHECK_START
  {}
[2026-03-19 08:37:50] [INFO] [支撑位跌破警报-71000-止损位] CHECK_PASSED
  {}
[2026-03-19 08:39:48] [INFO] [压力位突破警报-78500-第二止盈位] CHECK_START
  {}
[2026-03-19 08:39:48] [INFO] [压力位突破警报-76000-昨日高点] CHECK_START
  {}
[2026-03-19 08:39:48] [INFO] [支撑位跌破警报-70000-止损位] CHECK_START
  {}
[2026-03-19 08:39:49] [INFO] [压力位突破警报-76000-昨日高点] CHECK_PASSED
  {}
[2026-03-19 08:39:49] [INFO] [压力位突破警报-78500-第二止盈位] CHECK_PASSED
  {}
[2026-03-19 08:39:49] [INFO] [支撑位跌破警报-70000-止损位] CHECK_PASSED
  {}
[2026-03-19 08:40:48] [INFO] [支撑位跌破警报-71000-止损位] CHECK_START
  {}
[2026-03-19 08:40:49] [INFO] [支撑位跌破警报-71000-止损位] CHECK_PASSED
  {}
[2026-03-19 08:43:47] [INFO] [支撑位跌破警报-71000-止损位] CHECK_START
  {}
[2026-03-19 08:43:48] [INFO] [支撑位跌破警报-71000-止损位] CHECK_PASSED
  {}
[2026-03-19 08:44:47] [INFO] [压力位突破警报-78500-第二止盈位] CHECK_START
  {}
[2026-03-19 08:44:47] [INFO] [压力位突破警报-76000-昨日高点] CHECK_START
  {}
[2026-03-19 08:44:47] [INFO] [支撑位跌破警报-70000-止损位] CHECK_START
  {}
[2026-03-19 08:44:48] [INFO] [支撑位跌破警报-70000-止损位] CHECK_PASSED
  {}
[2026-03-19 08:44:48] [INFO] [压力位突破警报-76000-昨日高点] CHECK_PASSED
  {}
[2026-03-19 08:44:48] [INFO] [压力位突破警报-78500-第二止盈位] CHECK_PASSED
  {}
[2026-03-19 08:46:47] [INFO] [支撑位跌破警报-71000-止损位] CHECK_START
  {}
[2026-03-19 08:46:48] [INFO] [支撑位跌破警报-71000-止损位] CHECK_PASSED
  {}
[2026-03-19 08:49:46] [INFO] [压力位突破警报-78500-第二止盈位] CHECK_START
  {}
[2026-03-19 08:49:46] [INFO] [压力位突破警报-76000-昨日高点] CHECK_START
  {}
[2026-03-19 08:49:46] [INFO] [支撑位跌破警报-70000-止损位] CHECK_START
  {}
[2026-03-19 08:49:46] [INFO] [支撑位跌破警报-71000-止损位] CHECK_START
  {}
[2026-03-19 08:49:46] [INFO] [压力位突破警报-78500-第二止盈位] CHECK_PASSED
  {}
[2026-03-19 08:49:46] [INFO] [支撑位跌破警报-70000-止损位] CHECK_PASSED
  {}
[2026-03-19 08:49:46] [INFO] [压力位突破警报-76000-昨日高点] CHECK_PASSED
  {}
[2026-03-19 08:49:47] [INFO] [支撑位跌破警报-71000-止损位] CHECK_PASSED
  {}
[2026-03-19 08:52:45] [INFO] [支撑位跌破警报-71000-止损位] CHECK_START
  {}
[2026-03-19 08:52:46] [INFO] [支撑位跌破警报-71000-止损位] CHECK_PASSED
  {}
[2026-03-19 08:54:44] [INFO] [压力位突破警报-78500-第二止盈位] CHECK_START
  {}
[2026-03-19 08:54:44] [INFO] [压力位突破警报-76000-昨日高点] CHECK_START
  {}
[2026-03-19 08:54:44] [INFO] [支撑位跌破警报-70000-止损位] CHECK_START
  {}
[2026-03-19 08:54:45] [INFO] [支撑位跌破警报-70000-止损位] CHECK_PASSED
  {}
[2026-03-19 08:54:45] [INFO] [压力位突破警报-76000-昨日高点] CHECK_PASSED
  {}
[2026-03-19 08:54:45] [INFO] [压力位突破警报-78500-第二止盈位] CHECK_PASSED
  {}
[2026-03-19 08:55:44] [INFO] [支撑位跌破警报-71000-止损位] CHECK_START
  {}
[2026-03-19 08:55:45] [INFO] [支撑位跌破警报-71000-止损位] CHECK_PASSED
  {}
[2026-03-19 08:58:43] [INFO] [支撑位跌破警报-71000-止损位] CHECK_START
  {}
[2026-03-19 08:58:44] [INFO] [支撑位跌破警报-71000-止损位] CHECK_PASSED
  {}
[2026-03-19 08:59:43] [INFO] [压力位突破警报-78500-第二止盈位] CHECK_START
  {}
[2026-03-19 08:59:43] [INFO] [压力位突破警报-76000-昨日高点] CHECK_START
  {}
[2026-03-19 08:59:43] [INFO] [支撑位跌破警报-70000-止损位] CHECK_START
  {}
[2026-03-19 08:59:44] [INFO] [压力位突破警报-78500-第二止盈位] CHECK_PASSED
  {}
[2026-03-19 08:59:44] [INFO] [压力位突破警报-76000-昨日高点] CHECK_PASSED
  {}
[2026-03-19 08:59:44] [INFO] [支撑位跌破警报-70000-止损位] CHECK_PASSED
  {}
[2026-03-19 09:01:43] [INFO] [支撑位跌破警报-71000-止损位] CHECK_START
  {}
[2026-03-19 09:01:44] [INFO] [支撑位跌破警报-71000-止损位] CHECK_PASSED
  {}
[2026-03-19 09:04:42] [INFO] [压力位突破警报-78500-第二止盈位] CHECK_START
  {}
[2026-03-19 09:04:42] [INFO] [压力位突破警报-76000-昨日高点] CHECK_START
  {}
[2026-03-19 09:04:42] [INFO] [支撑位跌破警报-70000-止损位] CHECK_START
  {}
[2026-03-19 09:04:42] [INFO] [支撑位跌破警报-71000-止损位] CHECK_START
  {}
[2026-03-19 09:04:42] [INFO] [压力位突破警报-78500-第二止盈位] CHECK_PASSED
  {}
[2026-03-19 09:04:42] [INFO] [压力位突破警报-76000-昨日高点] CHECK_PASSED
  {}
[2026-03-19 09:04:43] [INFO] [支撑位跌破警报-71000-止损位] CHECK_PASSED
  {}
[2026-03-19 09:04:43] [INFO] [支撑位跌破警报-70000-止损位] CHECK_PASSED
  {}
[2026-03-19 09:06:46] [INFO] [压力位突破警报-78500-第二止盈位] 检测到规则文件已不存在
  {"path":"/home/administrator/.openclaw/july-btc-analyzer/skills/btc-alert/rules/2026-03-17-resistance-78500.js"}
[2026-03-19 09:06:46] [INFO] [压力位突破警报-78500-第二止盈位] RULE_UNLOADED
  {"reason":"file_removed"}
[2026-03-19 09:06:46] [INFO] [压力位突破警报-76000-昨日高点] 检测到规则文件已不存在
  {"path":"/home/administrator/.openclaw/july-btc-analyzer/skills/btc-alert/rules/2026-03-18-resistance-76000.js"}
[2026-03-19 09:06:46] [INFO] [压力位突破警报-76000-昨日高点] RULE_UNLOADED
  {"reason":"file_removed"}
[2026-03-19 09:06:46] [INFO] [支撑位跌破警报-70000-止损位] 检测到规则文件已不存在
  {"path":"/home/administrator/.openclaw/july-btc-analyzer/skills/btc-alert/rules/2026-03-18-support-70000-stoploss.js"}
[2026-03-19 09:06:46] [INFO] [支撑位跌破警报-70000-止损位] RULE_UNLOADED
  {"reason":"file_removed"}
[2026-03-19 09:06:46] [INFO] [支撑位跌破警报-71000-止损位] 检测到规则文件已不存在
  {"path":"/home/administrator/.openclaw/july-btc-analyzer/skills/btc-alert/rules/2026-03-18-support-71000-stoploss.js"}
[2026-03-19 09:06:46] [INFO] [支撑位跌破警报-71000-止损位] RULE_UNLOADED
  {"reason":"file_removed"}
[2026-03-19 09:07:32] [INFO] [Engine] 引擎关闭 (SIGINT)
[2026-03-19 09:07:32] [INFO] [Engine] 引擎启动
  {"rulesDir":"/home/administrator/.openclaw/july-btc-analyzer/skills/btc-alert/rules","archiveDir":"/home/administrator/.openclaw/july-btc-analyzer/skills/btc-alert/rules-archive","logFile":"/home/administrator/.openclaw/july-btc-analyzer/logs/alert-engine.log"}
[2026-03-19 09:07:32] [INFO] [阻力位突破警报-72000-EMA7] TIMER_STARTED
  {"interval":"300s","file":"2026-03-19-resistance-72000.js"}
[2026-03-19 09:07:32] [INFO] [阻力位突破警报-72000-EMA7] CHECK_START
  {}
[2026-03-19 09:07:32] [INFO] [支撑位跌破警报-70000-关键支撑] TIMER_STARTED
  {"interval":"300s","file":"2026-03-19-support-70000.js"}
[2026-03-19 09:07:32] [INFO] [支撑位跌破警报-70000-关键支撑] CHECK_START
  {}
[2026-03-19 09:07:32] [INFO] [Engine] 规则加载完成
  {"count":2}
[2026-03-19 09:07:33] [INFO] [阻力位突破警报-72000-EMA7] CHECK_PASSED
  {}
[2026-03-19 09:07:33] [INFO] [支撑位跌破警报-70000-关键支撑] CHECK_PASSED
  {}
[2026-03-19 09:12:31] [INFO] [阻力位突破警报-72000-EMA7] CHECK_START
  {}
[2026-03-19 09:12:31] [INFO] [支撑位跌破警报-70000-关键支撑] CHECK_START
  {}
[2026-03-19 09:12:31] [INFO] [支撑位跌破警报-70000-关键支撑] CHECK_PASSED
  {}
[2026-03-19 09:12:31] [INFO] [阻力位突破警报-72000-EMA7] CHECK_PASSED
  {}
[2026-03-19 09:17:29] [INFO] [阻力位突破警报-72000-EMA7] CHECK_START
  {}
[2026-03-19 09:17:29] [INFO] [支撑位跌破警报-70000-关键支撑] CHECK_START
  {}
[2026-03-19 09:17:30] [INFO] [支撑位跌破警报-70000-关键支撑] CHECK_PASSED
  {}
[2026-03-19 09:17:30] [INFO] [阻力位突破警报-72000-EMA7] CHECK_PASSED
  {}
[2026-03-19 09:22:28] [INFO] [阻力位突破警报-72000-EMA7] CHECK_START
  {}
[2026-03-19 09:22:28] [INFO] [支撑位跌破警报-70000-关键支撑] CHECK_START
  {}
[2026-03-19 09:22:29] [INFO] [支撑位跌破警报-70000-关键支撑] CHECK_PASSED
  {}
[2026-03-19 09:22:29] [INFO] [阻力位突破警报-72000-EMA7] CHECK_PASSED
  {}
[2026-03-19 09:27:26] [INFO] [阻力位突破警报-72000-EMA7] CHECK_START
  {}
[2026-03-19 09:27:26] [INFO] [支撑位跌破警报-70000-关键支撑] CHECK_START
  {}
[2026-03-19 09:27:27] [INFO] [支撑位跌破警报-70000-关键支撑] CHECK_PASSED
  {}
[2026-03-19 09:27:27] [INFO] [阻力位突破警报-72000-EMA7] CHECK_PASSED
  {}
[2026-03-19 09:32:25] [INFO] [阻力位突破警报-72000-EMA7] CHECK_START
  {}
[2026-03-19 09:32:25] [INFO] [支撑位跌破警报-70000-关键支撑] CHECK_START
  {}
[2026-03-19 09:32:26] [INFO] [支撑位跌破警报-70000-关键支撑] CHECK_PASSED
  {}
[2026-03-19 09:32:26] [INFO] [阻力位突破警报-72000-EMA7] CHECK_PASSED
  {}
[2026-03-19 09:37:24] [INFO] [阻力位突破警报-72000-EMA7] CHECK_START
  {}
[2026-03-19 09:37:24] [INFO] [支撑位跌破警报-70000-关键支撑] CHECK_START
  {}
[2026-03-19 09:37:25] [INFO] [阻力位突破警报-72000-EMA7] CHECK_PASSED
  {}
[2026-03-19 09:37:25] [INFO] [支撑位跌破警报-70000-关键支撑] CHECK_PASSED
  {}
[2026-03-19 09:42:22] [INFO] [阻力位突破警报-72000-EMA7] CHECK_START
  {}
[2026-03-19 09:42:22] [INFO] [支撑位跌破警报-70000-关键支撑] CHECK_START
  {}
[2026-03-19 09:42:23] [INFO] [支撑位跌破警报-70000-关键支撑] CHECK_PASSED
  {}
[2026-03-19 09:42:23] [INFO] [阻力位突破警报-72000-EMA7] CHECK_PASSED
  {}
[2026-03-19 09:47:18] [INFO] [阻力位突破警报-72000-EMA7] CHECK_START
  {}
[2026-03-19 09:47:18] [INFO] [支撑位跌破警报-70000-关键支撑] CHECK_START
  {}
[2026-03-19 09:47:19] [INFO] [支撑位跌破警报-70000-关键支撑] CHECK_PASSED
  {}
[2026-03-19 09:47:20] [INFO] [阻力位突破警报-72000-EMA7] CHECK_PASSED
  {}
[2026-03-19 09:52:14] [INFO] [阻力位突破警报-72000-EMA7] CHECK_START
  {}
[2026-03-19 09:52:14] [INFO] [支撑位跌破警报-70000-关键支撑] CHECK_START
  {}
[2026-03-19 09:52:15] [INFO] [阻力位突破警报-72000-EMA7] CHECK_PASSED
  {}
[2026-03-19 09:52:15] [INFO] [支撑位跌破警报-70000-关键支撑] CHECK_PASSED
  {}
[2026-03-19 09:57:11] [INFO] [阻力位突破警报-72000-EMA7] CHECK_START
  {}
[2026-03-19 09:57:11] [INFO] [支撑位跌破警报-70000-关键支撑] CHECK_START
  {}
[2026-03-19 09:57:12] [INFO] [阻力位突破警报-72000-EMA7] CHECK_PASSED
  {}
[2026-03-19 09:57:12] [INFO] [支撑位跌破警报-70000-关键支撑] CHECK_PASSED
  {}
[2026-03-19 10:02:07] [INFO] [阻力位突破警报-72000-EMA7] CHECK_START
  {}
[2026-03-19 10:02:07] [INFO] [支撑位跌破警报-70000-关键支撑] CHECK_START
  {}
[2026-03-19 10:02:08] [INFO] [阻力位突破警报-72000-EMA7] CHECK_PASSED
  {}
[2026-03-19 10:02:08] [INFO] [支撑位跌破警报-70000-关键支撑] CHECK_PASSED
  {}
[2026-03-19 10:07:05] [INFO] [阻力位突破警报-72000-EMA7] CHECK_START
  {}
[2026-03-19 10:07:05] [INFO] [支撑位跌破警报-70000-关键支撑] CHECK_START
  {}
[2026-03-19 10:07:05] [INFO] [支撑位跌破警报-70000-关键支撑] CHECK_PASSED
  {}
[2026-03-19 10:07:05] [INFO] [阻力位突破警报-72000-EMA7] CHECK_PASSED
  {}
[2026-03-19 10:12:02] [INFO] [阻力位突破警报-72000-EMA7] CHECK_START
  {}
[2026-03-19 10:12:02] [INFO] [支撑位跌破警报-70000-关键支撑] CHECK_START
  {}
[2026-03-19 10:12:02] [INFO] [阻力位突破警报-72000-EMA7] CHECK_PASSED
  {}
[2026-03-19 10:12:03] [INFO] [支撑位跌破警报-70000-关键支撑] CHECK_PASSED
  {}
[2026-03-19 10:16:57] [INFO] [阻力位突破警报-72000-EMA7] CHECK_START
  {}
[2026-03-19 10:16:57] [INFO] [支撑位跌破警报-70000-关键支撑] CHECK_START
  {}
[2026-03-19 10:16:58] [INFO] [支撑位跌破警报-70000-关键支撑] CHECK_PASSED
  {}
[2026-03-19 10:16:58] [INFO] [阻力位突破警报-72000-EMA7] CHECK_PASSED
  {}
[2026-03-19 10:21:52] [INFO] [阻力位突破警报-72000-EMA7] CHECK_START
  {}
[2026-03-19 10:21:52] [INFO] [支撑位跌破警报-70000-关键支撑] CHECK_START
  {}
[2026-03-19 10:21:52] [INFO] [支撑位跌破警报-70000-关键支撑] CHECK_PASSED
  {}
[2026-03-19 10:21:52] [INFO] [阻力位突破警报-72000-EMA7] CHECK_PASSED
  {}
[2026-03-19 10:26:45] [INFO] [阻力位突破警报-72000-EMA7] CHECK_START
  {}
[2026-03-19 10:26:45] [INFO] [支撑位跌破警报-70000-关键支撑] CHECK_START
  {}
[2026-03-19 10:26:46] [INFO] [阻力位突破警报-72000-EMA7] CHECK_PASSED
  {}
[2026-03-19 10:26:46] [INFO] [支撑位跌破警报-70000-关键支撑] CHECK_PASSED
  {}
[2026-03-19 10:31:39] [INFO] [阻力位突破警报-72000-EMA7] CHECK_START
  {}
[2026-03-19 10:31:39] [INFO] [支撑位跌破警报-70000-关键支撑] CHECK_START
  {}
[2026-03-19 10:31:39] [INFO] [阻力位突破警报-72000-EMA7] CHECK_PASSED
  {}
[2026-03-19 10:31:39] [INFO] [支撑位跌破警报-70000-关键支撑] CHECK_PASSED
  {}
[2026-03-19 10:36:32] [INFO] [阻力位突破警报-72000-EMA7] CHECK_START
  {}
[2026-03-19 10:36:32] [INFO] [支撑位跌破警报-70000-关键支撑] CHECK_START
  {}
[2026-03-19 10:36:33] [INFO] [支撑位跌破警报-70000-关键支撑] CHECK_PASSED
  {}
[2026-03-19 10:36:33] [INFO] [阻力位突破警报-72000-EMA7] CHECK_PASSED
  {}
[2026-03-19 10:41:25] [INFO] [阻力位突破警报-72000-EMA7] CHECK_START
  {}
[2026-03-19 10:41:25] [INFO] [支撑位跌破警报-70000-关键支撑] CHECK_START
  {}
[2026-03-19 10:41:26] [INFO] [支撑位跌破警报-70000-关键支撑] CHECK_PASSED
  {}
[2026-03-19 10:41:26] [INFO] [阻力位突破警报-72000-EMA7] CHECK_PASSED
  {}
[2026-03-19 10:46:18] [INFO] [阻力位突破警报-72000-EMA7] CHECK_START
  {}
[2026-03-19 10:46:18] [INFO] [支撑位跌破警报-70000-关键支撑] CHECK_START
  {}
[2026-03-19 10:46:18] [INFO] [阻力位突破警报-72000-EMA7] CHECK_PASSED
  {}
[2026-03-19 10:46:18] [INFO] [支撑位跌破警报-70000-关键支撑] CHECK_PASSED
  {}
[2026-03-19 10:51:10] [INFO] [阻力位突破警报-72000-EMA7] CHECK_START
  {}
[2026-03-19 10:51:10] [INFO] [支撑位跌破警报-70000-关键支撑] CHECK_START
  {}
[2026-03-19 10:51:11] [INFO] [阻力位突破警报-72000-EMA7] CHECK_PASSED
  {}
[2026-03-19 10:51:11] [INFO] [支撑位跌破警报-70000-关键支撑] CHECK_PASSED
  {}
[2026-03-19 10:56:02] [INFO] [阻力位突破警报-72000-EMA7] CHECK_START
  {}
[2026-03-19 10:56:02] [INFO] [支撑位跌破警报-70000-关键支撑] CHECK_START
  {}
[2026-03-19 10:56:03] [INFO] [阻力位突破警报-72000-EMA7] CHECK_PASSED
  {}
[2026-03-19 10:56:04] [INFO] [支撑位跌破警报-70000-关键支撑] CHECK_PASSED
  {}
[2026-03-19 11:00:54] [INFO] [阻力位突破警报-72000-EMA7] CHECK_START
  {}
[2026-03-19 11:00:54] [INFO] [支撑位跌破警报-70000-关键支撑] CHECK_START
  {}
[2026-03-19 11:00:55] [INFO] [支撑位跌破警报-70000-关键支撑] CHECK_PASSED
  {}
[2026-03-19 11:00:56] [INFO] [阻力位突破警报-72000-EMA7] CHECK_PASSED
  {}
[2026-03-19 11:05:47] [INFO] [阻力位突破警报-72000-EMA7] CHECK_START
  {}
[2026-03-19 11:05:47] [INFO] [支撑位跌破警报-70000-关键支撑] CHECK_START
  {}
[2026-03-19 11:05:47] [INFO] [支撑位跌破警报-70000-关键支撑] CHECK_PASSED
  {}
[2026-03-19 11:05:47] [INFO] [阻力位突破警报-72000-EMA7] CHECK_PASSED
  {}
[2026-03-19 11:10:38] [INFO] [阻力位突破警报-72000-EMA7] CHECK_START
  {}
[2026-03-19 11:10:38] [INFO] [支撑位跌破警报-70000-关键支撑] CHECK_START
  {}
[2026-03-19 11:10:39] [INFO] [阻力位突破警报-72000-EMA7] CHECK_PASSED
  {}
[2026-03-19 11:10:39] [INFO] [支撑位跌破警报-70000-关键支撑] CHECK_PASSED
  {}
[2026-03-19 11:15:30] [INFO] [阻力位突破警报-72000-EMA7] CHECK_START
  {}
[2026-03-19 11:15:30] [INFO] [支撑位跌破警报-70000-关键支撑] CHECK_START
  {}
[2026-03-19 11:15:31] [INFO] [阻力位突破警报-72000-EMA7] CHECK_PASSED
  {}
[2026-03-19 11:15:31] [INFO] [支撑位跌破警报-70000-关键支撑] CHECK_PASSED
  {}
[2026-03-19 11:20:22] [INFO] [阻力位突破警报-72000-EMA7] CHECK_START
  {}
[2026-03-19 11:20:22] [INFO] [支撑位跌破警报-70000-关键支撑] CHECK_START
  {}
[2026-03-19 11:20:22] [INFO] [支撑位跌破警报-70000-关键支撑] CHECK_PASSED
  {}
[2026-03-19 11:20:23] [INFO] [阻力位突破警报-72000-EMA7] CHECK_PASSED
  {}
[2026-03-19 11:25:13] [INFO] [阻力位突破警报-72000-EMA7] CHECK_START
  {}
[2026-03-19 11:25:13] [INFO] [支撑位跌破警报-70000-关键支撑] CHECK_START
  {}
[2026-03-19 11:25:14] [INFO] [支撑位跌破警报-70000-关键支撑] CHECK_PASSED
  {}
[2026-03-19 11:25:14] [INFO] [阻力位突破警报-72000-EMA7] CHECK_PASSED
  {}
[2026-03-19 11:30:05] [INFO] [阻力位突破警报-72000-EMA7] CHECK_START
  {}
[2026-03-19 11:30:05] [INFO] [支撑位跌破警报-70000-关键支撑] CHECK_START
  {}
[2026-03-19 11:30:05] [INFO] [支撑位跌破警报-70000-关键支撑] CHECK_PASSED
  {}
[2026-03-19 11:30:06] [INFO] [阻力位突破警报-72000-EMA7] CHECK_PASSED
  {}
[2026-03-19 11:34:56] [INFO] [阻力位突破警报-72000-EMA7] CHECK_START
  {}
[2026-03-19 11:34:56] [INFO] [支撑位跌破警报-70000-关键支撑] CHECK_START
  {}
[2026-03-19 11:34:57] [INFO] [阻力位突破警报-72000-EMA7] CHECK_PASSED
  {}
[2026-03-19 11:34:57] [INFO] [支撑位跌破警报-70000-关键支撑] CHECK_PASSED
  {}
[2026-03-19 11:39:47] [INFO] [阻力位突破警报-72000-EMA7] CHECK_START
  {}
[2026-03-19 11:39:47] [INFO] [支撑位跌破警报-70000-关键支撑] CHECK_START
  {}
[2026-03-19 11:39:48] [INFO] [支撑位跌破警报-70000-关键支撑] CHECK_PASSED
  {}
[2026-03-19 11:39:48] [INFO] [阻力位突破警报-72000-EMA7] CHECK_PASSED
  {}
[2026-03-19 11:44:38] [INFO] [阻力位突破警报-72000-EMA7] CHECK_START
  {}
[2026-03-19 11:44:38] [INFO] [支撑位跌破警报-70000-关键支撑] CHECK_START
  {}
[2026-03-19 11:44:39] [INFO] [阻力位突破警报-72000-EMA7] CHECK_PASSED
  {}
[2026-03-19 11:44:39] [INFO] [支撑位跌破警报-70000-关键支撑] CHECK_PASSED
  {}
[2026-03-19 11:49:30] [INFO] [阻力位突破警报-72000-EMA7] CHECK_START
  {}
[2026-03-19 11:49:30] [INFO] [支撑位跌破警报-70000-关键支撑] CHECK_START
  {}
[2026-03-19 11:49:30] [INFO] [阻力位突破警报-72000-EMA7] CHECK_PASSED
  {}
[2026-03-19 11:49:30] [INFO] [支撑位跌破警报-70000-关键支撑] CHECK_PASSED
  {}
[2026-03-19 11:54:20] [INFO] [阻力位突破警报-72000-EMA7] CHECK_START
  {}
[2026-03-19 11:54:20] [INFO] [支撑位跌破警报-70000-关键支撑] CHECK_START
  {}
[2026-03-19 11:54:21] [INFO] [支撑位跌破警报-70000-关键支撑] CHECK_PASSED
  {}
[2026-03-19 11:54:21] [INFO] [阻力位突破警报-72000-EMA7] CHECK_PASSED
  {}
[2026-03-19 11:59:11] [INFO] [阻力位突破警报-72000-EMA7] CHECK_START
  {}
[2026-03-19 11:59:11] [INFO] [支撑位跌破警报-70000-关键支撑] CHECK_START
  {}
[2026-03-19 11:59:12] [INFO] [支撑位跌破警报-70000-关键支撑] CHECK_PASSED
  {}
[2026-03-19 11:59:12] [INFO] [阻力位突破警报-72000-EMA7] CHECK_PASSED
  {}
[2026-03-19 12:04:01] [INFO] [阻力位突破警报-72000-EMA7] CHECK_START
  {}
[2026-03-19 12:04:01] [INFO] [支撑位跌破警报-70000-关键支撑] CHECK_START
  {}
[2026-03-19 12:04:01] [INFO] [支撑位跌破警报-70000-关键支撑] CHECK_PASSED
  {}
[2026-03-19 12:04:01] [INFO] [阻力位突破警报-72000-EMA7] CHECK_PASSED
  {}
[2026-03-19 12:08:51] [INFO] [阻力位突破警报-72000-EMA7] CHECK_START
  {}
[2026-03-19 12:08:51] [INFO] [支撑位跌破警报-70000-关键支撑] CHECK_START
  {}
[2026-03-19 12:08:52] [INFO] [支撑位跌破警报-70000-关键支撑] CHECK_PASSED
  {}
[2026-03-19 12:08:52] [INFO] [阻力位突破警报-72000-EMA7] CHECK_PASSED
  {}
[2026-03-19 12:13:41] [INFO] [阻力位突破警报-72000-EMA7] CHECK_START
  {}
[2026-03-19 12:13:42] [INFO] [支撑位跌破警报-70000-关键支撑] CHECK_START
  {}
[2026-03-19 12:13:42] [INFO] [支撑位跌破警报-70000-关键支撑] CHECK_PASSED
  {}
[2026-03-19 12:13:43] [INFO] [阻力位突破警报-72000-EMA7] CHECK_PASSED
  {}
[2026-03-19 12:18:31] [INFO] [阻力位突破警报-72000-EMA7] CHECK_START
  {}
[2026-03-19 12:18:31] [INFO] [支撑位跌破警报-70000-关键支撑] CHECK_START
  {}
[2026-03-19 12:18:32] [INFO] [阻力位突破警报-72000-EMA7] CHECK_PASSED
  {}
[2026-03-19 12:18:34] [INFO] [支撑位跌破警报-70000-关键支撑] CHECK_PASSED
  {}
[2026-03-19 12:23:21] [INFO] [阻力位突破警报-72000-EMA7] CHECK_START
  {}
[2026-03-19 12:23:21] [INFO] [支撑位跌破警报-70000-关键支撑] CHECK_START
  {}
[2026-03-19 12:23:22] [INFO] [支撑位跌破警报-70000-关键支撑] CHECK_PASSED
  {}
[2026-03-19 12:23:22] [INFO] [阻力位突破警报-72000-EMA7] CHECK_PASSED
  {}
[2026-03-19 12:28:11] [INFO] [阻力位突破警报-72000-EMA7] CHECK_START
  {}
[2026-03-19 12:28:11] [INFO] [支撑位跌破警报-70000-关键支撑] CHECK_START
  {}
[2026-03-19 12:28:13] [INFO] [支撑位跌破警报-70000-关键支撑] CHECK_PASSED
  {}
[2026-03-19 12:28:13] [INFO] [阻力位突破警报-72000-EMA7] CHECK_PASSED
  {}
[2026-03-19 12:33:01] [INFO] [阻力位突破警报-72000-EMA7] CHECK_START
  {}
[2026-03-19 12:33:01] [INFO] [支撑位跌破警报-70000-关键支撑] CHECK_START
  {}
[2026-03-19 12:33:02] [INFO] [支撑位跌破警报-70000-关键支撑] CHECK_PASSED
  {}
[2026-03-19 12:33:02] [INFO] [阻力位突破警报-72000-EMA7] CHECK_PASSED
  {}
[2026-03-19 12:37:50] [INFO] [阻力位突破警报-72000-EMA7] CHECK_START
  {}
[2026-03-19 12:37:50] [INFO] [支撑位跌破警报-70000-关键支撑] CHECK_START
  {}
[2026-03-19 12:37:51] [INFO] [支撑位跌破警报-70000-关键支撑] CHECK_PASSED
  {}
[2026-03-19 12:37:51] [INFO] [阻力位突破警报-72000-EMA7] CHECK_PASSED
  {}
[2026-03-19 12:42:39] [INFO] [阻力位突破警报-72000-EMA7] CHECK_START
  {}
[2026-03-19 12:42:39] [INFO] [支撑位跌破警报-70000-关键支撑] CHECK_START
  {}
[2026-03-19 12:42:40] [INFO] [支撑位跌破警报-70000-关键支撑] CHECK_PASSED
  {}
[2026-03-19 12:42:41] [INFO] [阻力位突破警报-72000-EMA7] CHECK_PASSED
  {}
[2026-03-19 12:47:28] [INFO] [阻力位突破警报-72000-EMA7] CHECK_START
  {}
[2026-03-19 12:47:28] [INFO] [支撑位跌破警报-70000-关键支撑] CHECK_START
  {}
[2026-03-19 12:47:29] [INFO] [阻力位突破警报-72000-EMA7] CHECK_PASSED
  {}
[2026-03-19 12:47:29] [INFO] [支撑位跌破警报-70000-关键支撑] CHECK_PASSED
  {}
[2026-03-19 12:52:17] [INFO] [阻力位突破警报-72000-EMA7] CHECK_START
  {}
[2026-03-19 12:52:17] [INFO] [支撑位跌破警报-70000-关键支撑] CHECK_START
  {}
[2026-03-19 12:52:18] [INFO] [支撑位跌破警报-70000-关键支撑] CHECK_PASSED
  {}
[2026-03-19 12:52:19] [INFO] [阻力位突破警报-72000-EMA7] CHECK_PASSED
  {}
