2026-03-09T16:40:13: [警报检查错误] 请求超时
2026-03-09T16:59:29: [警报检查错误] 请求超时
2026-03-09T16:59:31: [警报检查错误] 请求超时
2026-03-09T17:04:54: [警报检查错误] 请求超时
2026-03-09T17:05:00: [警报检查错误] 请求超时
2026-03-09T17:10:14: [警报检查错误] 请求超时
2026-03-09T17:15:34: [警报检查错误] 请求超时
2026-03-09T17:31:32: [警报检查错误] 请求超时
2026-03-09T17:36:26: [警报检查错误] API错误: You are over your rate limit please upgrade your account!
2026-03-09T18:46:05: [警报检查错误] API错误: You are over your rate limit please upgrade your account!
2026-03-09T18:56:05: [警报检查错误] API错误: You are over your rate limit please upgrade your account!
2026-03-09T19:21:04: [警报检查错误] API错误: You are over your rate limit please upgrade your account!
2026-03-09T19:36:34: [警报检查错误] 请求超时
2026-03-09T19:46:45: [警报检查错误] 请求超时
2026-03-09T20:01:57: [警报检查错误] 请求超时
2026-03-09T20:06:04: [警报检查错误] API错误: You are over your rate limit please upgrade your account!
2026-03-09T20:21:04: [警报检查错误] API错误: You are over your rate limit please upgrade your account!
2026-03-09T20:21:50: [警报检查错误] 请求超时
2026-03-09T20:26:05: [警报检查错误] API错误: You are over your rate limit please upgrade your account!
2026-03-09T20:26:18: [数据收集错误] read ECONNRESET
2026-03-09T23:12:05: [警报检查错误] 请求超时
2026-03-09T23:12:15: [警报检查错误] 请求超时
2026-03-10T01:26:35: [警报检查错误] 请求超时
2026-03-10T04:46:14: [数据收集错误] read ECONNRESET
2026-04-13T12:06:56: [警报检查错误] API错误: You are over your rate limit please upgrade your account!
2026-04-13T12:09:18: [警报检查错误] 
2026-04-13T12:10:45: [警报检查错误] this.fetchWithProxy is not a function
2026-04-14T13:14:07: [警报检查错误] 请求超时
2026-04-14T13:14:07: [警报检查错误] 请求超时
2026-04-15T01:35:25: [数据收集错误] API错误: You are over your rate limit please upgrade your account!
2026-04-15T02:47:00: [警报检查错误] API错误: You are over your rate limit please upgrade your account!
2026-04-16T03:35:56: [数据收集错误] API错误: You are over your rate limit please upgrade your account!
2026-04-16T03:43:31: [Alert Engine] Failed to load rule 2026-04-16-support-74500.js: Invalid or unexpected token
2026-04-16T03:43:31: [Alert Engine] [Engine] 加载规则失败: 2026-04-16-support-74500.js
2026-04-16T03:44:28: [Alert Engine] Failed to load rule 2026-04-16-support-74500.js: Invalid or unexpected token
2026-04-16T03:44:28: [Alert Engine] [Engine] 加载规则失败: 2026-04-16-support-74500.js
2026-04-16T03:45:26: [Alert Engine] Failed to load rule 2026-04-16-support-74500.js: Invalid or unexpected token
2026-04-16T03:45:26: [Alert Engine] [Engine] 加载规则失败: 2026-04-16-support-74500.js
2026-04-16T03:46:22: [Alert Engine] Failed to load rule 2026-04-16-support-74500.js: Invalid or unexpected token
2026-04-16T03:46:23: [Alert Engine] [Engine] 加载规则失败: 2026-04-16-support-74500.js
2026-04-16T03:47:18: [Alert Engine] Failed to load rule 2026-04-16-support-74500.js: Invalid or unexpected token
2026-04-16T03:47:18: [Alert Engine] [Engine] 加载规则失败: 2026-04-16-support-74500.js
2026-04-16T03:48:17: [Alert Engine] Failed to load rule 2026-04-16-support-74500.js: Invalid or unexpected token
2026-04-16T03:48:17: [Alert Engine] [Engine] 加载规则失败: 2026-04-16-support-74500.js
2026-04-16T03:49:13: [Alert Engine] Failed to load rule 2026-04-16-support-74500.js: Invalid or unexpected token
2026-04-16T03:49:13: [Alert Engine] [Engine] 加载规则失败: 2026-04-16-support-74500.js
2026-04-16T03:50:09: [Alert Engine] Failed to load rule 2026-04-16-support-74500.js: Invalid or unexpected token
2026-04-16T03:50:09: [Alert Engine] [Engine] 加载规则失败: 2026-04-16-support-74500.js
2026-04-16T03:51:06: [Alert Engine] Failed to load rule 2026-04-16-support-74500.js: Invalid or unexpected token
2026-04-16T03:51:06: [Alert Engine] [Engine] 加载规则失败: 2026-04-16-support-74500.js
2026-04-16T03:52:04: [Alert Engine] Failed to load rule 2026-04-16-support-74500.js: Invalid or unexpected token
2026-04-16T03:52:04: [Alert Engine] [Engine] 加载规则失败: 2026-04-16-support-74500.js
2026-04-16T03:53:01: [Alert Engine] Failed to load rule 2026-04-16-support-74500.js: Invalid or unexpected token
2026-04-16T03:53:01: [Alert Engine] [Engine] 加载规则失败: 2026-04-16-support-74500.js
2026-04-16T03:53:57: [Alert Engine] Failed to load rule 2026-04-16-support-74500.js: Invalid or unexpected token
2026-04-16T03:53:57: [Alert Engine] [Engine] 加载规则失败: 2026-04-16-support-74500.js
2026-04-16T03:54:54: [Alert Engine] Failed to load rule 2026-04-16-support-74500.js: Invalid or unexpected token
2026-04-16T03:54:54: [Alert Engine] [Engine] 加载规则失败: 2026-04-16-support-74500.js
2026-04-16T03:55:51: [Alert Engine] Failed to load rule 2026-04-16-support-74500.js: Invalid or unexpected token
2026-04-16T03:55:51: [Alert Engine] [Engine] 加载规则失败: 2026-04-16-support-74500.js
2026-04-16T03:56:47: [Alert Engine] Failed to load rule 2026-04-16-support-74500.js: Invalid or unexpected token
2026-04-16T03:56:47: [Alert Engine] [Engine] 加载规则失败: 2026-04-16-support-74500.js
2026-04-16T03:57:46: [Alert Engine] Failed to load rule 2026-04-16-support-74500.js: Invalid or unexpected token
2026-04-16T03:57:46: [Alert Engine] [Engine] 加载规则失败: 2026-04-16-support-74500.js
2026-04-16T03:58:42: [Alert Engine] Failed to load rule 2026-04-16-support-74500.js: Invalid or unexpected token
2026-04-16T03:58:42: [Alert Engine] [Engine] 加载规则失败: 2026-04-16-support-74500.js
2026-04-16T03:59:39: [Alert Engine] Failed to load rule 2026-04-16-support-74500.js: Invalid or unexpected token
2026-04-16T03:59:39: [Alert Engine] [Engine] 加载规则失败: 2026-04-16-support-74500.js
2026-04-16T04:00:35: [Alert Engine] Failed to load rule 2026-04-16-support-74500.js: Invalid or unexpected token
2026-04-16T04:00:35: [Alert Engine] [Engine] 加载规则失败: 2026-04-16-support-74500.js
2026-04-16T04:01:33: [Alert Engine] Failed to load rule 2026-04-16-support-74500.js: Invalid or unexpected token
2026-04-16T04:01:33: [Alert Engine] [Engine] 加载规则失败: 2026-04-16-support-74500.js
2026-04-16T04:02:30: [Alert Engine] Failed to load rule 2026-04-16-support-74500.js: Invalid or unexpected token
2026-04-16T04:02:30: [Alert Engine] [Engine] 加载规则失败: 2026-04-16-support-74500.js
2026-04-16T04:03:26: [Alert Engine] Failed to load rule 2026-04-16-support-74500.js: Invalid or unexpected token
2026-04-16T04:03:26: [Alert Engine] [Engine] 加载规则失败: 2026-04-16-support-74500.js
2026-04-16T04:04:23: [Alert Engine] Failed to load rule 2026-04-16-support-74500.js: Invalid or unexpected token
2026-04-16T04:04:23: [Alert Engine] [Engine] 加载规则失败: 2026-04-16-support-74500.js
2026-04-16T04:05:19: [Alert Engine] Failed to load rule 2026-04-16-support-74500.js: Invalid or unexpected token
2026-04-16T04:05:19: [Alert Engine] [Engine] 加载规则失败: 2026-04-16-support-74500.js
2026-04-16T04:06:18: [Alert Engine] Failed to load rule 2026-04-16-support-74500.js: Invalid or unexpected token
2026-04-16T04:06:18: [Alert Engine] [Engine] 加载规则失败: 2026-04-16-support-74500.js
2026-04-16T04:07:16: [Alert Engine] Failed to load rule 2026-04-16-support-74500.js: Invalid or unexpected token
2026-04-16T04:07:16: [Alert Engine] [Engine] 加载规则失败: 2026-04-16-support-74500.js
2026-04-16T04:08:12: [Alert Engine] Failed to load rule 2026-04-16-support-74500.js: Invalid or unexpected token
2026-04-16T04:08:12: [Alert Engine] [Engine] 加载规则失败: 2026-04-16-support-74500.js
2026-04-16T04:09:10: [Alert Engine] Failed to load rule 2026-04-16-support-74500.js: Invalid or unexpected token
2026-04-16T04:09:10: [Alert Engine] [Engine] 加载规则失败: 2026-04-16-support-74500.js
2026-04-16T04:10:08: [Alert Engine] Failed to load rule 2026-04-16-support-74500.js: Invalid or unexpected token
2026-04-16T04:10:08: [Alert Engine] [Engine] 加载规则失败: 2026-04-16-support-74500.js
2026-04-16T04:11:05: [Alert Engine] Failed to load rule 2026-04-16-support-74500.js: Invalid or unexpected token
2026-04-16T04:11:05: [Alert Engine] [Engine] 加载规则失败: 2026-04-16-support-74500.js
2026-04-16T04:12:02: [Alert Engine] Failed to load rule 2026-04-16-support-74500.js: Invalid or unexpected token
2026-04-16T04:12:02: [Alert Engine] [Engine] 加载规则失败: 2026-04-16-support-74500.js
2026-04-16T04:12:59: [Alert Engine] Failed to load rule 2026-04-16-support-74500.js: Invalid or unexpected token
2026-04-16T04:12:59: [Alert Engine] [Engine] 加载规则失败: 2026-04-16-support-74500.js
2026-04-16T04:13:55: [Alert Engine] Failed to load rule 2026-04-16-support-74500.js: Invalid or unexpected token
2026-04-16T04:13:55: [Alert Engine] [Engine] 加载规则失败: 2026-04-16-support-74500.js
2026-04-16T04:14:52: [Alert Engine] Failed to load rule 2026-04-16-support-74500.js: Invalid or unexpected token
2026-04-16T04:14:52: [Alert Engine] [Engine] 加载规则失败: 2026-04-16-support-74500.js
2026-04-16T04:15:50: [Alert Engine] Failed to load rule 2026-04-16-support-74500.js: Invalid or unexpected token
2026-04-16T04:15:50: [Alert Engine] [Engine] 加载规则失败: 2026-04-16-support-74500.js
2026-04-16T04:16:48: [Alert Engine] Failed to load rule 2026-04-16-support-74500.js: Invalid or unexpected token
2026-04-16T04:16:48: [Alert Engine] [Engine] 加载规则失败: 2026-04-16-support-74500.js
2026-04-16T04:17:47: [Alert Engine] Failed to load rule 2026-04-16-support-74500.js: Invalid or unexpected token
2026-04-16T04:17:47: [Alert Engine] [Engine] 加载规则失败: 2026-04-16-support-74500.js
2026-04-16T04:18:45: [Alert Engine] Failed to load rule 2026-04-16-support-74500.js: Invalid or unexpected token
2026-04-16T04:18:45: [Alert Engine] [Engine] 加载规则失败: 2026-04-16-support-74500.js
2026-04-16T04:19:42: [Alert Engine] Failed to load rule 2026-04-16-support-74500.js: Invalid or unexpected token
2026-04-16T04:19:42: [Alert Engine] [Engine] 加载规则失败: 2026-04-16-support-74500.js
2026-04-16T04:20:39: [Alert Engine] Failed to load rule 2026-04-16-support-74500.js: Invalid or unexpected token
2026-04-16T04:20:39: [Alert Engine] [Engine] 加载规则失败: 2026-04-16-support-74500.js
2026-04-16T04:21:35: [Alert Engine] Failed to load rule 2026-04-16-support-74500.js: Invalid or unexpected token
2026-04-16T04:21:35: [Alert Engine] [Engine] 加载规则失败: 2026-04-16-support-74500.js
2026-04-16T04:22:33: [Alert Engine] Failed to load rule 2026-04-16-support-74500.js: Invalid or unexpected token
2026-04-16T04:22:33: [Alert Engine] [Engine] 加载规则失败: 2026-04-16-support-74500.js
2026-04-16T04:23:30: [Alert Engine] Failed to load rule 2026-04-16-support-74500.js: Invalid or unexpected token
2026-04-16T04:23:30: [Alert Engine] [Engine] 加载规则失败: 2026-04-16-support-74500.js
2026-04-16T04:24:26: [Alert Engine] Failed to load rule 2026-04-16-support-74500.js: Invalid or unexpected token
2026-04-16T04:24:26: [Alert Engine] [Engine] 加载规则失败: 2026-04-16-support-74500.js
2026-04-16T04:25:23: [Alert Engine] Failed to load rule 2026-04-16-support-74500.js: Invalid or unexpected token
2026-04-16T04:25:23: [Alert Engine] [Engine] 加载规则失败: 2026-04-16-support-74500.js
2026-04-16T04:26:19: [Alert Engine] Failed to load rule 2026-04-16-support-74500.js: Invalid or unexpected token
2026-04-16T04:26:19: [Alert Engine] [Engine] 加载规则失败: 2026-04-16-support-74500.js
2026-04-16T04:27:15: [Alert Engine] Failed to load rule 2026-04-16-support-74500.js: Invalid or unexpected token
2026-04-16T04:27:15: [Alert Engine] [Engine] 加载规则失败: 2026-04-16-support-74500.js
2026-04-16T04:28:14: [Alert Engine] Failed to load rule 2026-04-16-support-74500.js: Invalid or unexpected token
2026-04-16T04:28:14: [Alert Engine] [Engine] 加载规则失败: 2026-04-16-support-74500.js
2026-04-16T04:29:10: [Alert Engine] Failed to load rule 2026-04-16-support-74500.js: Invalid or unexpected token
2026-04-16T04:29:10: [Alert Engine] [Engine] 加载规则失败: 2026-04-16-support-74500.js
2026-04-16T04:30:06: [Alert Engine] Failed to load rule 2026-04-16-support-74500.js: Invalid or unexpected token
2026-04-16T04:30:06: [Alert Engine] [Engine] 加载规则失败: 2026-04-16-support-74500.js
2026-04-16T04:31:03: [Alert Engine] Failed to load rule 2026-04-16-support-74500.js: Invalid or unexpected token
2026-04-16T04:31:03: [Alert Engine] [Engine] 加载规则失败: 2026-04-16-support-74500.js
2026-04-16T04:32:00: [Alert Engine] Failed to load rule 2026-04-16-support-74500.js: Invalid or unexpected token
2026-04-16T04:32:00: [Alert Engine] [Engine] 加载规则失败: 2026-04-16-support-74500.js
2026-04-16T04:32:56: [Alert Engine] Failed to load rule 2026-04-16-support-74500.js: Invalid or unexpected token
2026-04-16T04:32:56: [Alert Engine] [Engine] 加载规则失败: 2026-04-16-support-74500.js
2026-04-16T04:33:53: [Alert Engine] Failed to load rule 2026-04-16-support-74500.js: Invalid or unexpected token
2026-04-16T04:33:53: [Alert Engine] [Engine] 加载规则失败: 2026-04-16-support-74500.js
2026-04-16T04:34:50: [Alert Engine] Failed to load rule 2026-04-16-support-74500.js: Invalid or unexpected token
2026-04-16T04:34:50: [Alert Engine] [Engine] 加载规则失败: 2026-04-16-support-74500.js
2026-04-16T04:35:46: [Alert Engine] Failed to load rule 2026-04-16-support-74500.js: Invalid or unexpected token
2026-04-16T04:35:46: [Alert Engine] [Engine] 加载规则失败: 2026-04-16-support-74500.js
2026-04-16T04:36:43: [Alert Engine] Failed to load rule 2026-04-16-support-74500.js: Invalid or unexpected token
2026-04-16T04:36:43: [Alert Engine] [Engine] 加载规则失败: 2026-04-16-support-74500.js
2026-04-16T04:37:39: [Alert Engine] Failed to load rule 2026-04-16-support-74500.js: Invalid or unexpected token
2026-04-16T04:37:39: [Alert Engine] [Engine] 加载规则失败: 2026-04-16-support-74500.js
2026-04-16T04:38:36: [Alert Engine] Failed to load rule 2026-04-16-support-74500.js: Invalid or unexpected token
2026-04-16T04:38:36: [Alert Engine] [Engine] 加载规则失败: 2026-04-16-support-74500.js
2026-04-16T04:39:32: [Alert Engine] Failed to load rule 2026-04-16-support-74500.js: Invalid or unexpected token
2026-04-16T04:39:32: [Alert Engine] [Engine] 加载规则失败: 2026-04-16-support-74500.js
2026-04-16T04:40:28: [Alert Engine] Failed to load rule 2026-04-16-support-74500.js: Invalid or unexpected token
2026-04-16T04:40:28: [Alert Engine] [Engine] 加载规则失败: 2026-04-16-support-74500.js
2026-04-16T04:41:27: [Alert Engine] Failed to load rule 2026-04-16-support-74500.js: Invalid or unexpected token
2026-04-16T04:41:27: [Alert Engine] [Engine] 加载规则失败: 2026-04-16-support-74500.js
2026-04-16T04:42:23: [Alert Engine] Failed to load rule 2026-04-16-support-74500.js: Invalid or unexpected token
2026-04-16T04:42:23: [Alert Engine] [Engine] 加载规则失败: 2026-04-16-support-74500.js
2026-04-16T04:43:19: [Alert Engine] Failed to load rule 2026-04-16-support-74500.js: Invalid or unexpected token
2026-04-16T04:43:19: [Alert Engine] [Engine] 加载规则失败: 2026-04-16-support-74500.js
2026-04-16T04:44:18: [Alert Engine] Failed to load rule 2026-04-16-support-74500.js: Invalid or unexpected token
2026-04-16T04:44:18: [Alert Engine] [Engine] 加载规则失败: 2026-04-16-support-74500.js
2026-04-16T04:45:13: [Alert Engine] Failed to load rule 2026-04-16-support-74500.js: Invalid or unexpected token
2026-04-16T04:45:13: [Alert Engine] [Engine] 加载规则失败: 2026-04-16-support-74500.js
2026-04-16T04:46:10: [Alert Engine] Failed to load rule 2026-04-16-support-74500.js: Invalid or unexpected token
2026-04-16T04:46:10: [Alert Engine] [Engine] 加载规则失败: 2026-04-16-support-74500.js
2026-04-16T04:47:06: [Alert Engine] Failed to load rule 2026-04-16-support-74500.js: Invalid or unexpected token
2026-04-16T04:47:06: [Alert Engine] [Engine] 加载规则失败: 2026-04-16-support-74500.js
2026-04-16T04:48:03: [Alert Engine] Failed to load rule 2026-04-16-support-74500.js: Invalid or unexpected token
2026-04-16T04:48:03: [Alert Engine] [Engine] 加载规则失败: 2026-04-16-support-74500.js
2026-04-16T04:49:01: [Alert Engine] Failed to load rule 2026-04-16-support-74500.js: Invalid or unexpected token
2026-04-16T04:49:01: [Alert Engine] [Engine] 加载规则失败: 2026-04-16-support-74500.js
2026-04-16T04:49:58: [Alert Engine] Failed to load rule 2026-04-16-support-74500.js: Invalid or unexpected token
2026-04-16T04:49:58: [Alert Engine] [Engine] 加载规则失败: 2026-04-16-support-74500.js
2026-04-16T04:50:54: [Alert Engine] Failed to load rule 2026-04-16-support-74500.js: Invalid or unexpected token
2026-04-16T04:50:54: [Alert Engine] [Engine] 加载规则失败: 2026-04-16-support-74500.js
2026-04-16T04:51:50: [Alert Engine] Failed to load rule 2026-04-16-support-74500.js: Invalid or unexpected token
2026-04-16T04:51:50: [Alert Engine] [Engine] 加载规则失败: 2026-04-16-support-74500.js
2026-04-16T04:52:47: [Alert Engine] Failed to load rule 2026-04-16-support-74500.js: Invalid or unexpected token
2026-04-16T04:52:47: [Alert Engine] [Engine] 加载规则失败: 2026-04-16-support-74500.js
2026-04-16T04:53:45: [Alert Engine] Failed to load rule 2026-04-16-support-74500.js: Invalid or unexpected token
2026-04-16T04:53:45: [Alert Engine] [Engine] 加载规则失败: 2026-04-16-support-74500.js
2026-04-16T04:54:41: [Alert Engine] Failed to load rule 2026-04-16-support-74500.js: Invalid or unexpected token
2026-04-16T04:54:41: [Alert Engine] [Engine] 加载规则失败: 2026-04-16-support-74500.js
2026-04-16T04:55:38: [Alert Engine] Failed to load rule 2026-04-16-support-74500.js: Invalid or unexpected token
2026-04-16T04:55:38: [Alert Engine] [Engine] 加载规则失败: 2026-04-16-support-74500.js
2026-04-16T04:56:34: [Alert Engine] Failed to load rule 2026-04-16-support-74500.js: Invalid or unexpected token
2026-04-16T04:56:34: [Alert Engine] [Engine] 加载规则失败: 2026-04-16-support-74500.js
2026-04-16T04:57:33: [Alert Engine] Failed to load rule 2026-04-16-support-74500.js: Invalid or unexpected token
2026-04-16T04:57:33: [Alert Engine] [Engine] 加载规则失败: 2026-04-16-support-74500.js
2026-04-16T04:58:29: [Alert Engine] Failed to load rule 2026-04-16-support-74500.js: Invalid or unexpected token
2026-04-16T04:58:29: [Alert Engine] [Engine] 加载规则失败: 2026-04-16-support-74500.js
2026-04-16T04:59:25: [Alert Engine] Failed to load rule 2026-04-16-support-74500.js: Invalid or unexpected token
2026-04-16T04:59:25: [Alert Engine] [Engine] 加载规则失败: 2026-04-16-support-74500.js
2026-04-16T05:00:22: [Alert Engine] Failed to load rule 2026-04-16-support-74500.js: Invalid or unexpected token
2026-04-16T05:00:22: [Alert Engine] [Engine] 加载规则失败: 2026-04-16-support-74500.js
2026-04-16T05:01:20: [Alert Engine] Failed to load rule 2026-04-16-support-74500.js: Invalid or unexpected token
2026-04-16T05:01:20: [Alert Engine] [Engine] 加载规则失败: 2026-04-16-support-74500.js
2026-04-16T05:02:16: [Alert Engine] Failed to load rule 2026-04-16-support-74500.js: Invalid or unexpected token
2026-04-16T05:02:16: [Alert Engine] [Engine] 加载规则失败: 2026-04-16-support-74500.js
2026-04-16T05:03:12: [Alert Engine] Failed to load rule 2026-04-16-support-74500.js: Invalid or unexpected token
2026-04-16T05:03:12: [Alert Engine] [Engine] 加载规则失败: 2026-04-16-support-74500.js
2026-04-16T05:04:09: [Alert Engine] Failed to load rule 2026-04-16-support-74500.js: Invalid or unexpected token
2026-04-16T05:04:09: [Alert Engine] [Engine] 加载规则失败: 2026-04-16-support-74500.js
2026-04-16T05:05:07: [Alert Engine] Failed to load rule 2026-04-16-support-74500.js: Invalid or unexpected token
2026-04-16T05:05:07: [Alert Engine] [Engine] 加载规则失败: 2026-04-16-support-74500.js
2026-04-16T05:06:04: [Alert Engine] Failed to load rule 2026-04-16-support-74500.js: Invalid or unexpected token
2026-04-16T05:06:04: [Alert Engine] [Engine] 加载规则失败: 2026-04-16-support-74500.js
2026-04-16T05:07:04: [Alert Engine] Failed to load rule 2026-04-16-support-74500.js: Invalid or unexpected token
2026-04-16T05:07:04: [Alert Engine] [Engine] 加载规则失败: 2026-04-16-support-74500.js
2026-04-16T05:08:00: [Alert Engine] Failed to load rule 2026-04-16-support-74500.js: Invalid or unexpected token
2026-04-16T05:08:00: [Alert Engine] [Engine] 加载规则失败: 2026-04-16-support-74500.js
2026-04-16T05:08:57: [Alert Engine] Failed to load rule 2026-04-16-support-74500.js: Invalid or unexpected token
2026-04-16T05:08:57: [Alert Engine] [Engine] 加载规则失败: 2026-04-16-support-74500.js
2026-04-16T05:09:53: [Alert Engine] Failed to load rule 2026-04-16-support-74500.js: Invalid or unexpected token
2026-04-16T05:09:53: [Alert Engine] [Engine] 加载规则失败: 2026-04-16-support-74500.js
2026-04-16T05:10:50: [Alert Engine] Failed to load rule 2026-04-16-support-74500.js: Invalid or unexpected token
2026-04-16T05:10:50: [Alert Engine] [Engine] 加载规则失败: 2026-04-16-support-74500.js
2026-04-16T05:11:48: [Alert Engine] Failed to load rule 2026-04-16-support-74500.js: Invalid or unexpected token
2026-04-16T05:11:48: [Alert Engine] [Engine] 加载规则失败: 2026-04-16-support-74500.js
2026-04-16T05:12:45: [Alert Engine] Failed to load rule 2026-04-16-support-74500.js: Invalid or unexpected token
2026-04-16T05:12:45: [Alert Engine] [Engine] 加载规则失败: 2026-04-16-support-74500.js
2026-04-16T05:13:41: [Alert Engine] Failed to load rule 2026-04-16-support-74500.js: Invalid or unexpected token
2026-04-16T05:13:41: [Alert Engine] [Engine] 加载规则失败: 2026-04-16-support-74500.js
2026-04-16T05:14:38: [Alert Engine] Failed to load rule 2026-04-16-support-74500.js: Invalid or unexpected token
2026-04-16T05:14:38: [Alert Engine] [Engine] 加载规则失败: 2026-04-16-support-74500.js
2026-04-16T05:15:34: [Alert Engine] Failed to load rule 2026-04-16-support-74500.js: Invalid or unexpected token
2026-04-16T05:15:34: [Alert Engine] [Engine] 加载规则失败: 2026-04-16-support-74500.js
2026-04-16T05:16:31: [Alert Engine] Failed to load rule 2026-04-16-support-74500.js: Invalid or unexpected token
2026-04-16T05:16:31: [Alert Engine] [Engine] 加载规则失败: 2026-04-16-support-74500.js
2026-04-16T05:17:27: [Alert Engine] Failed to load rule 2026-04-16-support-74500.js: Invalid or unexpected token
2026-04-16T05:17:27: [Alert Engine] [Engine] 加载规则失败: 2026-04-16-support-74500.js
2026-04-16T05:18:25: [Alert Engine] Failed to load rule 2026-04-16-support-74500.js: Invalid or unexpected token
2026-04-16T05:18:25: [Alert Engine] [Engine] 加载规则失败: 2026-04-16-support-74500.js
2026-04-16T05:19:22: [Alert Engine] Failed to load rule 2026-04-16-support-74500.js: Invalid or unexpected token
2026-04-16T05:19:22: [Alert Engine] [Engine] 加载规则失败: 2026-04-16-support-74500.js
2026-04-16T05:20:18: [Alert Engine] Failed to load rule 2026-04-16-support-74500.js: Invalid or unexpected token
2026-04-16T05:20:18: [Alert Engine] [Engine] 加载规则失败: 2026-04-16-support-74500.js
2026-04-16T05:21:14: [Alert Engine] Failed to load rule 2026-04-16-support-74500.js: Invalid or unexpected token
2026-04-16T05:21:14: [Alert Engine] [Engine] 加载规则失败: 2026-04-16-support-74500.js
2026-04-16T05:22:11: [Alert Engine] Failed to load rule 2026-04-16-support-74500.js: Invalid or unexpected token
2026-04-16T05:22:11: [Alert Engine] [Engine] 加载规则失败: 2026-04-16-support-74500.js
2026-04-16T05:23:07: [Alert Engine] Failed to load rule 2026-04-16-support-74500.js: Invalid or unexpected token
2026-04-16T05:23:07: [Alert Engine] [Engine] 加载规则失败: 2026-04-16-support-74500.js
2026-04-16T05:24:06: [Alert Engine] Failed to load rule 2026-04-16-support-74500.js: Invalid or unexpected token
2026-04-16T05:24:06: [Alert Engine] [Engine] 加载规则失败: 2026-04-16-support-74500.js
2026-04-16T05:25:02: [Alert Engine] Failed to load rule 2026-04-16-support-74500.js: Invalid or unexpected token
2026-04-16T05:25:02: [Alert Engine] [Engine] 加载规则失败: 2026-04-16-support-74500.js
2026-04-16T05:25:58: [Alert Engine] Failed to load rule 2026-04-16-support-74500.js: Invalid or unexpected token
2026-04-16T05:25:58: [Alert Engine] [Engine] 加载规则失败: 2026-04-16-support-74500.js
2026-04-16T05:26:55: [Alert Engine] Failed to load rule 2026-04-16-support-74500.js: Invalid or unexpected token
2026-04-16T05:26:55: [Alert Engine] [Engine] 加载规则失败: 2026-04-16-support-74500.js
2026-04-16T05:27:51: [Alert Engine] Failed to load rule 2026-04-16-support-74500.js: Invalid or unexpected token
2026-04-16T05:27:51: [Alert Engine] [Engine] 加载规则失败: 2026-04-16-support-74500.js
2026-04-16T05:28:47: [Alert Engine] Failed to load rule 2026-04-16-support-74500.js: Invalid or unexpected token
2026-04-16T05:28:47: [Alert Engine] [Engine] 加载规则失败: 2026-04-16-support-74500.js
2026-04-16T05:29:43: [Alert Engine] Failed to load rule 2026-04-16-support-74500.js: Invalid or unexpected token
2026-04-16T05:29:43: [Alert Engine] [Engine] 加载规则失败: 2026-04-16-support-74500.js
2026-04-16T05:30:42: [Alert Engine] Failed to load rule 2026-04-16-support-74500.js: Invalid or unexpected token
2026-04-16T05:30:42: [Alert Engine] [Engine] 加载规则失败: 2026-04-16-support-74500.js
2026-04-16T05:31:39: [Alert Engine] Failed to load rule 2026-04-16-support-74500.js: Invalid or unexpected token
2026-04-16T05:31:39: [Alert Engine] [Engine] 加载规则失败: 2026-04-16-support-74500.js
2026-04-16T05:32:39: [Alert Engine] Failed to load rule 2026-04-16-support-74500.js: Invalid or unexpected token
2026-04-16T05:32:39: [Alert Engine] [Engine] 加载规则失败: 2026-04-16-support-74500.js
2026-04-16T05:33:39: [Alert Engine] Failed to load rule 2026-04-16-support-74500.js: Invalid or unexpected token
2026-04-16T05:33:39: [Alert Engine] [Engine] 加载规则失败: 2026-04-16-support-74500.js
2026-04-16T05:34:39: [Alert Engine] Failed to load rule 2026-04-16-support-74500.js: Invalid or unexpected token
2026-04-16T05:34:39: [Alert Engine] [Engine] 加载规则失败: 2026-04-16-support-74500.js
2026-04-16T05:35:39: [Alert Engine] Failed to load rule 2026-04-16-support-74500.js: Invalid or unexpected token
2026-04-16T05:35:39: [Alert Engine] [Engine] 加载规则失败: 2026-04-16-support-74500.js
2026-04-16T05:36:39: [Alert Engine] Failed to load rule 2026-04-16-support-74500.js: Invalid or unexpected token
2026-04-16T05:36:39: [Alert Engine] [Engine] 加载规则失败: 2026-04-16-support-74500.js
2026-04-16T05:37:39: [Alert Engine] Failed to load rule 2026-04-16-support-74500.js: Invalid or unexpected token
2026-04-16T05:37:39: [Alert Engine] [Engine] 加载规则失败: 2026-04-16-support-74500.js
2026-04-16T05:38:39: [Alert Engine] Failed to load rule 2026-04-16-support-74500.js: Invalid or unexpected token
2026-04-16T05:38:39: [Alert Engine] [Engine] 加载规则失败: 2026-04-16-support-74500.js
2026-04-16T05:39:39: [Alert Engine] Failed to load rule 2026-04-16-support-74500.js: Invalid or unexpected token
2026-04-16T05:39:39: [Alert Engine] [Engine] 加载规则失败: 2026-04-16-support-74500.js
2026-04-16T05:40:39: [Alert Engine] Failed to load rule 2026-04-16-support-74500.js: Invalid or unexpected token
2026-04-16T05:40:39: [Alert Engine] [Engine] 加载规则失败: 2026-04-16-support-74500.js
2026-04-16T05:41:39: [Alert Engine] Failed to load rule 2026-04-16-support-74500.js: Invalid or unexpected token
2026-04-16T05:41:39: [Alert Engine] [Engine] 加载规则失败: 2026-04-16-support-74500.js
2026-04-16T05:42:39: [Alert Engine] Failed to load rule 2026-04-16-support-74500.js: Invalid or unexpected token
2026-04-16T05:42:39: [Alert Engine] [Engine] 加载规则失败: 2026-04-16-support-74500.js
2026-04-16T05:43:39: [Alert Engine] Failed to load rule 2026-04-16-support-74500.js: Invalid or unexpected token
2026-04-16T05:43:39: [Alert Engine] [Engine] 加载规则失败: 2026-04-16-support-74500.js
2026-04-16T05:44:39: [Alert Engine] Failed to load rule 2026-04-16-support-74500.js: Invalid or unexpected token
2026-04-16T05:44:39: [Alert Engine] [Engine] 加载规则失败: 2026-04-16-support-74500.js
2026-04-16T05:45:39: [Alert Engine] Failed to load rule 2026-04-16-support-74500.js: Invalid or unexpected token
2026-04-16T05:45:39: [Alert Engine] [Engine] 加载规则失败: 2026-04-16-support-74500.js
2026-04-16T05:46:39: [Alert Engine] Failed to load rule 2026-04-16-support-74500.js: Invalid or unexpected token
2026-04-16T05:46:39: [Alert Engine] [Engine] 加载规则失败: 2026-04-16-support-74500.js
2026-04-16T05:47:39: [Alert Engine] Failed to load rule 2026-04-16-support-74500.js: Invalid or unexpected token
2026-04-16T05:47:39: [Alert Engine] [Engine] 加载规则失败: 2026-04-16-support-74500.js
2026-04-16T05:48:39: [Alert Engine] Failed to load rule 2026-04-16-support-74500.js: Invalid or unexpected token
2026-04-16T05:48:39: [Alert Engine] [Engine] 加载规则失败: 2026-04-16-support-74500.js
2026-04-16T05:49:39: [Alert Engine] Failed to load rule 2026-04-16-support-74500.js: Invalid or unexpected token
2026-04-16T05:49:39: [Alert Engine] [Engine] 加载规则失败: 2026-04-16-support-74500.js
2026-04-16T05:50:39: [Alert Engine] Failed to load rule 2026-04-16-support-74500.js: Invalid or unexpected token
2026-04-16T05:50:39: [Alert Engine] [Engine] 加载规则失败: 2026-04-16-support-74500.js
2026-04-16T05:51:39: [Alert Engine] Failed to load rule 2026-04-16-support-74500.js: Invalid or unexpected token
2026-04-16T05:51:39: [Alert Engine] [Engine] 加载规则失败: 2026-04-16-support-74500.js
2026-04-16T05:52:39: [Alert Engine] Failed to load rule 2026-04-16-support-74500.js: Invalid or unexpected token
2026-04-16T05:52:39: [Alert Engine] [Engine] 加载规则失败: 2026-04-16-support-74500.js
2026-04-16T05:53:39: [Alert Engine] Failed to load rule 2026-04-16-support-74500.js: Invalid or unexpected token
2026-04-16T05:53:39: [Alert Engine] [Engine] 加载规则失败: 2026-04-16-support-74500.js
2026-04-16T05:54:39: [Alert Engine] Failed to load rule 2026-04-16-support-74500.js: Invalid or unexpected token
2026-04-16T05:54:39: [Alert Engine] [Engine] 加载规则失败: 2026-04-16-support-74500.js
2026-04-16T05:55:39: [Alert Engine] Failed to load rule 2026-04-16-support-74500.js: Invalid or unexpected token
2026-04-16T05:55:39: [Alert Engine] [Engine] 加载规则失败: 2026-04-16-support-74500.js
2026-04-16T05:56:39: [Alert Engine] Failed to load rule 2026-04-16-support-74500.js: Invalid or unexpected token
2026-04-16T05:56:39: [Alert Engine] [Engine] 加载规则失败: 2026-04-16-support-74500.js
2026-04-16T05:57:39: [Alert Engine] Failed to load rule 2026-04-16-support-74500.js: Invalid or unexpected token
2026-04-16T05:57:39: [Alert Engine] [Engine] 加载规则失败: 2026-04-16-support-74500.js
2026-04-16T05:58:39: [Alert Engine] Failed to load rule 2026-04-16-support-74500.js: Invalid or unexpected token
2026-04-16T05:58:39: [Alert Engine] [Engine] 加载规则失败: 2026-04-16-support-74500.js
2026-04-16T05:59:39: [Alert Engine] Failed to load rule 2026-04-16-support-74500.js: Invalid or unexpected token
2026-04-16T05:59:39: [Alert Engine] [Engine] 加载规则失败: 2026-04-16-support-74500.js
2026-04-16T06:00:39: [Alert Engine] Failed to load rule 2026-04-16-support-74500.js: Invalid or unexpected token
2026-04-16T06:00:39: [Alert Engine] [Engine] 加载规则失败: 2026-04-16-support-74500.js
2026-04-16T06:01:39: [Alert Engine] Failed to load rule 2026-04-16-support-74500.js: Invalid or unexpected token
2026-04-16T06:01:39: [Alert Engine] [Engine] 加载规则失败: 2026-04-16-support-74500.js
2026-04-16T06:02:39: [Alert Engine] Failed to load rule 2026-04-16-support-74500.js: Invalid or unexpected token
2026-04-16T06:02:39: [Alert Engine] [Engine] 加载规则失败: 2026-04-16-support-74500.js
2026-04-16T06:03:39: [Alert Engine] Failed to load rule 2026-04-16-support-74500.js: Invalid or unexpected token
2026-04-16T06:03:39: [Alert Engine] [Engine] 加载规则失败: 2026-04-16-support-74500.js
2026-04-16T06:04:39: [Alert Engine] Failed to load rule 2026-04-16-support-74500.js: Invalid or unexpected token
2026-04-16T06:04:39: [Alert Engine] [Engine] 加载规则失败: 2026-04-16-support-74500.js
2026-04-16T06:05:39: [Alert Engine] Failed to load rule 2026-04-16-support-74500.js: Invalid or unexpected token
2026-04-16T06:05:39: [Alert Engine] [Engine] 加载规则失败: 2026-04-16-support-74500.js
2026-04-16T06:06:39: [Alert Engine] Failed to load rule 2026-04-16-support-74500.js: Invalid or unexpected token
2026-04-16T06:06:39: [Alert Engine] [Engine] 加载规则失败: 2026-04-16-support-74500.js
2026-04-16T06:07:39: [Alert Engine] Failed to load rule 2026-04-16-support-74500.js: Invalid or unexpected token
2026-04-16T06:07:39: [Alert Engine] [Engine] 加载规则失败: 2026-04-16-support-74500.js
2026-04-16T06:08:39: [Alert Engine] Failed to load rule 2026-04-16-support-74500.js: Invalid or unexpected token
2026-04-16T06:08:39: [Alert Engine] [Engine] 加载规则失败: 2026-04-16-support-74500.js
2026-04-16T06:09:39: [Alert Engine] Failed to load rule 2026-04-16-support-74500.js: Invalid or unexpected token
2026-04-16T06:09:39: [Alert Engine] [Engine] 加载规则失败: 2026-04-16-support-74500.js
2026-04-16T06:10:39: [Alert Engine] Failed to load rule 2026-04-16-support-74500.js: Invalid or unexpected token
2026-04-16T06:10:39: [Alert Engine] [Engine] 加载规则失败: 2026-04-16-support-74500.js
2026-04-16T06:11:39: [Alert Engine] Failed to load rule 2026-04-16-support-74500.js: Invalid or unexpected token
2026-04-16T06:11:39: [Alert Engine] [Engine] 加载规则失败: 2026-04-16-support-74500.js
2026-04-16T06:12:39: [Alert Engine] Failed to load rule 2026-04-16-support-74500.js: Invalid or unexpected token
2026-04-16T06:12:39: [Alert Engine] [Engine] 加载规则失败: 2026-04-16-support-74500.js
2026-04-16T06:13:39: [Alert Engine] Failed to load rule 2026-04-16-support-74500.js: Invalid or unexpected token
2026-04-16T06:13:39: [Alert Engine] [Engine] 加载规则失败: 2026-04-16-support-74500.js
2026-04-16T06:14:39: [Alert Engine] Failed to load rule 2026-04-16-support-74500.js: Invalid or unexpected token
2026-04-16T06:14:39: [Alert Engine] [Engine] 加载规则失败: 2026-04-16-support-74500.js
2026-04-16T06:15:39: [Alert Engine] Failed to load rule 2026-04-16-support-74500.js: Invalid or unexpected token
2026-04-16T06:15:39: [Alert Engine] [Engine] 加载规则失败: 2026-04-16-support-74500.js
2026-04-16T06:16:39: [Alert Engine] Failed to load rule 2026-04-16-support-74500.js: Invalid or unexpected token
2026-04-16T06:16:39: [Alert Engine] [Engine] 加载规则失败: 2026-04-16-support-74500.js
2026-04-16T06:17:39: [Alert Engine] Failed to load rule 2026-04-16-support-74500.js: Invalid or unexpected token
2026-04-16T06:17:39: [Alert Engine] [Engine] 加载规则失败: 2026-04-16-support-74500.js
2026-04-16T06:18:39: [Alert Engine] Failed to load rule 2026-04-16-support-74500.js: Invalid or unexpected token
2026-04-16T06:18:39: [Alert Engine] [Engine] 加载规则失败: 2026-04-16-support-74500.js
2026-04-16T06:19:39: [Alert Engine] Failed to load rule 2026-04-16-support-74500.js: Invalid or unexpected token
2026-04-16T06:19:39: [Alert Engine] [Engine] 加载规则失败: 2026-04-16-support-74500.js
2026-04-16T06:20:39: [Alert Engine] Failed to load rule 2026-04-16-support-74500.js: Invalid or unexpected token
2026-04-16T06:20:39: [Alert Engine] [Engine] 加载规则失败: 2026-04-16-support-74500.js
2026-04-16T06:21:39: [Alert Engine] Failed to load rule 2026-04-16-support-74500.js: Invalid or unexpected token
2026-04-16T06:21:39: [Alert Engine] [Engine] 加载规则失败: 2026-04-16-support-74500.js
2026-04-16T06:22:39: [Alert Engine] Failed to load rule 2026-04-16-support-74500.js: Invalid or unexpected token
2026-04-16T06:22:39: [Alert Engine] [Engine] 加载规则失败: 2026-04-16-support-74500.js
2026-04-16T06:23:39: [Alert Engine] Failed to load rule 2026-04-16-support-74500.js: Invalid or unexpected token
2026-04-16T06:23:39: [Alert Engine] [Engine] 加载规则失败: 2026-04-16-support-74500.js
2026-04-16T06:24:39: [Alert Engine] Failed to load rule 2026-04-16-support-74500.js: Invalid or unexpected token
2026-04-16T06:24:39: [Alert Engine] [Engine] 加载规则失败: 2026-04-16-support-74500.js
2026-04-16T06:25:39: [Alert Engine] Failed to load rule 2026-04-16-support-74500.js: Invalid or unexpected token
2026-04-16T06:25:39: [Alert Engine] [Engine] 加载规则失败: 2026-04-16-support-74500.js
2026-04-16T06:26:39: [Alert Engine] Failed to load rule 2026-04-16-support-74500.js: Invalid or unexpected token
2026-04-16T06:26:39: [Alert Engine] [Engine] 加载规则失败: 2026-04-16-support-74500.js
2026-04-16T06:27:39: [Alert Engine] Failed to load rule 2026-04-16-support-74500.js: Invalid or unexpected token
2026-04-16T06:27:39: [Alert Engine] [Engine] 加载规则失败: 2026-04-16-support-74500.js
2026-04-16T06:28:39: [Alert Engine] Failed to load rule 2026-04-16-support-74500.js: Invalid or unexpected token
2026-04-16T06:28:39: [Alert Engine] [Engine] 加载规则失败: 2026-04-16-support-74500.js
2026-04-16T06:29:39: [Alert Engine] Failed to load rule 2026-04-16-support-74500.js: Invalid or unexpected token
2026-04-16T06:29:39: [Alert Engine] [Engine] 加载规则失败: 2026-04-16-support-74500.js
2026-04-16T06:30:39: [Alert Engine] Failed to load rule 2026-04-16-support-74500.js: Invalid or unexpected token
2026-04-16T06:30:39: [Alert Engine] [Engine] 加载规则失败: 2026-04-16-support-74500.js
2026-04-16T06:31:39: [Alert Engine] Failed to load rule 2026-04-16-support-74500.js: Invalid or unexpected token
2026-04-16T06:31:39: [Alert Engine] [Engine] 加载规则失败: 2026-04-16-support-74500.js
2026-04-16T06:32:39: [Alert Engine] Failed to load rule 2026-04-16-support-74500.js: Invalid or unexpected token
2026-04-16T06:32:39: [Alert Engine] [Engine] 加载规则失败: 2026-04-16-support-74500.js
2026-04-16T06:33:39: [Alert Engine] Failed to load rule 2026-04-16-support-74500.js: Invalid or unexpected token
2026-04-16T06:33:39: [Alert Engine] [Engine] 加载规则失败: 2026-04-16-support-74500.js
2026-04-16T06:34:39: [Alert Engine] Failed to load rule 2026-04-16-support-74500.js: Invalid or unexpected token
2026-04-16T06:34:39: [Alert Engine] [Engine] 加载规则失败: 2026-04-16-support-74500.js
2026-04-16T06:35:39: [Alert Engine] Failed to load rule 2026-04-16-support-74500.js: Invalid or unexpected token
2026-04-16T06:35:39: [Alert Engine] [Engine] 加载规则失败: 2026-04-16-support-74500.js
2026-04-16T06:36:39: [Alert Engine] Failed to load rule 2026-04-16-support-74500.js: Invalid or unexpected token
2026-04-16T06:36:39: [Alert Engine] [Engine] 加载规则失败: 2026-04-16-support-74500.js
2026-04-16T06:37:39: [Alert Engine] Failed to load rule 2026-04-16-support-74500.js: Invalid or unexpected token
2026-04-16T06:37:39: [Alert Engine] [Engine] 加载规则失败: 2026-04-16-support-74500.js
2026-04-16T06:38:39: [Alert Engine] Failed to load rule 2026-04-16-support-74500.js: Invalid or unexpected token
2026-04-16T06:38:39: [Alert Engine] [Engine] 加载规则失败: 2026-04-16-support-74500.js
2026-04-16T06:39:39: [Alert Engine] Failed to load rule 2026-04-16-support-74500.js: Invalid or unexpected token
2026-04-16T06:39:39: [Alert Engine] [Engine] 加载规则失败: 2026-04-16-support-74500.js
2026-04-16T06:40:39: [Alert Engine] Failed to load rule 2026-04-16-support-74500.js: Invalid or unexpected token
2026-04-16T06:40:39: [Alert Engine] [Engine] 加载规则失败: 2026-04-16-support-74500.js
2026-04-16T06:41:39: [Alert Engine] Failed to load rule 2026-04-16-support-74500.js: Invalid or unexpected token
2026-04-16T06:41:39: [Alert Engine] [Engine] 加载规则失败: 2026-04-16-support-74500.js
2026-04-16T06:42:39: [Alert Engine] Failed to load rule 2026-04-16-support-74500.js: Invalid or unexpected token
2026-04-16T06:42:39: [Alert Engine] [Engine] 加载规则失败: 2026-04-16-support-74500.js
2026-04-16T06:43:39: [Alert Engine] Failed to load rule 2026-04-16-support-74500.js: Invalid or unexpected token
2026-04-16T06:43:39: [Alert Engine] [Engine] 加载规则失败: 2026-04-16-support-74500.js
2026-04-16T06:44:39: [Alert Engine] Failed to load rule 2026-04-16-support-74500.js: Invalid or unexpected token
2026-04-16T06:44:39: [Alert Engine] [Engine] 加载规则失败: 2026-04-16-support-74500.js
2026-04-16T06:45:39: [Alert Engine] Failed to load rule 2026-04-16-support-74500.js: Invalid or unexpected token
2026-04-16T06:45:39: [Alert Engine] [Engine] 加载规则失败: 2026-04-16-support-74500.js
2026-04-16T06:46:39: [Alert Engine] Failed to load rule 2026-04-16-support-74500.js: Invalid or unexpected token
2026-04-16T06:46:39: [Alert Engine] [Engine] 加载规则失败: 2026-04-16-support-74500.js
2026-04-16T06:47:39: [Alert Engine] Failed to load rule 2026-04-16-support-74500.js: Invalid or unexpected token
2026-04-16T06:47:39: [Alert Engine] [Engine] 加载规则失败: 2026-04-16-support-74500.js
2026-04-16T06:48:39: [Alert Engine] Failed to load rule 2026-04-16-support-74500.js: Invalid or unexpected token
2026-04-16T06:48:39: [Alert Engine] [Engine] 加载规则失败: 2026-04-16-support-74500.js
2026-04-16T06:49:39: [Alert Engine] Failed to load rule 2026-04-16-support-74500.js: Invalid or unexpected token
2026-04-16T06:49:39: [Alert Engine] [Engine] 加载规则失败: 2026-04-16-support-74500.js
2026-04-16T06:50:39: [Alert Engine] Failed to load rule 2026-04-16-support-74500.js: Invalid or unexpected token
2026-04-16T06:50:39: [Alert Engine] [Engine] 加载规则失败: 2026-04-16-support-74500.js
2026-04-16T06:51:39: [Alert Engine] Failed to load rule 2026-04-16-support-74500.js: Invalid or unexpected token
2026-04-16T06:51:39: [Alert Engine] [Engine] 加载规则失败: 2026-04-16-support-74500.js
2026-04-16T06:52:39: [Alert Engine] Failed to load rule 2026-04-16-support-74500.js: Invalid or unexpected token
2026-04-16T06:52:39: [Alert Engine] [Engine] 加载规则失败: 2026-04-16-support-74500.js
2026-04-16T06:53:39: [Alert Engine] Failed to load rule 2026-04-16-support-74500.js: Invalid or unexpected token
2026-04-16T06:53:39: [Alert Engine] [Engine] 加载规则失败: 2026-04-16-support-74500.js
2026-04-16T06:54:39: [Alert Engine] Failed to load rule 2026-04-16-support-74500.js: Invalid or unexpected token
2026-04-16T06:54:39: [Alert Engine] [Engine] 加载规则失败: 2026-04-16-support-74500.js
2026-04-16T06:55:39: [Alert Engine] Failed to load rule 2026-04-16-support-74500.js: Invalid or unexpected token
2026-04-16T06:55:39: [Alert Engine] [Engine] 加载规则失败: 2026-04-16-support-74500.js
2026-04-16T06:56:39: [Alert Engine] Failed to load rule 2026-04-16-support-74500.js: Invalid or unexpected token
2026-04-16T06:56:39: [Alert Engine] [Engine] 加载规则失败: 2026-04-16-support-74500.js
2026-04-16T06:57:39: [Alert Engine] Failed to load rule 2026-04-16-support-74500.js: Invalid or unexpected token
2026-04-16T06:57:39: [Alert Engine] [Engine] 加载规则失败: 2026-04-16-support-74500.js
2026-04-16T06:58:39: [Alert Engine] Failed to load rule 2026-04-16-support-74500.js: Invalid or unexpected token
2026-04-16T06:58:39: [Alert Engine] [Engine] 加载规则失败: 2026-04-16-support-74500.js
2026-04-16T06:59:39: [Alert Engine] Failed to load rule 2026-04-16-support-74500.js: Invalid or unexpected token
2026-04-16T06:59:39: [Alert Engine] [Engine] 加载规则失败: 2026-04-16-support-74500.js
2026-04-16T07:00:39: [Alert Engine] Failed to load rule 2026-04-16-support-74500.js: Invalid or unexpected token
2026-04-16T07:00:39: [Alert Engine] [Engine] 加载规则失败: 2026-04-16-support-74500.js
2026-04-16T07:01:39: [Alert Engine] Failed to load rule 2026-04-16-support-74500.js: Invalid or unexpected token
2026-04-16T07:01:39: [Alert Engine] [Engine] 加载规则失败: 2026-04-16-support-74500.js
2026-04-16T07:02:39: [Alert Engine] Failed to load rule 2026-04-16-support-74500.js: Invalid or unexpected token
2026-04-16T07:02:39: [Alert Engine] [Engine] 加载规则失败: 2026-04-16-support-74500.js
2026-04-16T07:03:39: [Alert Engine] Failed to load rule 2026-04-16-support-74500.js: Invalid or unexpected token
2026-04-16T07:03:39: [Alert Engine] [Engine] 加载规则失败: 2026-04-16-support-74500.js
2026-04-16T07:04:39: [Alert Engine] Failed to load rule 2026-04-16-support-74500.js: Invalid or unexpected token
2026-04-16T07:04:39: [Alert Engine] [Engine] 加载规则失败: 2026-04-16-support-74500.js
2026-04-16T07:05:39: [Alert Engine] Failed to load rule 2026-04-16-support-74500.js: Invalid or unexpected token
2026-04-16T07:05:39: [Alert Engine] [Engine] 加载规则失败: 2026-04-16-support-74500.js
2026-04-16T07:06:39: [Alert Engine] Failed to load rule 2026-04-16-support-74500.js: Invalid or unexpected token
2026-04-16T07:06:39: [Alert Engine] [Engine] 加载规则失败: 2026-04-16-support-74500.js
2026-04-16T07:07:39: [Alert Engine] Failed to load rule 2026-04-16-support-74500.js: Invalid or unexpected token
2026-04-16T07:07:39: [Alert Engine] [Engine] 加载规则失败: 2026-04-16-support-74500.js
2026-04-16T07:08:39: [Alert Engine] Failed to load rule 2026-04-16-support-74500.js: Invalid or unexpected token
2026-04-16T07:08:39: [Alert Engine] [Engine] 加载规则失败: 2026-04-16-support-74500.js
2026-04-16T07:09:39: [Alert Engine] Failed to load rule 2026-04-16-support-74500.js: Invalid or unexpected token
2026-04-16T07:09:39: [Alert Engine] [Engine] 加载规则失败: 2026-04-16-support-74500.js
2026-04-16T07:10:39: [Alert Engine] Failed to load rule 2026-04-16-support-74500.js: Invalid or unexpected token
2026-04-16T07:10:39: [Alert Engine] [Engine] 加载规则失败: 2026-04-16-support-74500.js
2026-04-16T07:11:39: [Alert Engine] Failed to load rule 2026-04-16-support-74500.js: Invalid or unexpected token
2026-04-16T07:11:39: [Alert Engine] [Engine] 加载规则失败: 2026-04-16-support-74500.js
2026-04-16T07:12:39: [Alert Engine] Failed to load rule 2026-04-16-support-74500.js: Invalid or unexpected token
2026-04-16T07:12:39: [Alert Engine] [Engine] 加载规则失败: 2026-04-16-support-74500.js
2026-04-16T07:13:39: [Alert Engine] Failed to load rule 2026-04-16-support-74500.js: Invalid or unexpected token
2026-04-16T07:13:39: [Alert Engine] [Engine] 加载规则失败: 2026-04-16-support-74500.js
2026-04-16T07:14:39: [Alert Engine] Failed to load rule 2026-04-16-support-74500.js: Invalid or unexpected token
2026-04-16T07:14:39: [Alert Engine] [Engine] 加载规则失败: 2026-04-16-support-74500.js
2026-04-16T07:15:39: [Alert Engine] Failed to load rule 2026-04-16-support-74500.js: Invalid or unexpected token
2026-04-16T07:15:39: [Alert Engine] [Engine] 加载规则失败: 2026-04-16-support-74500.js
2026-04-16T07:16:39: [Alert Engine] Failed to load rule 2026-04-16-support-74500.js: Invalid or unexpected token
2026-04-16T07:16:39: [Alert Engine] [Engine] 加载规则失败: 2026-04-16-support-74500.js
2026-04-16T07:17:39: [Alert Engine] Failed to load rule 2026-04-16-support-74500.js: Invalid or unexpected token
2026-04-16T07:17:39: [Alert Engine] [Engine] 加载规则失败: 2026-04-16-support-74500.js
2026-04-16T07:18:39: [Alert Engine] Failed to load rule 2026-04-16-support-74500.js: Invalid or unexpected token
2026-04-16T07:18:39: [Alert Engine] [Engine] 加载规则失败: 2026-04-16-support-74500.js
2026-04-16T07:19:39: [Alert Engine] Failed to load rule 2026-04-16-support-74500.js: Invalid or unexpected token
2026-04-16T07:19:39: [Alert Engine] [Engine] 加载规则失败: 2026-04-16-support-74500.js
2026-04-16T07:20:39: [Alert Engine] Failed to load rule 2026-04-16-support-74500.js: Invalid or unexpected token
2026-04-16T07:20:39: [Alert Engine] [Engine] 加载规则失败: 2026-04-16-support-74500.js
2026-04-16T07:21:39: [Alert Engine] Failed to load rule 2026-04-16-support-74500.js: Invalid or unexpected token
2026-04-16T07:21:39: [Alert Engine] [Engine] 加载规则失败: 2026-04-16-support-74500.js
2026-04-16T07:22:39: [Alert Engine] Failed to load rule 2026-04-16-support-74500.js: Invalid or unexpected token
2026-04-16T07:22:39: [Alert Engine] [Engine] 加载规则失败: 2026-04-16-support-74500.js
2026-04-16T07:23:39: [Alert Engine] Failed to load rule 2026-04-16-support-74500.js: Invalid or unexpected token
2026-04-16T07:23:39: [Alert Engine] [Engine] 加载规则失败: 2026-04-16-support-74500.js
2026-04-16T07:24:39: [Alert Engine] Failed to load rule 2026-04-16-support-74500.js: Invalid or unexpected token
2026-04-16T07:24:39: [Alert Engine] [Engine] 加载规则失败: 2026-04-16-support-74500.js
2026-04-16T07:25:39: [Alert Engine] Failed to load rule 2026-04-16-support-74500.js: Invalid or unexpected token
2026-04-16T07:25:39: [Alert Engine] [Engine] 加载规则失败: 2026-04-16-support-74500.js
2026-04-16T07:26:39: [Alert Engine] Failed to load rule 2026-04-16-support-74500.js: Invalid or unexpected token
2026-04-16T07:26:39: [Alert Engine] [Engine] 加载规则失败: 2026-04-16-support-74500.js
2026-04-16T07:27:39: [Alert Engine] Failed to load rule 2026-04-16-support-74500.js: Invalid or unexpected token
2026-04-16T07:27:39: [Alert Engine] [Engine] 加载规则失败: 2026-04-16-support-74500.js
2026-04-16T07:28:39: [Alert Engine] Failed to load rule 2026-04-16-support-74500.js: Invalid or unexpected token
2026-04-16T07:28:39: [Alert Engine] [Engine] 加载规则失败: 2026-04-16-support-74500.js
2026-04-16T07:29:39: [Alert Engine] Failed to load rule 2026-04-16-support-74500.js: Invalid or unexpected token
2026-04-16T07:29:39: [Alert Engine] [Engine] 加载规则失败: 2026-04-16-support-74500.js
2026-04-16T07:30:39: [Alert Engine] Failed to load rule 2026-04-16-support-74500.js: Invalid or unexpected token
2026-04-16T07:30:39: [Alert Engine] [Engine] 加载规则失败: 2026-04-16-support-74500.js
2026-04-16T07:31:39: [Alert Engine] Failed to load rule 2026-04-16-support-74500.js: Invalid or unexpected token
2026-04-16T07:31:39: [Alert Engine] [Engine] 加载规则失败: 2026-04-16-support-74500.js
2026-04-16T07:32:39: [Alert Engine] Failed to load rule 2026-04-16-support-74500.js: Invalid or unexpected token
2026-04-16T07:32:39: [Alert Engine] [Engine] 加载规则失败: 2026-04-16-support-74500.js
2026-04-16T07:33:39: [Alert Engine] Failed to load rule 2026-04-16-support-74500.js: Invalid or unexpected token
2026-04-16T07:33:39: [Alert Engine] [Engine] 加载规则失败: 2026-04-16-support-74500.js
2026-04-16T07:34:39: [Alert Engine] Failed to load rule 2026-04-16-support-74500.js: Invalid or unexpected token
2026-04-16T07:34:39: [Alert Engine] [Engine] 加载规则失败: 2026-04-16-support-74500.js
2026-04-16T07:35:39: [Alert Engine] Failed to load rule 2026-04-16-support-74500.js: Invalid or unexpected token
2026-04-16T07:35:39: [Alert Engine] [Engine] 加载规则失败: 2026-04-16-support-74500.js
2026-04-16T07:36:39: [Alert Engine] Failed to load rule 2026-04-16-support-74500.js: Invalid or unexpected token
2026-04-16T07:36:39: [Alert Engine] [Engine] 加载规则失败: 2026-04-16-support-74500.js
2026-04-16T07:37:39: [Alert Engine] Failed to load rule 2026-04-16-support-74500.js: Invalid or unexpected token
2026-04-16T07:37:39: [Alert Engine] [Engine] 加载规则失败: 2026-04-16-support-74500.js
2026-04-16T07:38:39: [Alert Engine] Failed to load rule 2026-04-16-support-74500.js: Invalid or unexpected token
2026-04-16T07:38:39: [Alert Engine] [Engine] 加载规则失败: 2026-04-16-support-74500.js
2026-04-16T07:39:39: [Alert Engine] Failed to load rule 2026-04-16-support-74500.js: Invalid or unexpected token
2026-04-16T07:39:39: [Alert Engine] [Engine] 加载规则失败: 2026-04-16-support-74500.js
2026-04-16T07:40:39: [Alert Engine] Failed to load rule 2026-04-16-support-74500.js: Invalid or unexpected token
2026-04-16T07:40:39: [Alert Engine] [Engine] 加载规则失败: 2026-04-16-support-74500.js
2026-04-16T07:41:39: [Alert Engine] Failed to load rule 2026-04-16-support-74500.js: Invalid or unexpected token
2026-04-16T07:41:39: [Alert Engine] [Engine] 加载规则失败: 2026-04-16-support-74500.js
2026-04-16T07:42:39: [Alert Engine] Failed to load rule 2026-04-16-support-74500.js: Invalid or unexpected token
2026-04-16T07:42:39: [Alert Engine] [Engine] 加载规则失败: 2026-04-16-support-74500.js
2026-04-16T07:43:39: [Alert Engine] Failed to load rule 2026-04-16-support-74500.js: Invalid or unexpected token
2026-04-16T07:43:39: [Alert Engine] [Engine] 加载规则失败: 2026-04-16-support-74500.js
2026-04-16T07:44:39: [Alert Engine] Failed to load rule 2026-04-16-support-74500.js: Invalid or unexpected token
2026-04-16T07:44:39: [Alert Engine] [Engine] 加载规则失败: 2026-04-16-support-74500.js
2026-04-16T07:45:39: [Alert Engine] Failed to load rule 2026-04-16-support-74500.js: Invalid or unexpected token
2026-04-16T07:45:39: [Alert Engine] [Engine] 加载规则失败: 2026-04-16-support-74500.js
2026-04-16T07:46:39: [Alert Engine] Failed to load rule 2026-04-16-support-74500.js: Invalid or unexpected token
2026-04-16T07:46:39: [Alert Engine] [Engine] 加载规则失败: 2026-04-16-support-74500.js
2026-04-16T07:47:39: [Alert Engine] Failed to load rule 2026-04-16-support-74500.js: Invalid or unexpected token
2026-04-16T07:47:39: [Alert Engine] [Engine] 加载规则失败: 2026-04-16-support-74500.js
2026-04-16T07:48:39: [Alert Engine] Failed to load rule 2026-04-16-support-74500.js: Invalid or unexpected token
2026-04-16T07:48:39: [Alert Engine] [Engine] 加载规则失败: 2026-04-16-support-74500.js
2026-04-16T07:49:39: [Alert Engine] Failed to load rule 2026-04-16-support-74500.js: Invalid or unexpected token
2026-04-16T07:49:39: [Alert Engine] [Engine] 加载规则失败: 2026-04-16-support-74500.js
2026-04-16T07:50:39: [Alert Engine] Failed to load rule 2026-04-16-support-74500.js: Invalid or unexpected token
2026-04-16T07:50:39: [Alert Engine] [Engine] 加载规则失败: 2026-04-16-support-74500.js
2026-04-16T07:51:39: [Alert Engine] Failed to load rule 2026-04-16-support-74500.js: Invalid or unexpected token
2026-04-16T07:51:39: [Alert Engine] [Engine] 加载规则失败: 2026-04-16-support-74500.js
2026-04-16T07:52:39: [Alert Engine] Failed to load rule 2026-04-16-support-74500.js: Invalid or unexpected token
2026-04-16T07:52:39: [Alert Engine] [Engine] 加载规则失败: 2026-04-16-support-74500.js
2026-04-16T07:53:39: [Alert Engine] Failed to load rule 2026-04-16-support-74500.js: Invalid or unexpected token
2026-04-16T07:53:39: [Alert Engine] [Engine] 加载规则失败: 2026-04-16-support-74500.js
2026-04-16T07:54:39: [Alert Engine] Failed to load rule 2026-04-16-support-74500.js: Invalid or unexpected token
2026-04-16T07:54:39: [Alert Engine] [Engine] 加载规则失败: 2026-04-16-support-74500.js
2026-04-16T07:55:39: [Alert Engine] Failed to load rule 2026-04-16-support-74500.js: Invalid or unexpected token
2026-04-16T07:55:39: [Alert Engine] [Engine] 加载规则失败: 2026-04-16-support-74500.js
2026-04-16T07:56:39: [Alert Engine] Failed to load rule 2026-04-16-support-74500.js: Invalid or unexpected token
2026-04-16T07:56:39: [Alert Engine] [Engine] 加载规则失败: 2026-04-16-support-74500.js
2026-04-16T07:57:39: [Alert Engine] Failed to load rule 2026-04-16-support-74500.js: Invalid or unexpected token
2026-04-16T07:57:39: [Alert Engine] [Engine] 加载规则失败: 2026-04-16-support-74500.js
2026-04-16T07:58:39: [Alert Engine] Failed to load rule 2026-04-16-support-74500.js: Invalid or unexpected token
2026-04-16T07:58:39: [Alert Engine] [Engine] 加载规则失败: 2026-04-16-support-74500.js
2026-04-16T07:59:39: [Alert Engine] Failed to load rule 2026-04-16-support-74500.js: Invalid or unexpected token
2026-04-16T07:59:39: [Alert Engine] [Engine] 加载规则失败: 2026-04-16-support-74500.js
2026-04-16T08:00:39: [Alert Engine] Failed to load rule 2026-04-16-support-74500.js: Invalid or unexpected token
2026-04-16T08:00:39: [Alert Engine] [Engine] 加载规则失败: 2026-04-16-support-74500.js
2026-04-16T08:01:39: [Alert Engine] Failed to load rule 2026-04-16-support-74500.js: Invalid or unexpected token
2026-04-16T08:01:39: [Alert Engine] [Engine] 加载规则失败: 2026-04-16-support-74500.js
2026-04-16T08:02:39: [Alert Engine] Failed to load rule 2026-04-16-support-74500.js: Invalid or unexpected token
2026-04-16T08:02:39: [Alert Engine] [Engine] 加载规则失败: 2026-04-16-support-74500.js
2026-04-16T08:03:39: [Alert Engine] Failed to load rule 2026-04-16-support-74500.js: Invalid or unexpected token
2026-04-16T08:03:39: [Alert Engine] [Engine] 加载规则失败: 2026-04-16-support-74500.js
2026-04-16T08:04:39: [Alert Engine] Failed to load rule 2026-04-16-support-74500.js: Invalid or unexpected token
2026-04-16T08:04:39: [Alert Engine] [Engine] 加载规则失败: 2026-04-16-support-74500.js
2026-04-16T08:05:39: [Alert Engine] Failed to load rule 2026-04-16-support-74500.js: Invalid or unexpected token
2026-04-16T08:05:39: [Alert Engine] [Engine] 加载规则失败: 2026-04-16-support-74500.js
2026-04-16T08:06:39: [Alert Engine] Failed to load rule 2026-04-16-support-74500.js: Invalid or unexpected token
2026-04-16T08:06:39: [Alert Engine] [Engine] 加载规则失败: 2026-04-16-support-74500.js
2026-04-16T08:07:39: [Alert Engine] Failed to load rule 2026-04-16-support-74500.js: Invalid or unexpected token
2026-04-16T08:07:39: [Alert Engine] [Engine] 加载规则失败: 2026-04-16-support-74500.js
2026-04-16T08:08:39: [Alert Engine] Failed to load rule 2026-04-16-support-74500.js: Invalid or unexpected token
2026-04-16T08:08:39: [Alert Engine] [Engine] 加载规则失败: 2026-04-16-support-74500.js
2026-04-16T08:09:39: [Alert Engine] Failed to load rule 2026-04-16-support-74500.js: Invalid or unexpected token
2026-04-16T08:09:39: [Alert Engine] [Engine] 加载规则失败: 2026-04-16-support-74500.js
2026-04-16T08:10:39: [Alert Engine] Failed to load rule 2026-04-16-support-74500.js: Invalid or unexpected token
2026-04-16T08:10:39: [Alert Engine] [Engine] 加载规则失败: 2026-04-16-support-74500.js
2026-04-16T08:11:39: [Alert Engine] Failed to load rule 2026-04-16-support-74500.js: Invalid or unexpected token
2026-04-16T08:11:39: [Alert Engine] [Engine] 加载规则失败: 2026-04-16-support-74500.js
2026-04-16T08:12:39: [Alert Engine] Failed to load rule 2026-04-16-support-74500.js: Invalid or unexpected token
2026-04-16T08:12:39: [Alert Engine] [Engine] 加载规则失败: 2026-04-16-support-74500.js
2026-04-16T08:13:39: [Alert Engine] Failed to load rule 2026-04-16-support-74500.js: Invalid or unexpected token
2026-04-16T08:13:39: [Alert Engine] [Engine] 加载规则失败: 2026-04-16-support-74500.js
2026-04-16T08:14:39: [Alert Engine] Failed to load rule 2026-04-16-support-74500.js: Invalid or unexpected token
2026-04-16T08:14:39: [Alert Engine] [Engine] 加载规则失败: 2026-04-16-support-74500.js
2026-04-16T08:15:39: [Alert Engine] Failed to load rule 2026-04-16-support-74500.js: Invalid or unexpected token
2026-04-16T08:15:39: [Alert Engine] [Engine] 加载规则失败: 2026-04-16-support-74500.js
2026-04-16T08:16:39: [Alert Engine] Failed to load rule 2026-04-16-support-74500.js: Invalid or unexpected token
2026-04-16T08:16:39: [Alert Engine] [Engine] 加载规则失败: 2026-04-16-support-74500.js
2026-04-16T08:17:39: [Alert Engine] Failed to load rule 2026-04-16-support-74500.js: Invalid or unexpected token
2026-04-16T08:17:39: [Alert Engine] [Engine] 加载规则失败: 2026-04-16-support-74500.js
2026-04-16T08:18:39: [Alert Engine] Failed to load rule 2026-04-16-support-74500.js: Invalid or unexpected token
2026-04-16T08:18:39: [Alert Engine] [Engine] 加载规则失败: 2026-04-16-support-74500.js
2026-04-16T08:19:39: [Alert Engine] Failed to load rule 2026-04-16-support-74500.js: Invalid or unexpected token
2026-04-16T08:19:39: [Alert Engine] [Engine] 加载规则失败: 2026-04-16-support-74500.js
2026-04-16T08:20:39: [Alert Engine] Failed to load rule 2026-04-16-support-74500.js: Invalid or unexpected token
2026-04-16T08:20:39: [Alert Engine] [Engine] 加载规则失败: 2026-04-16-support-74500.js
2026-04-16T08:21:39: [Alert Engine] Failed to load rule 2026-04-16-support-74500.js: Invalid or unexpected token
2026-04-16T08:21:39: [Alert Engine] [Engine] 加载规则失败: 2026-04-16-support-74500.js
2026-04-16T08:22:39: [Alert Engine] Failed to load rule 2026-04-16-support-74500.js: Invalid or unexpected token
2026-04-16T08:22:39: [Alert Engine] [Engine] 加载规则失败: 2026-04-16-support-74500.js
2026-04-16T08:23:39: [Alert Engine] Failed to load rule 2026-04-16-support-74500.js: Invalid or unexpected token
2026-04-16T08:23:39: [Alert Engine] [Engine] 加载规则失败: 2026-04-16-support-74500.js
2026-04-16T08:24:39: [Alert Engine] Failed to load rule 2026-04-16-support-74500.js: Invalid or unexpected token
2026-04-16T08:24:39: [Alert Engine] [Engine] 加载规则失败: 2026-04-16-support-74500.js
2026-04-16T08:25:39: [Alert Engine] Failed to load rule 2026-04-16-support-74500.js: Invalid or unexpected token
2026-04-16T08:25:39: [Alert Engine] [Engine] 加载规则失败: 2026-04-16-support-74500.js
2026-04-16T08:26:39: [Alert Engine] Failed to load rule 2026-04-16-support-74500.js: Invalid or unexpected token
2026-04-16T08:26:39: [Alert Engine] [Engine] 加载规则失败: 2026-04-16-support-74500.js
2026-04-16T08:27:39: [Alert Engine] Failed to load rule 2026-04-16-support-74500.js: Invalid or unexpected token
2026-04-16T08:27:39: [Alert Engine] [Engine] 加载规则失败: 2026-04-16-support-74500.js
2026-04-16T08:28:39: [Alert Engine] Failed to load rule 2026-04-16-support-74500.js: Invalid or unexpected token
2026-04-16T08:28:39: [Alert Engine] [Engine] 加载规则失败: 2026-04-16-support-74500.js
2026-04-16T08:29:39: [Alert Engine] Failed to load rule 2026-04-16-support-74500.js: Invalid or unexpected token
2026-04-16T08:29:39: [Alert Engine] [Engine] 加载规则失败: 2026-04-16-support-74500.js
2026-04-16T08:30:39: [Alert Engine] Failed to load rule 2026-04-16-support-74500.js: Invalid or unexpected token
2026-04-16T08:30:39: [Alert Engine] [Engine] 加载规则失败: 2026-04-16-support-74500.js
2026-04-16T08:31:39: [Alert Engine] Failed to load rule 2026-04-16-support-74500.js: Invalid or unexpected token
2026-04-16T08:31:39: [Alert Engine] [Engine] 加载规则失败: 2026-04-16-support-74500.js
2026-04-16T08:32:39: [Alert Engine] Failed to load rule 2026-04-16-support-74500.js: Invalid or unexpected token
2026-04-16T08:32:39: [Alert Engine] [Engine] 加载规则失败: 2026-04-16-support-74500.js
2026-04-16T08:33:39: [Alert Engine] Failed to load rule 2026-04-16-support-74500.js: Invalid or unexpected token
2026-04-16T08:33:39: [Alert Engine] [Engine] 加载规则失败: 2026-04-16-support-74500.js
2026-04-16T08:34:39: [Alert Engine] Failed to load rule 2026-04-16-support-74500.js: Invalid or unexpected token
2026-04-16T08:34:39: [Alert Engine] [Engine] 加载规则失败: 2026-04-16-support-74500.js
2026-04-16T08:35:39: [Alert Engine] Failed to load rule 2026-04-16-support-74500.js: Invalid or unexpected token
2026-04-16T08:35:39: [Alert Engine] [Engine] 加载规则失败: 2026-04-16-support-74500.js
2026-04-16T08:36:39: [Alert Engine] Failed to load rule 2026-04-16-support-74500.js: Invalid or unexpected token
2026-04-16T08:36:39: [Alert Engine] [Engine] 加载规则失败: 2026-04-16-support-74500.js
2026-04-16T08:37:39: [Alert Engine] Failed to load rule 2026-04-16-support-74500.js: Invalid or unexpected token
2026-04-16T08:37:39: [Alert Engine] [Engine] 加载规则失败: 2026-04-16-support-74500.js
2026-04-16T08:38:39: [Alert Engine] Failed to load rule 2026-04-16-support-74500.js: Invalid or unexpected token
2026-04-16T08:38:39: [Alert Engine] [Engine] 加载规则失败: 2026-04-16-support-74500.js
2026-04-16T08:39:39: [Alert Engine] Failed to load rule 2026-04-16-support-74500.js: Invalid or unexpected token
2026-04-16T08:39:39: [Alert Engine] [Engine] 加载规则失败: 2026-04-16-support-74500.js
2026-04-16T08:40:39: [Alert Engine] Failed to load rule 2026-04-16-support-74500.js: Invalid or unexpected token
2026-04-16T08:40:39: [Alert Engine] [Engine] 加载规则失败: 2026-04-16-support-74500.js
2026-04-16T08:41:39: [Alert Engine] Failed to load rule 2026-04-16-support-74500.js: Invalid or unexpected token
2026-04-16T08:41:39: [Alert Engine] [Engine] 加载规则失败: 2026-04-16-support-74500.js
2026-04-16T08:42:39: [Alert Engine] Failed to load rule 2026-04-16-support-74500.js: Invalid or unexpected token
2026-04-16T08:42:39: [Alert Engine] [Engine] 加载规则失败: 2026-04-16-support-74500.js
2026-04-16T08:43:39: [Alert Engine] Failed to load rule 2026-04-16-support-74500.js: Invalid or unexpected token
2026-04-16T08:43:39: [Alert Engine] [Engine] 加载规则失败: 2026-04-16-support-74500.js
2026-04-16T08:44:39: [Alert Engine] Failed to load rule 2026-04-16-support-74500.js: Invalid or unexpected token
2026-04-16T08:44:39: [Alert Engine] [Engine] 加载规则失败: 2026-04-16-support-74500.js
2026-04-16T08:45:39: [Alert Engine] Failed to load rule 2026-04-16-support-74500.js: Invalid or unexpected token
2026-04-16T08:45:39: [Alert Engine] [Engine] 加载规则失败: 2026-04-16-support-74500.js
2026-04-16T08:46:39: [Alert Engine] Failed to load rule 2026-04-16-support-74500.js: Invalid or unexpected token
2026-04-16T08:46:39: [Alert Engine] [Engine] 加载规则失败: 2026-04-16-support-74500.js
2026-04-16T08:47:39: [Alert Engine] Failed to load rule 2026-04-16-support-74500.js: Invalid or unexpected token
2026-04-16T08:47:39: [Alert Engine] [Engine] 加载规则失败: 2026-04-16-support-74500.js
2026-04-16T08:48:39: [Alert Engine] Failed to load rule 2026-04-16-support-74500.js: Invalid or unexpected token
2026-04-16T08:48:39: [Alert Engine] [Engine] 加载规则失败: 2026-04-16-support-74500.js
2026-04-16T08:49:39: [Alert Engine] Failed to load rule 2026-04-16-support-74500.js: Invalid or unexpected token
2026-04-16T08:49:39: [Alert Engine] [Engine] 加载规则失败: 2026-04-16-support-74500.js
2026-04-16T08:50:39: [Alert Engine] Failed to load rule 2026-04-16-support-74500.js: Invalid or unexpected token
2026-04-16T08:50:39: [Alert Engine] [Engine] 加载规则失败: 2026-04-16-support-74500.js
2026-04-16T08:51:39: [Alert Engine] Failed to load rule 2026-04-16-support-74500.js: Invalid or unexpected token
2026-04-16T08:51:39: [Alert Engine] [Engine] 加载规则失败: 2026-04-16-support-74500.js
2026-04-16T08:52:39: [Alert Engine] Failed to load rule 2026-04-16-support-74500.js: Invalid or unexpected token
2026-04-16T08:52:39: [Alert Engine] [Engine] 加载规则失败: 2026-04-16-support-74500.js
2026-04-16T08:53:39: [Alert Engine] Failed to load rule 2026-04-16-support-74500.js: Invalid or unexpected token
2026-04-16T08:53:39: [Alert Engine] [Engine] 加载规则失败: 2026-04-16-support-74500.js
2026-04-16T08:54:39: [Alert Engine] Failed to load rule 2026-04-16-support-74500.js: Invalid or unexpected token
2026-04-16T08:54:39: [Alert Engine] [Engine] 加载规则失败: 2026-04-16-support-74500.js
2026-04-16T08:55:39: [Alert Engine] Failed to load rule 2026-04-16-support-74500.js: Invalid or unexpected token
2026-04-16T08:55:39: [Alert Engine] [Engine] 加载规则失败: 2026-04-16-support-74500.js
2026-04-16T08:56:39: [Alert Engine] Failed to load rule 2026-04-16-support-74500.js: Invalid or unexpected token
2026-04-16T08:56:39: [Alert Engine] [Engine] 加载规则失败: 2026-04-16-support-74500.js
2026-04-16T08:57:39: [Alert Engine] Failed to load rule 2026-04-16-support-74500.js: Invalid or unexpected token
2026-04-16T08:57:39: [Alert Engine] [Engine] 加载规则失败: 2026-04-16-support-74500.js
2026-04-16T08:58:39: [Alert Engine] Failed to load rule 2026-04-16-support-74500.js: Invalid or unexpected token
2026-04-16T08:58:39: [Alert Engine] [Engine] 加载规则失败: 2026-04-16-support-74500.js
2026-04-16T08:59:39: [Alert Engine] Failed to load rule 2026-04-16-support-74500.js: Invalid or unexpected token
2026-04-16T08:59:39: [Alert Engine] [Engine] 加载规则失败: 2026-04-16-support-74500.js
2026-04-16T09:00:39: [Alert Engine] Failed to load rule 2026-04-16-support-74500.js: Invalid or unexpected token
2026-04-16T09:00:39: [Alert Engine] [Engine] 加载规则失败: 2026-04-16-support-74500.js
2026-04-16T09:01:39: [Alert Engine] Failed to load rule 2026-04-16-support-74500.js: Invalid or unexpected token
2026-04-16T09:01:39: [Alert Engine] [Engine] 加载规则失败: 2026-04-16-support-74500.js
2026-04-16T09:02:39: [Alert Engine] Failed to load rule 2026-04-16-support-74500.js: Invalid or unexpected token
2026-04-16T09:02:39: [Alert Engine] [Engine] 加载规则失败: 2026-04-16-support-74500.js
2026-04-16T09:03:39: [Alert Engine] Failed to load rule 2026-04-16-support-74500.js: Invalid or unexpected token
2026-04-16T09:03:39: [Alert Engine] [Engine] 加载规则失败: 2026-04-16-support-74500.js
2026-04-16T09:04:39: [Alert Engine] Failed to load rule 2026-04-16-support-74500.js: Invalid or unexpected token
2026-04-16T09:04:39: [Alert Engine] [Engine] 加载规则失败: 2026-04-16-support-74500.js
2026-04-16T09:05:39: [Alert Engine] Failed to load rule 2026-04-16-support-74500.js: Invalid or unexpected token
2026-04-16T09:05:39: [Alert Engine] [Engine] 加载规则失败: 2026-04-16-support-74500.js
2026-04-16T09:06:39: [Alert Engine] Failed to load rule 2026-04-16-support-74500.js: Invalid or unexpected token
2026-04-16T09:06:39: [Alert Engine] [Engine] 加载规则失败: 2026-04-16-support-74500.js
2026-04-16T09:07:39: [Alert Engine] Failed to load rule 2026-04-16-support-74500.js: Invalid or unexpected token
2026-04-16T09:07:39: [Alert Engine] [Engine] 加载规则失败: 2026-04-16-support-74500.js
2026-04-16T09:08:39: [Alert Engine] Failed to load rule 2026-04-16-support-74500.js: Invalid or unexpected token
2026-04-16T09:08:39: [Alert Engine] [Engine] 加载规则失败: 2026-04-16-support-74500.js
2026-04-16T09:09:39: [Alert Engine] Failed to load rule 2026-04-16-support-74500.js: Invalid or unexpected token
2026-04-16T09:09:39: [Alert Engine] [Engine] 加载规则失败: 2026-04-16-support-74500.js
2026-04-16T09:10:39: [Alert Engine] Failed to load rule 2026-04-16-support-74500.js: Invalid or unexpected token
2026-04-16T09:10:39: [Alert Engine] [Engine] 加载规则失败: 2026-04-16-support-74500.js
2026-04-16T09:11:39: [Alert Engine] Failed to load rule 2026-04-16-support-74500.js: Invalid or unexpected token
2026-04-16T09:11:39: [Alert Engine] [Engine] 加载规则失败: 2026-04-16-support-74500.js
2026-04-16T09:12:39: [Alert Engine] Failed to load rule 2026-04-16-support-74500.js: Invalid or unexpected token
2026-04-16T09:12:39: [Alert Engine] [Engine] 加载规则失败: 2026-04-16-support-74500.js
2026-04-16T09:13:39: [Alert Engine] Failed to load rule 2026-04-16-support-74500.js: Invalid or unexpected token
2026-04-16T09:13:39: [Alert Engine] [Engine] 加载规则失败: 2026-04-16-support-74500.js
2026-04-16T09:14:38: [Alert Engine] Failed to load rule 2026-04-16-support-74500.js: Invalid or unexpected token
2026-04-16T09:14:38: [Alert Engine] [Engine] 加载规则失败: 2026-04-16-support-74500.js
2026-04-16T09:15:38: [Alert Engine] Failed to load rule 2026-04-16-support-74500.js: Invalid or unexpected token
2026-04-16T09:15:38: [Alert Engine] [Engine] 加载规则失败: 2026-04-16-support-74500.js
2026-04-16T09:16:38: [Alert Engine] Failed to load rule 2026-04-16-support-74500.js: Invalid or unexpected token
2026-04-16T09:16:38: [Alert Engine] [Engine] 加载规则失败: 2026-04-16-support-74500.js
2026-04-16T09:17:38: [Alert Engine] Failed to load rule 2026-04-16-support-74500.js: Invalid or unexpected token
2026-04-16T09:17:38: [Alert Engine] [Engine] 加载规则失败: 2026-04-16-support-74500.js
2026-04-16T09:18:38: [Alert Engine] Failed to load rule 2026-04-16-support-74500.js: Invalid or unexpected token
2026-04-16T09:18:38: [Alert Engine] [Engine] 加载规则失败: 2026-04-16-support-74500.js
2026-04-16T09:19:38: [Alert Engine] Failed to load rule 2026-04-16-support-74500.js: Invalid or unexpected token
2026-04-16T09:19:38: [Alert Engine] [Engine] 加载规则失败: 2026-04-16-support-74500.js
2026-04-16T09:20:38: [Alert Engine] Failed to load rule 2026-04-16-support-74500.js: Invalid or unexpected token
2026-04-16T09:20:38: [Alert Engine] [Engine] 加载规则失败: 2026-04-16-support-74500.js
2026-04-16T09:21:38: [Alert Engine] Failed to load rule 2026-04-16-support-74500.js: Invalid or unexpected token
2026-04-16T09:21:38: [Alert Engine] [Engine] 加载规则失败: 2026-04-16-support-74500.js
2026-04-16T09:22:38: [Alert Engine] Failed to load rule 2026-04-16-support-74500.js: Invalid or unexpected token
2026-04-16T09:22:38: [Alert Engine] [Engine] 加载规则失败: 2026-04-16-support-74500.js
2026-04-16T09:23:38: [Alert Engine] Failed to load rule 2026-04-16-support-74500.js: Invalid or unexpected token
2026-04-16T09:23:38: [Alert Engine] [Engine] 加载规则失败: 2026-04-16-support-74500.js
2026-04-16T09:24:38: [Alert Engine] Failed to load rule 2026-04-16-support-74500.js: Invalid or unexpected token
2026-04-16T09:24:38: [Alert Engine] [Engine] 加载规则失败: 2026-04-16-support-74500.js
2026-04-16T09:25:38: [Alert Engine] Failed to load rule 2026-04-16-support-74500.js: Invalid or unexpected token
2026-04-16T09:25:38: [Alert Engine] [Engine] 加载规则失败: 2026-04-16-support-74500.js
2026-04-16T09:26:38: [Alert Engine] Failed to load rule 2026-04-16-support-74500.js: Invalid or unexpected token
2026-04-16T09:26:38: [Alert Engine] [Engine] 加载规则失败: 2026-04-16-support-74500.js
2026-04-16T09:27:38: [Alert Engine] Failed to load rule 2026-04-16-support-74500.js: Invalid or unexpected token
2026-04-16T09:27:38: [Alert Engine] [Engine] 加载规则失败: 2026-04-16-support-74500.js
2026-04-16T09:28:38: [Alert Engine] Failed to load rule 2026-04-16-support-74500.js: Invalid or unexpected token
2026-04-16T09:28:38: [Alert Engine] [Engine] 加载规则失败: 2026-04-16-support-74500.js
2026-04-16T09:29:38: [Alert Engine] Failed to load rule 2026-04-16-support-74500.js: Invalid or unexpected token
2026-04-16T09:29:38: [Alert Engine] [Engine] 加载规则失败: 2026-04-16-support-74500.js
2026-04-16T09:30:38: [Alert Engine] Failed to load rule 2026-04-16-support-74500.js: Invalid or unexpected token
2026-04-16T09:30:38: [Alert Engine] [Engine] 加载规则失败: 2026-04-16-support-74500.js
2026-04-16T09:31:38: [Alert Engine] Failed to load rule 2026-04-16-support-74500.js: Invalid or unexpected token
2026-04-16T09:31:38: [Alert Engine] [Engine] 加载规则失败: 2026-04-16-support-74500.js
2026-04-16T09:32:38: [Alert Engine] Failed to load rule 2026-04-16-support-74500.js: Invalid or unexpected token
2026-04-16T09:32:38: [Alert Engine] [Engine] 加载规则失败: 2026-04-16-support-74500.js
2026-04-16T09:33:38: [Alert Engine] Failed to load rule 2026-04-16-support-74500.js: Invalid or unexpected token
2026-04-16T09:33:38: [Alert Engine] [Engine] 加载规则失败: 2026-04-16-support-74500.js
2026-04-16T09:34:38: [Alert Engine] Failed to load rule 2026-04-16-support-74500.js: Invalid or unexpected token
2026-04-16T09:34:38: [Alert Engine] [Engine] 加载规则失败: 2026-04-16-support-74500.js
2026-04-16T09:35:38: [Alert Engine] Failed to load rule 2026-04-16-support-74500.js: Invalid or unexpected token
2026-04-16T09:35:38: [Alert Engine] [Engine] 加载规则失败: 2026-04-16-support-74500.js
2026-04-16T09:36:38: [Alert Engine] Failed to load rule 2026-04-16-support-74500.js: Invalid or unexpected token
2026-04-16T09:36:38: [Alert Engine] [Engine] 加载规则失败: 2026-04-16-support-74500.js
2026-04-16T09:37:37: [Alert Engine] Failed to load rule 2026-04-16-support-74500.js: Invalid or unexpected token
2026-04-16T09:37:37: [Alert Engine] [Engine] 加载规则失败: 2026-04-16-support-74500.js
2026-04-16T09:38:37: [Alert Engine] Failed to load rule 2026-04-16-support-74500.js: Invalid or unexpected token
2026-04-16T09:38:37: [Alert Engine] [Engine] 加载规则失败: 2026-04-16-support-74500.js
2026-04-16T09:39:37: [Alert Engine] Failed to load rule 2026-04-16-support-74500.js: Invalid or unexpected token
2026-04-16T09:39:37: [Alert Engine] [Engine] 加载规则失败: 2026-04-16-support-74500.js
2026-04-16T09:40:37: [Alert Engine] Failed to load rule 2026-04-16-support-74500.js: Invalid or unexpected token
2026-04-16T09:40:37: [Alert Engine] [Engine] 加载规则失败: 2026-04-16-support-74500.js
2026-04-16T09:41:37: [Alert Engine] Failed to load rule 2026-04-16-support-74500.js: Invalid or unexpected token
2026-04-16T09:41:37: [Alert Engine] [Engine] 加载规则失败: 2026-04-16-support-74500.js
2026-04-16T09:42:37: [Alert Engine] Failed to load rule 2026-04-16-support-74500.js: Invalid or unexpected token
2026-04-16T09:42:37: [Alert Engine] [Engine] 加载规则失败: 2026-04-16-support-74500.js
2026-04-16T09:43:37: [Alert Engine] Failed to load rule 2026-04-16-support-74500.js: Invalid or unexpected token
2026-04-16T09:43:37: [Alert Engine] [Engine] 加载规则失败: 2026-04-16-support-74500.js
2026-04-16T09:44:37: [Alert Engine] Failed to load rule 2026-04-16-support-74500.js: Invalid or unexpected token
2026-04-16T09:44:37: [Alert Engine] [Engine] 加载规则失败: 2026-04-16-support-74500.js
2026-04-16T09:45:37: [Alert Engine] Failed to load rule 2026-04-16-support-74500.js: Invalid or unexpected token
2026-04-16T09:45:37: [Alert Engine] [Engine] 加载规则失败: 2026-04-16-support-74500.js
2026-04-16T09:46:37: [Alert Engine] Failed to load rule 2026-04-16-support-74500.js: Invalid or unexpected token
2026-04-16T09:46:37: [Alert Engine] [Engine] 加载规则失败: 2026-04-16-support-74500.js
2026-04-16T09:47:37: [Alert Engine] Failed to load rule 2026-04-16-support-74500.js: Invalid or unexpected token
2026-04-16T09:47:37: [Alert Engine] [Engine] 加载规则失败: 2026-04-16-support-74500.js
2026-04-16T09:48:37: [Alert Engine] Failed to load rule 2026-04-16-support-74500.js: Invalid or unexpected token
2026-04-16T09:48:37: [Alert Engine] [Engine] 加载规则失败: 2026-04-16-support-74500.js
2026-04-16T09:49:37: [Alert Engine] Failed to load rule 2026-04-16-support-74500.js: Invalid or unexpected token
2026-04-16T09:49:37: [Alert Engine] [Engine] 加载规则失败: 2026-04-16-support-74500.js
2026-04-16T09:50:36: [Alert Engine] Failed to load rule 2026-04-16-support-74500.js: Invalid or unexpected token
2026-04-16T09:50:36: [Alert Engine] [Engine] 加载规则失败: 2026-04-16-support-74500.js
2026-04-16T09:51:36: [Alert Engine] Failed to load rule 2026-04-16-support-74500.js: Invalid or unexpected token
2026-04-16T09:51:36: [Alert Engine] [Engine] 加载规则失败: 2026-04-16-support-74500.js
2026-04-16T09:52:36: [Alert Engine] Failed to load rule 2026-04-16-support-74500.js: Invalid or unexpected token
2026-04-16T09:52:36: [Alert Engine] [Engine] 加载规则失败: 2026-04-16-support-74500.js
2026-04-16T09:53:36: [Alert Engine] Failed to load rule 2026-04-16-support-74500.js: Invalid or unexpected token
2026-04-16T09:53:36: [Alert Engine] [Engine] 加载规则失败: 2026-04-16-support-74500.js
2026-04-16T09:54:36: [Alert Engine] Failed to load rule 2026-04-16-support-74500.js: Invalid or unexpected token
2026-04-16T09:54:36: [Alert Engine] [Engine] 加载规则失败: 2026-04-16-support-74500.js
2026-04-16T09:55:36: [Alert Engine] Failed to load rule 2026-04-16-support-74500.js: Invalid or unexpected token
2026-04-16T09:55:36: [Alert Engine] [Engine] 加载规则失败: 2026-04-16-support-74500.js
2026-04-16T09:56:36: [Alert Engine] Failed to load rule 2026-04-16-support-74500.js: Invalid or unexpected token
2026-04-16T09:56:36: [Alert Engine] [Engine] 加载规则失败: 2026-04-16-support-74500.js
2026-04-16T09:57:36: [Alert Engine] Failed to load rule 2026-04-16-support-74500.js: Invalid or unexpected token
2026-04-16T09:57:36: [Alert Engine] [Engine] 加载规则失败: 2026-04-16-support-74500.js
2026-04-16T09:58:36: [Alert Engine] Failed to load rule 2026-04-16-support-74500.js: Invalid or unexpected token
2026-04-16T09:58:36: [Alert Engine] [Engine] 加载规则失败: 2026-04-16-support-74500.js
2026-04-16T09:59:36: [Alert Engine] Failed to load rule 2026-04-16-support-74500.js: Invalid or unexpected token
2026-04-16T09:59:36: [Alert Engine] [Engine] 加载规则失败: 2026-04-16-support-74500.js
2026-04-16T10:00:36: [Alert Engine] Failed to load rule 2026-04-16-support-74500.js: Invalid or unexpected token
2026-04-16T10:00:36: [Alert Engine] [Engine] 加载规则失败: 2026-04-16-support-74500.js
2026-04-16T10:01:35: [Alert Engine] Failed to load rule 2026-04-16-support-74500.js: Invalid or unexpected token
2026-04-16T10:01:35: [Alert Engine] [Engine] 加载规则失败: 2026-04-16-support-74500.js
2026-04-16T10:02:35: [Alert Engine] Failed to load rule 2026-04-16-support-74500.js: Invalid or unexpected token
2026-04-16T10:02:35: [Alert Engine] [Engine] 加载规则失败: 2026-04-16-support-74500.js
2026-04-16T10:03:35: [Alert Engine] Failed to load rule 2026-04-16-support-74500.js: Invalid or unexpected token
2026-04-16T10:03:35: [Alert Engine] [Engine] 加载规则失败: 2026-04-16-support-74500.js
2026-04-16T10:04:35: [Alert Engine] Failed to load rule 2026-04-16-support-74500.js: Invalid or unexpected token
2026-04-16T10:04:35: [Alert Engine] [Engine] 加载规则失败: 2026-04-16-support-74500.js
2026-04-16T10:05:35: [Alert Engine] Failed to load rule 2026-04-16-support-74500.js: Invalid or unexpected token
2026-04-16T10:05:35: [Alert Engine] [Engine] 加载规则失败: 2026-04-16-support-74500.js
2026-04-16T10:06:35: [Alert Engine] Failed to load rule 2026-04-16-support-74500.js: Invalid or unexpected token
2026-04-16T10:06:35: [Alert Engine] [Engine] 加载规则失败: 2026-04-16-support-74500.js
2026-04-16T10:07:35: [Alert Engine] Failed to load rule 2026-04-16-support-74500.js: Invalid or unexpected token
2026-04-16T10:07:35: [Alert Engine] [Engine] 加载规则失败: 2026-04-16-support-74500.js
2026-04-16T10:08:34: [Alert Engine] Failed to load rule 2026-04-16-support-74500.js: Invalid or unexpected token
2026-04-16T10:08:34: [Alert Engine] [Engine] 加载规则失败: 2026-04-16-support-74500.js
2026-04-16T10:09:34: [Alert Engine] Failed to load rule 2026-04-16-support-74500.js: Invalid or unexpected token
2026-04-16T10:09:34: [Alert Engine] [Engine] 加载规则失败: 2026-04-16-support-74500.js
2026-04-16T10:10:34: [Alert Engine] Failed to load rule 2026-04-16-support-74500.js: Invalid or unexpected token
2026-04-16T10:10:34: [Alert Engine] [Engine] 加载规则失败: 2026-04-16-support-74500.js
2026-04-16T10:11:34: [Alert Engine] Failed to load rule 2026-04-16-support-74500.js: Invalid or unexpected token
2026-04-16T10:11:34: [Alert Engine] [Engine] 加载规则失败: 2026-04-16-support-74500.js
2026-04-16T10:12:34: [Alert Engine] Failed to load rule 2026-04-16-support-74500.js: Invalid or unexpected token
2026-04-16T10:12:34: [Alert Engine] [Engine] 加载规则失败: 2026-04-16-support-74500.js
2026-04-16T10:13:34: [Alert Engine] Failed to load rule 2026-04-16-support-74500.js: Invalid or unexpected token
2026-04-16T10:13:34: [Alert Engine] [Engine] 加载规则失败: 2026-04-16-support-74500.js
2026-04-16T10:14:34: [Alert Engine] Failed to load rule 2026-04-16-support-74500.js: Invalid or unexpected token
2026-04-16T10:14:34: [Alert Engine] [Engine] 加载规则失败: 2026-04-16-support-74500.js
2026-04-16T10:15:34: [Alert Engine] Failed to load rule 2026-04-16-support-74500.js: Invalid or unexpected token
2026-04-16T10:15:34: [Alert Engine] [Engine] 加载规则失败: 2026-04-16-support-74500.js
2026-04-16T10:16:34: [Alert Engine] Failed to load rule 2026-04-16-support-74500.js: Invalid or unexpected token
2026-04-16T10:16:34: [Alert Engine] [Engine] 加载规则失败: 2026-04-16-support-74500.js
2026-04-16T10:17:34: [Alert Engine] Failed to load rule 2026-04-16-support-74500.js: Invalid or unexpected token
2026-04-16T10:17:34: [Alert Engine] [Engine] 加载规则失败: 2026-04-16-support-74500.js
2026-04-16T10:18:34: [Alert Engine] Failed to load rule 2026-04-16-support-74500.js: Invalid or unexpected token
2026-04-16T10:18:34: [Alert Engine] [Engine] 加载规则失败: 2026-04-16-support-74500.js
2026-04-16T10:19:34: [Alert Engine] Failed to load rule 2026-04-16-support-74500.js: Invalid or unexpected token
2026-04-16T10:19:34: [Alert Engine] [Engine] 加载规则失败: 2026-04-16-support-74500.js
2026-04-16T10:20:34: [Alert Engine] Failed to load rule 2026-04-16-support-74500.js: Invalid or unexpected token
2026-04-16T10:20:34: [Alert Engine] [Engine] 加载规则失败: 2026-04-16-support-74500.js
2026-04-16T10:21:34: [Alert Engine] Failed to load rule 2026-04-16-support-74500.js: Invalid or unexpected token
2026-04-16T10:21:34: [Alert Engine] [Engine] 加载规则失败: 2026-04-16-support-74500.js
2026-04-16T10:22:34: [Alert Engine] Failed to load rule 2026-04-16-support-74500.js: Invalid or unexpected token
2026-04-16T10:22:34: [Alert Engine] [Engine] 加载规则失败: 2026-04-16-support-74500.js
2026-04-16T10:23:34: [Alert Engine] Failed to load rule 2026-04-16-support-74500.js: Invalid or unexpected token
2026-04-16T10:23:34: [Alert Engine] [Engine] 加载规则失败: 2026-04-16-support-74500.js
2026-04-16T10:24:33: [Alert Engine] Failed to load rule 2026-04-16-support-74500.js: Invalid or unexpected token
2026-04-16T10:24:33: [Alert Engine] [Engine] 加载规则失败: 2026-04-16-support-74500.js
2026-04-16T10:25:32: [Alert Engine] Failed to load rule 2026-04-16-support-74500.js: Invalid or unexpected token
2026-04-16T10:25:32: [Alert Engine] [Engine] 加载规则失败: 2026-04-16-support-74500.js
2026-04-16T10:26:32: [Alert Engine] Failed to load rule 2026-04-16-support-74500.js: Invalid or unexpected token
2026-04-16T10:26:32: [Alert Engine] [Engine] 加载规则失败: 2026-04-16-support-74500.js
2026-04-16T10:27:31: [Alert Engine] Failed to load rule 2026-04-16-support-74500.js: Invalid or unexpected token
2026-04-16T10:27:31: [Alert Engine] [Engine] 加载规则失败: 2026-04-16-support-74500.js
2026-04-16T10:28:30: [Alert Engine] Failed to load rule 2026-04-16-support-74500.js: Invalid or unexpected token
2026-04-16T10:28:30: [Alert Engine] [Engine] 加载规则失败: 2026-04-16-support-74500.js
2026-04-16T10:29:29: [Alert Engine] Failed to load rule 2026-04-16-support-74500.js: Invalid or unexpected token
2026-04-16T10:29:29: [Alert Engine] [Engine] 加载规则失败: 2026-04-16-support-74500.js
2026-04-16T10:30:28: [Alert Engine] Failed to load rule 2026-04-16-support-74500.js: Invalid or unexpected token
2026-04-16T10:30:28: [Alert Engine] [Engine] 加载规则失败: 2026-04-16-support-74500.js
2026-04-16T10:31:27: [Alert Engine] Failed to load rule 2026-04-16-support-74500.js: Invalid or unexpected token
2026-04-16T10:31:27: [Alert Engine] [Engine] 加载规则失败: 2026-04-16-support-74500.js
2026-04-16T10:32:26: [Alert Engine] Failed to load rule 2026-04-16-support-74500.js: Invalid or unexpected token
2026-04-16T10:32:26: [Alert Engine] [Engine] 加载规则失败: 2026-04-16-support-74500.js
2026-04-16T10:33:25: [Alert Engine] Failed to load rule 2026-04-16-support-74500.js: Invalid or unexpected token
2026-04-16T10:33:25: [Alert Engine] [Engine] 加载规则失败: 2026-04-16-support-74500.js
2026-04-16T10:34:24: [Alert Engine] Failed to load rule 2026-04-16-support-74500.js: Invalid or unexpected token
2026-04-16T10:34:24: [Alert Engine] [Engine] 加载规则失败: 2026-04-16-support-74500.js
2026-04-16T10:35:23: [Alert Engine] Failed to load rule 2026-04-16-support-74500.js: Invalid or unexpected token
2026-04-16T10:35:23: [Alert Engine] [Engine] 加载规则失败: 2026-04-16-support-74500.js
2026-04-16T10:36:22: [Alert Engine] Failed to load rule 2026-04-16-support-74500.js: Invalid or unexpected token
2026-04-16T10:36:22: [Alert Engine] [Engine] 加载规则失败: 2026-04-16-support-74500.js
2026-04-16T10:37:21: [Alert Engine] Failed to load rule 2026-04-16-support-74500.js: Invalid or unexpected token
2026-04-16T10:37:21: [Alert Engine] [Engine] 加载规则失败: 2026-04-16-support-74500.js
2026-04-16T10:38:20: [Alert Engine] Failed to load rule 2026-04-16-support-74500.js: Invalid or unexpected token
2026-04-16T10:38:20: [Alert Engine] [Engine] 加载规则失败: 2026-04-16-support-74500.js
2026-04-16T10:39:20: [Alert Engine] Failed to load rule 2026-04-16-support-74500.js: Invalid or unexpected token
2026-04-16T10:39:20: [Alert Engine] [Engine] 加载规则失败: 2026-04-16-support-74500.js
2026-04-16T10:40:19: [Alert Engine] Failed to load rule 2026-04-16-support-74500.js: Invalid or unexpected token
2026-04-16T10:40:19: [Alert Engine] [Engine] 加载规则失败: 2026-04-16-support-74500.js
2026-04-16T10:41:18: [Alert Engine] Failed to load rule 2026-04-16-support-74500.js: Invalid or unexpected token
2026-04-16T10:41:18: [Alert Engine] [Engine] 加载规则失败: 2026-04-16-support-74500.js
2026-04-16T10:42:17: [Alert Engine] Failed to load rule 2026-04-16-support-74500.js: Invalid or unexpected token
2026-04-16T10:42:17: [Alert Engine] [Engine] 加载规则失败: 2026-04-16-support-74500.js
2026-04-16T10:43:16: [Alert Engine] Failed to load rule 2026-04-16-support-74500.js: Invalid or unexpected token
2026-04-16T10:43:16: [Alert Engine] [Engine] 加载规则失败: 2026-04-16-support-74500.js
2026-04-16T10:44:15: [Alert Engine] Failed to load rule 2026-04-16-support-74500.js: Invalid or unexpected token
2026-04-16T10:44:15: [Alert Engine] [Engine] 加载规则失败: 2026-04-16-support-74500.js
2026-04-16T10:45:14: [Alert Engine] Failed to load rule 2026-04-16-support-74500.js: Invalid or unexpected token
2026-04-16T10:45:14: [Alert Engine] [Engine] 加载规则失败: 2026-04-16-support-74500.js
2026-04-16T10:46:13: [Alert Engine] Failed to load rule 2026-04-16-support-74500.js: Invalid or unexpected token
2026-04-16T10:46:13: [Alert Engine] [Engine] 加载规则失败: 2026-04-16-support-74500.js
2026-04-16T10:47:12: [Alert Engine] Failed to load rule 2026-04-16-support-74500.js: Invalid or unexpected token
2026-04-16T10:47:12: [Alert Engine] [Engine] 加载规则失败: 2026-04-16-support-74500.js
2026-04-16T10:48:11: [Alert Engine] Failed to load rule 2026-04-16-support-74500.js: Invalid or unexpected token
2026-04-16T10:48:11: [Alert Engine] [Engine] 加载规则失败: 2026-04-16-support-74500.js
2026-04-16T10:49:06: [Alert Engine] Rule 2026-04-16-support-74500.js missing required fields, skipping
2026-04-16T16:20:19: [警报检查错误] 请求超时
2026-04-16T18:06:59: [数据收集错误] API错误: You are over your rate limit please upgrade your account!
2026-04-17T17:29:49: [数据收集错误] API错误: You are over your rate limit please upgrade your account!
2026-04-17T20:49:54: [数据收集错误] API错误: You are over your rate limit please upgrade your account!
2026-04-17T20:52:38: [数据收集错误] API错误: You are over your rate limit please upgrade your account!
2026-04-18T19:08:29: [数据收集错误] API错误: You are over your rate limit please upgrade your account!
2026-04-18T19:14:11: [数据收集错误] API错误: You are over your rate limit please upgrade your account!
2026-04-19T16:47:00: [警报检查错误] api.getOKXOpenInterest is not a function
2026-04-19T17:17:00: [警报检查错误] api.getOKXOpenInterest is not a function
2026-04-19T17:47:00: [警报检查错误] api.getOKXOpenInterest is not a function
2026-04-19T18:17:00: [警报检查错误] api.getOKXOpenInterest is not a function
2026-04-19T18:47:00: [警报检查错误] api.getOKXOpenInterest is not a function
2026-04-19T19:17:00: [警报检查错误] api.getOKXOpenInterest is not a function
2026-04-19T19:46:47: [警报检查错误] api.getOKXOpenInterest is not a function
2026-04-19T20:16:24: [警报检查错误] api.getOKXOpenInterest is not a function
2026-04-19T20:45:58: [警报检查错误] api.getOKXOpenInterest is not a function
2026-04-19T21:15:34: [警报检查错误] api.getOKXOpenInterest is not a function
2026-04-19T21:15:34: [警报检查错误] api.getOKXOpenInterest is not a function
2026-04-19T21:24:18: [警报检查错误] Invalid time value
2026-04-19T21:24:18: [警报检查错误] Invalid time value
2026-04-19T21:39:04: [警报检查错误] Invalid time value
2026-04-19T21:53:48: [警报检查错误] Invalid time value
2026-04-19T21:53:49: [警报检查错误] Invalid time value
2026-04-19T22:08:36: [警报检查错误] Invalid time value
2026-04-19T22:23:21: [警报检查错误] Invalid time value
2026-04-19T22:23:22: [警报检查错误] Invalid time value
2026-04-19T22:38:04: [警报检查错误] Invalid time value
2026-04-19T22:51:46: [数据收集错误] API错误: You are over your rate limit please upgrade your account!
2026-04-19T22:51:50: [数据收集错误] Invalid time value
2026-04-19T22:52:44: [警报检查错误] Invalid time value
2026-04-19T22:54:46: [数据收集错误] Invalid time value
2026-04-19T22:57:41: [数据收集错误] Invalid time value
2026-04-19T23:00:38: [数据收集错误] Invalid time value
2026-04-19T23:06:34: [数据收集错误] Invalid time value
2026-04-19T23:07:23: [警报检查错误] Invalid time value
2026-04-19T23:12:22: [数据收集错误] Invalid time value
2026-04-19T23:15:15: [数据收集错误] Invalid time value
2026-04-19T23:18:11: [数据收集错误] Invalid time value
2026-04-20T00:15:34: [数据收集错误] API错误: You are over your rate limit please upgrade your account!
2026-04-20T05:53:05: [数据收集错误] API错误: You are over your rate limit please upgrade your account!
2026-04-20T09:18:49: [数据收集错误] API错误: You are over your rate limit please upgrade your account!
2026-04-20T09:21:49: [数据收集错误] API错误: You are over your rate limit please upgrade your account!
2026-04-20T09:24:47: [数据收集错误] API错误: You are over your rate limit please upgrade your account!
2026-04-20T09:27:48: [数据收集错误] API错误: You are over your rate limit please upgrade your account!
2026-04-20T09:30:47: [数据收集错误] API错误: You are over your rate limit please upgrade your account!
2026-04-20T09:33:48: [数据收集错误] API错误: You are over your rate limit please upgrade your account!
2026-04-20T10:39:47: [数据收集错误] API错误: You are over your rate limit please upgrade your account!
2026-04-20T10:42:47: [数据收集错误] API错误: You are over your rate limit please upgrade your account!
2026-04-20T10:45:47: [数据收集错误] API错误: You are over your rate limit please upgrade your account!
2026-04-20T10:48:47: [警报检查错误] API错误: You are over your rate limit please upgrade your account!
2026-04-20T10:48:48: [数据收集错误] API错误: You are over your rate limit please upgrade your account!
2026-04-20T10:51:48: [数据收集错误] API错误: You are over your rate limit please upgrade your account!
2026-04-20T22:20:51: [数据收集错误] API错误: You are over your rate limit please upgrade your account!
2026-04-20T22:23:42: [数据收集错误] API错误: You are over your rate limit please upgrade your account!
2026-04-20T23:58:15: [警报检查错误] Command failed: curl -s --max-time 15 --proxy "http://127.0.0.1:7890" "https://www.okx.com/api/v5/rubik/stat/contracts/open-interest-volume?ccy=BTC&period=1D"
2026-04-21T20:25:24: [Alert Engine] Failed to load rule 2026-04-21-support-75550.js: Invalid or unexpected token
2026-04-21T20:25:24: [Alert Engine] [Engine] 加载规则失败: 2026-04-21-support-75550.js
2026-04-21T20:26:20: [Alert Engine] Failed to load rule 2026-04-21-support-75550.js: Invalid or unexpected token
2026-04-21T20:26:20: [Alert Engine] [Engine] 加载规则失败: 2026-04-21-support-75550.js
2026-04-21T20:27:19: [Alert Engine] Failed to load rule 2026-04-21-support-75550.js: Invalid or unexpected token
2026-04-21T20:27:19: [Alert Engine] [Engine] 加载规则失败: 2026-04-21-support-75550.js
2026-04-21T20:28:16: [Alert Engine] Failed to load rule 2026-04-21-support-75550.js: Invalid or unexpected token
2026-04-21T20:28:16: [Alert Engine] [Engine] 加载规则失败: 2026-04-21-support-75550.js
2026-04-21T20:29:13: [Alert Engine] Failed to load rule 2026-04-21-support-75550.js: Invalid or unexpected token
2026-04-21T20:29:13: [Alert Engine] [Engine] 加载规则失败: 2026-04-21-support-75550.js
2026-04-21T20:30:10: [Alert Engine] Failed to load rule 2026-04-21-support-75550.js: Invalid or unexpected token
2026-04-21T20:30:10: [Alert Engine] [Engine] 加载规则失败: 2026-04-21-support-75550.js
2026-04-21T20:31:06: [Alert Engine] Failed to load rule 2026-04-21-support-75550.js: Invalid or unexpected token
2026-04-21T20:31:06: [Alert Engine] [Engine] 加载规则失败: 2026-04-21-support-75550.js
2026-04-21T20:32:03: [Alert Engine] Failed to load rule 2026-04-21-support-75550.js: Invalid or unexpected token
2026-04-21T20:32:03: [Alert Engine] [Engine] 加载规则失败: 2026-04-21-support-75550.js
2026-04-21T20:33:00: [Alert Engine] Failed to load rule 2026-04-21-support-75550.js: Invalid or unexpected token
2026-04-21T20:33:00: [Alert Engine] [Engine] 加载规则失败: 2026-04-21-support-75550.js
2026-04-21T20:33:59: [Alert Engine] Failed to load rule 2026-04-21-support-75550.js: Invalid or unexpected token
2026-04-21T20:33:59: [Alert Engine] [Engine] 加载规则失败: 2026-04-21-support-75550.js
2026-04-21T20:34:55: [Alert Engine] Failed to load rule 2026-04-21-support-75550.js: Invalid or unexpected token
2026-04-21T20:34:55: [Alert Engine] [Engine] 加载规则失败: 2026-04-21-support-75550.js
2026-04-21T20:35:53: [Alert Engine] Failed to load rule 2026-04-21-support-75550.js: Invalid or unexpected token
2026-04-21T20:35:53: [Alert Engine] [Engine] 加载规则失败: 2026-04-21-support-75550.js
2026-04-21T20:36:50: [Alert Engine] Failed to load rule 2026-04-21-support-75550.js: Invalid or unexpected token
2026-04-21T20:36:50: [Alert Engine] [Engine] 加载规则失败: 2026-04-21-support-75550.js
2026-04-21T20:37:48: [Alert Engine] Failed to load rule 2026-04-21-support-75550.js: Invalid or unexpected token
2026-04-21T20:37:48: [Alert Engine] [Engine] 加载规则失败: 2026-04-21-support-75550.js
2026-04-21T20:38:44: [Alert Engine] Failed to load rule 2026-04-21-support-75550.js: Invalid or unexpected token
2026-04-21T20:38:44: [Alert Engine] [Engine] 加载规则失败: 2026-04-21-support-75550.js
2026-04-21T20:39:41: [Alert Engine] Failed to load rule 2026-04-21-support-75550.js: Invalid or unexpected token
2026-04-21T20:39:41: [Alert Engine] [Engine] 加载规则失败: 2026-04-21-support-75550.js
2026-04-21T20:40:38: [Alert Engine] Failed to load rule 2026-04-21-support-75550.js: Invalid or unexpected token
2026-04-21T20:40:38: [Alert Engine] [Engine] 加载规则失败: 2026-04-21-support-75550.js
2026-04-21T20:41:35: [Alert Engine] Failed to load rule 2026-04-21-support-75550.js: Invalid or unexpected token
2026-04-21T20:41:35: [Alert Engine] [Engine] 加载规则失败: 2026-04-21-support-75550.js
2026-04-21T22:00:36: [Alert Engine] Failed to load rule 2026-04-21-support-75550.js: Invalid or unexpected token
2026-04-21T22:00:36: [Alert Engine] [Engine] 加载规则失败: 2026-04-21-support-75550.js
2026-04-21T22:01:41: [Alert Engine] Failed to load rule 2026-04-21-support-75550.js: Invalid or unexpected token
2026-04-21T22:01:41: [Alert Engine] [Engine] 加载规则失败: 2026-04-21-support-75550.js
2026-04-21T22:02:42: [Alert Engine] Failed to load rule 2026-04-21-support-75550.js: Invalid or unexpected token
2026-04-21T22:02:42: [Alert Engine] [Engine] 加载规则失败: 2026-04-21-support-75550.js
2026-04-21T22:03:44: [Alert Engine] Failed to load rule 2026-04-21-support-75550.js: Invalid or unexpected token
2026-04-21T22:03:44: [Alert Engine] [Engine] 加载规则失败: 2026-04-21-support-75550.js
2026-04-21T22:04:46: [Alert Engine] Failed to load rule 2026-04-21-support-75550.js: Invalid or unexpected token
2026-04-21T22:04:46: [Alert Engine] [Engine] 加载规则失败: 2026-04-21-support-75550.js
2026-04-21T22:05:47: [Alert Engine] Failed to load rule 2026-04-21-support-75550.js: Invalid or unexpected token
2026-04-21T22:05:47: [Alert Engine] [Engine] 加载规则失败: 2026-04-21-support-75550.js
2026-04-21T22:06:49: [Alert Engine] Failed to load rule 2026-04-21-support-75550.js: Invalid or unexpected token
2026-04-21T22:06:49: [Alert Engine] [Engine] 加载规则失败: 2026-04-21-support-75550.js
2026-04-21T22:07:51: [Alert Engine] Failed to load rule 2026-04-21-support-75550.js: Invalid or unexpected token
2026-04-21T22:07:51: [Alert Engine] [Engine] 加载规则失败: 2026-04-21-support-75550.js
2026-04-21T22:08:52: [Alert Engine] Failed to load rule 2026-04-21-support-75550.js: Invalid or unexpected token
2026-04-21T22:08:52: [Alert Engine] [Engine] 加载规则失败: 2026-04-21-support-75550.js
2026-04-21T22:09:54: [Alert Engine] Failed to load rule 2026-04-21-support-75550.js: Invalid or unexpected token
2026-04-21T22:09:54: [Alert Engine] [Engine] 加载规则失败: 2026-04-21-support-75550.js
2026-04-21T22:10:56: [Alert Engine] Failed to load rule 2026-04-21-support-75550.js: Invalid or unexpected token
2026-04-21T22:10:56: [Alert Engine] [Engine] 加载规则失败: 2026-04-21-support-75550.js
2026-04-21T22:11:58: [Alert Engine] Failed to load rule 2026-04-21-support-75550.js: Invalid or unexpected token
2026-04-21T22:11:58: [Alert Engine] [Engine] 加载规则失败: 2026-04-21-support-75550.js
2026-04-21T22:13:00: [Alert Engine] Failed to load rule 2026-04-21-support-75550.js: Invalid or unexpected token
2026-04-21T22:13:00: [Alert Engine] [Engine] 加载规则失败: 2026-04-21-support-75550.js
2026-04-21T22:14:01: [Alert Engine] Failed to load rule 2026-04-21-support-75550.js: Invalid or unexpected token
2026-04-21T22:14:01: [Alert Engine] [Engine] 加载规则失败: 2026-04-21-support-75550.js
2026-04-21T22:15:02: [Alert Engine] Failed to load rule 2026-04-21-support-75550.js: Invalid or unexpected token
2026-04-21T22:15:02: [Alert Engine] [Engine] 加载规则失败: 2026-04-21-support-75550.js
2026-04-21T22:16:05: [Alert Engine] Failed to load rule 2026-04-21-support-75550.js: Invalid or unexpected token
2026-04-21T22:16:05: [Alert Engine] [Engine] 加载规则失败: 2026-04-21-support-75550.js
2026-04-21T22:17:08: [Alert Engine] Failed to load rule 2026-04-21-support-75550.js: Invalid or unexpected token
2026-04-21T22:17:08: [Alert Engine] [Engine] 加载规则失败: 2026-04-21-support-75550.js
2026-04-21T22:18:09: [Alert Engine] Failed to load rule 2026-04-21-support-75550.js: Invalid or unexpected token
2026-04-21T22:18:09: [Alert Engine] [Engine] 加载规则失败: 2026-04-21-support-75550.js
2026-04-21T22:19:11: [Alert Engine] Failed to load rule 2026-04-21-support-75550.js: Invalid or unexpected token
2026-04-21T22:19:11: [Alert Engine] [Engine] 加载规则失败: 2026-04-21-support-75550.js
2026-04-21T22:20:13: [Alert Engine] Failed to load rule 2026-04-21-support-75550.js: Invalid or unexpected token
2026-04-21T22:20:13: [Alert Engine] [Engine] 加载规则失败: 2026-04-21-support-75550.js
2026-04-21T22:21:15: [Alert Engine] Failed to load rule 2026-04-21-support-75550.js: Invalid or unexpected token
2026-04-21T22:21:15: [Alert Engine] [Engine] 加载规则失败: 2026-04-21-support-75550.js
2026-04-21T22:22:17: [Alert Engine] Failed to load rule 2026-04-21-support-75550.js: Invalid or unexpected token
2026-04-21T22:22:17: [Alert Engine] [Engine] 加载规则失败: 2026-04-21-support-75550.js
2026-04-21T22:23:19: [Alert Engine] Failed to load rule 2026-04-21-support-75550.js: Invalid or unexpected token
2026-04-21T22:23:19: [Alert Engine] [Engine] 加载规则失败: 2026-04-21-support-75550.js
2026-04-21T22:24:21: [Alert Engine] Failed to load rule 2026-04-21-support-75550.js: Invalid or unexpected token
2026-04-21T22:24:21: [Alert Engine] [Engine] 加载规则失败: 2026-04-21-support-75550.js
2026-04-21T22:25:23: [Alert Engine] Failed to load rule 2026-04-21-support-75550.js: Invalid or unexpected token
2026-04-21T22:25:23: [Alert Engine] [Engine] 加载规则失败: 2026-04-21-support-75550.js
2026-04-21T22:26:25: [Alert Engine] Failed to load rule 2026-04-21-support-75550.js: Invalid or unexpected token
2026-04-21T22:26:25: [Alert Engine] [Engine] 加载规则失败: 2026-04-21-support-75550.js
2026-04-21T22:27:27: [Alert Engine] Failed to load rule 2026-04-21-support-75550.js: Invalid or unexpected token
2026-04-21T22:27:27: [Alert Engine] [Engine] 加载规则失败: 2026-04-21-support-75550.js
2026-04-21T22:28:29: [Alert Engine] Failed to load rule 2026-04-21-support-75550.js: Invalid or unexpected token
2026-04-21T22:28:29: [Alert Engine] [Engine] 加载规则失败: 2026-04-21-support-75550.js
2026-04-21T22:29:30: [Alert Engine] Failed to load rule 2026-04-21-support-75550.js: Invalid or unexpected token
2026-04-21T22:29:30: [Alert Engine] [Engine] 加载规则失败: 2026-04-21-support-75550.js
2026-04-21T22:30:33: [Alert Engine] Failed to load rule 2026-04-21-support-75550.js: Invalid or unexpected token
2026-04-21T22:30:33: [Alert Engine] [Engine] 加载规则失败: 2026-04-21-support-75550.js
2026-04-21T22:31:34: [Alert Engine] Failed to load rule 2026-04-21-support-75550.js: Invalid or unexpected token
2026-04-21T22:31:34: [Alert Engine] [Engine] 加载规则失败: 2026-04-21-support-75550.js
2026-04-21T22:32:36: [Alert Engine] Failed to load rule 2026-04-21-support-75550.js: Invalid or unexpected token
2026-04-21T22:32:36: [Alert Engine] [Engine] 加载规则失败: 2026-04-21-support-75550.js
2026-04-21T22:33:39: [Alert Engine] Failed to load rule 2026-04-21-support-75550.js: Invalid or unexpected token
2026-04-21T22:33:39: [Alert Engine] [Engine] 加载规则失败: 2026-04-21-support-75550.js
2026-04-21T22:34:42: [Alert Engine] Failed to load rule 2026-04-21-support-75550.js: Invalid or unexpected token
2026-04-21T22:34:42: [Alert Engine] [Engine] 加载规则失败: 2026-04-21-support-75550.js
2026-04-21T22:35:42: [Alert Engine] Failed to load rule 2026-04-21-support-75550.js: Invalid or unexpected token
2026-04-21T22:35:42: [Alert Engine] [Engine] 加载规则失败: 2026-04-21-support-75550.js
2026-04-21T22:36:43: [Alert Engine] Failed to load rule 2026-04-21-support-75550.js: Invalid or unexpected token
2026-04-21T22:36:43: [Alert Engine] [Engine] 加载规则失败: 2026-04-21-support-75550.js
2026-04-21T22:37:45: [Alert Engine] Failed to load rule 2026-04-21-support-75550.js: Invalid or unexpected token
2026-04-21T22:37:45: [Alert Engine] [Engine] 加载规则失败: 2026-04-21-support-75550.js
2026-04-21T22:38:47: [Alert Engine] Failed to load rule 2026-04-21-support-75550.js: Invalid or unexpected token
2026-04-21T22:38:47: [Alert Engine] [Engine] 加载规则失败: 2026-04-21-support-75550.js
2026-04-21T22:39:48: [Alert Engine] Failed to load rule 2026-04-21-support-75550.js: Invalid or unexpected token
2026-04-21T22:39:48: [Alert Engine] [Engine] 加载规则失败: 2026-04-21-support-75550.js
2026-04-21T22:40:50: [Alert Engine] Failed to load rule 2026-04-21-support-75550.js: Invalid or unexpected token
2026-04-21T22:40:50: [Alert Engine] [Engine] 加载规则失败: 2026-04-21-support-75550.js
2026-04-21T22:41:51: [Alert Engine] Failed to load rule 2026-04-21-support-75550.js: Invalid or unexpected token
2026-04-21T22:41:51: [Alert Engine] [Engine] 加载规则失败: 2026-04-21-support-75550.js
2026-04-21T22:42:52: [Alert Engine] Failed to load rule 2026-04-21-support-75550.js: Invalid or unexpected token
2026-04-21T22:42:52: [Alert Engine] [Engine] 加载规则失败: 2026-04-21-support-75550.js
2026-04-21T22:43:53: [Alert Engine] Failed to load rule 2026-04-21-support-75550.js: Invalid or unexpected token
2026-04-21T22:43:53: [Alert Engine] [Engine] 加载规则失败: 2026-04-21-support-75550.js
2026-04-21T22:44:55: [Alert Engine] Failed to load rule 2026-04-21-support-75550.js: Invalid or unexpected token
2026-04-21T22:44:55: [Alert Engine] [Engine] 加载规则失败: 2026-04-21-support-75550.js
2026-04-21T22:45:55: [Alert Engine] Failed to load rule 2026-04-21-support-75550.js: Invalid or unexpected token
2026-04-21T22:45:55: [Alert Engine] [Engine] 加载规则失败: 2026-04-21-support-75550.js
2026-04-21T22:46:57: [Alert Engine] Failed to load rule 2026-04-21-support-75550.js: Invalid or unexpected token
2026-04-21T22:46:57: [Alert Engine] [Engine] 加载规则失败: 2026-04-21-support-75550.js
2026-04-21T22:47:59: [Alert Engine] Failed to load rule 2026-04-21-support-75550.js: Invalid or unexpected token
2026-04-21T22:47:59: [Alert Engine] [Engine] 加载规则失败: 2026-04-21-support-75550.js
2026-04-21T22:49:00: [Alert Engine] Failed to load rule 2026-04-21-support-75550.js: Invalid or unexpected token
2026-04-21T22:49:00: [Alert Engine] [Engine] 加载规则失败: 2026-04-21-support-75550.js
2026-04-21T22:50:02: [Alert Engine] Failed to load rule 2026-04-21-support-75550.js: Invalid or unexpected token
2026-04-21T22:50:02: [Alert Engine] [Engine] 加载规则失败: 2026-04-21-support-75550.js
2026-04-21T22:51:04: [Alert Engine] Failed to load rule 2026-04-21-support-75550.js: Invalid or unexpected token
2026-04-21T22:51:04: [Alert Engine] [Engine] 加载规则失败: 2026-04-21-support-75550.js
2026-04-21T22:52:06: [Alert Engine] Failed to load rule 2026-04-21-support-75550.js: Invalid or unexpected token
2026-04-21T22:52:06: [Alert Engine] [Engine] 加载规则失败: 2026-04-21-support-75550.js
2026-04-21T22:53:07: [Alert Engine] Failed to load rule 2026-04-21-support-75550.js: Invalid or unexpected token
2026-04-21T22:53:07: [Alert Engine] [Engine] 加载规则失败: 2026-04-21-support-75550.js
2026-04-21T23:26:02: [警报检查错误] API错误: You are over your rate limit please upgrade your account!
2026-04-21T23:31:12: [警报检查错误] API错误: You are over your rate limit please upgrade your account!
2026-04-21T23:41:36: [警报检查错误] API错误: You are over your rate limit please upgrade your account!
2026-04-21T23:56:53: [警报检查错误] API错误: You are over your rate limit please upgrade your account!
2026-04-21T23:56:53: [警报检查错误] API错误: You are over your rate limit please upgrade your account!
2026-04-22T00:08:37: [警报检查错误] Command failed: curl -s --max-time 15 --proxy "http://127.0.0.1:7890" "https://www.okx.com/api/v5/market/ticker?instId=BTC-USDT"
2026-04-22T09:19:15: [警报检查错误] 请求超时
2026-04-22T15:22:57: [Alert Engine] Failed to load rule 2026-04-22-volatility-squeeze.js: Invalid or unexpected token
2026-04-22T15:22:57: [Alert Engine] [Engine] 加载规则失败: 2026-04-22-volatility-squeeze.js
2026-04-22T22:46:22: [警报检查错误] Command failed: curl -s --max-time 15 --proxy "http://127.0.0.1:7890" "https://www.okx.com/api/v5/market/history-candles?instId=BTC-USDT&bar=1H&limit=3"
