2026-03-09T11:13:15: [Alert Engine] [Engine] 引擎启动
2026-03-09T11:13:15: [Alert Engine] Starting...
2026-03-09T11:13:15: [Alert Engine] Rules directory: /root/.openclaw/workspace-july/skills/btc-alert/rules
2026-03-09T11:13:15: [Alert Engine] Archive directory: /root/.openclaw/workspace-july/skills/btc-alert/rules-archive
2026-03-09T11:13:15: [Alert Engine] Log file: /root/.openclaw/workspace-july/logs/alert-engine.log
2026-03-09T11:13:15: [Alert Engine] Loaded rule: 阻力突破警报-67000 (interval: 300000ms)
2026-03-09T11:13:15: [Alert Engine] Loaded rule: 关键支撑跌破警报-66000 (interval: 300000ms)
2026-03-09T11:13:15: [Alert Engine] [阻力突破警报-67000] TIMER_STARTED
2026-03-09T11:13:15: [Alert Engine] Starting timer for rule "阻力突破警报-67000" (interval: 300000ms)
2026-03-09T11:13:15: [Alert Engine] [阻力突破警报-67000] CHECK_START
2026-03-09T11:13:15: [Alert Engine] [关键支撑跌破警报-66000] TIMER_STARTED
2026-03-09T11:13:15: [Alert Engine] Starting timer for rule "关键支撑跌破警报-66000" (interval: 300000ms)
2026-03-09T11:13:15: [Alert Engine] [关键支撑跌破警报-66000] CHECK_START
2026-03-09T11:13:15: [Alert Engine] [Engine] 规则加载完成
2026-03-09T11:13:15: [Alert Engine] Started 2 rule(s)
2026-03-09T11:13:15: [Alert Engine] Started file scanner (interval: 60s)
2026-03-09T11:13:21: [警报检查] 当前价格: 67392.55, 目标阻力: $67000
2026-03-09T11:13:21: [Alert Engine] [阻力突破警报-67000] TRIGGERED
2026-03-09T11:13:23: [警报检查] 当前价格: 67371.26, 目标支撑: $66000
2026-03-09T11:13:23: [Alert Engine] [关键支撑跌破警报-66000] CHECK_PASSED
2026-03-09T11:13:26: [Alert Engine] [阻力突破警报-67000] DATA_COLLECTED
2026-03-09T11:13:26: [警报触发] 已发送即时分析任务
2026-03-09T11:13:26: [Alert Engine] [阻力突破警报-67000] TRIGGER_COMPLETED
2026-03-09T11:18:51: [Alert Engine] [阻力突破警报-67000] CHECK_START
2026-03-09T11:18:51: [Alert Engine] [阻力突破警报-67000] CHECK_PASSED
2026-03-09T11:18:51: [Alert Engine] [关键支撑跌破警报-66000] CHECK_START
2026-03-09T11:18:51: [Alert Engine] [关键支撑跌破警报-66000] CHECK_PASSED
2026-03-09T11:24:14: [Alert Engine] [阻力突破警报-67000] CHECK_START
2026-03-09T11:24:14: [Alert Engine] [阻力突破警报-67000] CHECK_PASSED
2026-03-09T11:24:14: [Alert Engine] [关键支撑跌破警报-66000] CHECK_START
2026-03-09T11:24:14: [Alert Engine] [关键支撑跌破警报-66000] CHECK_PASSED
2026-03-09T11:29:40: [Alert Engine] [阻力突破警报-67000] CHECK_START
2026-03-09T11:29:40: [Alert Engine] [阻力突破警报-67000] CHECK_PASSED
2026-03-09T11:29:40: [Alert Engine] [关键支撑跌破警报-66000] CHECK_START
2026-03-09T11:29:40: [Alert Engine] [关键支撑跌破警报-66000] CHECK_PASSED
2026-03-09T11:35:07: [Alert Engine] [阻力突破警报-67000] CHECK_START
2026-03-09T11:35:07: [Alert Engine] [阻力突破警报-67000] CHECK_PASSED
2026-03-09T11:35:07: [Alert Engine] [关键支撑跌破警报-66000] CHECK_START
2026-03-09T11:35:07: [Alert Engine] [关键支撑跌破警报-66000] CHECK_PASSED
2026-03-09T11:40:34: [Alert Engine] [阻力突破警报-67000] CHECK_START
2026-03-09T11:40:34: [Alert Engine] [阻力突破警报-67000] CHECK_PASSED
2026-03-09T11:40:34: [Alert Engine] [关键支撑跌破警报-66000] CHECK_START
2026-03-09T11:40:34: [Alert Engine] [关键支撑跌破警报-66000] CHECK_PASSED
2026-03-09T11:46:01: [Alert Engine] [阻力突破警报-67000] CHECK_START
2026-03-09T11:46:01: [Alert Engine] [阻力突破警报-67000] CHECK_PASSED
2026-03-09T11:46:01: [Alert Engine] [关键支撑跌破警报-66000] CHECK_START
2026-03-09T11:46:01: [Alert Engine] [关键支撑跌破警报-66000] CHECK_PASSED
2026-03-09T11:51:30: [Alert Engine] [阻力突破警报-67000] CHECK_START
2026-03-09T11:51:30: [Alert Engine] [阻力突破警报-67000] CHECK_PASSED
2026-03-09T11:51:30: [Alert Engine] [关键支撑跌破警报-66000] CHECK_START
2026-03-09T11:51:30: [Alert Engine] [关键支撑跌破警报-66000] CHECK_PASSED
2026-03-09T11:56:57: [Alert Engine] [阻力突破警报-67000] CHECK_START
2026-03-09T11:56:57: [Alert Engine] [阻力突破警报-67000] CHECK_PASSED
2026-03-09T11:56:57: [Alert Engine] [关键支撑跌破警报-66000] CHECK_START
2026-03-09T11:56:57: [Alert Engine] [关键支撑跌破警报-66000] CHECK_PASSED
2026-03-09T12:02:23: [Alert Engine] [阻力突破警报-67000] CHECK_START
2026-03-09T12:02:23: [Alert Engine] [阻力突破警报-67000] CHECK_PASSED
2026-03-09T12:02:23: [Alert Engine] [关键支撑跌破警报-66000] CHECK_START
2026-03-09T12:02:23: [Alert Engine] [关键支撑跌破警报-66000] CHECK_PASSED
2026-03-09T12:07:49: [Alert Engine] [阻力突破警报-67000] CHECK_START
2026-03-09T12:07:49: [Alert Engine] [阻力突破警报-67000] CHECK_PASSED
2026-03-09T12:07:49: [Alert Engine] [关键支撑跌破警报-66000] CHECK_START
2026-03-09T12:07:49: [Alert Engine] [关键支撑跌破警报-66000] CHECK_PASSED
2026-03-09T12:13:19: [Alert Engine] [阻力突破警报-67000] CHECK_START
2026-03-09T12:13:19: [Alert Engine] [阻力突破警报-67000] CHECK_PASSED
2026-03-09T12:13:19: [Alert Engine] [关键支撑跌破警报-66000] CHECK_START
2026-03-09T12:13:19: [Alert Engine] [关键支撑跌破警报-66000] CHECK_PASSED
2026-03-09T12:18:47: [Alert Engine] [阻力突破警报-67000] CHECK_START
2026-03-09T12:18:47: [Alert Engine] [关键支撑跌破警报-66000] CHECK_START
2026-03-09T12:18:53: [警报检查] 当前价格: 67191.84, 目标阻力: $67000
2026-03-09T12:18:53: [Alert Engine] [阻力突破警报-67000] TRIGGERED
2026-03-09T12:18:55: [警报检查] 当前价格: 67198.82, 目标支撑: $66000
2026-03-09T12:18:55: [Alert Engine] [关键支撑跌破警报-66000] CHECK_PASSED
2026-03-09T12:19:03: [Alert Engine] [阻力突破警报-67000] DATA_COLLECTED
2026-03-09T12:19:03: [警报触发] 已发送即时分析任务
2026-03-09T12:19:03: [Alert Engine] [阻力突破警报-67000] TRIGGER_COMPLETED
2026-03-09T12:24:13: [Alert Engine] [阻力突破警报-67000] CHECK_START
2026-03-09T12:24:13: [Alert Engine] [阻力突破警报-67000] CHECK_PASSED
2026-03-09T12:24:13: [Alert Engine] [关键支撑跌破警报-66000] CHECK_START
2026-03-09T12:24:13: [Alert Engine] [关键支撑跌破警报-66000] CHECK_PASSED
2026-03-09T12:29:39: [Alert Engine] [阻力突破警报-67000] CHECK_START
2026-03-09T12:29:39: [Alert Engine] [阻力突破警报-67000] CHECK_PASSED
2026-03-09T12:29:39: [Alert Engine] [关键支撑跌破警报-66000] CHECK_START
2026-03-09T12:29:39: [Alert Engine] [关键支撑跌破警报-66000] CHECK_PASSED
2026-03-09T12:35:07: [Alert Engine] [阻力突破警报-67000] CHECK_START
2026-03-09T12:35:07: [Alert Engine] [阻力突破警报-67000] CHECK_PASSED
2026-03-09T12:35:07: [Alert Engine] [关键支撑跌破警报-66000] CHECK_START
2026-03-09T12:35:07: [Alert Engine] [关键支撑跌破警报-66000] CHECK_PASSED
2026-03-09T12:40:34: [Alert Engine] [阻力突破警报-67000] CHECK_START
2026-03-09T12:40:34: [Alert Engine] [阻力突破警报-67000] CHECK_PASSED
2026-03-09T12:40:34: [Alert Engine] [关键支撑跌破警报-66000] CHECK_START
2026-03-09T12:40:34: [Alert Engine] [关键支撑跌破警报-66000] CHECK_PASSED
2026-03-09T12:46:00: [Alert Engine] [阻力突破警报-67000] CHECK_START
2026-03-09T12:46:00: [Alert Engine] [阻力突破警报-67000] CHECK_PASSED
2026-03-09T12:46:00: [Alert Engine] [关键支撑跌破警报-66000] CHECK_START
2026-03-09T12:46:00: [Alert Engine] [关键支撑跌破警报-66000] CHECK_PASSED
2026-03-09T12:51:28: [Alert Engine] [阻力突破警报-67000] CHECK_START
2026-03-09T12:51:28: [Alert Engine] [阻力突破警报-67000] CHECK_PASSED
2026-03-09T12:51:28: [Alert Engine] [关键支撑跌破警报-66000] CHECK_START
2026-03-09T12:51:28: [Alert Engine] [关键支撑跌破警报-66000] CHECK_PASSED
2026-03-09T12:56:54: [Alert Engine] [阻力突破警报-67000] CHECK_START
2026-03-09T12:56:54: [Alert Engine] [阻力突破警报-67000] CHECK_PASSED
2026-03-09T12:56:54: [Alert Engine] [关键支撑跌破警报-66000] CHECK_START
2026-03-09T12:56:54: [Alert Engine] [关键支撑跌破警报-66000] CHECK_PASSED
2026-03-09T13:02:22: [Alert Engine] [阻力突破警报-67000] CHECK_START
2026-03-09T13:02:22: [Alert Engine] [阻力突破警报-67000] CHECK_PASSED
2026-03-09T13:02:22: [Alert Engine] [关键支撑跌破警报-66000] CHECK_START
2026-03-09T13:02:22: [Alert Engine] [关键支撑跌破警报-66000] CHECK_PASSED
2026-03-09T13:07:50: [Alert Engine] [阻力突破警报-67000] CHECK_START
2026-03-09T13:07:50: [Alert Engine] [阻力突破警报-67000] CHECK_PASSED
2026-03-09T13:07:50: [Alert Engine] [关键支撑跌破警报-66000] CHECK_START
2026-03-09T13:07:50: [Alert Engine] [关键支撑跌破警报-66000] CHECK_PASSED
2026-03-09T13:13:16: [Alert Engine] [阻力突破警报-67000] CHECK_START
2026-03-09T13:13:16: [Alert Engine] [阻力突破警报-67000] CHECK_PASSED
2026-03-09T13:13:16: [Alert Engine] [关键支撑跌破警报-66000] CHECK_START
2026-03-09T13:13:16: [Alert Engine] [关键支撑跌破警报-66000] CHECK_PASSED
2026-03-09T13:18:41: [Alert Engine] [阻力突破警报-67000] CHECK_START
2026-03-09T13:18:41: [Alert Engine] [阻力突破警报-67000] CHECK_PASSED
2026-03-09T13:18:41: [Alert Engine] [关键支撑跌破警报-66000] CHECK_START
2026-03-09T13:18:41: [Alert Engine] [关键支撑跌破警报-66000] CHECK_PASSED
2026-03-09T13:24:00: [Alert Engine] [阻力突破警报-67000] CHECK_START
2026-03-09T13:24:00: [Alert Engine] [关键支撑跌破警报-66000] CHECK_START
2026-03-09T13:24:03: [警报检查] 当前价格: 67365.05, 目标阻力: $67000
2026-03-09T13:24:03: [Alert Engine] [阻力突破警报-67000] TRIGGERED
2026-03-09T13:24:06: [警报检查] 当前价格: 67358.64, 目标支撑: $66000
2026-03-09T13:24:06: [Alert Engine] [关键支撑跌破警报-66000] CHECK_PASSED
2026-03-09T13:24:06: [Alert Engine] [阻力突破警报-67000] DATA_COLLECTED
2026-03-09T13:24:06: [警报触发] 已发送即时分析任务
2026-03-09T13:24:06: [Alert Engine] [阻力突破警报-67000] TRIGGER_COMPLETED
2026-03-09T13:29:27: [Alert Engine] [阻力突破警报-67000] CHECK_START
2026-03-09T13:29:27: [Alert Engine] [阻力突破警报-67000] CHECK_PASSED
2026-03-09T13:29:27: [Alert Engine] [关键支撑跌破警报-66000] CHECK_START
2026-03-09T13:29:27: [Alert Engine] [关键支撑跌破警报-66000] CHECK_PASSED
2026-03-09T13:34:55: [Alert Engine] [阻力突破警报-67000] CHECK_START
2026-03-09T13:34:55: [Alert Engine] [阻力突破警报-67000] CHECK_PASSED
2026-03-09T13:34:55: [Alert Engine] [关键支撑跌破警报-66000] CHECK_START
2026-03-09T13:34:55: [Alert Engine] [关键支撑跌破警报-66000] CHECK_PASSED
2026-03-09T13:40:21: [Alert Engine] [阻力突破警报-67000] CHECK_START
2026-03-09T13:40:21: [Alert Engine] [阻力突破警报-67000] CHECK_PASSED
2026-03-09T13:40:21: [Alert Engine] [关键支撑跌破警报-66000] CHECK_START
2026-03-09T13:40:21: [Alert Engine] [关键支撑跌破警报-66000] CHECK_PASSED
2026-03-09T13:45:46: [Alert Engine] [阻力突破警报-67000] CHECK_START
2026-03-09T13:45:46: [Alert Engine] [阻力突破警报-67000] CHECK_PASSED
2026-03-09T13:45:46: [Alert Engine] [关键支撑跌破警报-66000] CHECK_START
2026-03-09T13:45:46: [Alert Engine] [关键支撑跌破警报-66000] CHECK_PASSED
2026-03-09T13:51:12: [Alert Engine] [阻力突破警报-67000] CHECK_START
2026-03-09T13:51:12: [Alert Engine] [阻力突破警报-67000] CHECK_PASSED
2026-03-09T13:51:12: [Alert Engine] [关键支撑跌破警报-66000] CHECK_START
2026-03-09T13:51:12: [Alert Engine] [关键支撑跌破警报-66000] CHECK_PASSED
2026-03-09T13:56:39: [Alert Engine] [阻力突破警报-67000] CHECK_START
2026-03-09T13:56:39: [Alert Engine] [阻力突破警报-67000] CHECK_PASSED
2026-03-09T13:56:39: [Alert Engine] [关键支撑跌破警报-66000] CHECK_START
2026-03-09T13:56:39: [Alert Engine] [关键支撑跌破警报-66000] CHECK_PASSED
2026-03-09T14:02:08: [Alert Engine] [阻力突破警报-67000] CHECK_START
2026-03-09T14:02:08: [Alert Engine] [阻力突破警报-67000] CHECK_PASSED
2026-03-09T14:02:08: [Alert Engine] [关键支撑跌破警报-66000] CHECK_START
2026-03-09T14:02:08: [Alert Engine] [关键支撑跌破警报-66000] CHECK_PASSED
2026-03-09T14:07:35: [Alert Engine] [阻力突破警报-67000] CHECK_START
2026-03-09T14:07:35: [Alert Engine] [阻力突破警报-67000] CHECK_PASSED
2026-03-09T14:07:35: [Alert Engine] [关键支撑跌破警报-66000] CHECK_START
2026-03-09T14:07:35: [Alert Engine] [关键支撑跌破警报-66000] CHECK_PASSED
2026-03-09T14:13:01: [Alert Engine] [阻力突破警报-67000] CHECK_START
2026-03-09T14:13:01: [Alert Engine] [阻力突破警报-67000] CHECK_PASSED
2026-03-09T14:13:01: [Alert Engine] [关键支撑跌破警报-66000] CHECK_START
2026-03-09T14:13:01: [Alert Engine] [关键支撑跌破警报-66000] CHECK_PASSED
2026-03-09T14:18:27: [Alert Engine] [阻力突破警报-67000] CHECK_START
2026-03-09T14:18:27: [Alert Engine] [阻力突破警报-67000] CHECK_PASSED
2026-03-09T14:18:27: [Alert Engine] [关键支撑跌破警报-66000] CHECK_START
2026-03-09T14:18:27: [Alert Engine] [关键支撑跌破警报-66000] CHECK_PASSED
2026-03-09T14:23:57: [Alert Engine] [阻力突破警报-67000] CHECK_START
2026-03-09T14:23:57: [Alert Engine] [阻力突破警报-67000] CHECK_PASSED
2026-03-09T14:23:57: [Alert Engine] [关键支撑跌破警报-66000] CHECK_START
2026-03-09T14:23:57: [Alert Engine] [关键支撑跌破警报-66000] CHECK_PASSED
2026-03-09T14:29:21: [Alert Engine] [阻力突破警报-67000] CHECK_START
2026-03-09T14:29:21: [Alert Engine] [关键支撑跌破警报-66000] CHECK_START
2026-03-09T14:29:23: [警报检查] 当前价格: 67492.74, 目标支撑: $66000
2026-03-09T14:29:23: [Alert Engine] [关键支撑跌破警报-66000] CHECK_PASSED
2026-03-09T14:29:32: [警报检查] 当前价格: 67489.48, 目标阻力: $67000
2026-03-09T14:29:32: [Alert Engine] [阻力突破警报-67000] TRIGGERED
2026-03-09T14:29:51: [Alert Engine] [阻力突破警报-67000] DATA_COLLECTED
2026-03-09T14:29:51: [警报触发] 已发送即时分析任务
2026-03-09T14:29:51: [Alert Engine] [阻力突破警报-67000] TRIGGER_COMPLETED
2026-03-09T14:34:43: [Alert Engine] [阻力突破警报-67000] CHECK_START
2026-03-09T14:34:43: [Alert Engine] [阻力突破警报-67000] CHECK_PASSED
2026-03-09T14:34:43: [Alert Engine] [关键支撑跌破警报-66000] CHECK_START
2026-03-09T14:34:43: [Alert Engine] [关键支撑跌破警报-66000] CHECK_PASSED
2026-03-09T14:40:10: [Alert Engine] [阻力突破警报-67000] CHECK_START
2026-03-09T14:40:10: [Alert Engine] [阻力突破警报-67000] CHECK_PASSED
2026-03-09T14:40:10: [Alert Engine] [关键支撑跌破警报-66000] CHECK_START
2026-03-09T14:40:10: [Alert Engine] [关键支撑跌破警报-66000] CHECK_PASSED
2026-03-09T14:45:36: [Alert Engine] [阻力突破警报-67000] CHECK_START
2026-03-09T14:45:36: [Alert Engine] [阻力突破警报-67000] CHECK_PASSED
2026-03-09T14:45:36: [Alert Engine] [关键支撑跌破警报-66000] CHECK_START
2026-03-09T14:45:36: [Alert Engine] [关键支撑跌破警报-66000] CHECK_PASSED
2026-03-09T14:50:56: [Alert Engine] [阻力突破警报-67000] CHECK_START
2026-03-09T14:50:56: [Alert Engine] [阻力突破警报-67000] CHECK_PASSED
2026-03-09T14:50:56: [Alert Engine] [关键支撑跌破警报-66000] CHECK_START
2026-03-09T14:50:56: [Alert Engine] [关键支撑跌破警报-66000] CHECK_PASSED
2026-03-09T14:56:25: [Alert Engine] [阻力突破警报-67000] CHECK_START
2026-03-09T14:56:25: [Alert Engine] [阻力突破警报-67000] CHECK_PASSED
2026-03-09T14:56:25: [Alert Engine] [关键支撑跌破警报-66000] CHECK_START
2026-03-09T14:56:25: [Alert Engine] [关键支撑跌破警报-66000] CHECK_PASSED
2026-03-09T15:01:52: [Alert Engine] [阻力突破警报-67000] CHECK_START
2026-03-09T15:01:52: [Alert Engine] [阻力突破警报-67000] CHECK_PASSED
2026-03-09T15:01:52: [Alert Engine] [关键支撑跌破警报-66000] CHECK_START
2026-03-09T15:01:52: [Alert Engine] [关键支撑跌破警报-66000] CHECK_PASSED
2026-03-09T15:07:20: [Alert Engine] [阻力突破警报-67000] CHECK_START
2026-03-09T15:07:20: [Alert Engine] [阻力突破警报-67000] CHECK_PASSED
2026-03-09T15:07:20: [Alert Engine] [关键支撑跌破警报-66000] CHECK_START
2026-03-09T15:07:20: [Alert Engine] [关键支撑跌破警报-66000] CHECK_PASSED
2026-03-09T15:12:46: [Alert Engine] [阻力突破警报-67000] CHECK_START
2026-03-09T15:12:46: [Alert Engine] [阻力突破警报-67000] CHECK_PASSED
2026-03-09T15:12:46: [Alert Engine] [关键支撑跌破警报-66000] CHECK_START
2026-03-09T15:12:46: [Alert Engine] [关键支撑跌破警报-66000] CHECK_PASSED
2026-03-09T15:18:11: [Alert Engine] [阻力突破警报-67000] CHECK_START
2026-03-09T15:18:11: [Alert Engine] [阻力突破警报-67000] CHECK_PASSED
2026-03-09T15:18:11: [Alert Engine] [关键支撑跌破警报-66000] CHECK_START
2026-03-09T15:18:11: [Alert Engine] [关键支撑跌破警报-66000] CHECK_PASSED
2026-03-09T15:23:40: [Alert Engine] [阻力突破警报-67000] CHECK_START
2026-03-09T15:23:40: [Alert Engine] [阻力突破警报-67000] CHECK_PASSED
2026-03-09T15:23:40: [Alert Engine] [关键支撑跌破警报-66000] CHECK_START
2026-03-09T15:23:40: [Alert Engine] [关键支撑跌破警报-66000] CHECK_PASSED
2026-03-09T15:29:07: [Alert Engine] [阻力突破警报-67000] CHECK_START
2026-03-09T15:29:07: [Alert Engine] [阻力突破警报-67000] CHECK_PASSED
2026-03-09T15:29:07: [Alert Engine] [关键支撑跌破警报-66000] CHECK_START
2026-03-09T15:29:07: [Alert Engine] [关键支撑跌破警报-66000] CHECK_PASSED
2026-03-09T15:34:36: [Alert Engine] [阻力突破警报-67000] CHECK_START
2026-03-09T15:34:36: [Alert Engine] [关键支撑跌破警报-66000] CHECK_START
2026-03-09T15:34:39: [警报检查] 当前价格: 67329.95, 目标阻力: $67000
2026-03-09T15:34:39: [Alert Engine] [阻力突破警报-67000] TRIGGERED
2026-03-09T15:34:41: [警报检查] 当前价格: 67330.54, 目标支撑: $66000
2026-03-09T15:34:41: [Alert Engine] [关键支撑跌破警报-66000] CHECK_PASSED
2026-03-09T15:34:48: [Alert Engine] [阻力突破警报-67000] DATA_COLLECTED
2026-03-09T15:34:48: [警报触发] 已发送即时分析任务
2026-03-09T15:34:48: [Alert Engine] [阻力突破警报-67000] TRIGGER_COMPLETED
2026-03-09T15:40:02: [Alert Engine] [阻力突破警报-67000] CHECK_START
2026-03-09T15:40:02: [Alert Engine] [阻力突破警报-67000] CHECK_PASSED
2026-03-09T15:40:02: [Alert Engine] [关键支撑跌破警报-66000] CHECK_START
2026-03-09T15:40:02: [Alert Engine] [关键支撑跌破警报-66000] CHECK_PASSED
2026-03-09T15:45:26: [Alert Engine] [阻力突破警报-67000] CHECK_START
2026-03-09T15:45:26: [Alert Engine] [阻力突破警报-67000] CHECK_PASSED
2026-03-09T15:45:26: [Alert Engine] [关键支撑跌破警报-66000] CHECK_START
2026-03-09T15:45:26: [Alert Engine] [关键支撑跌破警报-66000] CHECK_PASSED
2026-03-09T15:50:56: [Alert Engine] [阻力突破警报-67000] CHECK_START
2026-03-09T15:50:56: [Alert Engine] [阻力突破警报-67000] CHECK_PASSED
2026-03-09T15:50:56: [Alert Engine] [关键支撑跌破警报-66000] CHECK_START
2026-03-09T15:50:56: [Alert Engine] [关键支撑跌破警报-66000] CHECK_PASSED
2026-03-09T15:56:23: [Alert Engine] [阻力突破警报-67000] CHECK_START
2026-03-09T15:56:23: [Alert Engine] [阻力突破警报-67000] CHECK_PASSED
2026-03-09T15:56:23: [Alert Engine] [关键支撑跌破警报-66000] CHECK_START
2026-03-09T15:56:23: [Alert Engine] [关键支撑跌破警报-66000] CHECK_PASSED
2026-03-09T16:01:48: [Alert Engine] [阻力突破警报-67000] CHECK_START
2026-03-09T16:01:48: [Alert Engine] [阻力突破警报-67000] CHECK_PASSED
2026-03-09T16:01:48: [Alert Engine] [关键支撑跌破警报-66000] CHECK_START
2026-03-09T16:01:48: [Alert Engine] [关键支撑跌破警报-66000] CHECK_PASSED
2026-03-09T16:07:07: [Alert Engine] [阻力突破警报-67000] CHECK_START
2026-03-09T16:07:07: [Alert Engine] [阻力突破警报-67000] CHECK_PASSED
2026-03-09T16:07:07: [Alert Engine] [关键支撑跌破警报-66000] CHECK_START
2026-03-09T16:07:07: [Alert Engine] [关键支撑跌破警报-66000] CHECK_PASSED
2026-03-09T16:12:34: [Alert Engine] [阻力突破警报-67000] CHECK_START
2026-03-09T16:12:34: [Alert Engine] [阻力突破警报-67000] CHECK_PASSED
2026-03-09T16:12:34: [Alert Engine] [关键支撑跌破警报-66000] CHECK_START
2026-03-09T16:12:34: [Alert Engine] [关键支撑跌破警报-66000] CHECK_PASSED
2026-03-09T16:18:03: [Alert Engine] [阻力突破警报-67000] CHECK_START
2026-03-09T16:18:03: [Alert Engine] [阻力突破警报-67000] CHECK_PASSED
2026-03-09T16:18:03: [Alert Engine] [关键支撑跌破警报-66000] CHECK_START
2026-03-09T16:18:03: [Alert Engine] [关键支撑跌破警报-66000] CHECK_PASSED
2026-03-09T16:23:29: [Alert Engine] [阻力突破警报-67000] CHECK_START
2026-03-09T16:23:29: [Alert Engine] [阻力突破警报-67000] CHECK_PASSED
2026-03-09T16:23:30: [Alert Engine] [关键支撑跌破警报-66000] CHECK_START
2026-03-09T16:23:30: [Alert Engine] [关键支撑跌破警报-66000] CHECK_PASSED
2026-03-09T16:28:49: [Alert Engine] [阻力突破警报-67000] CHECK_START
2026-03-09T16:28:49: [Alert Engine] [阻力突破警报-67000] CHECK_PASSED
2026-03-09T16:28:49: [Alert Engine] [关键支撑跌破警报-66000] CHECK_START
2026-03-09T16:28:49: [Alert Engine] [关键支撑跌破警报-66000] CHECK_PASSED
2026-03-09T16:34:15: [Alert Engine] [阻力突破警报-67000] CHECK_START
2026-03-09T16:34:15: [Alert Engine] [阻力突破警报-67000] CHECK_PASSED
2026-03-09T16:34:15: [Alert Engine] [关键支撑跌破警报-66000] CHECK_START
2026-03-09T16:34:15: [Alert Engine] [关键支撑跌破警报-66000] CHECK_PASSED
2026-03-09T16:39:38: [Alert Engine] [阻力突破警报-67000] CHECK_START
2026-03-09T16:39:38: [Alert Engine] [关键支撑跌破警报-66000] CHECK_START
2026-03-09T16:40:11: [警报检查] 当前价格: 67691.77, 目标阻力: $67000
2026-03-09T16:40:11: [Alert Engine] [阻力突破警报-67000] TRIGGERED
2026-03-09T16:40:13: [Alert Engine] [关键支撑跌破警报-66000] CHECK_PASSED
2026-03-09T16:40:51: [Alert Engine] [阻力突破警报-67000] DATA_COLLECTED
2026-03-09T16:40:51: [警报触发] 已发送即时分析任务
2026-03-09T16:40:51: [Alert Engine] [阻力突破警报-67000] TRIGGER_COMPLETED
2026-03-09T16:41:47: [Alert Engine] [阻力突破警报-67000] 检测到规则文件已不存在
2026-03-09T16:41:47: [Alert Engine] [阻力突破警报-67000] RULE_UNLOADED
2026-03-09T16:41:47: [Alert Engine] Unloaded rule "阻力突破警报-67000" (file_removed)
2026-03-09T16:42:39: [Alert Engine] [Engine] 引擎关闭 (SIGINT)
2026-03-09T16:42:39: 
2026-03-09T16:42:39: [Alert Engine] Shutting down...
2026-03-09T16:42:39: [Alert Engine] Stopped timer for 2026-03-09-support-66000.js
2026-03-09T16:42:39: [Alert Engine] [Engine] 引擎启动
2026-03-09T16:42:39: [Alert Engine] Starting...
2026-03-09T16:42:39: [Alert Engine] Rules directory: /root/.openclaw/workspace-july/skills/btc-alert/rules
2026-03-09T16:42:39: [Alert Engine] Archive directory: /root/.openclaw/workspace-july/skills/btc-alert/rules-archive
2026-03-09T16:42:39: [Alert Engine] Log file: /root/.openclaw/workspace-july/logs/alert-engine.log
2026-03-09T16:42:39: [Alert Engine] Loaded rule: 阻力突破警报-68500 (interval: 300000ms)
2026-03-09T16:42:39: [Alert Engine] Loaded rule: 关键支撑跌破警报-66000 (interval: 300000ms)
2026-03-09T16:42:39: [Alert Engine] Loaded rule: 止盈目标警报-68000 (interval: 300000ms)
2026-03-09T16:42:39: [Alert Engine] [阻力突破警报-68500] TIMER_STARTED
2026-03-09T16:42:39: [Alert Engine] Starting timer for rule "阻力突破警报-68500" (interval: 300000ms)
2026-03-09T16:42:39: [Alert Engine] [阻力突破警报-68500] CHECK_START
2026-03-09T16:42:39: [Alert Engine] [关键支撑跌破警报-66000] TIMER_STARTED
2026-03-09T16:42:39: [Alert Engine] Starting timer for rule "关键支撑跌破警报-66000" (interval: 300000ms)
2026-03-09T16:42:39: [Alert Engine] [关键支撑跌破警报-66000] CHECK_START
2026-03-09T16:42:39: [Alert Engine] [止盈目标警报-68000] TIMER_STARTED
2026-03-09T16:42:39: [Alert Engine] Starting timer for rule "止盈目标警报-68000" (interval: 300000ms)
2026-03-09T16:42:39: [Alert Engine] [止盈目标警报-68000] CHECK_START
2026-03-09T16:42:39: [Alert Engine] [Engine] 规则加载完成
2026-03-09T16:42:39: [Alert Engine] Started 3 rule(s)
2026-03-09T16:42:39: [Alert Engine] Started file scanner (interval: 60s)
2026-03-09T16:42:48: [警报检查] 当前价格: 67740.2, 目标阻力: $68500
2026-03-09T16:42:48: [Alert Engine] [阻力突破警报-68500] CHECK_PASSED
2026-03-09T16:42:50: [警报检查] 当前价格: 67741.12, 止盈目标: $68000
2026-03-09T16:42:50: [Alert Engine] [止盈目标警报-68000] CHECK_PASSED
2026-03-09T16:42:57: [警报检查] 当前价格: 67709.32, 目标支撑: $66000
2026-03-09T16:42:57: [Alert Engine] [关键支撑跌破警报-66000] CHECK_PASSED
2026-03-09T16:48:07: [Alert Engine] [阻力突破警报-68500] CHECK_START
2026-03-09T16:48:07: [Alert Engine] [关键支撑跌破警报-66000] CHECK_START
2026-03-09T16:48:07: [Alert Engine] [止盈目标警报-68000] CHECK_START
2026-03-09T16:48:13: [警报检查] 当前价格: 67797.54, 止盈目标: $68000
2026-03-09T16:48:13: [Alert Engine] [止盈目标警报-68000] CHECK_PASSED
2026-03-09T16:48:14: [警报检查] 当前价格: 67812.92, 目标阻力: $68500
2026-03-09T16:48:14: [Alert Engine] [阻力突破警报-68500] CHECK_PASSED
2026-03-09T16:48:15: [警报检查] 当前价格: 67797.85, 目标支撑: $66000
2026-03-09T16:48:15: [Alert Engine] [关键支撑跌破警报-66000] CHECK_PASSED
2026-03-09T16:53:34: [Alert Engine] [阻力突破警报-68500] CHECK_START
2026-03-09T16:53:34: [Alert Engine] [关键支撑跌破警报-66000] CHECK_START
2026-03-09T16:53:34: [Alert Engine] [止盈目标警报-68000] CHECK_START
2026-03-09T16:53:39: [警报检查] 当前价格: 67884.25, 目标支撑: $66000
2026-03-09T16:53:39: [Alert Engine] [关键支撑跌破警报-66000] CHECK_PASSED
2026-03-09T16:53:44: [警报检查] 当前价格: 67902.41, 止盈目标: $68000
2026-03-09T16:53:44: [Alert Engine] [止盈目标警报-68000] CHECK_PASSED
2026-03-09T16:53:45: [警报检查] 当前价格: 67874.95, 目标阻力: $68500
2026-03-09T16:53:45: [Alert Engine] [阻力突破警报-68500] CHECK_PASSED
2026-03-09T16:58:53: [Alert Engine] [阻力突破警报-68500] CHECK_START
2026-03-09T16:58:53: [Alert Engine] [关键支撑跌破警报-66000] CHECK_START
2026-03-09T16:58:53: [Alert Engine] [止盈目标警报-68000] CHECK_START
2026-03-09T16:59:29: [Alert Engine] [止盈目标警报-68000] CHECK_PASSED
2026-03-09T16:59:31: [Alert Engine] [关键支撑跌破警报-66000] CHECK_PASSED
2026-03-09T16:59:31: [警报检查] 当前价格: 67812.83, 目标阻力: $68500
2026-03-09T16:59:31: [Alert Engine] [阻力突破警报-68500] CHECK_PASSED
2026-03-09T17:04:15: [Alert Engine] [阻力突破警报-68500] CHECK_START
2026-03-09T17:04:15: [Alert Engine] [关键支撑跌破警报-66000] CHECK_START
2026-03-09T17:04:15: [Alert Engine] [止盈目标警报-68000] CHECK_START
2026-03-09T17:04:47: [警报检查] 当前价格: 67766.98, 止盈目标: $68000
2026-03-09T17:04:47: [Alert Engine] [止盈目标警报-68000] CHECK_PASSED
2026-03-09T17:04:54: [Alert Engine] [阻力突破警报-68500] CHECK_PASSED
2026-03-09T17:05:00: [Alert Engine] [关键支撑跌破警报-66000] CHECK_PASSED
2026-03-09T17:09:39: [Alert Engine] [阻力突破警报-68500] CHECK_START
2026-03-09T17:09:39: [Alert Engine] [关键支撑跌破警报-66000] CHECK_START
2026-03-09T17:09:39: [Alert Engine] [止盈目标警报-68000] CHECK_START
2026-03-09T17:09:48: [警报检查] 当前价格: 67658.55, 目标阻力: $68500
2026-03-09T17:09:48: [Alert Engine] [阻力突破警报-68500] CHECK_PASSED
2026-03-09T17:10:10: [警报检查] 当前价格: 67644.54, 止盈目标: $68000
2026-03-09T17:10:10: [Alert Engine] [止盈目标警报-68000] CHECK_PASSED
2026-03-09T17:10:14: [Alert Engine] [关键支撑跌破警报-66000] CHECK_PASSED
2026-03-09T17:15:02: [Alert Engine] [阻力突破警报-68500] CHECK_START
2026-03-09T17:15:02: [Alert Engine] [关键支撑跌破警报-66000] CHECK_START
2026-03-09T17:15:02: [Alert Engine] [止盈目标警报-68000] CHECK_START
2026-03-09T17:15:15: [警报检查] 当前价格: 67791.84, 止盈目标: $68000
2026-03-09T17:15:15: [Alert Engine] [止盈目标警报-68000] CHECK_PASSED
2026-03-09T17:15:32: [警报检查] 当前价格: 67810.78, 目标阻力: $68500
2026-03-09T17:15:32: [Alert Engine] [阻力突破警报-68500] CHECK_PASSED
2026-03-09T17:15:34: [Alert Engine] [关键支撑跌破警报-66000] CHECK_PASSED
2026-03-09T17:20:19: [Alert Engine] [阻力突破警报-68500] CHECK_START
2026-03-09T17:20:19: [Alert Engine] [关键支撑跌破警报-66000] CHECK_START
2026-03-09T17:20:19: [Alert Engine] [止盈目标警报-68000] CHECK_START
2026-03-09T17:20:41: [警报检查] 当前价格: 67831.16, 目标阻力: $68500
2026-03-09T17:20:41: [Alert Engine] [阻力突破警报-68500] CHECK_PASSED
2026-03-09T17:20:49: [警报检查] 当前价格: 67835.5, 目标支撑: $66000
2026-03-09T17:20:49: [Alert Engine] [关键支撑跌破警报-66000] CHECK_PASSED
2026-03-09T17:20:51: [警报检查] 当前价格: 67828.13, 止盈目标: $68000
2026-03-09T17:20:51: [Alert Engine] [止盈目标警报-68000] CHECK_PASSED
2026-03-09T17:25:32: [Alert Engine] [阻力突破警报-68500] CHECK_START
2026-03-09T17:25:32: [Alert Engine] [关键支撑跌破警报-66000] CHECK_START
2026-03-09T17:25:32: [Alert Engine] [止盈目标警报-68000] CHECK_START
2026-03-09T17:25:34: [警报检查] 当前价格: 67943.65, 目标阻力: $68500
2026-03-09T17:25:34: [Alert Engine] [阻力突破警报-68500] CHECK_PASSED
2026-03-09T17:25:55: [警报检查] 当前价格: 67943.55, 目标支撑: $66000
2026-03-09T17:25:55: [Alert Engine] [关键支撑跌破警报-66000] CHECK_PASSED
2026-03-09T17:26:13: [警报检查] 当前价格: 67944.27, 止盈目标: $68000
2026-03-09T17:26:13: [Alert Engine] [止盈目标警报-68000] CHECK_PASSED
2026-03-09T17:30:55: [Alert Engine] [阻力突破警报-68500] CHECK_START
2026-03-09T17:30:55: [Alert Engine] [关键支撑跌破警报-66000] CHECK_START
2026-03-09T17:30:55: [Alert Engine] [止盈目标警报-68000] CHECK_START
2026-03-09T17:31:09: [警报检查] 当前价格: 67905.81, 目标支撑: $66000
2026-03-09T17:31:09: [Alert Engine] [关键支撑跌破警报-66000] CHECK_PASSED
2026-03-09T17:31:17: [警报检查] 当前价格: 67909.32, 目标阻力: $68500
2026-03-09T17:31:17: [Alert Engine] [阻力突破警报-68500] CHECK_PASSED
2026-03-09T17:31:32: [Alert Engine] [止盈目标警报-68000] CHECK_PASSED
2026-03-09T17:36:24: [Alert Engine] [阻力突破警报-68500] CHECK_START
2026-03-09T17:36:24: [Alert Engine] [关键支撑跌破警报-66000] CHECK_START
2026-03-09T17:36:24: [Alert Engine] [止盈目标警报-68000] CHECK_START
2026-03-09T17:36:26: [Alert Engine] [止盈目标警报-68000] CHECK_PASSED
2026-03-09T17:36:27: [警报检查] 当前价格: 68311.08, 目标阻力: $68500
2026-03-09T17:36:27: [Alert Engine] [阻力突破警报-68500] CHECK_PASSED
2026-03-09T17:36:33: [警报检查] 当前价格: 68274.35, 目标支撑: $66000
2026-03-09T17:36:33: [Alert Engine] [关键支撑跌破警报-66000] CHECK_PASSED
2026-03-09T17:41:51: [Alert Engine] [阻力突破警报-68500] CHECK_START
2026-03-09T17:41:51: [Alert Engine] [关键支撑跌破警报-66000] CHECK_START
2026-03-09T17:41:51: [Alert Engine] [止盈目标警报-68000] CHECK_START
2026-03-09T17:41:53: [警报检查] 当前价格: 68310.92, 止盈目标: $68000
2026-03-09T17:41:53: [Alert Engine] [止盈目标警报-68000] TRIGGERED
2026-03-09T17:41:55: [警报检查] 当前价格: 68314.12, 目标阻力: $68500
2026-03-09T17:41:55: [Alert Engine] [阻力突破警报-68500] CHECK_PASSED
2026-03-09T17:42:03: [警报检查] 当前价格: 68326.1, 目标支撑: $66000
2026-03-09T17:42:03: [Alert Engine] [关键支撑跌破警报-66000] CHECK_PASSED
2026-03-09T17:42:05: [Alert Engine] [止盈目标警报-68000] DATA_COLLECTED
2026-03-09T17:42:05: [警报触发] 已发送即时分析任务
2026-03-09T17:42:05: [Alert Engine] [止盈目标警报-68000] TRIGGER_COMPLETED
2026-03-09T17:47:17: [Alert Engine] [阻力突破警报-68500] CHECK_START
2026-03-09T17:47:17: [Alert Engine] [阻力突破警报-68500] CHECK_PASSED
2026-03-09T17:47:17: [Alert Engine] [关键支撑跌破警报-66000] CHECK_START
2026-03-09T17:47:17: [Alert Engine] [关键支撑跌破警报-66000] CHECK_PASSED
2026-03-09T17:47:17: [Alert Engine] [止盈目标警报-68000] CHECK_START
2026-03-09T17:47:17: [Alert Engine] [止盈目标警报-68000] CHECK_PASSED
2026-03-09T17:52:47: [Alert Engine] [阻力突破警报-68500] CHECK_START
2026-03-09T17:52:47: [Alert Engine] [阻力突破警报-68500] CHECK_PASSED
2026-03-09T17:52:47: [Alert Engine] [关键支撑跌破警报-66000] CHECK_START
2026-03-09T17:52:47: [Alert Engine] [关键支撑跌破警报-66000] CHECK_PASSED
2026-03-09T17:52:47: [Alert Engine] [止盈目标警报-68000] CHECK_START
2026-03-09T17:52:47: [Alert Engine] [止盈目标警报-68000] CHECK_PASSED
2026-03-09T17:58:13: [Alert Engine] [阻力突破警报-68500] CHECK_START
2026-03-09T17:58:13: [Alert Engine] [阻力突破警报-68500] CHECK_PASSED
2026-03-09T17:58:13: [Alert Engine] [关键支撑跌破警报-66000] CHECK_START
2026-03-09T17:58:13: [Alert Engine] [关键支撑跌破警报-66000] CHECK_PASSED
2026-03-09T17:58:13: [Alert Engine] [止盈目标警报-68000] CHECK_START
2026-03-09T17:58:13: [Alert Engine] [止盈目标警报-68000] CHECK_PASSED
2026-03-09T18:03:39: [Alert Engine] [阻力突破警报-68500] CHECK_START
2026-03-09T18:03:39: [Alert Engine] [阻力突破警报-68500] CHECK_PASSED
2026-03-09T18:03:39: [Alert Engine] [关键支撑跌破警报-66000] CHECK_START
2026-03-09T18:03:39: [Alert Engine] [关键支撑跌破警报-66000] CHECK_PASSED
2026-03-09T18:03:39: [Alert Engine] [止盈目标警报-68000] CHECK_START
2026-03-09T18:03:39: [Alert Engine] [止盈目标警报-68000] CHECK_PASSED
2026-03-09T18:09:06: [Alert Engine] [阻力突破警报-68500] CHECK_START
2026-03-09T18:09:06: [Alert Engine] [阻力突破警报-68500] CHECK_PASSED
2026-03-09T18:09:06: [Alert Engine] [关键支撑跌破警报-66000] CHECK_START
2026-03-09T18:09:06: [Alert Engine] [关键支撑跌破警报-66000] CHECK_PASSED
2026-03-09T18:09:06: [Alert Engine] [止盈目标警报-68000] CHECK_START
2026-03-09T18:09:06: [Alert Engine] [止盈目标警报-68000] CHECK_PASSED
2026-03-09T18:14:35: [Alert Engine] [阻力突破警报-68500] CHECK_START
2026-03-09T18:14:35: [Alert Engine] [阻力突破警报-68500] CHECK_PASSED
2026-03-09T18:14:35: [Alert Engine] [关键支撑跌破警报-66000] CHECK_START
2026-03-09T18:14:35: [Alert Engine] [关键支撑跌破警报-66000] CHECK_PASSED
2026-03-09T18:14:35: [Alert Engine] [止盈目标警报-68000] CHECK_START
2026-03-09T18:14:50: [警报检查] 当前价格: 67902.5, 止盈目标: $68000
2026-03-09T18:14:50: [Alert Engine] [止盈目标警报-68000] CHECK_PASSED
2026-03-09T18:20:02: [Alert Engine] [阻力突破警报-68500] CHECK_START
2026-03-09T18:20:02: [Alert Engine] [阻力突破警报-68500] CHECK_PASSED
2026-03-09T18:20:02: [Alert Engine] [关键支撑跌破警报-66000] CHECK_START
2026-03-09T18:20:02: [Alert Engine] [关键支撑跌破警报-66000] CHECK_PASSED
2026-03-09T18:20:02: [Alert Engine] [止盈目标警报-68000] CHECK_START
2026-03-09T18:20:06: [警报检查] 当前价格: 67863.74, 止盈目标: $68000
2026-03-09T18:20:06: [Alert Engine] [止盈目标警报-68000] CHECK_PASSED
2026-03-09T18:25:30: [Alert Engine] [阻力突破警报-68500] CHECK_START
2026-03-09T18:25:30: [Alert Engine] [阻力突破警报-68500] CHECK_PASSED
2026-03-09T18:25:30: [Alert Engine] [关键支撑跌破警报-66000] CHECK_START
2026-03-09T18:25:30: [Alert Engine] [关键支撑跌破警报-66000] CHECK_PASSED
2026-03-09T18:25:30: [Alert Engine] [止盈目标警报-68000] CHECK_START
2026-03-09T18:25:31: [警报检查] 当前价格: 67873.26, 止盈目标: $68000
2026-03-09T18:25:31: [Alert Engine] [止盈目标警报-68000] CHECK_PASSED
2026-03-09T18:30:56: [Alert Engine] [阻力突破警报-68500] CHECK_START
2026-03-09T18:30:56: [Alert Engine] [阻力突破警报-68500] CHECK_PASSED
2026-03-09T18:30:56: [Alert Engine] [关键支撑跌破警报-66000] CHECK_START
2026-03-09T18:30:56: [Alert Engine] [关键支撑跌破警报-66000] CHECK_PASSED
2026-03-09T18:30:56: [Alert Engine] [止盈目标警报-68000] CHECK_START
2026-03-09T18:31:02: [警报检查] 当前价格: 67778.71, 止盈目标: $68000
2026-03-09T18:31:02: [Alert Engine] [止盈目标警报-68000] CHECK_PASSED
2026-03-09T18:36:03: [Alert Engine] [阻力突破警报-68500] CHECK_START
2026-03-09T18:36:03: [Alert Engine] [阻力突破警报-68500] CHECK_PASSED
2026-03-09T18:36:03: [Alert Engine] [关键支撑跌破警报-66000] CHECK_START
2026-03-09T18:36:03: [Alert Engine] [关键支撑跌破警报-66000] CHECK_PASSED
2026-03-09T18:36:03: [Alert Engine] [止盈目标警报-68000] CHECK_START
2026-03-09T18:36:13: [警报检查] 当前价格: 67810.31, 止盈目标: $68000
2026-03-09T18:36:13: [Alert Engine] [止盈目标警报-68000] CHECK_PASSED
2026-03-09T18:41:03: [Alert Engine] [阻力突破警报-68500] CHECK_START
2026-03-09T18:41:03: [Alert Engine] [阻力突破警报-68500] CHECK_PASSED
2026-03-09T18:41:03: [Alert Engine] [关键支撑跌破警报-66000] CHECK_START
2026-03-09T18:41:03: [Alert Engine] [关键支撑跌破警报-66000] CHECK_PASSED
2026-03-09T18:41:03: [Alert Engine] [止盈目标警报-68000] CHECK_START
2026-03-09T18:41:09: [警报检查] 当前价格: 67699.49, 止盈目标: $68000
2026-03-09T18:41:09: [Alert Engine] [止盈目标警报-68000] CHECK_PASSED
2026-03-09T18:46:03: [Alert Engine] [阻力突破警报-68500] CHECK_START
2026-03-09T18:46:03: [Alert Engine] [关键支撑跌破警报-66000] CHECK_START
2026-03-09T18:46:03: [Alert Engine] [止盈目标警报-68000] CHECK_START
2026-03-09T18:46:05: [Alert Engine] [阻力突破警报-68500] CHECK_PASSED
2026-03-09T18:46:05: [警报检查] 当前价格: 67585.4, 目标支撑: $66000
2026-03-09T18:46:05: [Alert Engine] [关键支撑跌破警报-66000] CHECK_PASSED
2026-03-09T18:46:08: [警报检查] 当前价格: 67583.1, 止盈目标: $68000
2026-03-09T18:46:08: [Alert Engine] [止盈目标警报-68000] CHECK_PASSED
2026-03-09T18:51:03: [Alert Engine] [阻力突破警报-68500] CHECK_START
2026-03-09T18:51:03: [Alert Engine] [关键支撑跌破警报-66000] CHECK_START
2026-03-09T18:51:03: [Alert Engine] [止盈目标警报-68000] CHECK_START
2026-03-09T18:51:05: [警报检查] 当前价格: 67632.59, 目标支撑: $66000
2026-03-09T18:51:05: [Alert Engine] [关键支撑跌破警报-66000] CHECK_PASSED
2026-03-09T18:51:06: [警报检查] 当前价格: 67635.72, 止盈目标: $68000
2026-03-09T18:51:06: [Alert Engine] [止盈目标警报-68000] CHECK_PASSED
2026-03-09T18:51:07: [警报检查] 当前价格: 67631.62, 目标阻力: $68500
2026-03-09T18:51:07: [Alert Engine] [阻力突破警报-68500] CHECK_PASSED
2026-03-09T18:56:03: [Alert Engine] [阻力突破警报-68500] CHECK_START
2026-03-09T18:56:03: [Alert Engine] [关键支撑跌破警报-66000] CHECK_START
2026-03-09T18:56:03: [Alert Engine] [止盈目标警报-68000] CHECK_START
2026-03-09T18:56:05: [Alert Engine] [阻力突破警报-68500] CHECK_PASSED
2026-03-09T18:56:05: [警报检查] 当前价格: 67599.06, 目标支撑: $66000
2026-03-09T18:56:05: [Alert Engine] [关键支撑跌破警报-66000] CHECK_PASSED
2026-03-09T18:56:06: [警报检查] 当前价格: 67608.37, 止盈目标: $68000
2026-03-09T18:56:06: [Alert Engine] [止盈目标警报-68000] CHECK_PASSED
2026-03-09T19:01:03: [Alert Engine] [阻力突破警报-68500] CHECK_START
2026-03-09T19:01:03: [Alert Engine] [关键支撑跌破警报-66000] CHECK_START
2026-03-09T19:01:03: [Alert Engine] [止盈目标警报-68000] CHECK_START
2026-03-09T19:01:08: [警报检查] 当前价格: 67591.16, 目标阻力: $68500
2026-03-09T19:01:08: [Alert Engine] [阻力突破警报-68500] CHECK_PASSED
2026-03-09T19:01:08: [警报检查] 当前价格: 67594.07, 目标支撑: $66000
2026-03-09T19:01:08: [Alert Engine] [关键支撑跌破警报-66000] CHECK_PASSED
2026-03-09T19:01:11: [警报检查] 当前价格: 67592.26, 止盈目标: $68000
2026-03-09T19:01:11: [Alert Engine] [止盈目标警报-68000] CHECK_PASSED
2026-03-09T19:06:03: [Alert Engine] [阻力突破警报-68500] CHECK_START
2026-03-09T19:06:03: [Alert Engine] [关键支撑跌破警报-66000] CHECK_START
2026-03-09T19:06:03: [Alert Engine] [止盈目标警报-68000] CHECK_START
2026-03-09T19:06:05: [警报检查] 当前价格: 67687.11, 目标支撑: $66000
2026-03-09T19:06:05: [Alert Engine] [关键支撑跌破警报-66000] CHECK_PASSED
2026-03-09T19:06:12: [警报检查] 当前价格: 67671.67, 目标阻力: $68500
2026-03-09T19:06:12: [Alert Engine] [阻力突破警报-68500] CHECK_PASSED
2026-03-09T19:06:12: [警报检查] 当前价格: 67681.95, 止盈目标: $68000
2026-03-09T19:06:12: [Alert Engine] [止盈目标警报-68000] CHECK_PASSED
2026-03-09T19:11:03: [Alert Engine] [阻力突破警报-68500] CHECK_START
2026-03-09T19:11:03: [Alert Engine] [关键支撑跌破警报-66000] CHECK_START
2026-03-09T19:11:03: [Alert Engine] [止盈目标警报-68000] CHECK_START
2026-03-09T19:11:06: [警报检查] 当前价格: 67683.46, 目标支撑: $66000
2026-03-09T19:11:06: [Alert Engine] [关键支撑跌破警报-66000] CHECK_PASSED
2026-03-09T19:11:06: [警报检查] 当前价格: 67684.4, 目标阻力: $68500
2026-03-09T19:11:06: [Alert Engine] [阻力突破警报-68500] CHECK_PASSED
2026-03-09T19:11:10: [警报检查] 当前价格: 67679.75, 止盈目标: $68000
2026-03-09T19:11:10: [Alert Engine] [止盈目标警报-68000] CHECK_PASSED
2026-03-09T19:16:03: [Alert Engine] [阻力突破警报-68500] CHECK_START
2026-03-09T19:16:03: [Alert Engine] [关键支撑跌破警报-66000] CHECK_START
2026-03-09T19:16:03: [Alert Engine] [止盈目标警报-68000] CHECK_START
2026-03-09T19:16:06: [警报检查] 当前价格: 67697.01, 止盈目标: $68000
2026-03-09T19:16:06: [Alert Engine] [止盈目标警报-68000] CHECK_PASSED
2026-03-09T19:16:10: [警报检查] 当前价格: 67686.92, 目标阻力: $68500
2026-03-09T19:16:10: [Alert Engine] [阻力突破警报-68500] CHECK_PASSED
2026-03-09T19:16:12: [警报检查] 当前价格: 67702.08, 目标支撑: $66000
2026-03-09T19:16:12: [Alert Engine] [关键支撑跌破警报-66000] CHECK_PASSED
2026-03-09T19:21:03: [Alert Engine] [阻力突破警报-68500] CHECK_START
2026-03-09T19:21:03: [Alert Engine] [关键支撑跌破警报-66000] CHECK_START
2026-03-09T19:21:03: [Alert Engine] [止盈目标警报-68000] CHECK_START
2026-03-09T19:21:04: [Alert Engine] [止盈目标警报-68000] CHECK_PASSED
2026-03-09T19:21:06: [警报检查] 当前价格: 67359.21, 目标阻力: $68500
2026-03-09T19:21:06: [Alert Engine] [阻力突破警报-68500] CHECK_PASSED
2026-03-09T19:21:43: [警报检查] 当前价格: 67357.62, 目标支撑: $66000
2026-03-09T19:21:43: [Alert Engine] [关键支撑跌破警报-66000] CHECK_PASSED
2026-03-09T19:26:03: [Alert Engine] [阻力突破警报-68500] CHECK_START
2026-03-09T19:26:03: [Alert Engine] [关键支撑跌破警报-66000] CHECK_START
2026-03-09T19:26:03: [Alert Engine] [止盈目标警报-68000] CHECK_START
2026-03-09T19:26:13: [警报检查] 当前价格: 67506.77, 目标阻力: $68500
2026-03-09T19:26:13: [Alert Engine] [阻力突破警报-68500] CHECK_PASSED
2026-03-09T19:26:14: [警报检查] 当前价格: 67506.77, 止盈目标: $68000
2026-03-09T19:26:14: [Alert Engine] [止盈目标警报-68000] CHECK_PASSED
2026-03-09T19:26:50: [警报检查] 当前价格: 67503.94, 目标支撑: $66000
2026-03-09T19:26:50: [Alert Engine] [关键支撑跌破警报-66000] CHECK_PASSED
2026-03-09T19:31:03: [Alert Engine] [阻力突破警报-68500] CHECK_START
2026-03-09T19:31:03: [Alert Engine] [关键支撑跌破警报-66000] CHECK_START
2026-03-09T19:31:03: [Alert Engine] [止盈目标警报-68000] CHECK_START
2026-03-09T19:31:10: [警报检查] 当前价格: 67486.93, 目标支撑: $66000
2026-03-09T19:31:10: [Alert Engine] [关键支撑跌破警报-66000] CHECK_PASSED
2026-03-09T19:31:39: [警报检查] 当前价格: 67487.06, 止盈目标: $68000
2026-03-09T19:31:39: [Alert Engine] [止盈目标警报-68000] CHECK_PASSED
2026-03-09T19:31:49: [警报检查] 当前价格: 67488.25, 目标阻力: $68500
2026-03-09T19:31:49: [Alert Engine] [阻力突破警报-68500] CHECK_PASSED
2026-03-09T19:36:03: [Alert Engine] [阻力突破警报-68500] CHECK_START
2026-03-09T19:36:03: [Alert Engine] [关键支撑跌破警报-66000] CHECK_START
2026-03-09T19:36:03: [Alert Engine] [止盈目标警报-68000] CHECK_START
2026-03-09T19:36:14: [警报检查] 当前价格: 67594.33, 止盈目标: $68000
2026-03-09T19:36:14: [Alert Engine] [止盈目标警报-68000] CHECK_PASSED
2026-03-09T19:36:17: [警报检查] 当前价格: 67610.38, 目标支撑: $66000
2026-03-09T19:36:17: [Alert Engine] [关键支撑跌破警报-66000] CHECK_PASSED
2026-03-09T19:36:34: [Alert Engine] [阻力突破警报-68500] CHECK_PASSED
2026-03-09T19:41:03: [Alert Engine] [阻力突破警报-68500] CHECK_START
2026-03-09T19:41:03: [Alert Engine] [关键支撑跌破警报-66000] CHECK_START
2026-03-09T19:41:03: [Alert Engine] [止盈目标警报-68000] CHECK_START
2026-03-09T19:41:09: [警报检查] 当前价格: 67617.91, 目标阻力: $68500
2026-03-09T19:41:09: [Alert Engine] [阻力突破警报-68500] CHECK_PASSED
2026-03-09T19:41:11: [警报检查] 当前价格: 67623.63, 目标支撑: $66000
2026-03-09T19:41:11: [Alert Engine] [关键支撑跌破警报-66000] CHECK_PASSED
2026-03-09T19:41:25: [警报检查] 当前价格: 67624.18, 止盈目标: $68000
2026-03-09T19:41:25: [Alert Engine] [止盈目标警报-68000] CHECK_PASSED
2026-03-09T19:46:03: [Alert Engine] [阻力突破警报-68500] CHECK_START
2026-03-09T19:46:03: [Alert Engine] [关键支撑跌破警报-66000] CHECK_START
2026-03-09T19:46:03: [Alert Engine] [止盈目标警报-68000] CHECK_START
2026-03-09T19:46:13: [警报检查] 当前价格: 67617.16, 止盈目标: $68000
2026-03-09T19:46:13: [Alert Engine] [止盈目标警报-68000] CHECK_PASSED
2026-03-09T19:46:20: [警报检查] 当前价格: 67617.16, 目标阻力: $68500
2026-03-09T19:46:20: [Alert Engine] [阻力突破警报-68500] CHECK_PASSED
2026-03-09T19:46:45: [Alert Engine] [关键支撑跌破警报-66000] CHECK_PASSED
2026-03-09T19:51:03: [Alert Engine] [阻力突破警报-68500] CHECK_START
2026-03-09T19:51:03: [Alert Engine] [关键支撑跌破警报-66000] CHECK_START
2026-03-09T19:51:03: [Alert Engine] [止盈目标警报-68000] CHECK_START
2026-03-09T19:51:05: [警报检查] 当前价格: 67589.65, 目标阻力: $68500
2026-03-09T19:51:05: [Alert Engine] [阻力突破警报-68500] CHECK_PASSED
2026-03-09T19:51:08: [警报检查] 当前价格: 67585.56, 止盈目标: $68000
2026-03-09T19:51:08: [Alert Engine] [止盈目标警报-68000] CHECK_PASSED
2026-03-09T19:51:18: [警报检查] 当前价格: 67591.85, 目标支撑: $66000
2026-03-09T19:51:18: [Alert Engine] [关键支撑跌破警报-66000] CHECK_PASSED
2026-03-09T19:56:03: [Alert Engine] [阻力突破警报-68500] CHECK_START
2026-03-09T19:56:03: [Alert Engine] [关键支撑跌破警报-66000] CHECK_START
2026-03-09T19:56:03: [Alert Engine] [止盈目标警报-68000] CHECK_START
2026-03-09T19:56:06: [警报检查] 当前价格: 67818.1, 目标支撑: $66000
2026-03-09T19:56:06: [Alert Engine] [关键支撑跌破警报-66000] CHECK_PASSED
2026-03-09T19:56:10: [警报检查] 当前价格: 67809.7, 目标阻力: $68500
2026-03-09T19:56:10: [Alert Engine] [阻力突破警报-68500] CHECK_PASSED
2026-03-09T19:56:18: [警报检查] 当前价格: 67814.29, 止盈目标: $68000
2026-03-09T19:56:18: [Alert Engine] [止盈目标警报-68000] CHECK_PASSED
2026-03-09T20:01:03: [Alert Engine] [阻力突破警报-68500] CHECK_START
2026-03-09T20:01:03: [Alert Engine] [关键支撑跌破警报-66000] CHECK_START
2026-03-09T20:01:03: [Alert Engine] [止盈目标警报-68000] CHECK_START
2026-03-09T20:01:08: [警报检查] 当前价格: 67767.75, 目标阻力: $68500
2026-03-09T20:01:08: [Alert Engine] [阻力突破警报-68500] CHECK_PASSED
2026-03-09T20:01:11: [警报检查] 当前价格: 67765.99, 止盈目标: $68000
2026-03-09T20:01:11: [Alert Engine] [止盈目标警报-68000] CHECK_PASSED
2026-03-09T20:01:57: [Alert Engine] [关键支撑跌破警报-66000] CHECK_PASSED
2026-03-09T20:06:03: [Alert Engine] [阻力突破警报-68500] CHECK_START
2026-03-09T20:06:03: [Alert Engine] [关键支撑跌破警报-66000] CHECK_START
2026-03-09T20:06:03: [Alert Engine] [止盈目标警报-68000] CHECK_START
2026-03-09T20:06:04: [Alert Engine] [关键支撑跌破警报-66000] CHECK_PASSED
2026-03-09T20:06:08: [警报检查] 当前价格: 67859.75, 止盈目标: $68000
2026-03-09T20:06:08: [Alert Engine] [止盈目标警报-68000] CHECK_PASSED
2026-03-09T20:06:11: [警报检查] 当前价格: 67858.66, 目标阻力: $68500
2026-03-09T20:06:11: [Alert Engine] [阻力突破警报-68500] CHECK_PASSED
2026-03-09T20:11:03: [Alert Engine] [阻力突破警报-68500] CHECK_START
2026-03-09T20:11:03: [Alert Engine] [关键支撑跌破警报-66000] CHECK_START
2026-03-09T20:11:03: [Alert Engine] [止盈目标警报-68000] CHECK_START
2026-03-09T20:11:15: [警报检查] 当前价格: 67807.48, 目标支撑: $66000
2026-03-09T20:11:15: [Alert Engine] [关键支撑跌破警报-66000] CHECK_PASSED
2026-03-09T20:11:24: [警报检查] 当前价格: 67807.15, 止盈目标: $68000
2026-03-09T20:11:24: [Alert Engine] [止盈目标警报-68000] CHECK_PASSED
2026-03-09T20:12:00: [警报检查] 当前价格: 67807.15, 目标阻力: $68500
2026-03-09T20:12:00: [Alert Engine] [阻力突破警报-68500] CHECK_PASSED
2026-03-09T20:16:03: [Alert Engine] [阻力突破警报-68500] CHECK_START
2026-03-09T20:16:03: [Alert Engine] [关键支撑跌破警报-66000] CHECK_START
2026-03-09T20:16:03: [Alert Engine] [止盈目标警报-68000] CHECK_START
2026-03-09T20:16:09: [警报检查] 当前价格: 67934.42, 目标阻力: $68500
2026-03-09T20:16:09: [Alert Engine] [阻力突破警报-68500] CHECK_PASSED
2026-03-09T20:16:26: [警报检查] 当前价格: 67929.24, 止盈目标: $68000
2026-03-09T20:16:26: [Alert Engine] [止盈目标警报-68000] CHECK_PASSED
2026-03-09T20:16:32: [警报检查] 当前价格: 67920.55, 目标支撑: $66000
2026-03-09T20:16:32: [Alert Engine] [关键支撑跌破警报-66000] CHECK_PASSED
2026-03-09T20:21:03: [Alert Engine] [阻力突破警报-68500] CHECK_START
2026-03-09T20:21:03: [Alert Engine] [关键支撑跌破警报-66000] CHECK_START
2026-03-09T20:21:03: [Alert Engine] [止盈目标警报-68000] CHECK_START
2026-03-09T20:21:04: [警报检查] 当前价格: 67998.43, 目标阻力: $68500
2026-03-09T20:21:04: [Alert Engine] [阻力突破警报-68500] CHECK_PASSED
2026-03-09T20:21:04: [Alert Engine] [止盈目标警报-68000] CHECK_PASSED
2026-03-09T20:21:50: [Alert Engine] [关键支撑跌破警报-66000] CHECK_PASSED
2026-03-09T20:26:03: [Alert Engine] [阻力突破警报-68500] CHECK_START
2026-03-09T20:26:03: [Alert Engine] [关键支撑跌破警报-66000] CHECK_START
2026-03-09T20:26:03: [Alert Engine] [止盈目标警报-68000] CHECK_START
2026-03-09T20:26:05: [Alert Engine] [关键支撑跌破警报-66000] CHECK_PASSED
2026-03-09T20:26:09: [警报检查] 当前价格: 68017.78, 止盈目标: $68000
2026-03-09T20:26:09: [Alert Engine] [止盈目标警报-68000] TRIGGERED
2026-03-09T20:26:10: [警报检查] 当前价格: 68016.03, 目标阻力: $68500
2026-03-09T20:26:10: [Alert Engine] [阻力突破警报-68500] CHECK_PASSED
2026-03-09T20:26:18: [Alert Engine] [止盈目标警报-68000] DATA_COLLECTED
2026-03-09T20:26:18: [警报触发] 已发送即时分析任务
2026-03-09T20:26:18: [Alert Engine] [止盈目标警报-68000] TRIGGER_COMPLETED
2026-03-09T20:31:03: [Alert Engine] [阻力突破警报-68500] CHECK_START
2026-03-09T20:31:03: [Alert Engine] [阻力突破警报-68500] CHECK_PASSED
2026-03-09T20:31:03: [Alert Engine] [关键支撑跌破警报-66000] CHECK_START
2026-03-09T20:31:03: [Alert Engine] [关键支撑跌破警报-66000] CHECK_PASSED
2026-03-09T20:31:03: [Alert Engine] [止盈目标警报-68000] CHECK_START
2026-03-09T20:31:03: [Alert Engine] [止盈目标警报-68000] CHECK_PASSED
2026-03-09T20:36:03: [Alert Engine] [阻力突破警报-68500] CHECK_START
2026-03-09T20:36:03: [Alert Engine] [阻力突破警报-68500] CHECK_PASSED
2026-03-09T20:36:03: [Alert Engine] [关键支撑跌破警报-66000] CHECK_START
2026-03-09T20:36:03: [Alert Engine] [关键支撑跌破警报-66000] CHECK_PASSED
2026-03-09T20:36:03: [Alert Engine] [止盈目标警报-68000] CHECK_START
2026-03-09T20:36:03: [Alert Engine] [止盈目标警报-68000] CHECK_PASSED
2026-03-09T20:41:03: [Alert Engine] [阻力突破警报-68500] CHECK_START
2026-03-09T20:41:03: [Alert Engine] [阻力突破警报-68500] CHECK_PASSED
2026-03-09T20:41:03: [Alert Engine] [关键支撑跌破警报-66000] CHECK_START
2026-03-09T20:41:03: [Alert Engine] [关键支撑跌破警报-66000] CHECK_PASSED
2026-03-09T20:41:03: [Alert Engine] [止盈目标警报-68000] CHECK_START
2026-03-09T20:41:03: [Alert Engine] [止盈目标警报-68000] CHECK_PASSED
2026-03-09T20:46:03: [Alert Engine] [阻力突破警报-68500] CHECK_START
2026-03-09T20:46:03: [Alert Engine] [阻力突破警报-68500] CHECK_PASSED
2026-03-09T20:46:03: [Alert Engine] [关键支撑跌破警报-66000] CHECK_START
2026-03-09T20:46:03: [Alert Engine] [关键支撑跌破警报-66000] CHECK_PASSED
2026-03-09T20:46:03: [Alert Engine] [止盈目标警报-68000] CHECK_START
2026-03-09T20:46:03: [Alert Engine] [止盈目标警报-68000] CHECK_PASSED
2026-03-09T20:51:03: [Alert Engine] [阻力突破警报-68500] CHECK_START
2026-03-09T20:51:03: [Alert Engine] [阻力突破警报-68500] CHECK_PASSED
2026-03-09T20:51:03: [Alert Engine] [关键支撑跌破警报-66000] CHECK_START
2026-03-09T20:51:03: [Alert Engine] [关键支撑跌破警报-66000] CHECK_PASSED
2026-03-09T20:51:03: [Alert Engine] [止盈目标警报-68000] CHECK_START
2026-03-09T20:51:03: [Alert Engine] [止盈目标警报-68000] CHECK_PASSED
2026-03-09T20:56:03: [Alert Engine] [阻力突破警报-68500] CHECK_START
2026-03-09T20:56:03: [Alert Engine] [阻力突破警报-68500] CHECK_PASSED
2026-03-09T20:56:03: [Alert Engine] [关键支撑跌破警报-66000] CHECK_START
2026-03-09T20:56:03: [Alert Engine] [关键支撑跌破警报-66000] CHECK_PASSED
2026-03-09T20:56:03: [Alert Engine] [止盈目标警报-68000] CHECK_START
2026-03-09T20:56:03: [Alert Engine] [止盈目标警报-68000] CHECK_PASSED
2026-03-09T21:01:03: [Alert Engine] [阻力突破警报-68500] CHECK_START
2026-03-09T21:01:03: [Alert Engine] [阻力突破警报-68500] CHECK_PASSED
2026-03-09T21:01:03: [Alert Engine] [关键支撑跌破警报-66000] CHECK_START
2026-03-09T21:01:03: [Alert Engine] [关键支撑跌破警报-66000] CHECK_PASSED
2026-03-09T21:01:03: [Alert Engine] [止盈目标警报-68000] CHECK_START
2026-03-09T21:01:11: [警报检查] 当前价格: 68157.03, 止盈目标: $68000
2026-03-09T21:01:11: [Alert Engine] [止盈目标警报-68000] TRIGGERED
2026-03-09T21:01:24: [Alert Engine] [止盈目标警报-68000] DATA_COLLECTED
2026-03-09T21:01:24: [警报触发] 已发送即时分析任务
2026-03-09T21:01:24: [Alert Engine] [止盈目标警报-68000] TRIGGER_COMPLETED
2026-03-09T21:06:03: [Alert Engine] [阻力突破警报-68500] CHECK_START
2026-03-09T21:06:03: [Alert Engine] [阻力突破警报-68500] CHECK_PASSED
2026-03-09T21:06:03: [Alert Engine] [关键支撑跌破警报-66000] CHECK_START
2026-03-09T21:06:03: [Alert Engine] [关键支撑跌破警报-66000] CHECK_PASSED
2026-03-09T21:06:03: [Alert Engine] [止盈目标警报-68000] CHECK_START
2026-03-09T21:06:03: [Alert Engine] [止盈目标警报-68000] CHECK_PASSED
2026-03-09T21:06:03: [Alert Engine] [止盈目标警报-68000] 检测到规则文件已不存在
2026-03-09T21:06:03: [Alert Engine] [止盈目标警报-68000] RULE_UNLOADED
2026-03-09T21:06:03: [Alert Engine] Unloaded rule "止盈目标警报-68000" (file_removed)
2026-03-09T21:11:03: [Alert Engine] [阻力突破警报-68500] CHECK_START
2026-03-09T21:11:03: [Alert Engine] [阻力突破警报-68500] CHECK_PASSED
2026-03-09T21:11:03: [Alert Engine] [关键支撑跌破警报-66000] CHECK_START
2026-03-09T21:11:03: [Alert Engine] [关键支撑跌破警报-66000] CHECK_PASSED
2026-03-09T21:16:03: [Alert Engine] [阻力突破警报-68500] CHECK_START
2026-03-09T21:16:03: [Alert Engine] [阻力突破警报-68500] CHECK_PASSED
2026-03-09T21:16:03: [Alert Engine] [关键支撑跌破警报-66000] CHECK_START
2026-03-09T21:16:03: [Alert Engine] [关键支撑跌破警报-66000] CHECK_PASSED
2026-03-09T21:21:03: [Alert Engine] [阻力突破警报-68500] CHECK_START
2026-03-09T21:21:03: [Alert Engine] [阻力突破警报-68500] CHECK_PASSED
2026-03-09T21:21:03: [Alert Engine] [关键支撑跌破警报-66000] CHECK_START
2026-03-09T21:21:03: [Alert Engine] [关键支撑跌破警报-66000] CHECK_PASSED
2026-03-09T21:26:03: [Alert Engine] [阻力突破警报-68500] CHECK_START
2026-03-09T21:26:03: [Alert Engine] [阻力突破警报-68500] CHECK_PASSED
2026-03-09T21:26:03: [Alert Engine] [关键支撑跌破警报-66000] CHECK_START
2026-03-09T21:26:03: [Alert Engine] [关键支撑跌破警报-66000] CHECK_PASSED
2026-03-09T21:31:03: [Alert Engine] [阻力突破警报-68500] CHECK_START
2026-03-09T21:31:03: [Alert Engine] [阻力突破警报-68500] CHECK_PASSED
2026-03-09T21:31:03: [Alert Engine] [关键支撑跌破警报-66000] CHECK_START
2026-03-09T21:31:03: [Alert Engine] [关键支撑跌破警报-66000] CHECK_PASSED
2026-03-09T21:36:03: [Alert Engine] [阻力突破警报-68500] CHECK_START
2026-03-09T21:36:03: [Alert Engine] [阻力突破警报-68500] CHECK_PASSED
2026-03-09T21:36:03: [Alert Engine] [关键支撑跌破警报-66000] CHECK_START
2026-03-09T21:36:03: [Alert Engine] [关键支撑跌破警报-66000] CHECK_PASSED
2026-03-09T21:41:03: [Alert Engine] [阻力突破警报-68500] CHECK_START
2026-03-09T21:41:03: [Alert Engine] [阻力突破警报-68500] CHECK_PASSED
2026-03-09T21:41:03: [Alert Engine] [关键支撑跌破警报-66000] CHECK_START
2026-03-09T21:41:03: [Alert Engine] [关键支撑跌破警报-66000] CHECK_PASSED
2026-03-09T21:46:03: [Alert Engine] [阻力突破警报-68500] CHECK_START
2026-03-09T21:46:03: [Alert Engine] [阻力突破警报-68500] CHECK_PASSED
2026-03-09T21:46:03: [Alert Engine] [关键支撑跌破警报-66000] CHECK_START
2026-03-09T21:46:03: [Alert Engine] [关键支撑跌破警报-66000] CHECK_PASSED
2026-03-09T21:51:03: [Alert Engine] [阻力突破警报-68500] CHECK_START
2026-03-09T21:51:03: [Alert Engine] [阻力突破警报-68500] CHECK_PASSED
2026-03-09T21:51:03: [Alert Engine] [关键支撑跌破警报-66000] CHECK_START
2026-03-09T21:51:03: [Alert Engine] [关键支撑跌破警报-66000] CHECK_PASSED
2026-03-09T21:56:03: [Alert Engine] [阻力突破警报-68500] CHECK_START
2026-03-09T21:56:03: [Alert Engine] [阻力突破警报-68500] CHECK_PASSED
2026-03-09T21:56:03: [Alert Engine] [关键支撑跌破警报-66000] CHECK_START
2026-03-09T21:56:03: [Alert Engine] [关键支撑跌破警报-66000] CHECK_PASSED
2026-03-09T22:01:03: [Alert Engine] [阻力突破警报-68500] CHECK_START
2026-03-09T22:01:03: [Alert Engine] [阻力突破警报-68500] CHECK_PASSED
2026-03-09T22:01:03: [Alert Engine] [关键支撑跌破警报-66000] CHECK_START
2026-03-09T22:01:03: [Alert Engine] [关键支撑跌破警报-66000] CHECK_PASSED
2026-03-09T22:06:03: [Alert Engine] [阻力突破警报-68500] CHECK_START
2026-03-09T22:06:03: [Alert Engine] [关键支撑跌破警报-66000] CHECK_START
2026-03-09T22:06:31: [警报检查] 当前价格: 68922.72, 目标阻力: $68500
2026-03-09T22:06:31: [Alert Engine] [阻力突破警报-68500] TRIGGERED
2026-03-09T22:06:33: [警报检查] 当前价格: 68808.02, 目标支撑: $66000
2026-03-09T22:06:33: [Alert Engine] [关键支撑跌破警报-66000] CHECK_PASSED
2026-03-09T22:06:51: [Alert Engine] [阻力突破警报-68500] DATA_COLLECTED
2026-03-09T22:06:51: [警报触发] 已发送即时分析任务
2026-03-09T22:06:51: [Alert Engine] [阻力突破警报-68500] TRIGGER_COMPLETED
2026-03-09T22:11:03: [Alert Engine] [阻力突破警报-68500] CHECK_START
2026-03-09T22:11:03: [Alert Engine] [阻力突破警报-68500] CHECK_PASSED
2026-03-09T22:11:03: [Alert Engine] [关键支撑跌破警报-66000] CHECK_START
2026-03-09T22:11:03: [Alert Engine] [关键支撑跌破警报-66000] CHECK_PASSED
2026-03-09T22:16:03: [Alert Engine] [阻力突破警报-68500] CHECK_START
2026-03-09T22:16:03: [Alert Engine] [阻力突破警报-68500] CHECK_PASSED
2026-03-09T22:16:03: [Alert Engine] [关键支撑跌破警报-66000] CHECK_START
2026-03-09T22:16:03: [Alert Engine] [关键支撑跌破警报-66000] CHECK_PASSED
2026-03-09T22:21:03: [Alert Engine] [阻力突破警报-68500] CHECK_START
2026-03-09T22:21:03: [Alert Engine] [阻力突破警报-68500] CHECK_PASSED
2026-03-09T22:21:03: [Alert Engine] [关键支撑跌破警报-66000] CHECK_START
2026-03-09T22:21:03: [Alert Engine] [关键支撑跌破警报-66000] CHECK_PASSED
2026-03-09T22:26:03: [Alert Engine] [阻力突破警报-68500] CHECK_START
2026-03-09T22:26:03: [Alert Engine] [阻力突破警报-68500] CHECK_PASSED
2026-03-09T22:26:03: [Alert Engine] [关键支撑跌破警报-66000] CHECK_START
2026-03-09T22:26:03: [Alert Engine] [关键支撑跌破警报-66000] CHECK_PASSED
2026-03-09T22:31:03: [Alert Engine] [阻力突破警报-68500] CHECK_START
2026-03-09T22:31:03: [Alert Engine] [阻力突破警报-68500] CHECK_PASSED
2026-03-09T22:31:03: [Alert Engine] [关键支撑跌破警报-66000] CHECK_START
2026-03-09T22:31:03: [Alert Engine] [关键支撑跌破警报-66000] CHECK_PASSED
2026-03-09T22:36:03: [Alert Engine] [阻力突破警报-68500] CHECK_START
2026-03-09T22:36:03: [Alert Engine] [阻力突破警报-68500] CHECK_PASSED
2026-03-09T22:36:03: [Alert Engine] [关键支撑跌破警报-66000] CHECK_START
2026-03-09T22:36:03: [Alert Engine] [关键支撑跌破警报-66000] CHECK_PASSED
2026-03-09T22:41:03: [Alert Engine] [阻力突破警报-68500] CHECK_START
2026-03-09T22:41:03: [Alert Engine] [阻力突破警报-68500] CHECK_PASSED
2026-03-09T22:41:03: [Alert Engine] [关键支撑跌破警报-66000] CHECK_START
2026-03-09T22:41:03: [Alert Engine] [关键支撑跌破警报-66000] CHECK_PASSED
2026-03-09T22:46:03: [Alert Engine] [阻力突破警报-68500] CHECK_START
2026-03-09T22:46:03: [Alert Engine] [阻力突破警报-68500] CHECK_PASSED
2026-03-09T22:46:03: [Alert Engine] [关键支撑跌破警报-66000] CHECK_START
2026-03-09T22:46:03: [Alert Engine] [关键支撑跌破警报-66000] CHECK_PASSED
2026-03-09T22:51:03: [Alert Engine] [阻力突破警报-68500] CHECK_START
2026-03-09T22:51:03: [Alert Engine] [阻力突破警报-68500] CHECK_PASSED
2026-03-09T22:51:03: [Alert Engine] [关键支撑跌破警报-66000] CHECK_START
2026-03-09T22:51:03: [Alert Engine] [关键支撑跌破警报-66000] CHECK_PASSED
2026-03-09T22:56:03: [Alert Engine] [阻力突破警报-68500] CHECK_START
2026-03-09T22:56:03: [Alert Engine] [阻力突破警报-68500] CHECK_PASSED
2026-03-09T22:56:03: [Alert Engine] [关键支撑跌破警报-66000] CHECK_START
2026-03-09T22:56:03: [Alert Engine] [关键支撑跌破警报-66000] CHECK_PASSED
2026-03-09T23:01:03: [Alert Engine] [阻力突破警报-68500] CHECK_START
2026-03-09T23:01:03: [Alert Engine] [阻力突破警报-68500] CHECK_PASSED
2026-03-09T23:01:03: [Alert Engine] [关键支撑跌破警报-66000] CHECK_START
2026-03-09T23:01:03: [Alert Engine] [关键支撑跌破警报-66000] CHECK_PASSED
2026-03-09T23:06:03: [Alert Engine] [阻力突破警报-68500] CHECK_START
2026-03-09T23:06:03: [Alert Engine] [阻力突破警报-68500] CHECK_PASSED
2026-03-09T23:06:03: [Alert Engine] [关键支撑跌破警报-66000] CHECK_START
2026-03-09T23:06:03: [Alert Engine] [关键支撑跌破警报-66000] CHECK_PASSED
2026-03-09T23:11:03: [Alert Engine] [阻力突破警报-68500] CHECK_START
2026-03-09T23:11:03: [Alert Engine] [关键支撑跌破警报-66000] CHECK_START
2026-03-09T23:12:05: [Alert Engine] [关键支撑跌破警报-66000] CHECK_PASSED
2026-03-09T23:12:15: [Alert Engine] [阻力突破警报-68500] CHECK_PASSED
2026-03-09T23:16:03: [Alert Engine] [阻力突破警报-68500] CHECK_START
2026-03-09T23:16:03: [Alert Engine] [关键支撑跌破警报-66000] CHECK_START
2026-03-09T23:16:08: [警报检查] 当前价格: 69236.54, 目标支撑: $66000
2026-03-09T23:16:08: [Alert Engine] [关键支撑跌破警报-66000] CHECK_PASSED
2026-03-09T23:16:12: [警报检查] 当前价格: 69228.91, 目标阻力: $68500
2026-03-09T23:16:12: [Alert Engine] [阻力突破警报-68500] TRIGGERED
2026-03-09T23:16:29: [Alert Engine] [阻力突破警报-68500] DATA_COLLECTED
2026-03-09T23:16:29: [警报触发] 已发送即时分析任务
2026-03-09T23:16:29: [Alert Engine] [阻力突破警报-68500] TRIGGER_COMPLETED
2026-03-09T23:21:03: [Alert Engine] [阻力突破警报-68500] CHECK_START
2026-03-09T23:21:03: [Alert Engine] [阻力突破警报-68500] CHECK_PASSED
2026-03-09T23:21:03: [Alert Engine] [关键支撑跌破警报-66000] CHECK_START
2026-03-09T23:21:03: [Alert Engine] [关键支撑跌破警报-66000] CHECK_PASSED
2026-03-09T23:26:03: [Alert Engine] [阻力突破警报-68500] CHECK_START
2026-03-09T23:26:03: [Alert Engine] [阻力突破警报-68500] CHECK_PASSED
2026-03-09T23:26:03: [Alert Engine] [关键支撑跌破警报-66000] CHECK_START
2026-03-09T23:26:03: [Alert Engine] [关键支撑跌破警报-66000] CHECK_PASSED
2026-03-09T23:31:03: [Alert Engine] [阻力突破警报-68500] CHECK_START
2026-03-09T23:31:03: [Alert Engine] [阻力突破警报-68500] CHECK_PASSED
2026-03-09T23:31:03: [Alert Engine] [关键支撑跌破警报-66000] CHECK_START
2026-03-09T23:31:03: [Alert Engine] [关键支撑跌破警报-66000] CHECK_PASSED
2026-03-09T23:36:03: [Alert Engine] [阻力突破警报-68500] CHECK_START
2026-03-09T23:36:03: [Alert Engine] [阻力突破警报-68500] CHECK_PASSED
2026-03-09T23:36:03: [Alert Engine] [关键支撑跌破警报-66000] CHECK_START
2026-03-09T23:36:03: [Alert Engine] [关键支撑跌破警报-66000] CHECK_PASSED
2026-03-09T23:41:03: [Alert Engine] [阻力突破警报-68500] CHECK_START
2026-03-09T23:41:03: [Alert Engine] [阻力突破警报-68500] CHECK_PASSED
2026-03-09T23:41:03: [Alert Engine] [关键支撑跌破警报-66000] CHECK_START
2026-03-09T23:41:03: [Alert Engine] [关键支撑跌破警报-66000] CHECK_PASSED
2026-03-09T23:46:03: [Alert Engine] [阻力突破警报-68500] CHECK_START
2026-03-09T23:46:03: [Alert Engine] [阻力突破警报-68500] CHECK_PASSED
2026-03-09T23:46:03: [Alert Engine] [关键支撑跌破警报-66000] CHECK_START
2026-03-09T23:46:03: [Alert Engine] [关键支撑跌破警报-66000] CHECK_PASSED
2026-03-09T23:51:03: [Alert Engine] [阻力突破警报-68500] CHECK_START
2026-03-09T23:51:03: [Alert Engine] [阻力突破警报-68500] CHECK_PASSED
2026-03-09T23:51:03: [Alert Engine] [关键支撑跌破警报-66000] CHECK_START
2026-03-09T23:51:03: [Alert Engine] [关键支撑跌破警报-66000] CHECK_PASSED
2026-03-09T23:56:03: [Alert Engine] [阻力突破警报-68500] CHECK_START
2026-03-09T23:56:03: [Alert Engine] [阻力突破警报-68500] CHECK_PASSED
2026-03-09T23:56:03: [Alert Engine] [关键支撑跌破警报-66000] CHECK_START
2026-03-09T23:56:03: [Alert Engine] [关键支撑跌破警报-66000] CHECK_PASSED
2026-03-10T00:01:03: [Alert Engine] [阻力突破警报-68500] CHECK_START
2026-03-10T00:01:03: [Alert Engine] [阻力突破警报-68500] CHECK_PASSED
2026-03-10T00:01:03: [Alert Engine] [关键支撑跌破警报-66000] CHECK_START
2026-03-10T00:01:03: [Alert Engine] [关键支撑跌破警报-66000] CHECK_PASSED
2026-03-10T00:06:03: [Alert Engine] [阻力突破警报-68500] CHECK_START
2026-03-10T00:06:03: [Alert Engine] [阻力突破警报-68500] CHECK_PASSED
2026-03-10T00:06:03: [Alert Engine] [关键支撑跌破警报-66000] CHECK_START
2026-03-10T00:06:03: [Alert Engine] [关键支撑跌破警报-66000] CHECK_PASSED
2026-03-10T00:11:03: [Alert Engine] [阻力突破警报-68500] CHECK_START
2026-03-10T00:11:03: [Alert Engine] [阻力突破警报-68500] CHECK_PASSED
2026-03-10T00:11:03: [Alert Engine] [关键支撑跌破警报-66000] CHECK_START
2026-03-10T00:11:03: [Alert Engine] [关键支撑跌破警报-66000] CHECK_PASSED
2026-03-10T00:16:03: [Alert Engine] [阻力突破警报-68500] CHECK_START
2026-03-10T00:16:03: [Alert Engine] [阻力突破警报-68500] CHECK_PASSED
2026-03-10T00:16:03: [Alert Engine] [关键支撑跌破警报-66000] CHECK_START
2026-03-10T00:16:03: [Alert Engine] [关键支撑跌破警报-66000] CHECK_PASSED
2026-03-10T00:21:03: [Alert Engine] [阻力突破警报-68500] CHECK_START
2026-03-10T00:21:03: [Alert Engine] [关键支撑跌破警报-66000] CHECK_START
2026-03-10T00:21:08: [警报检查] 当前价格: 68782.28, 目标阻力: $68500
2026-03-10T00:21:08: [Alert Engine] [阻力突破警报-68500] TRIGGERED
2026-03-10T00:21:15: [Alert Engine] [阻力突破警报-68500] DATA_COLLECTED
2026-03-10T00:21:15: [警报触发] 已发送即时分析任务
2026-03-10T00:21:15: [Alert Engine] [阻力突破警报-68500] TRIGGER_COMPLETED
2026-03-10T00:21:16: [警报检查] 当前价格: 68767.07, 目标支撑: $66000
2026-03-10T00:21:16: [Alert Engine] [关键支撑跌破警报-66000] CHECK_PASSED
2026-03-10T00:26:03: [Alert Engine] [阻力突破警报-68500] CHECK_START
2026-03-10T00:26:03: [Alert Engine] [阻力突破警报-68500] CHECK_PASSED
2026-03-10T00:26:03: [Alert Engine] [关键支撑跌破警报-66000] CHECK_START
2026-03-10T00:26:03: [Alert Engine] [关键支撑跌破警报-66000] CHECK_PASSED
2026-03-10T00:31:03: [Alert Engine] [阻力突破警报-68500] CHECK_START
2026-03-10T00:31:03: [Alert Engine] [阻力突破警报-68500] CHECK_PASSED
2026-03-10T00:31:03: [Alert Engine] [关键支撑跌破警报-66000] CHECK_START
2026-03-10T00:31:03: [Alert Engine] [关键支撑跌破警报-66000] CHECK_PASSED
2026-03-10T00:36:03: [Alert Engine] [阻力突破警报-68500] CHECK_START
2026-03-10T00:36:03: [Alert Engine] [阻力突破警报-68500] CHECK_PASSED
2026-03-10T00:36:03: [Alert Engine] [关键支撑跌破警报-66000] CHECK_START
2026-03-10T00:36:03: [Alert Engine] [关键支撑跌破警报-66000] CHECK_PASSED
2026-03-10T00:41:03: [Alert Engine] [阻力突破警报-68500] CHECK_START
2026-03-10T00:41:03: [Alert Engine] [阻力突破警报-68500] CHECK_PASSED
2026-03-10T00:41:03: [Alert Engine] [关键支撑跌破警报-66000] CHECK_START
2026-03-10T00:41:03: [Alert Engine] [关键支撑跌破警报-66000] CHECK_PASSED
2026-03-10T00:46:03: [Alert Engine] [阻力突破警报-68500] CHECK_START
2026-03-10T00:46:03: [Alert Engine] [阻力突破警报-68500] CHECK_PASSED
2026-03-10T00:46:03: [Alert Engine] [关键支撑跌破警报-66000] CHECK_START
2026-03-10T00:46:03: [Alert Engine] [关键支撑跌破警报-66000] CHECK_PASSED
2026-03-10T00:51:03: [Alert Engine] [阻力突破警报-68500] CHECK_START
2026-03-10T00:51:03: [Alert Engine] [阻力突破警报-68500] CHECK_PASSED
2026-03-10T00:51:03: [Alert Engine] [关键支撑跌破警报-66000] CHECK_START
2026-03-10T00:51:03: [Alert Engine] [关键支撑跌破警报-66000] CHECK_PASSED
2026-03-10T00:56:03: [Alert Engine] [阻力突破警报-68500] CHECK_START
2026-03-10T00:56:03: [Alert Engine] [阻力突破警报-68500] CHECK_PASSED
2026-03-10T00:56:03: [Alert Engine] [关键支撑跌破警报-66000] CHECK_START
2026-03-10T00:56:03: [Alert Engine] [关键支撑跌破警报-66000] CHECK_PASSED
2026-03-10T01:01:03: [Alert Engine] [阻力突破警报-68500] CHECK_START
2026-03-10T01:01:03: [Alert Engine] [阻力突破警报-68500] CHECK_PASSED
2026-03-10T01:01:03: [Alert Engine] [关键支撑跌破警报-66000] CHECK_START
2026-03-10T01:01:03: [Alert Engine] [关键支撑跌破警报-66000] CHECK_PASSED
2026-03-10T01:06:03: [Alert Engine] [阻力突破警报-68500] CHECK_START
2026-03-10T01:06:03: [Alert Engine] [阻力突破警报-68500] CHECK_PASSED
2026-03-10T01:06:03: [Alert Engine] [关键支撑跌破警报-66000] CHECK_START
2026-03-10T01:06:03: [Alert Engine] [关键支撑跌破警报-66000] CHECK_PASSED
2026-03-10T01:11:03: [Alert Engine] [阻力突破警报-68500] CHECK_START
2026-03-10T01:11:03: [Alert Engine] [阻力突破警报-68500] CHECK_PASSED
2026-03-10T01:11:03: [Alert Engine] [关键支撑跌破警报-66000] CHECK_START
2026-03-10T01:11:03: [Alert Engine] [关键支撑跌破警报-66000] CHECK_PASSED
2026-03-10T01:16:03: [Alert Engine] [阻力突破警报-68500] CHECK_START
2026-03-10T01:16:03: [Alert Engine] [阻力突破警报-68500] CHECK_PASSED
2026-03-10T01:16:03: [Alert Engine] [关键支撑跌破警报-66000] CHECK_START
2026-03-10T01:16:03: [Alert Engine] [关键支撑跌破警报-66000] CHECK_PASSED
2026-03-10T01:21:03: [Alert Engine] [阻力突破警报-68500] CHECK_START
2026-03-10T01:21:03: [Alert Engine] [阻力突破警报-68500] CHECK_PASSED
2026-03-10T01:21:03: [Alert Engine] [关键支撑跌破警报-66000] CHECK_START
2026-03-10T01:21:03: [Alert Engine] [关键支撑跌破警报-66000] CHECK_PASSED
2026-03-10T01:26:03: [Alert Engine] [阻力突破警报-68500] CHECK_START
2026-03-10T01:26:03: [Alert Engine] [关键支撑跌破警报-66000] CHECK_START
2026-03-10T01:26:11: [警报检查] 当前价格: 68779.01, 目标支撑: $66000
2026-03-10T01:26:11: [Alert Engine] [关键支撑跌破警报-66000] CHECK_PASSED
2026-03-10T01:26:35: [Alert Engine] [阻力突破警报-68500] CHECK_PASSED
2026-03-10T01:31:03: [Alert Engine] [阻力突破警报-68500] CHECK_START
2026-03-10T01:31:03: [Alert Engine] [关键支撑跌破警报-66000] CHECK_START
2026-03-10T01:31:05: [警报检查] 当前价格: 68672.15, 目标阻力: $68500
2026-03-10T01:31:05: [Alert Engine] [阻力突破警报-68500] TRIGGERED
2026-03-10T01:31:10: [Alert Engine] [阻力突破警报-68500] DATA_COLLECTED
2026-03-10T01:31:10: [警报触发] 已发送即时分析任务
2026-03-10T01:31:10: [Alert Engine] [阻力突破警报-68500] TRIGGER_COMPLETED
2026-03-10T01:31:11: [警报检查] 当前价格: 68669.5, 目标支撑: $66000
2026-03-10T01:31:11: [Alert Engine] [关键支撑跌破警报-66000] CHECK_PASSED
2026-03-10T01:36:03: [Alert Engine] [阻力突破警报-68500] CHECK_START
2026-03-10T01:36:03: [Alert Engine] [阻力突破警报-68500] CHECK_PASSED
2026-03-10T01:36:03: [Alert Engine] [关键支撑跌破警报-66000] CHECK_START
2026-03-10T01:36:03: [Alert Engine] [关键支撑跌破警报-66000] CHECK_PASSED
2026-03-10T01:41:03: [Alert Engine] [阻力突破警报-68500] CHECK_START
2026-03-10T01:41:03: [Alert Engine] [阻力突破警报-68500] CHECK_PASSED
2026-03-10T01:41:03: [Alert Engine] [关键支撑跌破警报-66000] CHECK_START
2026-03-10T01:41:03: [Alert Engine] [关键支撑跌破警报-66000] CHECK_PASSED
2026-03-10T01:46:03: [Alert Engine] [阻力突破警报-68500] CHECK_START
2026-03-10T01:46:03: [Alert Engine] [阻力突破警报-68500] CHECK_PASSED
2026-03-10T01:46:03: [Alert Engine] [关键支撑跌破警报-66000] CHECK_START
2026-03-10T01:46:03: [Alert Engine] [关键支撑跌破警报-66000] CHECK_PASSED
2026-03-10T01:51:03: [Alert Engine] [阻力突破警报-68500] CHECK_START
2026-03-10T01:51:03: [Alert Engine] [阻力突破警报-68500] CHECK_PASSED
2026-03-10T01:51:03: [Alert Engine] [关键支撑跌破警报-66000] CHECK_START
2026-03-10T01:51:03: [Alert Engine] [关键支撑跌破警报-66000] CHECK_PASSED
2026-03-10T01:56:03: [Alert Engine] [阻力突破警报-68500] CHECK_START
2026-03-10T01:56:03: [Alert Engine] [阻力突破警报-68500] CHECK_PASSED
2026-03-10T01:56:03: [Alert Engine] [关键支撑跌破警报-66000] CHECK_START
2026-03-10T01:56:03: [Alert Engine] [关键支撑跌破警报-66000] CHECK_PASSED
2026-03-10T02:01:03: [Alert Engine] [阻力突破警报-68500] CHECK_START
2026-03-10T02:01:03: [Alert Engine] [阻力突破警报-68500] CHECK_PASSED
2026-03-10T02:01:03: [Alert Engine] [关键支撑跌破警报-66000] CHECK_START
2026-03-10T02:01:03: [Alert Engine] [关键支撑跌破警报-66000] CHECK_PASSED
2026-03-10T02:06:03: [Alert Engine] [阻力突破警报-68500] CHECK_START
2026-03-10T02:06:03: [Alert Engine] [阻力突破警报-68500] CHECK_PASSED
2026-03-10T02:06:03: [Alert Engine] [关键支撑跌破警报-66000] CHECK_START
2026-03-10T02:06:03: [Alert Engine] [关键支撑跌破警报-66000] CHECK_PASSED
2026-03-10T02:11:03: [Alert Engine] [阻力突破警报-68500] CHECK_START
2026-03-10T02:11:03: [Alert Engine] [阻力突破警报-68500] CHECK_PASSED
2026-03-10T02:11:03: [Alert Engine] [关键支撑跌破警报-66000] CHECK_START
2026-03-10T02:11:03: [Alert Engine] [关键支撑跌破警报-66000] CHECK_PASSED
2026-03-10T02:16:03: [Alert Engine] [阻力突破警报-68500] CHECK_START
2026-03-10T02:16:03: [Alert Engine] [阻力突破警报-68500] CHECK_PASSED
2026-03-10T02:16:03: [Alert Engine] [关键支撑跌破警报-66000] CHECK_START
2026-03-10T02:16:03: [Alert Engine] [关键支撑跌破警报-66000] CHECK_PASSED
2026-03-10T02:21:03: [Alert Engine] [阻力突破警报-68500] CHECK_START
2026-03-10T02:21:03: [Alert Engine] [阻力突破警报-68500] CHECK_PASSED
2026-03-10T02:21:03: [Alert Engine] [关键支撑跌破警报-66000] CHECK_START
2026-03-10T02:21:03: [Alert Engine] [关键支撑跌破警报-66000] CHECK_PASSED
2026-03-10T02:26:03: [Alert Engine] [阻力突破警报-68500] CHECK_START
2026-03-10T02:26:03: [Alert Engine] [阻力突破警报-68500] CHECK_PASSED
2026-03-10T02:26:03: [Alert Engine] [关键支撑跌破警报-66000] CHECK_START
2026-03-10T02:26:03: [Alert Engine] [关键支撑跌破警报-66000] CHECK_PASSED
2026-03-10T02:31:03: [Alert Engine] [阻力突破警报-68500] CHECK_START
2026-03-10T02:31:03: [Alert Engine] [阻力突破警报-68500] CHECK_PASSED
2026-03-10T02:31:03: [Alert Engine] [关键支撑跌破警报-66000] CHECK_START
2026-03-10T02:31:03: [Alert Engine] [关键支撑跌破警报-66000] CHECK_PASSED
2026-03-10T02:36:03: [Alert Engine] [阻力突破警报-68500] CHECK_START
2026-03-10T02:36:03: [Alert Engine] [关键支撑跌破警报-66000] CHECK_START
2026-03-10T02:36:08: [警报检查] 当前价格: 68603.29, 目标支撑: $66000
2026-03-10T02:36:08: [Alert Engine] [关键支撑跌破警报-66000] CHECK_PASSED
2026-03-10T02:36:09: [警报检查] 当前价格: 68589.15, 目标阻力: $68500
2026-03-10T02:36:09: [Alert Engine] [阻力突破警报-68500] TRIGGERED
2026-03-10T02:36:19: [Alert Engine] [阻力突破警报-68500] DATA_COLLECTED
2026-03-10T02:36:19: [警报触发] 已发送即时分析任务
2026-03-10T02:36:19: [Alert Engine] [阻力突破警报-68500] TRIGGER_COMPLETED
2026-03-10T02:41:03: [Alert Engine] [阻力突破警报-68500] CHECK_START
2026-03-10T02:41:03: [Alert Engine] [阻力突破警报-68500] CHECK_PASSED
2026-03-10T02:41:03: [Alert Engine] [关键支撑跌破警报-66000] CHECK_START
2026-03-10T02:41:03: [Alert Engine] [关键支撑跌破警报-66000] CHECK_PASSED
2026-03-10T02:46:03: [Alert Engine] [阻力突破警报-68500] CHECK_START
2026-03-10T02:46:03: [Alert Engine] [阻力突破警报-68500] CHECK_PASSED
2026-03-10T02:46:03: [Alert Engine] [关键支撑跌破警报-66000] CHECK_START
2026-03-10T02:46:03: [Alert Engine] [关键支撑跌破警报-66000] CHECK_PASSED
2026-03-10T02:51:03: [Alert Engine] [阻力突破警报-68500] CHECK_START
2026-03-10T02:51:03: [Alert Engine] [阻力突破警报-68500] CHECK_PASSED
2026-03-10T02:51:03: [Alert Engine] [关键支撑跌破警报-66000] CHECK_START
2026-03-10T02:51:03: [Alert Engine] [关键支撑跌破警报-66000] CHECK_PASSED
2026-03-10T02:56:03: [Alert Engine] [阻力突破警报-68500] CHECK_START
2026-03-10T02:56:03: [Alert Engine] [阻力突破警报-68500] CHECK_PASSED
2026-03-10T02:56:03: [Alert Engine] [关键支撑跌破警报-66000] CHECK_START
2026-03-10T02:56:03: [Alert Engine] [关键支撑跌破警报-66000] CHECK_PASSED
2026-03-10T03:01:03: [Alert Engine] [阻力突破警报-68500] CHECK_START
2026-03-10T03:01:03: [Alert Engine] [阻力突破警报-68500] CHECK_PASSED
2026-03-10T03:01:03: [Alert Engine] [关键支撑跌破警报-66000] CHECK_START
2026-03-10T03:01:03: [Alert Engine] [关键支撑跌破警报-66000] CHECK_PASSED
2026-03-10T03:06:03: [Alert Engine] [阻力突破警报-68500] CHECK_START
2026-03-10T03:06:03: [Alert Engine] [阻力突破警报-68500] CHECK_PASSED
2026-03-10T03:06:03: [Alert Engine] [关键支撑跌破警报-66000] CHECK_START
2026-03-10T03:06:03: [Alert Engine] [关键支撑跌破警报-66000] CHECK_PASSED
2026-03-10T03:11:03: [Alert Engine] [阻力突破警报-68500] CHECK_START
2026-03-10T03:11:03: [Alert Engine] [阻力突破警报-68500] CHECK_PASSED
2026-03-10T03:11:03: [Alert Engine] [关键支撑跌破警报-66000] CHECK_START
2026-03-10T03:11:03: [Alert Engine] [关键支撑跌破警报-66000] CHECK_PASSED
2026-03-10T03:16:03: [Alert Engine] [阻力突破警报-68500] CHECK_START
2026-03-10T03:16:03: [Alert Engine] [阻力突破警报-68500] CHECK_PASSED
2026-03-10T03:16:03: [Alert Engine] [关键支撑跌破警报-66000] CHECK_START
2026-03-10T03:16:03: [Alert Engine] [关键支撑跌破警报-66000] CHECK_PASSED
2026-03-10T03:21:03: [Alert Engine] [阻力突破警报-68500] CHECK_START
2026-03-10T03:21:03: [Alert Engine] [阻力突破警报-68500] CHECK_PASSED
2026-03-10T03:21:03: [Alert Engine] [关键支撑跌破警报-66000] CHECK_START
2026-03-10T03:21:03: [Alert Engine] [关键支撑跌破警报-66000] CHECK_PASSED
2026-03-10T03:26:03: [Alert Engine] [阻力突破警报-68500] CHECK_START
2026-03-10T03:26:03: [Alert Engine] [阻力突破警报-68500] CHECK_PASSED
2026-03-10T03:26:03: [Alert Engine] [关键支撑跌破警报-66000] CHECK_START
2026-03-10T03:26:03: [Alert Engine] [关键支撑跌破警报-66000] CHECK_PASSED
2026-03-10T03:31:03: [Alert Engine] [阻力突破警报-68500] CHECK_START
2026-03-10T03:31:03: [Alert Engine] [阻力突破警报-68500] CHECK_PASSED
2026-03-10T03:31:03: [Alert Engine] [关键支撑跌破警报-66000] CHECK_START
2026-03-10T03:31:03: [Alert Engine] [关键支撑跌破警报-66000] CHECK_PASSED
2026-03-10T03:36:03: [Alert Engine] [阻力突破警报-68500] CHECK_START
2026-03-10T03:36:03: [Alert Engine] [阻力突破警报-68500] CHECK_PASSED
2026-03-10T03:36:03: [Alert Engine] [关键支撑跌破警报-66000] CHECK_START
2026-03-10T03:36:03: [Alert Engine] [关键支撑跌破警报-66000] CHECK_PASSED
2026-03-10T03:41:03: [Alert Engine] [阻力突破警报-68500] CHECK_START
2026-03-10T03:41:03: [Alert Engine] [关键支撑跌破警报-66000] CHECK_START
2026-03-10T03:41:06: [警报检查] 当前价格: 68938.33, 目标阻力: $68500
2026-03-10T03:41:06: [Alert Engine] [阻力突破警报-68500] TRIGGERED
2026-03-10T03:41:15: [Alert Engine] [阻力突破警报-68500] DATA_COLLECTED
2026-03-10T03:41:15: [警报触发] 已发送即时分析任务
2026-03-10T03:41:15: [Alert Engine] [阻力突破警报-68500] TRIGGER_COMPLETED
2026-03-10T03:41:34: [警报检查] 当前价格: 68947.01, 目标支撑: $66000
2026-03-10T03:41:34: [Alert Engine] [关键支撑跌破警报-66000] CHECK_PASSED
2026-03-10T03:46:03: [Alert Engine] [阻力突破警报-68500] CHECK_START
2026-03-10T03:46:03: [Alert Engine] [阻力突破警报-68500] CHECK_PASSED
2026-03-10T03:46:03: [Alert Engine] [关键支撑跌破警报-66000] CHECK_START
2026-03-10T03:46:03: [Alert Engine] [关键支撑跌破警报-66000] CHECK_PASSED
2026-03-10T03:51:03: [Alert Engine] [阻力突破警报-68500] CHECK_START
2026-03-10T03:51:03: [Alert Engine] [阻力突破警报-68500] CHECK_PASSED
2026-03-10T03:51:03: [Alert Engine] [关键支撑跌破警报-66000] CHECK_START
2026-03-10T03:51:03: [Alert Engine] [关键支撑跌破警报-66000] CHECK_PASSED
2026-03-10T03:56:03: [Alert Engine] [阻力突破警报-68500] CHECK_START
2026-03-10T03:56:03: [Alert Engine] [阻力突破警报-68500] CHECK_PASSED
2026-03-10T03:56:03: [Alert Engine] [关键支撑跌破警报-66000] CHECK_START
2026-03-10T03:56:03: [Alert Engine] [关键支撑跌破警报-66000] CHECK_PASSED
2026-03-10T04:01:03: [Alert Engine] [阻力突破警报-68500] CHECK_START
2026-03-10T04:01:03: [Alert Engine] [阻力突破警报-68500] CHECK_PASSED
2026-03-10T04:01:03: [Alert Engine] [关键支撑跌破警报-66000] CHECK_START
2026-03-10T04:01:03: [Alert Engine] [关键支撑跌破警报-66000] CHECK_PASSED
2026-03-10T04:06:03: [Alert Engine] [阻力突破警报-68500] CHECK_START
2026-03-10T04:06:03: [Alert Engine] [阻力突破警报-68500] CHECK_PASSED
2026-03-10T04:06:03: [Alert Engine] [关键支撑跌破警报-66000] CHECK_START
2026-03-10T04:06:03: [Alert Engine] [关键支撑跌破警报-66000] CHECK_PASSED
2026-03-10T04:11:03: [Alert Engine] [阻力突破警报-68500] CHECK_START
2026-03-10T04:11:03: [Alert Engine] [阻力突破警报-68500] CHECK_PASSED
2026-03-10T04:11:03: [Alert Engine] [关键支撑跌破警报-66000] CHECK_START
2026-03-10T04:11:03: [Alert Engine] [关键支撑跌破警报-66000] CHECK_PASSED
2026-03-10T04:16:03: [Alert Engine] [阻力突破警报-68500] CHECK_START
2026-03-10T04:16:03: [Alert Engine] [阻力突破警报-68500] CHECK_PASSED
2026-03-10T04:16:03: [Alert Engine] [关键支撑跌破警报-66000] CHECK_START
2026-03-10T04:16:03: [Alert Engine] [关键支撑跌破警报-66000] CHECK_PASSED
2026-03-10T04:21:03: [Alert Engine] [阻力突破警报-68500] CHECK_START
2026-03-10T04:21:03: [Alert Engine] [阻力突破警报-68500] CHECK_PASSED
2026-03-10T04:21:03: [Alert Engine] [关键支撑跌破警报-66000] CHECK_START
2026-03-10T04:21:03: [Alert Engine] [关键支撑跌破警报-66000] CHECK_PASSED
2026-03-10T04:26:03: [Alert Engine] [阻力突破警报-68500] CHECK_START
2026-03-10T04:26:03: [Alert Engine] [阻力突破警报-68500] CHECK_PASSED
2026-03-10T04:26:03: [Alert Engine] [关键支撑跌破警报-66000] CHECK_START
2026-03-10T04:26:03: [Alert Engine] [关键支撑跌破警报-66000] CHECK_PASSED
2026-03-10T04:31:03: [Alert Engine] [阻力突破警报-68500] CHECK_START
2026-03-10T04:31:03: [Alert Engine] [阻力突破警报-68500] CHECK_PASSED
2026-03-10T04:31:03: [Alert Engine] [关键支撑跌破警报-66000] CHECK_START
2026-03-10T04:31:03: [Alert Engine] [关键支撑跌破警报-66000] CHECK_PASSED
2026-03-10T04:36:03: [Alert Engine] [阻力突破警报-68500] CHECK_START
2026-03-10T04:36:03: [Alert Engine] [阻力突破警报-68500] CHECK_PASSED
2026-03-10T04:36:03: [Alert Engine] [关键支撑跌破警报-66000] CHECK_START
2026-03-10T04:36:03: [Alert Engine] [关键支撑跌破警报-66000] CHECK_PASSED
2026-03-10T04:41:03: [Alert Engine] [阻力突破警报-68500] CHECK_START
2026-03-10T04:41:03: [Alert Engine] [阻力突破警报-68500] CHECK_PASSED
2026-03-10T04:41:03: [Alert Engine] [关键支撑跌破警报-66000] CHECK_START
2026-03-10T04:41:03: [Alert Engine] [关键支撑跌破警报-66000] CHECK_PASSED
2026-03-10T04:46:03: [Alert Engine] [阻力突破警报-68500] CHECK_START
2026-03-10T04:46:03: [Alert Engine] [关键支撑跌破警报-66000] CHECK_START
2026-03-10T04:46:07: [警报检查] 当前价格: 68924.73, 目标阻力: $68500
2026-03-10T04:46:07: [Alert Engine] [阻力突破警报-68500] TRIGGERED
2026-03-10T04:46:08: [警报检查] 当前价格: 68921.08, 目标支撑: $66000
2026-03-10T04:46:08: [Alert Engine] [关键支撑跌破警报-66000] CHECK_PASSED
2026-03-10T04:46:14: [Alert Engine] [阻力突破警报-68500] DATA_COLLECTED
2026-03-10T04:46:14: [警报触发] 已发送即时分析任务
2026-03-10T04:46:14: [Alert Engine] [阻力突破警报-68500] TRIGGER_COMPLETED
2026-03-10T04:51:03: [Alert Engine] [阻力突破警报-68500] CHECK_START
2026-03-10T04:51:03: [Alert Engine] [阻力突破警报-68500] CHECK_PASSED
2026-03-10T04:51:03: [Alert Engine] [关键支撑跌破警报-66000] CHECK_START
2026-03-10T04:51:03: [Alert Engine] [关键支撑跌破警报-66000] CHECK_PASSED
2026-03-10T04:56:03: [Alert Engine] [阻力突破警报-68500] CHECK_START
2026-03-10T04:56:03: [Alert Engine] [阻力突破警报-68500] CHECK_PASSED
2026-03-10T04:56:03: [Alert Engine] [关键支撑跌破警报-66000] CHECK_START
2026-03-10T04:56:03: [Alert Engine] [关键支撑跌破警报-66000] CHECK_PASSED
2026-03-10T05:01:03: [Alert Engine] [阻力突破警报-68500] CHECK_START
2026-03-10T05:01:03: [Alert Engine] [阻力突破警报-68500] CHECK_PASSED
2026-03-10T05:01:03: [Alert Engine] [关键支撑跌破警报-66000] CHECK_START
2026-03-10T05:01:03: [Alert Engine] [关键支撑跌破警报-66000] CHECK_PASSED
2026-03-10T05:06:03: [Alert Engine] [阻力突破警报-68500] CHECK_START
2026-03-10T05:06:03: [Alert Engine] [阻力突破警报-68500] CHECK_PASSED
2026-03-10T05:06:03: [Alert Engine] [关键支撑跌破警报-66000] CHECK_START
2026-03-10T05:06:03: [Alert Engine] [关键支撑跌破警报-66000] CHECK_PASSED
2026-03-10T05:11:03: [Alert Engine] [阻力突破警报-68500] CHECK_START
2026-03-10T05:11:03: [Alert Engine] [阻力突破警报-68500] CHECK_PASSED
2026-03-10T05:11:03: [Alert Engine] [关键支撑跌破警报-66000] CHECK_START
2026-03-10T05:11:03: [Alert Engine] [关键支撑跌破警报-66000] CHECK_PASSED
2026-03-10T05:16:03: [Alert Engine] [阻力突破警报-68500] CHECK_START
2026-03-10T05:16:03: [Alert Engine] [阻力突破警报-68500] CHECK_PASSED
2026-03-10T05:16:03: [Alert Engine] [关键支撑跌破警报-66000] CHECK_START
2026-03-10T05:16:03: [Alert Engine] [关键支撑跌破警报-66000] CHECK_PASSED
2026-03-10T05:21:03: [Alert Engine] [阻力突破警报-68500] CHECK_START
2026-03-10T05:21:03: [Alert Engine] [阻力突破警报-68500] CHECK_PASSED
2026-03-10T05:21:03: [Alert Engine] [关键支撑跌破警报-66000] CHECK_START
2026-03-10T05:21:03: [Alert Engine] [关键支撑跌破警报-66000] CHECK_PASSED
2026-03-10T05:26:03: [Alert Engine] [阻力突破警报-68500] CHECK_START
2026-03-10T05:26:03: [Alert Engine] [阻力突破警报-68500] CHECK_PASSED
2026-03-10T05:26:03: [Alert Engine] [关键支撑跌破警报-66000] CHECK_START
2026-03-10T05:26:03: [Alert Engine] [关键支撑跌破警报-66000] CHECK_PASSED
2026-03-10T05:31:03: [Alert Engine] [阻力突破警报-68500] CHECK_START
2026-03-10T05:31:03: [Alert Engine] [阻力突破警报-68500] CHECK_PASSED
2026-03-10T05:31:03: [Alert Engine] [关键支撑跌破警报-66000] CHECK_START
2026-03-10T05:31:03: [Alert Engine] [关键支撑跌破警报-66000] CHECK_PASSED
2026-03-10T05:36:03: [Alert Engine] [阻力突破警报-68500] CHECK_START
2026-03-10T05:36:03: [Alert Engine] [阻力突破警报-68500] CHECK_PASSED
2026-03-10T05:36:03: [Alert Engine] [关键支撑跌破警报-66000] CHECK_START
2026-03-10T05:36:03: [Alert Engine] [关键支撑跌破警报-66000] CHECK_PASSED
2026-03-10T05:41:03: [Alert Engine] [阻力突破警报-68500] CHECK_START
2026-03-10T05:41:03: [Alert Engine] [阻力突破警报-68500] CHECK_PASSED
2026-03-10T05:41:03: [Alert Engine] [关键支撑跌破警报-66000] CHECK_START
2026-03-10T05:41:03: [Alert Engine] [关键支撑跌破警报-66000] CHECK_PASSED
2026-03-10T05:46:03: [Alert Engine] [阻力突破警报-68500] CHECK_START
2026-03-10T05:46:03: [Alert Engine] [阻力突破警报-68500] CHECK_PASSED
2026-03-10T05:46:03: [Alert Engine] [关键支撑跌破警报-66000] CHECK_START
2026-03-10T05:46:03: [Alert Engine] [关键支撑跌破警报-66000] CHECK_PASSED
2026-03-10T05:51:03: [Alert Engine] [阻力突破警报-68500] CHECK_START
2026-03-10T05:51:03: [Alert Engine] [关键支撑跌破警报-66000] CHECK_START
2026-03-10T05:51:05: [警报检查] 当前价格: 68980.83, 目标支撑: $66000
2026-03-10T05:51:05: [Alert Engine] [关键支撑跌破警报-66000] CHECK_PASSED
2026-03-10T05:51:05: [警报检查] 当前价格: 68956.86, 目标阻力: $68500
2026-03-10T05:51:05: [Alert Engine] [阻力突破警报-68500] TRIGGERED
2026-03-10T05:51:09: [Alert Engine] [阻力突破警报-68500] DATA_COLLECTED
2026-03-10T05:51:09: [警报触发] 已发送即时分析任务
2026-03-10T05:51:09: [Alert Engine] [阻力突破警报-68500] TRIGGER_COMPLETED
2026-03-10T05:56:03: [Alert Engine] [阻力突破警报-68500] CHECK_START
2026-03-10T05:56:03: [Alert Engine] [阻力突破警报-68500] CHECK_PASSED
2026-03-10T05:56:03: [Alert Engine] [关键支撑跌破警报-66000] CHECK_START
2026-03-10T05:56:03: [Alert Engine] [关键支撑跌破警报-66000] CHECK_PASSED
2026-03-10T06:01:03: [Alert Engine] [阻力突破警报-68500] CHECK_START
2026-03-10T06:01:03: [Alert Engine] [阻力突破警报-68500] CHECK_PASSED
2026-03-10T06:01:03: [Alert Engine] [关键支撑跌破警报-66000] CHECK_START
2026-03-10T06:01:03: [Alert Engine] [关键支撑跌破警报-66000] CHECK_PASSED
2026-03-10T06:06:03: [Alert Engine] [阻力突破警报-68500] CHECK_START
2026-03-10T06:06:03: [Alert Engine] [阻力突破警报-68500] CHECK_PASSED
2026-03-10T06:06:03: [Alert Engine] [关键支撑跌破警报-66000] CHECK_START
2026-03-10T06:06:03: [Alert Engine] [关键支撑跌破警报-66000] CHECK_PASSED
2026-03-10T06:11:03: [Alert Engine] [阻力突破警报-68500] CHECK_START
2026-03-10T06:11:03: [Alert Engine] [阻力突破警报-68500] CHECK_PASSED
2026-03-10T06:11:03: [Alert Engine] [关键支撑跌破警报-66000] CHECK_START
2026-03-10T06:11:03: [Alert Engine] [关键支撑跌破警报-66000] CHECK_PASSED
2026-03-10T06:16:03: [Alert Engine] [阻力突破警报-68500] CHECK_START
2026-03-10T06:16:03: [Alert Engine] [阻力突破警报-68500] CHECK_PASSED
2026-03-10T06:16:03: [Alert Engine] [关键支撑跌破警报-66000] CHECK_START
2026-03-10T06:16:03: [Alert Engine] [关键支撑跌破警报-66000] CHECK_PASSED
2026-03-10T06:21:03: [Alert Engine] [阻力突破警报-68500] CHECK_START
2026-03-10T06:21:03: [Alert Engine] [阻力突破警报-68500] CHECK_PASSED
2026-03-10T06:21:03: [Alert Engine] [关键支撑跌破警报-66000] CHECK_START
2026-03-10T06:21:03: [Alert Engine] [关键支撑跌破警报-66000] CHECK_PASSED
2026-03-10T06:26:03: [Alert Engine] [阻力突破警报-68500] CHECK_START
2026-03-10T06:26:03: [Alert Engine] [阻力突破警报-68500] CHECK_PASSED
2026-03-10T06:26:03: [Alert Engine] [关键支撑跌破警报-66000] CHECK_START
2026-03-10T06:26:03: [Alert Engine] [关键支撑跌破警报-66000] CHECK_PASSED
2026-03-10T06:31:03: [Alert Engine] [阻力突破警报-68500] CHECK_START
2026-03-10T06:31:03: [Alert Engine] [阻力突破警报-68500] CHECK_PASSED
2026-03-10T06:31:03: [Alert Engine] [关键支撑跌破警报-66000] CHECK_START
2026-03-10T06:31:03: [Alert Engine] [关键支撑跌破警报-66000] CHECK_PASSED
2026-03-10T06:36:03: [Alert Engine] [阻力突破警报-68500] CHECK_START
2026-03-10T06:36:03: [Alert Engine] [阻力突破警报-68500] CHECK_PASSED
2026-03-10T06:36:03: [Alert Engine] [关键支撑跌破警报-66000] CHECK_START
2026-03-10T06:36:03: [Alert Engine] [关键支撑跌破警报-66000] CHECK_PASSED
2026-03-10T06:41:03: [Alert Engine] [阻力突破警报-68500] CHECK_START
2026-03-10T06:41:03: [Alert Engine] [阻力突破警报-68500] CHECK_PASSED
2026-03-10T06:41:03: [Alert Engine] [关键支撑跌破警报-66000] CHECK_START
2026-03-10T06:41:03: [Alert Engine] [关键支撑跌破警报-66000] CHECK_PASSED
2026-03-10T06:46:03: [Alert Engine] [阻力突破警报-68500] CHECK_START
2026-03-10T06:46:03: [Alert Engine] [阻力突破警报-68500] CHECK_PASSED
2026-03-10T06:46:03: [Alert Engine] [关键支撑跌破警报-66000] CHECK_START
2026-03-10T06:46:03: [Alert Engine] [关键支撑跌破警报-66000] CHECK_PASSED
2026-03-10T06:51:03: [Alert Engine] [阻力突破警报-68500] CHECK_START
2026-03-10T06:51:03: [Alert Engine] [阻力突破警报-68500] CHECK_PASSED
2026-03-10T06:51:03: [Alert Engine] [关键支撑跌破警报-66000] CHECK_START
2026-03-10T06:51:03: [Alert Engine] [关键支撑跌破警报-66000] CHECK_PASSED
2026-03-10T06:56:03: [Alert Engine] [阻力突破警报-68500] CHECK_START
2026-03-10T06:56:03: [Alert Engine] [关键支撑跌破警报-66000] CHECK_START
2026-03-10T06:56:07: [警报检查] 当前价格: 68692.67, 目标阻力: $68500
2026-03-10T06:56:07: [Alert Engine] [阻力突破警报-68500] TRIGGERED
2026-03-10T06:56:07: [警报检查] 当前价格: 68675.34, 目标支撑: $66000
2026-03-10T06:56:07: [Alert Engine] [关键支撑跌破警报-66000] CHECK_PASSED
2026-03-10T06:56:13: [Alert Engine] [阻力突破警报-68500] DATA_COLLECTED
2026-03-10T06:56:13: [警报触发] 已发送即时分析任务
2026-03-10T06:56:13: [Alert Engine] [阻力突破警报-68500] TRIGGER_COMPLETED
2026-03-10T07:01:03: [Alert Engine] [阻力突破警报-68500] CHECK_START
2026-03-10T07:01:03: [Alert Engine] [阻力突破警报-68500] CHECK_PASSED
2026-03-10T07:01:03: [Alert Engine] [关键支撑跌破警报-66000] CHECK_START
2026-03-10T07:01:03: [Alert Engine] [关键支撑跌破警报-66000] CHECK_PASSED
2026-03-10T07:06:03: [Alert Engine] [阻力突破警报-68500] CHECK_START
2026-03-10T07:06:03: [Alert Engine] [阻力突破警报-68500] CHECK_PASSED
2026-03-10T07:06:03: [Alert Engine] [关键支撑跌破警报-66000] CHECK_START
2026-03-10T07:06:03: [Alert Engine] [关键支撑跌破警报-66000] CHECK_PASSED
2026-03-10T07:11:03: [Alert Engine] [阻力突破警报-68500] CHECK_START
2026-03-10T07:11:03: [Alert Engine] [阻力突破警报-68500] CHECK_PASSED
2026-03-10T07:11:03: [Alert Engine] [关键支撑跌破警报-66000] CHECK_START
2026-03-10T07:11:03: [Alert Engine] [关键支撑跌破警报-66000] CHECK_PASSED
2026-03-10T07:16:03: [Alert Engine] [阻力突破警报-68500] CHECK_START
2026-03-10T07:16:03: [Alert Engine] [阻力突破警报-68500] CHECK_PASSED
2026-03-10T07:16:03: [Alert Engine] [关键支撑跌破警报-66000] CHECK_START
2026-03-10T07:16:03: [Alert Engine] [关键支撑跌破警报-66000] CHECK_PASSED
2026-03-10T07:21:03: [Alert Engine] [阻力突破警报-68500] CHECK_START
2026-03-10T07:21:03: [Alert Engine] [阻力突破警报-68500] CHECK_PASSED
2026-03-10T07:21:03: [Alert Engine] [关键支撑跌破警报-66000] CHECK_START
2026-03-10T07:21:03: [Alert Engine] [关键支撑跌破警报-66000] CHECK_PASSED
2026-03-10T07:26:03: [Alert Engine] [阻力突破警报-68500] CHECK_START
2026-03-10T07:26:03: [Alert Engine] [阻力突破警报-68500] CHECK_PASSED
2026-03-10T07:26:03: [Alert Engine] [关键支撑跌破警报-66000] CHECK_START
2026-03-10T07:26:03: [Alert Engine] [关键支撑跌破警报-66000] CHECK_PASSED
2026-03-10T07:31:03: [Alert Engine] [阻力突破警报-68500] CHECK_START
2026-03-10T07:31:03: [Alert Engine] [阻力突破警报-68500] CHECK_PASSED
2026-03-10T07:31:03: [Alert Engine] [关键支撑跌破警报-66000] CHECK_START
2026-03-10T07:31:03: [Alert Engine] [关键支撑跌破警报-66000] CHECK_PASSED
2026-03-10T07:36:03: [Alert Engine] [阻力突破警报-68500] CHECK_START
2026-03-10T07:36:03: [Alert Engine] [阻力突破警报-68500] CHECK_PASSED
2026-03-10T07:36:03: [Alert Engine] [关键支撑跌破警报-66000] CHECK_START
2026-03-10T07:36:03: [Alert Engine] [关键支撑跌破警报-66000] CHECK_PASSED
2026-03-10T07:41:03: [Alert Engine] [阻力突破警报-68500] CHECK_START
2026-03-10T07:41:03: [Alert Engine] [阻力突破警报-68500] CHECK_PASSED
2026-03-10T07:41:03: [Alert Engine] [关键支撑跌破警报-66000] CHECK_START
2026-03-10T07:41:03: [Alert Engine] [关键支撑跌破警报-66000] CHECK_PASSED
2026-03-10T07:46:03: [Alert Engine] [阻力突破警报-68500] CHECK_START
2026-03-10T07:46:03: [Alert Engine] [阻力突破警报-68500] CHECK_PASSED
2026-03-10T07:46:03: [Alert Engine] [关键支撑跌破警报-66000] CHECK_START
2026-03-10T07:46:03: [Alert Engine] [关键支撑跌破警报-66000] CHECK_PASSED
2026-03-10T07:51:03: [Alert Engine] [阻力突破警报-68500] CHECK_START
2026-03-10T07:51:03: [Alert Engine] [阻力突破警报-68500] CHECK_PASSED
2026-03-10T07:51:03: [Alert Engine] [关键支撑跌破警报-66000] CHECK_START
2026-03-10T07:51:03: [Alert Engine] [关键支撑跌破警报-66000] CHECK_PASSED
2026-03-10T07:56:03: [Alert Engine] [阻力突破警报-68500] CHECK_START
2026-03-10T07:56:03: [Alert Engine] [阻力突破警报-68500] CHECK_PASSED
2026-03-10T07:56:03: [Alert Engine] [关键支撑跌破警报-66000] CHECK_START
2026-03-10T07:56:03: [Alert Engine] [关键支撑跌破警报-66000] CHECK_PASSED
2026-03-10T08:01:03: [Alert Engine] [阻力突破警报-68500] RULE_STOPPED
2026-03-10T08:01:03: [Alert Engine] [阻力突破警报-68500] RULE_ARCHIVED
2026-03-10T08:01:03: [Alert Engine] Archived rule "阻力突破警报-68500" to /root/.openclaw/workspace-july/skills/btc-alert/rules-archive/2026-03-10T00-01-03_2026-03-09-resistance-68500.js
2026-03-10T08:01:03: [Alert Engine] [阻力突破警报-68500] RULE_UNLOADED
2026-03-10T08:01:03: [Alert Engine] Unloaded rule "阻力突破警报-68500" (lifetime_ended)
2026-03-10T08:01:03: [Alert Engine] [关键支撑跌破警报-66000] RULE_STOPPED
2026-03-10T08:01:03: [Alert Engine] [关键支撑跌破警报-66000] RULE_ARCHIVED
2026-03-10T08:01:03: [Alert Engine] Archived rule "关键支撑跌破警报-66000" to /root/.openclaw/workspace-july/skills/btc-alert/rules-archive/2026-03-10T00-01-03_2026-03-09-support-66000.js
2026-03-10T08:01:03: [Alert Engine] [关键支撑跌破警报-66000] RULE_UNLOADED
2026-03-10T08:01:03: [Alert Engine] Unloaded rule "关键支撑跌破警报-66000" (lifetime_ended)
2026-03-11T15:43:48: [Alert Engine] [Engine] 引擎关闭 (SIGINT)
2026-03-11T15:43:48: 
2026-03-11T15:43:48: [Alert Engine] Shutting down...
2026-03-12T10:13:25: [Alert Engine] [Engine] 引擎启动
2026-03-12T10:13:25: [Alert Engine] Starting...
2026-03-12T10:13:25: [Alert Engine] Rules directory: /root/.openclaw/workspace-july/skills/btc-alert/rules
2026-03-12T10:13:25: [Alert Engine] Archive directory: /root/.openclaw/workspace-july/skills/btc-alert/rules-archive
2026-03-12T10:13:25: [Alert Engine] Log file: /root/.openclaw/workspace-july/logs/alert-engine.log
2026-03-12T10:13:25: [Alert Engine] Loaded rule: 压力位突破警报-72000 (interval: 300000ms)
2026-03-12T10:13:25: [Alert Engine] Loaded rule: 支撑位跌破警报-70000 (interval: 300000ms)
2026-03-12T10:13:25: [Alert Engine] Loaded rule: 支撑位跌破警报-68671-7日SMA (interval: 300000ms)
2026-03-12T10:13:25: [Alert Engine] [压力位突破警报-72000] TIMER_STARTED
2026-03-12T10:13:25: [Alert Engine] Starting timer for rule "压力位突破警报-72000" (interval: 300000ms)
2026-03-12T10:13:25: [Alert Engine] [压力位突破警报-72000] CHECK_START
2026-03-12T10:13:25: [Alert Engine] [支撑位跌破警报-70000] TIMER_STARTED
2026-03-12T10:13:25: [Alert Engine] Starting timer for rule "支撑位跌破警报-70000" (interval: 300000ms)
2026-03-12T10:13:25: [Alert Engine] [支撑位跌破警报-70000] CHECK_START
2026-03-12T10:13:25: [Alert Engine] [支撑位跌破警报-68671-7日SMA] TIMER_STARTED
2026-03-12T10:13:25: [Alert Engine] Starting timer for rule "支撑位跌破警报-68671-7日SMA" (interval: 300000ms)
2026-03-12T10:13:25: [Alert Engine] [支撑位跌破警报-68671-7日SMA] CHECK_START
2026-03-12T10:13:25: [Alert Engine] [Engine] 规则加载完成
2026-03-12T10:13:25: [Alert Engine] Started 3 rule(s)
2026-03-12T10:13:25: [Alert Engine] Started file scanner (interval: 60s)
2026-03-12T10:13:29: [警报检查] 当前价格: 69773.07, 目标: 70000
2026-03-12T10:13:29: [Alert Engine] [支撑位跌破警报-70000] TRIGGERED
2026-03-12T10:13:30: [警报检查] 当前价格: 69774.6, 目标: 72000
2026-03-12T10:13:30: [Alert Engine] [压力位突破警报-72000] CHECK_PASSED
2026-03-12T10:13:38: [警报检查] 当前价格: 69773.14, 目标: 68671
2026-03-12T10:13:38: [Alert Engine] [支撑位跌破警报-68671-7日SMA] CHECK_PASSED
2026-03-12T10:13:44: [Alert Engine] [支撑位跌破警报-70000] DATA_COLLECTED
2026-03-12T10:13:44: [警报触发] 已发送即时分析任务
2026-03-12T10:13:44: [Alert Engine] [支撑位跌破警报-70000] TRIGGER_COMPLETED
2026-04-12T21:08:54: [Alert Engine] [Engine] 引擎启动
2026-04-12T21:08:54: [Alert Engine] Starting...
2026-04-12T21:08:54: [Alert Engine] Rules directory: /home/administrator/.openclaw/july-btc-analyzer/skills/btc-alert/rules
2026-04-12T21:08:54: [Alert Engine] Archive directory: /home/administrator/.openclaw/july-btc-analyzer/skills/btc-alert/rules-archive
2026-04-12T21:08:54: [Alert Engine] Log file: /home/administrator/.openclaw/july-btc-analyzer/logs/alert-engine.log
2026-04-12T21:08:54: [Alert Engine] Loaded rule: 情绪极端警报 (interval: 1800000ms)
2026-04-12T21:08:54: [Alert Engine] Loaded rule: 支撑位跌破警报-70500 (interval: 180000ms)
2026-04-12T21:08:54: [Alert Engine] [情绪极端警报] TIMER_STARTED
2026-04-12T21:08:54: [Alert Engine] Starting timer for rule "情绪极端警报" (interval: 1800000ms)
2026-04-12T21:08:54: [Alert Engine] [情绪极端警报] CHECK_START
2026-04-12T21:08:54: [Alert Engine] [支撑位跌破警报-70500] TIMER_STARTED
2026-04-12T21:08:54: [Alert Engine] Starting timer for rule "支撑位跌破警报-70500" (interval: 180000ms)
2026-04-12T21:08:54: [Alert Engine] [支撑位跌破警报-70500] CHECK_START
2026-04-12T21:08:54: [Alert Engine] [Engine] 规则加载完成
2026-04-12T21:08:54: [Alert Engine] Started 2 rule(s)
2026-04-12T21:08:54: [Alert Engine] Started file scanner (interval: 60s)
2026-04-12T21:08:55: [支撑警报检查] 当前价格: 71062.1, 目标: 70500
2026-04-12T21:08:55: [Alert Engine] [支撑位跌破警报-70500] CHECK_PASSED
2026-04-12T21:08:55: [情绪警报检查] 当前FGI: 16, 极端恐惧阈值: 10, 极度贪婪阈值: 80
2026-04-12T21:08:55: [Alert Engine] [情绪极端警报] CHECK_PASSED
2026-04-12T21:11:43: [Alert Engine] [支撑位跌破警报-70500] CHECK_START
2026-04-12T21:11:44: [支撑警报检查] 当前价格: 71047.31, 目标: 70500
2026-04-12T21:11:44: [Alert Engine] [支撑位跌破警报-70500] CHECK_PASSED
2026-04-12T21:14:35: [Alert Engine] [支撑位跌破警报-70500] CHECK_START
2026-04-12T21:14:37: [支撑警报检查] 当前价格: 71020.35, 目标: 70500
2026-04-12T21:14:37: [Alert Engine] [支撑位跌破警报-70500] CHECK_PASSED
2026-04-12T21:17:26: [Alert Engine] [支撑位跌破警报-70500] CHECK_START
2026-04-12T21:17:27: [支撑警报检查] 当前价格: 71110.33, 目标: 70500
2026-04-12T21:17:27: [Alert Engine] [支撑位跌破警报-70500] CHECK_PASSED
2026-04-12T21:20:17: [Alert Engine] [支撑位跌破警报-70500] CHECK_START
2026-04-12T21:20:20: [支撑警报检查] 当前价格: 71085.05, 目标: 70500
2026-04-12T21:20:20: [Alert Engine] [支撑位跌破警报-70500] CHECK_PASSED
2026-04-12T21:23:07: [Alert Engine] [支撑位跌破警报-70500] CHECK_START
2026-04-12T21:23:11: [支撑警报检查] 当前价格: 71077.25, 目标: 70500
2026-04-12T21:23:11: [Alert Engine] [支撑位跌破警报-70500] CHECK_PASSED
2026-04-12T21:25:59: [Alert Engine] [支撑位跌破警报-70500] CHECK_START
2026-04-12T21:26:03: [支撑警报检查] 当前价格: 71118.21, 目标: 70500
2026-04-12T21:26:03: [Alert Engine] [支撑位跌破警报-70500] CHECK_PASSED
2026-04-12T21:28:50: [Alert Engine] [支撑位跌破警报-70500] CHECK_START
2026-04-12T21:28:52: [支撑警报检查] 当前价格: 71099.82, 目标: 70500
2026-04-12T21:28:52: [Alert Engine] [支撑位跌破警报-70500] CHECK_PASSED
2026-04-12T21:31:40: [Alert Engine] [支撑位跌破警报-70500] CHECK_START
2026-04-12T21:31:53: [支撑警报检查] 当前价格: 71030.97, 目标: 70500
2026-04-12T21:31:53: [Alert Engine] [支撑位跌破警报-70500] CHECK_PASSED
2026-04-12T21:34:32: [Alert Engine] [支撑位跌破警报-70500] CHECK_START
2026-04-12T21:34:35: [支撑警报检查] 当前价格: 71089.12, 目标: 70500
2026-04-12T21:34:35: [Alert Engine] [支撑位跌破警报-70500] CHECK_PASSED
2026-04-12T21:37:23: [Alert Engine] [情绪极端警报] CHECK_START
2026-04-12T21:37:23: [Alert Engine] [支撑位跌破警报-70500] CHECK_START
2026-04-12T21:37:24: [支撑警报检查] 当前价格: 71073.8, 目标: 70500
2026-04-12T21:37:24: [Alert Engine] [支撑位跌破警报-70500] CHECK_PASSED
2026-04-12T21:37:25: [情绪警报检查] 当前FGI: 16, 极端恐惧阈值: 10, 极度贪婪阈值: 80
2026-04-12T21:37:25: [Alert Engine] [情绪极端警报] CHECK_PASSED
2026-04-12T21:40:13: [Alert Engine] [支撑位跌破警报-70500] CHECK_START
2026-04-12T21:40:14: [支撑警报检查] 当前价格: 70997.61, 目标: 70500
2026-04-12T21:40:14: [Alert Engine] [支撑位跌破警报-70500] CHECK_PASSED
2026-04-12T21:43:05: [Alert Engine] [支撑位跌破警报-70500] CHECK_START
2026-04-12T21:43:05: [支撑警报检查] 当前价格: 70996.82, 目标: 70500
2026-04-12T21:43:05: [Alert Engine] [支撑位跌破警报-70500] CHECK_PASSED
2026-04-12T21:45:54: [Alert Engine] [支撑位跌破警报-70500] CHECK_START
2026-04-12T21:45:57: [支撑警报检查] 当前价格: 71003.11, 目标: 70500
2026-04-12T21:45:57: [Alert Engine] [支撑位跌破警报-70500] CHECK_PASSED
2026-04-12T21:48:45: [Alert Engine] [支撑位跌破警报-70500] CHECK_START
2026-04-12T21:48:48: [支撑警报检查] 当前价格: 71007.98, 目标: 70500
2026-04-12T21:48:48: [Alert Engine] [支撑位跌破警报-70500] CHECK_PASSED
2026-04-12T21:51:36: [Alert Engine] [支撑位跌破警报-70500] CHECK_START
2026-04-12T21:51:39: [支撑警报检查] 当前价格: 70919.18, 目标: 70500
2026-04-12T21:51:39: [Alert Engine] [支撑位跌破警报-70500] CHECK_PASSED
2026-04-12T21:54:26: [Alert Engine] [支撑位跌破警报-70500] CHECK_START
2026-04-12T21:54:33: [支撑警报检查] 当前价格: 70952.71, 目标: 70500
2026-04-12T21:54:33: [Alert Engine] [支撑位跌破警报-70500] CHECK_PASSED
2026-04-12T21:57:17: [Alert Engine] [支撑位跌破警报-70500] CHECK_START
2026-04-12T21:57:21: [支撑警报检查] 当前价格: 70973.56, 目标: 70500
2026-04-12T21:57:21: [Alert Engine] [支撑位跌破警报-70500] CHECK_PASSED
2026-04-12T22:00:08: [Alert Engine] [支撑位跌破警报-70500] CHECK_START
2026-04-12T22:00:12: [支撑警报检查] 当前价格: 70920.07, 目标: 70500
2026-04-12T22:00:12: [Alert Engine] [支撑位跌破警报-70500] CHECK_PASSED
2026-04-12T22:02:58: [Alert Engine] [支撑位跌破警报-70500] CHECK_START
2026-04-12T22:03:07: [支撑警报检查] 当前价格: 70967.5, 目标: 70500
2026-04-12T22:03:07: [Alert Engine] [支撑位跌破警报-70500] CHECK_PASSED
2026-04-12T22:05:49: [Alert Engine] [情绪极端警报] CHECK_START
2026-04-12T22:05:49: [Alert Engine] [支撑位跌破警报-70500] CHECK_START
2026-04-12T22:05:50: [情绪警报检查] 当前FGI: 16, 极端恐惧阈值: 10, 极度贪婪阈值: 80
2026-04-12T22:05:50: [Alert Engine] [情绪极端警报] CHECK_PASSED
2026-04-12T22:05:51: [支撑警报检查] 当前价格: 70985.88, 目标: 70500
2026-04-12T22:05:51: [Alert Engine] [支撑位跌破警报-70500] CHECK_PASSED
2026-04-12T22:08:39: [Alert Engine] [支撑位跌破警报-70500] CHECK_START
2026-04-12T22:08:43: [支撑警报检查] 当前价格: 70994.85, 目标: 70500
2026-04-12T22:08:43: [Alert Engine] [支撑位跌破警报-70500] CHECK_PASSED
2026-04-12T22:11:30: [Alert Engine] [支撑位跌破警报-70500] CHECK_START
2026-04-12T22:11:34: [支撑警报检查] 当前价格: 71024.15, 目标: 70500
2026-04-12T22:11:34: [Alert Engine] [支撑位跌破警报-70500] CHECK_PASSED
2026-04-12T22:14:19: [Alert Engine] [支撑位跌破警报-70500] CHECK_START
2026-04-12T22:14:21: [支撑警报检查] 当前价格: 71000.71, 目标: 70500
2026-04-12T22:14:21: [Alert Engine] [支撑位跌破警报-70500] CHECK_PASSED
2026-04-12T22:17:11: [Alert Engine] [支撑位跌破警报-70500] CHECK_START
2026-04-12T22:17:16: [支撑警报检查] 当前价格: 71059.58, 目标: 70500
2026-04-12T22:17:16: [Alert Engine] [支撑位跌破警报-70500] CHECK_PASSED
2026-04-12T22:20:01: [Alert Engine] [支撑位跌破警报-70500] CHECK_START
2026-04-12T22:20:03: [支撑警报检查] 当前价格: 71053.48, 目标: 70500
2026-04-12T22:20:03: [Alert Engine] [支撑位跌破警报-70500] CHECK_PASSED
2026-04-12T22:22:50: [Alert Engine] [支撑位跌破警报-70500] CHECK_START
2026-04-12T22:22:54: [支撑警报检查] 当前价格: 71082.41, 目标: 70500
2026-04-12T22:22:54: [Alert Engine] [支撑位跌破警报-70500] CHECK_PASSED
2026-04-12T22:25:40: [Alert Engine] [支撑位跌破警报-70500] CHECK_START
2026-04-12T22:25:43: [支撑警报检查] 当前价格: 71071.84, 目标: 70500
2026-04-12T22:25:43: [Alert Engine] [支撑位跌破警报-70500] CHECK_PASSED
2026-04-12T22:28:31: [Alert Engine] [支撑位跌破警报-70500] CHECK_START
2026-04-12T22:28:33: [支撑警报检查] 当前价格: 71088.17, 目标: 70500
2026-04-12T22:28:33: [Alert Engine] [支撑位跌破警报-70500] CHECK_PASSED
2026-04-12T22:31:21: [Alert Engine] [支撑位跌破警报-70500] CHECK_START
2026-04-12T22:31:23: [支撑警报检查] 当前价格: 71060.73, 目标: 70500
2026-04-12T22:31:23: [Alert Engine] [支撑位跌破警报-70500] CHECK_PASSED
2026-04-12T22:34:12: [Alert Engine] [情绪极端警报] CHECK_START
2026-04-12T22:34:12: [Alert Engine] [支撑位跌破警报-70500] CHECK_START
2026-04-12T22:34:13: [情绪警报检查] 当前FGI: 16, 极端恐惧阈值: 10, 极度贪婪阈值: 80
2026-04-12T22:34:13: [Alert Engine] [情绪极端警报] CHECK_PASSED
2026-04-12T22:34:15: [支撑警报检查] 当前价格: 71075.24, 目标: 70500
2026-04-12T22:34:15: [Alert Engine] [支撑位跌破警报-70500] CHECK_PASSED
2026-04-12T22:37:01: [Alert Engine] [支撑位跌破警报-70500] CHECK_START
2026-04-12T22:37:04: [支撑警报检查] 当前价格: 71043.89, 目标: 70500
2026-04-12T22:37:04: [Alert Engine] [支撑位跌破警报-70500] CHECK_PASSED
2026-04-12T22:39:52: [Alert Engine] [支撑位跌破警报-70500] CHECK_START
2026-04-12T22:39:56: [支撑警报检查] 当前价格: 70980.7, 目标: 70500
2026-04-12T22:39:56: [Alert Engine] [支撑位跌破警报-70500] CHECK_PASSED
2026-04-12T22:42:42: [Alert Engine] [支撑位跌破警报-70500] CHECK_START
2026-04-12T22:42:45: [支撑警报检查] 当前价格: 70852.24, 目标: 70500
2026-04-12T22:42:45: [Alert Engine] [支撑位跌破警报-70500] CHECK_PASSED
2026-04-12T22:45:33: [Alert Engine] [支撑位跌破警报-70500] CHECK_START
2026-04-12T22:45:36: [支撑警报检查] 当前价格: 70859.49, 目标: 70500
2026-04-12T22:45:36: [Alert Engine] [支撑位跌破警报-70500] CHECK_PASSED
2026-04-12T22:48:22: [Alert Engine] [支撑位跌破警报-70500] CHECK_START
2026-04-12T22:48:24: [支撑警报检查] 当前价格: 70808.62, 目标: 70500
2026-04-12T22:48:24: [Alert Engine] [支撑位跌破警报-70500] CHECK_PASSED
2026-04-12T22:51:14: [Alert Engine] [支撑位跌破警报-70500] CHECK_START
2026-04-12T22:51:16: [支撑警报检查] 当前价格: 70835.67, 目标: 70500
2026-04-12T22:51:16: [Alert Engine] [支撑位跌破警报-70500] CHECK_PASSED
2026-04-12T22:54:02: [Alert Engine] [支撑位跌破警报-70500] CHECK_START
2026-04-12T22:54:05: [支撑警报检查] 当前价格: 70771.34, 目标: 70500
2026-04-12T22:54:05: [Alert Engine] [支撑位跌破警报-70500] CHECK_PASSED
2026-04-12T22:56:52: [Alert Engine] [支撑位跌破警报-70500] CHECK_START
2026-04-12T22:56:54: [支撑警报检查] 当前价格: 70787.87, 目标: 70500
2026-04-12T22:56:54: [Alert Engine] [支撑位跌破警报-70500] CHECK_PASSED
2026-04-12T22:59:42: [Alert Engine] [支撑位跌破警报-70500] CHECK_START
2026-04-12T22:59:47: [支撑警报检查] 当前价格: 70790.03, 目标: 70500
2026-04-12T22:59:47: [Alert Engine] [支撑位跌破警报-70500] CHECK_PASSED
2026-04-12T23:02:32: [Alert Engine] [情绪极端警报] CHECK_START
2026-04-12T23:02:32: [Alert Engine] [支撑位跌破警报-70500] CHECK_START
2026-04-12T23:02:33: [情绪警报检查] 当前FGI: 16, 极端恐惧阈值: 10, 极度贪婪阈值: 80
2026-04-12T23:02:33: [Alert Engine] [情绪极端警报] CHECK_PASSED
2026-04-12T23:02:35: [支撑警报检查] 当前价格: 70804.12, 目标: 70500
2026-04-12T23:02:35: [Alert Engine] [支撑位跌破警报-70500] CHECK_PASSED
2026-04-12T23:05:23: [Alert Engine] [支撑位跌破警报-70500] CHECK_START
2026-04-12T23:05:25: [支撑警报检查] 当前价格: 70812.93, 目标: 70500
2026-04-12T23:05:25: [Alert Engine] [支撑位跌破警报-70500] CHECK_PASSED
2026-04-12T23:08:12: [Alert Engine] [支撑位跌破警报-70500] CHECK_START
2026-04-12T23:08:18: [支撑警报检查] 当前价格: 70800.4, 目标: 70500
2026-04-12T23:08:18: [Alert Engine] [支撑位跌破警报-70500] CHECK_PASSED
2026-04-12T23:11:02: [Alert Engine] [支撑位跌破警报-70500] CHECK_START
2026-04-12T23:11:05: [支撑警报检查] 当前价格: 70804.54, 目标: 70500
2026-04-12T23:11:05: [Alert Engine] [支撑位跌破警报-70500] CHECK_PASSED
2026-04-12T23:13:55: [Alert Engine] [支撑位跌破警报-70500] CHECK_START
2026-04-12T23:14:00: [支撑警报检查] 当前价格: 70851.17, 目标: 70500
2026-04-12T23:14:00: [Alert Engine] [支撑位跌破警报-70500] CHECK_PASSED
2026-04-12T23:16:47: [Alert Engine] [支撑位跌破警报-70500] CHECK_START
2026-04-12T23:16:51: [支撑警报检查] 当前价格: 70855.56, 目标: 70500
2026-04-12T23:16:51: [Alert Engine] [支撑位跌破警报-70500] CHECK_PASSED
2026-04-12T23:19:40: [Alert Engine] [支撑位跌破警报-70500] CHECK_START
2026-04-12T23:19:42: [支撑警报检查] 当前价格: 70818.95, 目标: 70500
2026-04-12T23:19:42: [Alert Engine] [支撑位跌破警报-70500] CHECK_PASSED
2026-04-12T23:22:34: [Alert Engine] [支撑位跌破警报-70500] CHECK_START
2026-04-12T23:22:39: [支撑警报检查] 当前价格: 70828.28, 目标: 70500
2026-04-12T23:22:39: [Alert Engine] [支撑位跌破警报-70500] CHECK_PASSED
2026-04-12T23:25:26: [Alert Engine] [支撑位跌破警报-70500] CHECK_START
2026-04-12T23:25:31: [支撑警报检查] 当前价格: 70796.98, 目标: 70500
2026-04-12T23:25:31: [Alert Engine] [支撑位跌破警报-70500] CHECK_PASSED
2026-04-12T23:28:18: [Alert Engine] [支撑位跌破警报-70500] CHECK_START
2026-04-12T23:28:20: [支撑警报检查] 当前价格: 70772.16, 目标: 70500
2026-04-12T23:28:20: [Alert Engine] [支撑位跌破警报-70500] CHECK_PASSED
2026-04-12T23:31:09: [Alert Engine] [情绪极端警报] CHECK_START
2026-04-12T23:31:10: [Alert Engine] [支撑位跌破警报-70500] CHECK_START
2026-04-12T23:31:12: [情绪警报检查] 当前FGI: 16, 极端恐惧阈值: 10, 极度贪婪阈值: 80
2026-04-12T23:31:12: [Alert Engine] [情绪极端警报] CHECK_PASSED
2026-04-12T23:31:13: [支撑警报检查] 当前价格: 70682.36, 目标: 70500
2026-04-12T23:31:13: [Alert Engine] [支撑位跌破警报-70500] CHECK_PASSED
2026-04-12T23:34:00: [Alert Engine] [支撑位跌破警报-70500] CHECK_START
2026-04-12T23:34:03: [支撑警报检查] 当前价格: 70800.33, 目标: 70500
2026-04-12T23:34:03: [Alert Engine] [支撑位跌破警报-70500] CHECK_PASSED
2026-04-12T23:36:49: [Alert Engine] [支撑位跌破警报-70500] CHECK_START
2026-04-12T23:36:52: [支撑警报检查] 当前价格: 70846.57, 目标: 70500
2026-04-12T23:36:52: [Alert Engine] [支撑位跌破警报-70500] CHECK_PASSED
2026-04-12T23:39:42: [Alert Engine] [支撑位跌破警报-70500] CHECK_START
2026-04-12T23:39:46: [支撑警报检查] 当前价格: 70847.99, 目标: 70500
2026-04-12T23:39:46: [Alert Engine] [支撑位跌破警报-70500] CHECK_PASSED
2026-04-12T23:42:31: [Alert Engine] [支撑位跌破警报-70500] CHECK_START
2026-04-12T23:42:33: [支撑警报检查] 当前价格: 70866.75, 目标: 70500
2026-04-12T23:42:33: [Alert Engine] [支撑位跌破警报-70500] CHECK_PASSED
2026-04-12T23:45:22: [Alert Engine] [支撑位跌破警报-70500] CHECK_START
2026-04-12T23:45:26: [支撑警报检查] 当前价格: 70895.9, 目标: 70500
2026-04-12T23:45:26: [Alert Engine] [支撑位跌破警报-70500] CHECK_PASSED
2026-04-12T23:48:13: [Alert Engine] [支撑位跌破警报-70500] CHECK_START
2026-04-12T23:48:17: [支撑警报检查] 当前价格: 70919.16, 目标: 70500
2026-04-12T23:48:17: [Alert Engine] [支撑位跌破警报-70500] CHECK_PASSED
2026-04-12T23:51:03: [Alert Engine] [支撑位跌破警报-70500] CHECK_START
2026-04-12T23:51:04: [支撑警报检查] 当前价格: 70910.63, 目标: 70500
2026-04-12T23:51:04: [Alert Engine] [支撑位跌破警报-70500] CHECK_PASSED
2026-04-12T23:53:53: [Alert Engine] [支撑位跌破警报-70500] CHECK_START
2026-04-12T23:53:55: [支撑警报检查] 当前价格: 70947.27, 目标: 70500
2026-04-12T23:53:55: [Alert Engine] [支撑位跌破警报-70500] CHECK_PASSED
2026-04-12T23:56:45: [Alert Engine] [支撑位跌破警报-70500] CHECK_START
2026-04-12T23:56:47: [支撑警报检查] 当前价格: 70914.65, 目标: 70500
2026-04-12T23:56:47: [Alert Engine] [支撑位跌破警报-70500] CHECK_PASSED
2026-04-12T23:59:34: [Alert Engine] [情绪极端警报] CHECK_START
2026-04-12T23:59:34: [Alert Engine] [支撑位跌破警报-70500] CHECK_START
2026-04-12T23:59:36: [支撑警报检查] 当前价格: 70916.91, 目标: 70500
2026-04-12T23:59:36: [Alert Engine] [支撑位跌破警报-70500] CHECK_PASSED
2026-04-12T23:59:37: [情绪警报检查] 当前FGI: 16, 极端恐惧阈值: 10, 极度贪婪阈值: 80
2026-04-12T23:59:37: [Alert Engine] [情绪极端警报] CHECK_PASSED
2026-04-13T00:02:25: [Alert Engine] [支撑位跌破警报-70500] CHECK_START
2026-04-13T00:02:26: [支撑警报检查] 当前价格: 70913.6, 目标: 70500
2026-04-13T00:02:26: [Alert Engine] [支撑位跌破警报-70500] CHECK_PASSED
2026-04-13T00:05:16: [Alert Engine] [支撑位跌破警报-70500] CHECK_START
2026-04-13T00:05:16: [支撑警报检查] 当前价格: 70968.99, 目标: 70500
2026-04-13T00:05:16: [Alert Engine] [支撑位跌破警报-70500] CHECK_PASSED
2026-04-13T00:08:05: [Alert Engine] [支撑位跌破警报-70500] CHECK_START
2026-04-13T00:08:06: [支撑警报检查] 当前价格: 70920.79, 目标: 70500
2026-04-13T00:08:06: [Alert Engine] [支撑位跌破警报-70500] CHECK_PASSED
2026-04-13T00:10:57: [Alert Engine] [支撑位跌破警报-70500] CHECK_START
2026-04-13T00:10:59: [支撑警报检查] 当前价格: 70905.78, 目标: 70500
2026-04-13T00:10:59: [Alert Engine] [支撑位跌破警报-70500] CHECK_PASSED
2026-04-13T00:13:48: [Alert Engine] [支撑位跌破警报-70500] CHECK_START
2026-04-13T00:13:53: [支撑警报检查] 当前价格: 70952.47, 目标: 70500
2026-04-13T00:13:53: [Alert Engine] [支撑位跌破警报-70500] CHECK_PASSED
2026-04-13T00:16:37: [Alert Engine] [支撑位跌破警报-70500] CHECK_START
2026-04-13T00:16:40: [支撑警报检查] 当前价格: 70951.23, 目标: 70500
2026-04-13T00:16:40: [Alert Engine] [支撑位跌破警报-70500] CHECK_PASSED
2026-04-13T00:19:28: [Alert Engine] [支撑位跌破警报-70500] CHECK_START
2026-04-13T00:19:30: [支撑警报检查] 当前价格: 70907, 目标: 70500
2026-04-13T00:19:30: [Alert Engine] [支撑位跌破警报-70500] CHECK_PASSED
2026-04-13T00:22:17: [Alert Engine] [支撑位跌破警报-70500] CHECK_START
2026-04-13T00:22:20: [支撑警报检查] 当前价格: 70874.17, 目标: 70500
2026-04-13T00:22:20: [Alert Engine] [支撑位跌破警报-70500] CHECK_PASSED
2026-04-13T00:25:08: [Alert Engine] [支撑位跌破警报-70500] CHECK_START
2026-04-13T00:25:11: [支撑警报检查] 当前价格: 70960.58, 目标: 70500
2026-04-13T00:25:11: [Alert Engine] [支撑位跌破警报-70500] CHECK_PASSED
2026-04-13T00:27:56: [Alert Engine] [情绪极端警报] CHECK_START
2026-04-13T00:27:56: [Alert Engine] [支撑位跌破警报-70500] CHECK_START
2026-04-13T00:27:58: [情绪警报检查] 当前FGI: 16, 极端恐惧阈值: 10, 极度贪婪阈值: 80
2026-04-13T00:27:58: [Alert Engine] [情绪极端警报] CHECK_PASSED
2026-04-13T00:27:58: [支撑警报检查] 当前价格: 70960.41, 目标: 70500
2026-04-13T00:27:58: [Alert Engine] [支撑位跌破警报-70500] CHECK_PASSED
2026-04-13T00:30:47: [Alert Engine] [支撑位跌破警报-70500] CHECK_START
2026-04-13T00:30:49: [支撑警报检查] 当前价格: 70966.47, 目标: 70500
2026-04-13T00:30:49: [Alert Engine] [支撑位跌破警报-70500] CHECK_PASSED
2026-04-13T00:33:36: [Alert Engine] [支撑位跌破警报-70500] CHECK_START
2026-04-13T00:33:41: [支撑警报检查] 当前价格: 70962.07, 目标: 70500
2026-04-13T00:33:41: [Alert Engine] [支撑位跌破警报-70500] CHECK_PASSED
2026-04-13T00:36:27: [Alert Engine] [支撑位跌破警报-70500] CHECK_START
2026-04-13T00:36:27: [支撑警报检查] 当前价格: 70935.6, 目标: 70500
2026-04-13T00:36:27: [Alert Engine] [支撑位跌破警报-70500] CHECK_PASSED
2026-04-13T00:39:16: [Alert Engine] [支撑位跌破警报-70500] CHECK_START
2026-04-13T00:39:19: [支撑警报检查] 当前价格: 70924.32, 目标: 70500
2026-04-13T00:39:19: [Alert Engine] [支撑位跌破警报-70500] CHECK_PASSED
2026-04-13T00:42:06: [Alert Engine] [支撑位跌破警报-70500] CHECK_START
2026-04-13T00:42:09: [支撑警报检查] 当前价格: 70908.59, 目标: 70500
2026-04-13T00:42:09: [Alert Engine] [支撑位跌破警报-70500] CHECK_PASSED
2026-04-13T00:44:55: [Alert Engine] [支撑位跌破警报-70500] CHECK_START
2026-04-13T00:44:58: [支撑警报检查] 当前价格: 70904.26, 目标: 70500
2026-04-13T00:44:58: [Alert Engine] [支撑位跌破警报-70500] CHECK_PASSED
2026-04-13T00:47:46: [Alert Engine] [支撑位跌破警报-70500] CHECK_START
2026-04-13T00:47:47: [支撑警报检查] 当前价格: 70912.93, 目标: 70500
2026-04-13T00:47:47: [Alert Engine] [支撑位跌破警报-70500] CHECK_PASSED
2026-04-13T00:50:35: [Alert Engine] [支撑位跌破警报-70500] CHECK_START
2026-04-13T00:50:39: [支撑警报检查] 当前价格: 70884.67, 目标: 70500
2026-04-13T00:50:39: [Alert Engine] [支撑位跌破警报-70500] CHECK_PASSED
2026-04-13T00:53:24: [Alert Engine] [支撑位跌破警报-70500] CHECK_START
2026-04-13T00:53:30: [支撑警报检查] 当前价格: 70902.81, 目标: 70500
2026-04-13T00:53:30: [Alert Engine] [支撑位跌破警报-70500] CHECK_PASSED
2026-04-13T00:56:13: [Alert Engine] [情绪极端警报] CHECK_START
2026-04-13T00:56:14: [Alert Engine] [支撑位跌破警报-70500] CHECK_START
2026-04-13T00:56:15: [情绪警报检查] 当前FGI: 16, 极端恐惧阈值: 10, 极度贪婪阈值: 80
2026-04-13T00:56:15: [Alert Engine] [情绪极端警报] CHECK_PASSED
2026-04-13T00:56:15: [支撑警报检查] 当前价格: 70908.95, 目标: 70500
2026-04-13T00:56:15: [Alert Engine] [支撑位跌破警报-70500] CHECK_PASSED
2026-04-13T00:59:04: [Alert Engine] [支撑位跌破警报-70500] CHECK_START
2026-04-13T00:59:06: [支撑警报检查] 当前价格: 70907.24, 目标: 70500
2026-04-13T00:59:06: [Alert Engine] [支撑位跌破警报-70500] CHECK_PASSED
2026-04-13T01:01:53: [Alert Engine] [支撑位跌破警报-70500] CHECK_START
2026-04-13T01:01:55: [支撑警报检查] 当前价格: 70974.71, 目标: 70500
2026-04-13T01:01:55: [Alert Engine] [支撑位跌破警报-70500] CHECK_PASSED
2026-04-13T01:04:43: [Alert Engine] [支撑位跌破警报-70500] CHECK_START
2026-04-13T01:04:46: [支撑警报检查] 当前价格: 71019.44, 目标: 70500
2026-04-13T01:04:46: [Alert Engine] [支撑位跌破警报-70500] CHECK_PASSED
2026-04-13T01:07:31: [Alert Engine] [支撑位跌破警报-70500] CHECK_START
2026-04-13T01:07:35: [支撑警报检查] 当前价格: 71012.66, 目标: 70500
2026-04-13T01:07:35: [Alert Engine] [支撑位跌破警报-70500] CHECK_PASSED
2026-04-13T01:10:21: [Alert Engine] [支撑位跌破警报-70500] CHECK_START
2026-04-13T01:10:25: [支撑警报检查] 当前价格: 70990.94, 目标: 70500
2026-04-13T01:10:25: [Alert Engine] [支撑位跌破警报-70500] CHECK_PASSED
2026-04-13T01:13:09: [Alert Engine] [支撑位跌破警报-70500] CHECK_START
2026-04-13T01:13:12: [支撑警报检查] 当前价格: 70949.83, 目标: 70500
2026-04-13T01:13:12: [Alert Engine] [支撑位跌破警报-70500] CHECK_PASSED
2026-04-13T01:15:59: [Alert Engine] [支撑位跌破警报-70500] CHECK_START
2026-04-13T01:16:00: [支撑警报检查] 当前价格: 70948.53, 目标: 70500
2026-04-13T01:16:00: [Alert Engine] [支撑位跌破警报-70500] CHECK_PASSED
2026-04-13T01:18:47: [Alert Engine] [支撑位跌破警报-70500] CHECK_START
2026-04-13T01:18:49: [支撑警报检查] 当前价格: 70965.02, 目标: 70500
2026-04-13T01:18:49: [Alert Engine] [支撑位跌破警报-70500] CHECK_PASSED
2026-04-13T01:21:35: [Alert Engine] [支撑位跌破警报-70500] CHECK_START
2026-04-13T01:21:38: [支撑警报检查] 当前价格: 71000.72, 目标: 70500
2026-04-13T01:21:38: [Alert Engine] [支撑位跌破警报-70500] CHECK_PASSED
2026-04-13T01:24:25: [Alert Engine] [情绪极端警报] CHECK_START
2026-04-13T01:24:25: [Alert Engine] [支撑位跌破警报-70500] CHECK_START
2026-04-13T01:24:26: [情绪警报检查] 当前FGI: 16, 极端恐惧阈值: 10, 极度贪婪阈值: 80
2026-04-13T01:24:26: [Alert Engine] [情绪极端警报] CHECK_PASSED
2026-04-13T01:24:28: [支撑警报检查] 当前价格: 70987.66, 目标: 70500
2026-04-13T01:24:28: [Alert Engine] [支撑位跌破警报-70500] CHECK_PASSED
2026-04-13T01:27:13: [Alert Engine] [支撑位跌破警报-70500] CHECK_START
2026-04-13T01:27:15: [支撑警报检查] 当前价格: 71001.14, 目标: 70500
2026-04-13T01:27:15: [Alert Engine] [支撑位跌破警报-70500] CHECK_PASSED
2026-04-13T01:30:03: [Alert Engine] [支撑位跌破警报-70500] CHECK_START
2026-04-13T01:30:05: [支撑警报检查] 当前价格: 71024.89, 目标: 70500
2026-04-13T01:30:05: [Alert Engine] [支撑位跌破警报-70500] CHECK_PASSED
2026-04-13T01:32:51: [Alert Engine] [支撑位跌破警报-70500] CHECK_START
2026-04-13T01:32:56: [支撑警报检查] 当前价格: 71033.67, 目标: 70500
2026-04-13T01:32:56: [Alert Engine] [支撑位跌破警报-70500] CHECK_PASSED
2026-04-13T01:35:41: [Alert Engine] [支撑位跌破警报-70500] CHECK_START
2026-04-13T01:35:45: [支撑警报检查] 当前价格: 71011.91, 目标: 70500
2026-04-13T01:35:45: [Alert Engine] [支撑位跌破警报-70500] CHECK_PASSED
2026-04-13T01:38:28: [Alert Engine] [支撑位跌破警报-70500] CHECK_START
2026-04-13T01:38:30: [支撑警报检查] 当前价格: 70990.6, 目标: 70500
2026-04-13T01:38:30: [Alert Engine] [支撑位跌破警报-70500] CHECK_PASSED
2026-04-13T01:41:18: [Alert Engine] [支撑位跌破警报-70500] CHECK_START
2026-04-13T01:41:20: [支撑警报检查] 当前价格: 71009.39, 目标: 70500
2026-04-13T01:41:20: [Alert Engine] [支撑位跌破警报-70500] CHECK_PASSED
2026-04-13T01:44:05: [Alert Engine] [支撑位跌破警报-70500] CHECK_START
2026-04-13T01:44:07: [支撑警报检查] 当前价格: 71012.83, 目标: 70500
2026-04-13T01:44:07: [Alert Engine] [支撑位跌破警报-70500] CHECK_PASSED
2026-04-13T01:46:55: [Alert Engine] [支撑位跌破警报-70500] CHECK_START
2026-04-13T01:46:57: [支撑警报检查] 当前价格: 71008.1, 目标: 70500
2026-04-13T01:46:57: [Alert Engine] [支撑位跌破警报-70500] CHECK_PASSED
2026-04-13T01:49:42: [Alert Engine] [支撑位跌破警报-70500] CHECK_START
2026-04-13T01:49:43: [支撑警报检查] 当前价格: 70984.19, 目标: 70500
2026-04-13T01:49:43: [Alert Engine] [支撑位跌破警报-70500] CHECK_PASSED
2026-04-13T01:52:31: [Alert Engine] [情绪极端警报] CHECK_START
2026-04-13T01:52:31: [Alert Engine] [支撑位跌破警报-70500] CHECK_START
2026-04-13T01:52:33: [支撑警报检查] 当前价格: 71216.13, 目标: 70500
2026-04-13T01:52:33: [Alert Engine] [支撑位跌破警报-70500] CHECK_PASSED
2026-04-13T01:52:34: [情绪警报检查] 当前FGI: 16, 极端恐惧阈值: 10, 极度贪婪阈值: 80
2026-04-13T01:52:34: [Alert Engine] [情绪极端警报] CHECK_PASSED
2026-04-13T01:55:19: [Alert Engine] [支撑位跌破警报-70500] CHECK_START
2026-04-13T01:55:21: [支撑警报检查] 当前价格: 71142.54, 目标: 70500
2026-04-13T01:55:21: [Alert Engine] [支撑位跌破警报-70500] CHECK_PASSED
2026-04-13T01:58:08: [Alert Engine] [支撑位跌破警报-70500] CHECK_START
2026-04-13T01:58:07: [支撑警报检查] 当前价格: 71173.39, 目标: 70500
2026-04-13T01:58:07: [Alert Engine] [支撑位跌破警报-70500] CHECK_PASSED
2026-04-13T02:00:55: [Alert Engine] [支撑位跌破警报-70500] CHECK_START
2026-04-13T02:00:58: [支撑警报检查] 当前价格: 71172.47, 目标: 70500
2026-04-13T02:00:58: [Alert Engine] [支撑位跌破警报-70500] CHECK_PASSED
2026-04-13T02:03:42: [Alert Engine] [支撑位跌破警报-70500] CHECK_START
2026-04-13T02:03:45: [支撑警报检查] 当前价格: 71118.13, 目标: 70500
2026-04-13T02:03:45: [Alert Engine] [支撑位跌破警报-70500] CHECK_PASSED
2026-04-13T02:06:31: [Alert Engine] [支撑位跌破警报-70500] CHECK_START
2026-04-13T02:06:34: [支撑警报检查] 当前价格: 71181.87, 目标: 70500
2026-04-13T02:06:34: [Alert Engine] [支撑位跌破警报-70500] CHECK_PASSED
2026-04-13T02:09:18: [Alert Engine] [支撑位跌破警报-70500] CHECK_START
2026-04-13T02:09:20: [支撑警报检查] 当前价格: 71116.22, 目标: 70500
2026-04-13T02:09:20: [Alert Engine] [支撑位跌破警报-70500] CHECK_PASSED
2026-04-13T02:12:07: [Alert Engine] [支撑位跌破警报-70500] CHECK_START
2026-04-13T02:12:09: [支撑警报检查] 当前价格: 71174.09, 目标: 70500
2026-04-13T02:12:09: [Alert Engine] [支撑位跌破警报-70500] CHECK_PASSED
2026-04-13T02:14:54: [Alert Engine] [支撑位跌破警报-70500] CHECK_START
2026-04-13T02:14:55: [支撑警报检查] 当前价格: 71164.16, 目标: 70500
2026-04-13T02:14:55: [Alert Engine] [支撑位跌破警报-70500] CHECK_PASSED
2026-04-13T02:17:43: [Alert Engine] [支撑位跌破警报-70500] CHECK_START
2026-04-13T02:17:47: [支撑警报检查] 当前价格: 71165.8, 目标: 70500
2026-04-13T02:17:47: [Alert Engine] [支撑位跌破警报-70500] CHECK_PASSED
2026-04-13T02:20:29: [Alert Engine] [情绪极端警报] CHECK_START
2026-04-13T02:20:30: [Alert Engine] [支撑位跌破警报-70500] CHECK_START
2026-04-13T02:20:31: [情绪警报检查] 当前FGI: 16, 极端恐惧阈值: 10, 极度贪婪阈值: 80
2026-04-13T02:20:31: [Alert Engine] [情绪极端警报] CHECK_PASSED
2026-04-13T02:20:32: [支撑警报检查] 当前价格: 71132.18, 目标: 70500
2026-04-13T02:20:32: [Alert Engine] [支撑位跌破警报-70500] CHECK_PASSED
2026-04-13T02:23:19: [Alert Engine] [支撑位跌破警报-70500] CHECK_START
2026-04-13T02:23:24: [支撑警报检查] 当前价格: 71111.09, 目标: 70500
2026-04-13T02:23:24: [Alert Engine] [支撑位跌破警报-70500] CHECK_PASSED
2026-04-13T02:26:06: [Alert Engine] [支撑位跌破警报-70500] CHECK_START
2026-04-13T02:26:07: [支撑警报检查] 当前价格: 71124.08, 目标: 70500
2026-04-13T02:26:07: [Alert Engine] [支撑位跌破警报-70500] CHECK_PASSED
2026-04-13T02:28:55: [Alert Engine] [支撑位跌破警报-70500] CHECK_START
2026-04-13T02:28:58: [支撑警报检查] 当前价格: 71130.72, 目标: 70500
2026-04-13T02:28:58: [Alert Engine] [支撑位跌破警报-70500] CHECK_PASSED
2026-04-13T02:31:41: [Alert Engine] [支撑位跌破警报-70500] CHECK_START
2026-04-13T02:31:43: [支撑警报检查] 当前价格: 71139.87, 目标: 70500
2026-04-13T02:31:43: [Alert Engine] [支撑位跌破警报-70500] CHECK_PASSED
2026-04-13T02:34:30: [Alert Engine] [支撑位跌破警报-70500] CHECK_START
2026-04-13T02:34:33: [支撑警报检查] 当前价格: 71201.68, 目标: 70500
2026-04-13T02:34:33: [Alert Engine] [支撑位跌破警报-70500] CHECK_PASSED
2026-04-13T02:37:17: [Alert Engine] [支撑位跌破警报-70500] CHECK_START
2026-04-13T02:37:20: [支撑警报检查] 当前价格: 71206.42, 目标: 70500
2026-04-13T02:37:20: [Alert Engine] [支撑位跌破警报-70500] CHECK_PASSED
2026-04-13T02:40:06: [Alert Engine] [支撑位跌破警报-70500] CHECK_START
2026-04-13T02:40:08: [支撑警报检查] 当前价格: 71219.96, 目标: 70500
2026-04-13T02:40:08: [Alert Engine] [支撑位跌破警报-70500] CHECK_PASSED
2026-04-13T02:42:53: [Alert Engine] [支撑位跌破警报-70500] CHECK_START
2026-04-13T02:42:56: [支撑警报检查] 当前价格: 71161.47, 目标: 70500
2026-04-13T02:42:56: [Alert Engine] [支撑位跌破警报-70500] CHECK_PASSED
2026-04-13T02:45:39: [Alert Engine] [支撑位跌破警报-70500] CHECK_START
2026-04-13T02:45:42: [支撑警报检查] 当前价格: 71152.14, 目标: 70500
2026-04-13T02:45:42: [Alert Engine] [支撑位跌破警报-70500] CHECK_PASSED
2026-04-13T02:48:27: [Alert Engine] [情绪极端警报] CHECK_START
2026-04-13T02:48:28: [Alert Engine] [支撑位跌破警报-70500] CHECK_START
2026-04-13T02:48:30: [支撑警报检查] 当前价格: 71155.07, 目标: 70500
2026-04-13T02:48:30: [Alert Engine] [支撑位跌破警报-70500] CHECK_PASSED
2026-04-13T02:48:31: [情绪警报检查] 当前FGI: 16, 极端恐惧阈值: 10, 极度贪婪阈值: 80
2026-04-13T02:48:31: [Alert Engine] [情绪极端警报] CHECK_PASSED
2026-04-13T02:51:15: [Alert Engine] [支撑位跌破警报-70500] CHECK_START
2026-04-13T02:51:18: [支撑警报检查] 当前价格: 71170.09, 目标: 70500
2026-04-13T02:51:18: [Alert Engine] [支撑位跌破警报-70500] CHECK_PASSED
2026-04-13T02:54:03: [Alert Engine] [支撑位跌破警报-70500] CHECK_START
2026-04-13T02:54:06: [支撑警报检查] 当前价格: 71173.29, 目标: 70500
2026-04-13T02:54:06: [Alert Engine] [支撑位跌破警报-70500] CHECK_PASSED
2026-04-13T02:56:50: [Alert Engine] [支撑位跌破警报-70500] CHECK_START
2026-04-13T02:56:53: [支撑警报检查] 当前价格: 71191.58, 目标: 70500
2026-04-13T02:56:53: [Alert Engine] [支撑位跌破警报-70500] CHECK_PASSED
2026-04-13T02:59:38: [Alert Engine] [支撑位跌破警报-70500] CHECK_START
2026-04-13T02:59:40: [支撑警报检查] 当前价格: 71171.67, 目标: 70500
2026-04-13T02:59:40: [Alert Engine] [支撑位跌破警报-70500] CHECK_PASSED
2026-04-13T03:02:25: [Alert Engine] [支撑位跌破警报-70500] CHECK_START
2026-04-13T03:02:27: [支撑警报检查] 当前价格: 71182.37, 目标: 70500
2026-04-13T03:02:27: [Alert Engine] [支撑位跌破警报-70500] CHECK_PASSED
2026-04-13T03:05:14: [Alert Engine] [支撑位跌破警报-70500] CHECK_START
2026-04-13T03:05:17: [支撑警报检查] 当前价格: 71185.68, 目标: 70500
2026-04-13T03:05:17: [Alert Engine] [支撑位跌破警报-70500] CHECK_PASSED
2026-04-13T03:08:00: [Alert Engine] [支撑位跌破警报-70500] CHECK_START
2026-04-13T03:08:05: [支撑警报检查] 当前价格: 71191.07, 目标: 70500
2026-04-13T03:08:05: [Alert Engine] [支撑位跌破警报-70500] CHECK_PASSED
2026-04-13T03:10:49: [Alert Engine] [支撑位跌破警报-70500] CHECK_START
2026-04-13T03:10:52: [支撑警报检查] 当前价格: 71218.25, 目标: 70500
2026-04-13T03:10:52: [Alert Engine] [支撑位跌破警报-70500] CHECK_PASSED
2026-04-13T03:13:35: [Alert Engine] [支撑位跌破警报-70500] CHECK_START
2026-04-13T03:13:37: [支撑警报检查] 当前价格: 71223.55, 目标: 70500
2026-04-13T03:13:37: [Alert Engine] [支撑位跌破警报-70500] CHECK_PASSED
2026-04-13T03:16:23: [Alert Engine] [情绪极端警报] CHECK_START
2026-04-13T03:16:24: [Alert Engine] [支撑位跌破警报-70500] CHECK_START
2026-04-13T03:16:24: [情绪警报检查] 当前FGI: 16, 极端恐惧阈值: 10, 极度贪婪阈值: 80
2026-04-13T03:16:24: [Alert Engine] [情绪极端警报] CHECK_PASSED
2026-04-13T03:16:26: [支撑警报检查] 当前价格: 71172.31, 目标: 70500
2026-04-13T03:16:26: [Alert Engine] [支撑位跌破警报-70500] CHECK_PASSED
2026-04-13T03:19:10: [Alert Engine] [支撑位跌破警报-70500] CHECK_START
2026-04-13T03:19:14: [支撑警报检查] 当前价格: 71157.59, 目标: 70500
2026-04-13T03:19:14: [Alert Engine] [支撑位跌破警报-70500] CHECK_PASSED
2026-04-13T03:21:59: [Alert Engine] [支撑位跌破警报-70500] CHECK_START
2026-04-13T03:22:02: [支撑警报检查] 当前价格: 71189.44, 目标: 70500
2026-04-13T03:22:02: [Alert Engine] [支撑位跌破警报-70500] CHECK_PASSED
2026-04-13T03:24:45: [Alert Engine] [支撑位跌破警报-70500] CHECK_START
2026-04-13T03:24:48: [支撑警报检查] 当前价格: 71182.5, 目标: 70500
2026-04-13T03:24:48: [Alert Engine] [支撑位跌破警报-70500] CHECK_PASSED
2026-04-13T03:27:31: [Alert Engine] [支撑位跌破警报-70500] CHECK_START
2026-04-13T03:27:35: [支撑警报检查] 当前价格: 71183.71, 目标: 70500
2026-04-13T03:27:35: [Alert Engine] [支撑位跌破警报-70500] CHECK_PASSED
2026-04-13T03:30:20: [Alert Engine] [支撑位跌破警报-70500] CHECK_START
2026-04-13T03:30:22: [支撑警报检查] 当前价格: 71178.29, 目标: 70500
2026-04-13T03:30:22: [Alert Engine] [支撑位跌破警报-70500] CHECK_PASSED
2026-04-13T03:33:06: [Alert Engine] [支撑位跌破警报-70500] CHECK_START
2026-04-13T03:33:09: [支撑警报检查] 当前价格: 71185.57, 目标: 70500
2026-04-13T03:33:09: [Alert Engine] [支撑位跌破警报-70500] CHECK_PASSED
2026-04-13T03:35:54: [Alert Engine] [支撑位跌破警报-70500] CHECK_START
2026-04-13T03:35:57: [支撑警报检查] 当前价格: 71187.91, 目标: 70500
2026-04-13T03:35:57: [Alert Engine] [支撑位跌破警报-70500] CHECK_PASSED
2026-04-13T03:38:41: [Alert Engine] [支撑位跌破警报-70500] CHECK_START
2026-04-13T03:38:43: [支撑警报检查] 当前价格: 71119.03, 目标: 70500
2026-04-13T03:38:43: [Alert Engine] [支撑位跌破警报-70500] CHECK_PASSED
2026-04-13T03:41:29: [Alert Engine] [支撑位跌破警报-70500] CHECK_START
2026-04-13T03:41:30: [支撑警报检查] 当前价格: 71149.03, 目标: 70500
2026-04-13T03:41:30: [Alert Engine] [支撑位跌破警报-70500] CHECK_PASSED
2026-04-13T03:44:14: [Alert Engine] [情绪极端警报] CHECK_START
2026-04-13T03:44:15: [情绪警报检查] 当前FGI: 16, 极端恐惧阈值: 10, 极度贪婪阈值: 80
2026-04-13T03:44:15: [Alert Engine] [情绪极端警报] CHECK_PASSED
2026-04-13T03:44:15: [Alert Engine] [支撑位跌破警报-70500] CHECK_START
2026-04-13T03:44:18: [支撑警报检查] 当前价格: 71155.36, 目标: 70500
2026-04-13T03:44:18: [Alert Engine] [支撑位跌破警报-70500] CHECK_PASSED
2026-04-13T03:47:04: [Alert Engine] [支撑位跌破警报-70500] CHECK_START
2026-04-13T03:47:05: [支撑警报检查] 当前价格: 71125.98, 目标: 70500
2026-04-13T03:47:05: [Alert Engine] [支撑位跌破警报-70500] CHECK_PASSED
2026-04-13T03:49:50: [Alert Engine] [支撑位跌破警报-70500] CHECK_START
2026-04-13T03:49:51: [支撑警报检查] 当前价格: 71121.24, 目标: 70500
2026-04-13T03:49:51: [Alert Engine] [支撑位跌破警报-70500] CHECK_PASSED
2026-04-13T03:52:38: [Alert Engine] [支撑位跌破警报-70500] CHECK_START
2026-04-13T03:52:39: [支撑警报检查] 当前价格: 71115.8, 目标: 70500
2026-04-13T03:52:39: [Alert Engine] [支撑位跌破警报-70500] CHECK_PASSED
2026-04-13T03:55:24: [Alert Engine] [支撑位跌破警报-70500] CHECK_START
2026-04-13T03:55:25: [支撑警报检查] 当前价格: 71152.29, 目标: 70500
2026-04-13T03:55:25: [Alert Engine] [支撑位跌破警报-70500] CHECK_PASSED
2026-04-13T03:58:12: [Alert Engine] [支撑位跌破警报-70500] CHECK_START
2026-04-13T03:58:13: [支撑警报检查] 当前价格: 71121.5, 目标: 70500
2026-04-13T03:58:13: [Alert Engine] [支撑位跌破警报-70500] CHECK_PASSED
2026-04-13T04:00:58: [Alert Engine] [支撑位跌破警报-70500] CHECK_START
2026-04-13T04:01:01: [支撑警报检查] 当前价格: 71123.33, 目标: 70500
2026-04-13T04:01:01: [Alert Engine] [支撑位跌破警报-70500] CHECK_PASSED
2026-04-13T04:03:46: [Alert Engine] [支撑位跌破警报-70500] CHECK_START
2026-04-13T04:03:47: [支撑警报检查] 当前价格: 71125.11, 目标: 70500
2026-04-13T04:03:47: [Alert Engine] [支撑位跌破警报-70500] CHECK_PASSED
2026-04-13T04:06:32: [Alert Engine] [支撑位跌破警报-70500] CHECK_START
2026-04-13T04:06:34: [支撑警报检查] 当前价格: 71102.94, 目标: 70500
2026-04-13T04:06:34: [Alert Engine] [支撑位跌破警报-70500] CHECK_PASSED
2026-04-13T04:09:21: [Alert Engine] [支撑位跌破警报-70500] CHECK_START
2026-04-13T04:09:20: [支撑警报检查] 当前价格: 71060.99, 目标: 70500
2026-04-13T04:09:20: [Alert Engine] [支撑位跌破警报-70500] CHECK_PASSED
2026-04-13T04:12:05: [Alert Engine] [情绪极端警报] CHECK_START
2026-04-13T04:12:06: [Alert Engine] [支撑位跌破警报-70500] CHECK_START
2026-04-13T04:12:07: [情绪警报检查] 当前FGI: 16, 极端恐惧阈值: 10, 极度贪婪阈值: 80
2026-04-13T04:12:07: [Alert Engine] [情绪极端警报] CHECK_PASSED
2026-04-13T04:12:08: [支撑警报检查] 当前价格: 71020.91, 目标: 70500
2026-04-13T04:12:08: [Alert Engine] [支撑位跌破警报-70500] CHECK_PASSED
2026-04-13T04:14:52: [Alert Engine] [支撑位跌破警报-70500] CHECK_START
2026-04-13T04:14:54: [支撑警报检查] 当前价格: 71039.59, 目标: 70500
2026-04-13T04:14:54: [Alert Engine] [支撑位跌破警报-70500] CHECK_PASSED
2026-04-13T04:17:40: [Alert Engine] [支撑位跌破警报-70500] CHECK_START
2026-04-13T04:17:42: [支撑警报检查] 当前价格: 70999, 目标: 70500
2026-04-13T04:17:42: [Alert Engine] [支撑位跌破警报-70500] CHECK_PASSED
2026-04-13T04:20:26: [Alert Engine] [支撑位跌破警报-70500] CHECK_START
2026-04-13T04:20:28: [支撑警报检查] 当前价格: 71047.87, 目标: 70500
2026-04-13T04:20:28: [Alert Engine] [支撑位跌破警报-70500] CHECK_PASSED
2026-04-13T04:23:14: [Alert Engine] [支撑位跌破警报-70500] CHECK_START
2026-04-13T04:23:16: [支撑警报检查] 当前价格: 71062.77, 目标: 70500
2026-04-13T04:23:16: [Alert Engine] [支撑位跌破警报-70500] CHECK_PASSED
2026-04-13T04:26:00: [Alert Engine] [支撑位跌破警报-70500] CHECK_START
2026-04-13T04:26:01: [支撑警报检查] 当前价格: 71096.96, 目标: 70500
2026-04-13T04:26:01: [Alert Engine] [支撑位跌破警报-70500] CHECK_PASSED
2026-04-13T04:28:48: [Alert Engine] [支撑位跌破警报-70500] CHECK_START
2026-04-13T04:28:50: [支撑警报检查] 当前价格: 71094.14, 目标: 70500
2026-04-13T04:28:50: [Alert Engine] [支撑位跌破警报-70500] CHECK_PASSED
2026-04-13T04:31:33: [Alert Engine] [支撑位跌破警报-70500] CHECK_START
2026-04-13T04:31:36: [支撑警报检查] 当前价格: 71092.98, 目标: 70500
2026-04-13T04:31:36: [Alert Engine] [支撑位跌破警报-70500] CHECK_PASSED
2026-04-13T04:34:22: [Alert Engine] [支撑位跌破警报-70500] CHECK_START
2026-04-13T04:34:24: [支撑警报检查] 当前价格: 71130.96, 目标: 70500
2026-04-13T04:34:24: [Alert Engine] [支撑位跌破警报-70500] CHECK_PASSED
2026-04-13T04:37:07: [Alert Engine] [支撑位跌破警报-70500] CHECK_START
2026-04-13T04:37:08: [支撑警报检查] 当前价格: 71185.44, 目标: 70500
2026-04-13T04:37:08: [Alert Engine] [支撑位跌破警报-70500] CHECK_PASSED
2026-04-13T04:39:54: [Alert Engine] [情绪极端警报] CHECK_START
2026-04-13T04:39:55: [Alert Engine] [支撑位跌破警报-70500] CHECK_START
2026-04-13T04:39:56: [支撑警报检查] 当前价格: 71175.4, 目标: 70500
2026-04-13T04:39:56: [Alert Engine] [支撑位跌破警报-70500] CHECK_PASSED
2026-04-13T04:39:57: [情绪警报检查] 当前FGI: 16, 极端恐惧阈值: 10, 极度贪婪阈值: 80
2026-04-13T04:39:57: [Alert Engine] [情绪极端警报] CHECK_PASSED
2026-04-13T04:42:41: [Alert Engine] [支撑位跌破警报-70500] CHECK_START
2026-04-13T04:42:42: [支撑警报检查] 当前价格: 71294.58, 目标: 70500
2026-04-13T04:42:42: [Alert Engine] [支撑位跌破警报-70500] CHECK_PASSED
2026-04-13T04:45:29: [Alert Engine] [支撑位跌破警报-70500] CHECK_START
2026-04-13T04:45:30: [支撑警报检查] 当前价格: 71376.3, 目标: 70500
2026-04-13T04:45:30: [Alert Engine] [支撑位跌破警报-70500] CHECK_PASSED
2026-04-13T04:48:14: [Alert Engine] [支撑位跌破警报-70500] CHECK_START
2026-04-13T04:48:16: [支撑警报检查] 当前价格: 71254.23, 目标: 70500
2026-04-13T04:48:16: [Alert Engine] [支撑位跌破警报-70500] CHECK_PASSED
2026-04-13T04:51:02: [Alert Engine] [支撑位跌破警报-70500] CHECK_START
2026-04-13T04:51:04: [支撑警报检查] 当前价格: 71286.71, 目标: 70500
2026-04-13T04:51:04: [Alert Engine] [支撑位跌破警报-70500] CHECK_PASSED
2026-04-13T04:53:48: [Alert Engine] [支撑位跌破警报-70500] CHECK_START
2026-04-13T04:53:49: [支撑警报检查] 当前价格: 71353.58, 目标: 70500
2026-04-13T04:53:49: [Alert Engine] [支撑位跌破警报-70500] CHECK_PASSED
2026-04-13T04:56:35: [Alert Engine] [支撑位跌破警报-70500] CHECK_START
2026-04-13T04:56:37: [支撑警报检查] 当前价格: 71320.75, 目标: 70500
2026-04-13T04:56:37: [Alert Engine] [支撑位跌破警报-70500] CHECK_PASSED
2026-04-13T04:59:21: [Alert Engine] [支撑位跌破警报-70500] CHECK_START
2026-04-13T04:59:22: [支撑警报检查] 当前价格: 71366.23, 目标: 70500
2026-04-13T04:59:22: [Alert Engine] [支撑位跌破警报-70500] CHECK_PASSED
2026-04-13T05:02:09: [Alert Engine] [支撑位跌破警报-70500] CHECK_START
2026-04-13T05:02:08: [支撑警报检查] 当前价格: 71456.92, 目标: 70500
2026-04-13T05:02:08: [Alert Engine] [支撑位跌破警报-70500] CHECK_PASSED
2026-04-13T05:04:54: [Alert Engine] [支撑位跌破警报-70500] CHECK_START
2026-04-13T05:04:56: [支撑警报检查] 当前价格: 71439.44, 目标: 70500
2026-04-13T05:04:56: [Alert Engine] [支撑位跌破警报-70500] CHECK_PASSED
2026-04-13T05:07:41: [Alert Engine] [情绪极端警报] CHECK_START
2026-04-13T05:07:40: [情绪警报检查] 当前FGI: 16, 极端恐惧阈值: 10, 极度贪婪阈值: 80
2026-04-13T05:07:40: [Alert Engine] [情绪极端警报] CHECK_PASSED
2026-04-13T05:07:40: [Alert Engine] [支撑位跌破警报-70500] CHECK_START
2026-04-13T05:07:41: [支撑警报检查] 当前价格: 71403.93, 目标: 70500
2026-04-13T05:07:41: [Alert Engine] [支撑位跌破警报-70500] CHECK_PASSED
2026-04-13T05:10:28: [Alert Engine] [支撑位跌破警报-70500] CHECK_START
2026-04-13T05:10:29: [支撑警报检查] 当前价格: 71342.27, 目标: 70500
2026-04-13T05:10:29: [Alert Engine] [支撑位跌破警报-70500] CHECK_PASSED
2026-04-13T05:13:13: [Alert Engine] [支撑位跌破警报-70500] CHECK_START
2026-04-13T05:13:15: [支撑警报检查] 当前价格: 71254.51, 目标: 70500
2026-04-13T05:13:15: [Alert Engine] [支撑位跌破警报-70500] CHECK_PASSED
2026-04-13T05:16:01: [Alert Engine] [支撑位跌破警报-70500] CHECK_START
2026-04-13T05:16:03: [支撑警报检查] 当前价格: 71269.99, 目标: 70500
2026-04-13T05:16:03: [Alert Engine] [支撑位跌破警报-70500] CHECK_PASSED
2026-04-13T05:18:46: [Alert Engine] [支撑位跌破警报-70500] CHECK_START
2026-04-13T05:18:47: [支撑警报检查] 当前价格: 71337.92, 目标: 70500
2026-04-13T05:18:47: [Alert Engine] [支撑位跌破警报-70500] CHECK_PASSED
2026-04-13T05:21:34: [Alert Engine] [支撑位跌破警报-70500] CHECK_START
2026-04-13T05:21:35: [支撑警报检查] 当前价格: 71325.17, 目标: 70500
2026-04-13T05:21:35: [Alert Engine] [支撑位跌破警报-70500] CHECK_PASSED
2026-04-13T05:24:19: [Alert Engine] [支撑位跌破警报-70500] CHECK_START
2026-04-13T05:24:21: [支撑警报检查] 当前价格: 71320.84, 目标: 70500
2026-04-13T05:24:21: [Alert Engine] [支撑位跌破警报-70500] CHECK_PASSED
2026-04-13T05:27:07: [Alert Engine] [支撑位跌破警报-70500] CHECK_START
2026-04-13T05:27:09: [支撑警报检查] 当前价格: 71344.86, 目标: 70500
2026-04-13T05:27:09: [Alert Engine] [支撑位跌破警报-70500] CHECK_PASSED
2026-04-13T05:29:52: [Alert Engine] [支撑位跌破警报-70500] CHECK_START
2026-04-13T05:29:53: [支撑警报检查] 当前价格: 71335.62, 目标: 70500
2026-04-13T05:29:53: [Alert Engine] [支撑位跌破警报-70500] CHECK_PASSED
2026-04-13T05:32:39: [Alert Engine] [支撑位跌破警报-70500] CHECK_START
2026-04-13T05:32:42: [支撑警报检查] 当前价格: 71326.94, 目标: 70500
2026-04-13T05:32:42: [Alert Engine] [支撑位跌破警报-70500] CHECK_PASSED
2026-04-13T05:35:23: [Alert Engine] [情绪极端警报] CHECK_START
2026-04-13T05:35:24: [Alert Engine] [支撑位跌破警报-70500] CHECK_START
2026-04-13T05:35:26: [支撑警报检查] 当前价格: 71268.77, 目标: 70500
2026-04-13T05:35:26: [Alert Engine] [支撑位跌破警报-70500] CHECK_PASSED
2026-04-13T05:35:26: [情绪警报检查] 当前FGI: 16, 极端恐惧阈值: 10, 极度贪婪阈值: 80
2026-04-13T05:35:26: [Alert Engine] [情绪极端警报] CHECK_PASSED
2026-04-13T05:38:12: [Alert Engine] [支撑位跌破警报-70500] CHECK_START
2026-04-13T05:38:14: [支撑警报检查] 当前价格: 71311.04, 目标: 70500
2026-04-13T05:38:14: [Alert Engine] [支撑位跌破警报-70500] CHECK_PASSED
2026-04-13T05:40:57: [Alert Engine] [支撑位跌破警报-70500] CHECK_START
2026-04-13T05:40:59: [支撑警报检查] 当前价格: 71376.9, 目标: 70500
2026-04-13T05:40:59: [Alert Engine] [支撑位跌破警报-70500] CHECK_PASSED
2026-04-13T05:43:45: [Alert Engine] [支撑位跌破警报-70500] CHECK_START
2026-04-13T05:43:46: [支撑警报检查] 当前价格: 71355.23, 目标: 70500
2026-04-13T05:43:46: [Alert Engine] [支撑位跌破警报-70500] CHECK_PASSED
2026-04-13T05:46:30: [Alert Engine] [支撑位跌破警报-70500] CHECK_START
2026-04-13T05:46:31: [支撑警报检查] 当前价格: 71336.08, 目标: 70500
2026-04-13T05:46:31: [Alert Engine] [支撑位跌破警报-70500] CHECK_PASSED
2026-04-13T05:49:17: [Alert Engine] [支撑位跌破警报-70500] CHECK_START
2026-04-13T05:49:16: [支撑警报检查] 当前价格: 71274.54, 目标: 70500
2026-04-13T05:49:16: [Alert Engine] [支撑位跌破警报-70500] CHECK_PASSED
2026-04-13T05:52:02: [Alert Engine] [支撑位跌破警报-70500] CHECK_START
2026-04-13T05:52:03: [支撑警报检查] 当前价格: 71263.37, 目标: 70500
2026-04-13T05:52:03: [Alert Engine] [支撑位跌破警报-70500] CHECK_PASSED
2026-04-13T05:54:46: [Alert Engine] [支撑位跌破警报-70500] CHECK_START
2026-04-13T05:54:50: [支撑警报检查] 当前价格: 71260.47, 目标: 70500
2026-04-13T05:54:50: [Alert Engine] [支撑位跌破警报-70500] CHECK_PASSED
2026-04-13T05:57:34: [Alert Engine] [支撑位跌破警报-70500] CHECK_START
2026-04-13T05:57:36: [支撑警报检查] 当前价格: 71285.4, 目标: 70500
2026-04-13T05:57:36: [Alert Engine] [支撑位跌破警报-70500] CHECK_PASSED
2026-04-13T06:00:18: [Alert Engine] [支撑位跌破警报-70500] CHECK_START
2026-04-13T06:00:20: [支撑警报检查] 当前价格: 71353.92, 目标: 70500
2026-04-13T06:00:20: [Alert Engine] [支撑位跌破警报-70500] CHECK_PASSED
2026-04-13T06:03:04: [Alert Engine] [情绪极端警报] CHECK_START
2026-04-13T06:03:06: [Alert Engine] [支撑位跌破警报-70500] CHECK_START
2026-04-13T06:03:07: [情绪警报检查] 当前FGI: 16, 极端恐惧阈值: 10, 极度贪婪阈值: 80
2026-04-13T06:03:07: [Alert Engine] [情绪极端警报] CHECK_PASSED
2026-04-13T06:03:08: [支撑警报检查] 当前价格: 70786.81, 目标: 70500
2026-04-13T06:03:08: [Alert Engine] [支撑位跌破警报-70500] CHECK_PASSED
2026-04-13T06:05:50: [Alert Engine] [支撑位跌破警报-70500] CHECK_START
2026-04-13T06:05:52: [支撑警报检查] 当前价格: 70852.31, 目标: 70500
2026-04-13T06:05:52: [Alert Engine] [支撑位跌破警报-70500] CHECK_PASSED
2026-04-13T06:08:38: [Alert Engine] [支撑位跌破警报-70500] CHECK_START
2026-04-13T06:08:39: [支撑警报检查] 当前价格: 70915.48, 目标: 70500
2026-04-13T06:08:39: [Alert Engine] [支撑位跌破警报-70500] CHECK_PASSED
2026-04-13T06:11:22: [Alert Engine] [支撑位跌破警报-70500] CHECK_START
2026-04-13T06:11:23: [支撑警报检查] 当前价格: 70892.76, 目标: 70500
2026-04-13T06:11:23: [Alert Engine] [支撑位跌破警报-70500] CHECK_PASSED
2026-04-13T06:14:09: [Alert Engine] [支撑位跌破警报-70500] CHECK_START
2026-04-13T06:14:12: [支撑警报检查] 当前价格: 70916.3, 目标: 70500
2026-04-13T06:14:12: [Alert Engine] [支撑位跌破警报-70500] CHECK_PASSED
2026-04-13T06:16:54: [Alert Engine] [支撑位跌破警报-70500] CHECK_START
2026-04-13T06:16:55: [支撑警报检查] 当前价格: 70872.19, 目标: 70500
2026-04-13T06:16:55: [Alert Engine] [支撑位跌破警报-70500] CHECK_PASSED
2026-04-13T06:19:41: [Alert Engine] [支撑位跌破警报-70500] CHECK_START
2026-04-13T06:19:43: [支撑警报检查] 当前价格: 70721.34, 目标: 70500
2026-04-13T06:19:43: [Alert Engine] [支撑位跌破警报-70500] CHECK_PASSED
2026-04-13T06:22:26: [Alert Engine] [支撑位跌破警报-70500] CHECK_START
2026-04-13T06:22:29: [支撑警报检查] 当前价格: 70771.9, 目标: 70500
2026-04-13T06:22:29: [Alert Engine] [支撑位跌破警报-70500] CHECK_PASSED
2026-04-13T06:25:13: [Alert Engine] [支撑位跌破警报-70500] CHECK_START
2026-04-13T06:25:14: [支撑警报检查] 当前价格: 70786.97, 目标: 70500
2026-04-13T06:25:14: [Alert Engine] [支撑位跌破警报-70500] CHECK_PASSED
2026-04-13T06:27:58: [Alert Engine] [支撑位跌破警报-70500] CHECK_START
2026-04-13T06:28:00: [支撑警报检查] 当前价格: 70731.29, 目标: 70500
2026-04-13T06:28:00: [Alert Engine] [支撑位跌破警报-70500] CHECK_PASSED
2026-04-13T06:30:43: [Alert Engine] [情绪极端警报] CHECK_START
2026-04-13T06:30:45: [Alert Engine] [支撑位跌破警报-70500] CHECK_START
2026-04-13T06:30:45: [情绪警报检查] 当前FGI: 16, 极端恐惧阈值: 10, 极度贪婪阈值: 80
2026-04-13T06:30:45: [Alert Engine] [情绪极端警报] CHECK_PASSED
2026-04-13T06:30:48: [支撑警报检查] 当前价格: 70575.18, 目标: 70500
2026-04-13T06:30:48: [Alert Engine] [支撑位跌破警报-70500] CHECK_PASSED
2026-04-13T06:33:29: [Alert Engine] [支撑位跌破警报-70500] CHECK_START
2026-04-13T06:33:31: [支撑警报检查] 当前价格: 70697.65, 目标: 70500
2026-04-13T06:33:31: [Alert Engine] [支撑位跌破警报-70500] CHECK_PASSED
2026-04-13T06:36:16: [Alert Engine] [支撑位跌破警报-70500] CHECK_START
2026-04-13T06:36:19: [支撑警报检查] 当前价格: 70828.82, 目标: 70500
2026-04-13T06:36:19: [Alert Engine] [支撑位跌破警报-70500] CHECK_PASSED
2026-04-13T06:39:01: [Alert Engine] [支撑位跌破警报-70500] CHECK_START
2026-04-13T06:39:04: [支撑警报检查] 当前价格: 70875.11, 目标: 70500
2026-04-13T06:39:04: [Alert Engine] [支撑位跌破警报-70500] CHECK_PASSED
2026-04-13T06:41:48: [Alert Engine] [支撑位跌破警报-70500] CHECK_START
2026-04-13T06:41:47: [支撑警报检查] 当前价格: 70872.22, 目标: 70500
2026-04-13T06:41:47: [Alert Engine] [支撑位跌破警报-70500] CHECK_PASSED
2026-04-13T06:44:32: [Alert Engine] [支撑位跌破警报-70500] CHECK_START
2026-04-13T06:44:33: [支撑警报检查] 当前价格: 70812.39, 目标: 70500
2026-04-13T06:44:33: [Alert Engine] [支撑位跌破警报-70500] CHECK_PASSED
2026-04-13T06:47:19: [Alert Engine] [支撑位跌破警报-70500] CHECK_START
2026-04-13T06:47:20: [支撑警报检查] 当前价格: 70863.57, 目标: 70500
2026-04-13T06:47:20: [Alert Engine] [支撑位跌破警报-70500] CHECK_PASSED
2026-04-13T06:50:03: [Alert Engine] [支撑位跌破警报-70500] CHECK_START
2026-04-13T06:50:04: [支撑警报检查] 当前价格: 70794.61, 目标: 70500
2026-04-13T06:50:04: [Alert Engine] [支撑位跌破警报-70500] CHECK_PASSED
2026-04-13T06:52:48: [Alert Engine] [支撑位跌破警报-70500] CHECK_START
2026-04-13T06:52:49: [支撑警报检查] 当前价格: 70878.58, 目标: 70500
2026-04-13T06:52:49: [Alert Engine] [支撑位跌破警报-70500] CHECK_PASSED
2026-04-13T06:55:35: [Alert Engine] [支撑位跌破警报-70500] CHECK_START
2026-04-13T06:55:36: [支撑警报检查] 当前价格: 70847.78, 目标: 70500
2026-04-13T06:55:36: [Alert Engine] [支撑位跌破警报-70500] CHECK_PASSED
2026-04-13T06:58:19: [Alert Engine] [情绪极端警报] CHECK_START
2026-04-13T06:58:18: [情绪警报检查] 当前FGI: 16, 极端恐惧阈值: 10, 极度贪婪阈值: 80
2026-04-13T06:58:18: [Alert Engine] [情绪极端警报] CHECK_PASSED
2026-04-13T06:58:19: [Alert Engine] [支撑位跌破警报-70500] CHECK_START
2026-04-13T06:58:20: [支撑警报检查] 当前价格: 70848.59, 目标: 70500
2026-04-13T06:58:20: [Alert Engine] [支撑位跌破警报-70500] CHECK_PASSED
2026-04-13T07:01:06: [Alert Engine] [支撑位跌破警报-70500] CHECK_START
2026-04-13T07:01:08: [支撑警报检查] 当前价格: 70808.68, 目标: 70500
2026-04-13T07:01:08: [Alert Engine] [支撑位跌破警报-70500] CHECK_PASSED
2026-04-13T07:03:50: [Alert Engine] [支撑位跌破警报-70500] CHECK_START
2026-04-13T07:03:52: [支撑警报检查] 当前价格: 70817.83, 目标: 70500
2026-04-13T07:03:52: [Alert Engine] [支撑位跌破警报-70500] CHECK_PASSED
2026-04-13T07:06:37: [Alert Engine] [支撑位跌破警报-70500] CHECK_START
2026-04-13T07:06:39: [支撑警报检查] 当前价格: 70829.08, 目标: 70500
2026-04-13T07:06:39: [Alert Engine] [支撑位跌破警报-70500] CHECK_PASSED
2026-04-13T07:09:21: [Alert Engine] [支撑位跌破警报-70500] CHECK_START
2026-04-13T07:09:24: [支撑警报检查] 当前价格: 70761.34, 目标: 70500
2026-04-13T07:09:24: [Alert Engine] [支撑位跌破警报-70500] CHECK_PASSED
2026-04-13T07:12:07: [Alert Engine] [支撑位跌破警报-70500] CHECK_START
2026-04-13T07:12:10: [支撑警报检查] 当前价格: 70722.33, 目标: 70500
2026-04-13T07:12:10: [Alert Engine] [支撑位跌破警报-70500] CHECK_PASSED
2026-04-13T07:14:52: [Alert Engine] [支撑位跌破警报-70500] CHECK_START
2026-04-13T07:14:54: [支撑警报检查] 当前价格: 70658.32, 目标: 70500
2026-04-13T07:14:54: [Alert Engine] [支撑位跌破警报-70500] CHECK_PASSED
2026-04-13T07:17:38: [Alert Engine] [支撑位跌破警报-70500] CHECK_START
2026-04-13T07:17:42: [支撑警报检查] 当前价格: 70617.67, 目标: 70500
2026-04-13T07:17:42: [Alert Engine] [支撑位跌破警报-70500] CHECK_PASSED
2026-04-13T07:20:22: [Alert Engine] [支撑位跌破警报-70500] CHECK_START
2026-04-13T07:20:25: [支撑警报检查] 当前价格: 70667.31, 目标: 70500
2026-04-13T07:20:25: [Alert Engine] [支撑位跌破警报-70500] CHECK_PASSED
2026-04-13T07:23:09: [Alert Engine] [支撑位跌破警报-70500] CHECK_START
2026-04-13T07:23:11: [支撑警报检查] 当前价格: 70668.06, 目标: 70500
2026-04-13T07:23:11: [Alert Engine] [支撑位跌破警报-70500] CHECK_PASSED
2026-04-13T07:25:51: [Alert Engine] [情绪极端警报] CHECK_START
2026-04-13T07:25:53: [Alert Engine] [支撑位跌破警报-70500] CHECK_START
2026-04-13T07:25:53: [情绪警报检查] 当前FGI: 16, 极端恐惧阈值: 10, 极度贪婪阈值: 80
2026-04-13T07:25:53: [Alert Engine] [情绪极端警报] CHECK_PASSED
2026-04-13T07:25:56: [支撑警报检查] 当前价格: 70649.17, 目标: 70500
2026-04-13T07:25:56: [Alert Engine] [支撑位跌破警报-70500] CHECK_PASSED
2026-04-13T07:28:40: [Alert Engine] [支撑位跌破警报-70500] CHECK_START
2026-04-13T07:28:42: [支撑警报检查] 当前价格: 70744.03, 目标: 70500
2026-04-13T07:28:42: [Alert Engine] [支撑位跌破警报-70500] CHECK_PASSED
2026-04-13T07:31:24: [Alert Engine] [支撑位跌破警报-70500] CHECK_START
2026-04-13T07:31:26: [支撑警报检查] 当前价格: 70600.36, 目标: 70500
2026-04-13T07:31:26: [Alert Engine] [支撑位跌破警报-70500] CHECK_PASSED
2026-04-13T07:34:10: [Alert Engine] [支撑位跌破警报-70500] CHECK_START
2026-04-13T07:34:13: [支撑警报检查] 当前价格: 70607.07, 目标: 70500
2026-04-13T07:34:13: [Alert Engine] [支撑位跌破警报-70500] CHECK_PASSED
2026-04-13T07:36:54: [Alert Engine] [支撑位跌破警报-70500] CHECK_START
2026-04-13T07:36:55: [支撑警报检查] 当前价格: 70628.61, 目标: 70500
2026-04-13T07:36:55: [Alert Engine] [支撑位跌破警报-70500] CHECK_PASSED
2026-04-13T07:39:41: [Alert Engine] [支撑位跌破警报-70500] CHECK_START
2026-04-13T07:39:42: [支撑警报检查] 当前价格: 70659.96, 目标: 70500
2026-04-13T07:39:42: [Alert Engine] [支撑位跌破警报-70500] CHECK_PASSED
2026-04-13T07:42:25: [Alert Engine] [支撑位跌破警报-70500] CHECK_START
2026-04-13T07:42:27: [支撑警报检查] 当前价格: 70679.2, 目标: 70500
2026-04-13T07:42:27: [Alert Engine] [支撑位跌破警报-70500] CHECK_PASSED
2026-04-13T07:45:11: [Alert Engine] [支撑位跌破警报-70500] CHECK_START
2026-04-13T07:45:11: [支撑警报检查] 当前价格: 70728.12, 目标: 70500
2026-04-13T07:45:11: [Alert Engine] [支撑位跌破警报-70500] CHECK_PASSED
2026-04-13T07:47:55: [Alert Engine] [支撑位跌破警报-70500] CHECK_START
2026-04-13T07:47:58: [支撑警报检查] 当前价格: 70644.24, 目标: 70500
2026-04-13T07:47:58: [Alert Engine] [支撑位跌破警报-70500] CHECK_PASSED
2026-04-13T07:50:39: [Alert Engine] [支撑位跌破警报-70500] CHECK_START
2026-04-13T07:50:43: [支撑警报检查] 当前价格: 70640.98, 目标: 70500
2026-04-13T07:50:43: [Alert Engine] [支撑位跌破警报-70500] CHECK_PASSED
2026-04-13T07:53:23: [Alert Engine] [情绪极端警报] CHECK_START
2026-04-13T07:53:26: [情绪警报检查] 当前FGI: 16, 极端恐惧阈值: 10, 极度贪婪阈值: 80
2026-04-13T07:53:26: [Alert Engine] [情绪极端警报] CHECK_PASSED
2026-04-13T07:53:26: [Alert Engine] [支撑位跌破警报-70500] CHECK_START
2026-04-13T07:53:27: [支撑警报检查] 当前价格: 70753.66, 目标: 70500
2026-04-13T07:53:27: [Alert Engine] [支撑位跌破警报-70500] CHECK_PASSED
2026-04-13T07:56:09: [Alert Engine] [支撑位跌破警报-70500] CHECK_START
2026-04-13T07:56:11: [支撑警报检查] 当前价格: 70780.25, 目标: 70500
2026-04-13T07:56:11: [Alert Engine] [支撑位跌破警报-70500] CHECK_PASSED
2026-04-13T07:58:56: [Alert Engine] [支撑位跌破警报-70500] CHECK_START
2026-04-13T07:58:58: [支撑警报检查] 当前价格: 70751.07, 目标: 70500
2026-04-13T07:58:58: [Alert Engine] [支撑位跌破警报-70500] CHECK_PASSED
2026-04-13T08:01:39: [Alert Engine] [支撑位跌破警报-70500] CHECK_START
2026-04-13T08:01:43: [支撑警报检查] 当前价格: 70656.94, 目标: 70500
2026-04-13T08:01:43: [Alert Engine] [支撑位跌破警报-70500] CHECK_PASSED
2026-04-13T08:04:26: [Alert Engine] [支撑位跌破警报-70500] CHECK_START
2026-04-13T08:04:28: [支撑警报检查] 当前价格: 70632.42, 目标: 70500
2026-04-13T08:04:28: [Alert Engine] [支撑位跌破警报-70500] CHECK_PASSED
2026-04-13T08:07:09: [Alert Engine] [支撑位跌破警报-70500] CHECK_START
2026-04-13T08:07:22: [支撑警报检查] 当前价格: 70744.27, 目标: 70500
2026-04-13T08:07:22: [Alert Engine] [支撑位跌破警报-70500] CHECK_PASSED
2026-04-13T08:09:55: [Alert Engine] [支撑位跌破警报-70500] CHECK_START
2026-04-13T08:09:58: [支撑警报检查] 当前价格: 70881.75, 目标: 70500
2026-04-13T08:09:58: [Alert Engine] [支撑位跌破警报-70500] CHECK_PASSED
2026-04-13T08:12:38: [Alert Engine] [支撑位跌破警报-70500] CHECK_START
2026-04-13T08:12:45: [支撑警报检查] 当前价格: 70861.48, 目标: 70500
2026-04-13T08:12:45: [Alert Engine] [支撑位跌破警报-70500] CHECK_PASSED
2026-04-13T08:15:25: [Alert Engine] [支撑位跌破警报-70500] CHECK_START
2026-04-13T08:15:27: [支撑警报检查] 当前价格: 70910.35, 目标: 70500
2026-04-13T08:15:27: [Alert Engine] [支撑位跌破警报-70500] CHECK_PASSED
2026-04-13T08:18:08: [Alert Engine] [支撑位跌破警报-70500] CHECK_START
2026-04-13T08:18:10: [支撑警报检查] 当前价格: 70853.21, 目标: 70500
2026-04-13T08:18:10: [Alert Engine] [支撑位跌破警报-70500] CHECK_PASSED
2026-04-13T08:20:51: [Alert Engine] [情绪极端警报] CHECK_START
2026-04-13T08:20:53: [情绪警报检查] 当前FGI: 12, 极端恐惧阈值: 10, 极度贪婪阈值: 80
2026-04-13T08:20:53: [Alert Engine] [情绪极端警报] CHECK_PASSED
2026-04-13T08:20:54: [Alert Engine] [支撑位跌破警报-70500] CHECK_START
2026-04-13T08:20:55: [支撑警报检查] 当前价格: 70889.87, 目标: 70500
2026-04-13T08:20:55: [Alert Engine] [支撑位跌破警报-70500] CHECK_PASSED
2026-04-13T08:23:37: [Alert Engine] [支撑位跌破警报-70500] CHECK_START
2026-04-13T08:23:39: [支撑警报检查] 当前价格: 70863.55, 目标: 70500
2026-04-13T08:23:39: [Alert Engine] [支撑位跌破警报-70500] CHECK_PASSED
2026-04-13T08:26:23: [Alert Engine] [支撑位跌破警报-70500] CHECK_START
2026-04-13T08:26:26: [支撑警报检查] 当前价格: 70990.84, 目标: 70500
2026-04-13T08:26:26: [Alert Engine] [支撑位跌破警报-70500] CHECK_PASSED
2026-04-13T08:29:06: [Alert Engine] [支撑位跌破警报-70500] CHECK_START
2026-04-13T08:29:08: [支撑警报检查] 当前价格: 71032.06, 目标: 70500
2026-04-13T08:29:08: [Alert Engine] [支撑位跌破警报-70500] CHECK_PASSED
2026-04-13T08:31:52: [Alert Engine] [支撑位跌破警报-70500] CHECK_START
2026-04-13T08:31:55: [支撑警报检查] 当前价格: 71003.8, 目标: 70500
2026-04-13T08:31:55: [Alert Engine] [支撑位跌破警报-70500] CHECK_PASSED
2026-04-13T08:34:35: [Alert Engine] [支撑位跌破警报-70500] CHECK_START
2026-04-13T08:34:37: [支撑警报检查] 当前价格: 71073.14, 目标: 70500
2026-04-13T08:34:37: [Alert Engine] [支撑位跌破警报-70500] CHECK_PASSED
2026-04-13T08:37:20: [Alert Engine] [支撑位跌破警报-70500] CHECK_START
2026-04-13T08:37:24: [支撑警报检查] 当前价格: 71090.31, 目标: 70500
2026-04-13T08:37:24: [Alert Engine] [支撑位跌破警报-70500] CHECK_PASSED
2026-04-13T08:40:03: [Alert Engine] [支撑位跌破警报-70500] CHECK_START
2026-04-13T08:40:06: [支撑警报检查] 当前价格: 71070.03, 目标: 70500
2026-04-13T08:40:06: [Alert Engine] [支撑位跌破警报-70500] CHECK_PASSED
2026-04-13T08:42:49: [Alert Engine] [支撑位跌破警报-70500] CHECK_START
2026-04-13T08:42:53: [支撑警报检查] 当前价格: 71073.76, 目标: 70500
2026-04-13T08:42:53: [Alert Engine] [支撑位跌破警报-70500] CHECK_PASSED
2026-04-13T08:45:32: [Alert Engine] [支撑位跌破警报-70500] CHECK_START
2026-04-13T08:45:35: [支撑警报检查] 当前价格: 71085.55, 目标: 70500
2026-04-13T08:45:35: [Alert Engine] [支撑位跌破警报-70500] CHECK_PASSED
2026-04-13T08:48:15: [Alert Engine] [情绪极端警报] CHECK_START
2026-04-13T08:48:16: [情绪警报检查] 当前FGI: 12, 极端恐惧阈值: 10, 极度贪婪阈值: 80
2026-04-13T08:48:16: [Alert Engine] [情绪极端警报] CHECK_PASSED
2026-04-13T08:48:17: [Alert Engine] [支撑位跌破警报-70500] CHECK_START
2026-04-13T08:48:20: [支撑警报检查] 当前价格: 71078.16, 目标: 70500
2026-04-13T08:48:20: [Alert Engine] [支撑位跌破警报-70500] CHECK_PASSED
2026-04-13T08:51:00: [Alert Engine] [支撑位跌破警报-70500] CHECK_START
2026-04-13T08:51:02: [支撑警报检查] 当前价格: 71150.48, 目标: 70500
2026-04-13T08:51:02: [Alert Engine] [支撑位跌破警报-70500] CHECK_PASSED
2026-04-13T08:53:46: [Alert Engine] [支撑位跌破警报-70500] CHECK_START
2026-04-13T08:53:48: [支撑警报检查] 当前价格: 71161.6, 目标: 70500
2026-04-13T08:53:48: [Alert Engine] [支撑位跌破警报-70500] CHECK_PASSED
2026-04-13T08:56:29: [Alert Engine] [支撑位跌破警报-70500] CHECK_START
2026-04-13T08:56:32: [支撑警报检查] 当前价格: 71166.44, 目标: 70500
2026-04-13T08:56:32: [Alert Engine] [支撑位跌破警报-70500] CHECK_PASSED
2026-04-13T08:59:14: [Alert Engine] [支撑位跌破警报-70500] CHECK_START
2026-04-13T08:59:13: [支撑警报检查] 当前价格: 71161.99, 目标: 70500
2026-04-13T08:59:13: [Alert Engine] [支撑位跌破警报-70500] CHECK_PASSED
2026-04-13T09:01:57: [Alert Engine] [支撑位跌破警报-70500] CHECK_START
2026-04-13T09:02:01: [支撑警报检查] 当前价格: 71178.97, 目标: 70500
2026-04-13T09:02:01: [Alert Engine] [支撑位跌破警报-70500] CHECK_PASSED
2026-04-13T09:04:40: [Alert Engine] [支撑位跌破警报-70500] CHECK_START
2026-04-13T09:04:42: [支撑警报检查] 当前价格: 71186.07, 目标: 70500
2026-04-13T09:04:42: [Alert Engine] [支撑位跌破警报-70500] CHECK_PASSED
2026-04-13T09:07:25: [Alert Engine] [支撑位跌破警报-70500] CHECK_START
2026-04-13T09:07:27: [支撑警报检查] 当前价格: 71141.98, 目标: 70500
2026-04-13T09:07:27: [Alert Engine] [支撑位跌破警报-70500] CHECK_PASSED
2026-04-13T09:10:08: [Alert Engine] [支撑位跌破警报-70500] CHECK_START
2026-04-13T09:10:10: [支撑警报检查] 当前价格: 71140.7, 目标: 70500
2026-04-13T09:10:10: [Alert Engine] [支撑位跌破警报-70500] CHECK_PASSED
2026-04-13T09:12:54: [Alert Engine] [支撑位跌破警报-70500] CHECK_START
2026-04-13T09:12:55: [支撑警报检查] 当前价格: 71221.22, 目标: 70500
2026-04-13T09:12:55: [Alert Engine] [支撑位跌破警报-70500] CHECK_PASSED
2026-04-13T09:15:34: [Alert Engine] [情绪极端警报] CHECK_START
2026-04-13T09:15:35: [情绪警报检查] 当前FGI: 12, 极端恐惧阈值: 10, 极度贪婪阈值: 80
2026-04-13T09:15:35: [Alert Engine] [情绪极端警报] CHECK_PASSED
2026-04-13T09:15:36: [Alert Engine] [支撑位跌破警报-70500] CHECK_START
2026-04-13T09:15:39: [支撑警报检查] 当前价格: 71139.28, 目标: 70500
2026-04-13T09:15:39: [Alert Engine] [支撑位跌破警报-70500] CHECK_PASSED
2026-04-13T09:18:22: [Alert Engine] [支撑位跌破警报-70500] CHECK_START
2026-04-13T09:18:24: [支撑警报检查] 当前价格: 71121.7, 目标: 70500
2026-04-13T09:18:24: [Alert Engine] [支撑位跌破警报-70500] CHECK_PASSED
2026-04-13T09:21:07: [Alert Engine] [支撑位跌破警报-70500] CHECK_START
2026-04-13T09:21:09: [支撑警报检查] 当前价格: 71139.04, 目标: 70500
2026-04-13T09:21:09: [Alert Engine] [支撑位跌破警报-70500] CHECK_PASSED
2026-04-13T09:23:50: [Alert Engine] [支撑位跌破警报-70500] CHECK_START
2026-04-13T09:23:52: [支撑警报检查] 当前价格: 71095.73, 目标: 70500
2026-04-13T09:23:52: [Alert Engine] [支撑位跌破警报-70500] CHECK_PASSED
2026-04-13T09:26:36: [Alert Engine] [支撑位跌破警报-70500] CHECK_START
2026-04-13T09:26:39: [支撑警报检查] 当前价格: 71107.67, 目标: 70500
2026-04-13T09:26:39: [Alert Engine] [支撑位跌破警报-70500] CHECK_PASSED
2026-04-13T09:29:19: [Alert Engine] [支撑位跌破警报-70500] CHECK_START
2026-04-13T09:29:21: [支撑警报检查] 当前价格: 71173.57, 目标: 70500
2026-04-13T09:29:21: [Alert Engine] [支撑位跌破警报-70500] CHECK_PASSED
2026-04-13T09:32:04: [Alert Engine] [支撑位跌破警报-70500] CHECK_START
2026-04-13T09:32:09: [支撑警报检查] 当前价格: 71073.23, 目标: 70500
2026-04-13T09:32:09: [Alert Engine] [支撑位跌破警报-70500] CHECK_PASSED
2026-04-13T09:34:47: [Alert Engine] [支撑位跌破警报-70500] CHECK_START
2026-04-13T09:34:50: [支撑警报检查] 当前价格: 71152.27, 目标: 70500
2026-04-13T09:34:50: [Alert Engine] [支撑位跌破警报-70500] CHECK_PASSED
2026-04-13T09:37:33: [Alert Engine] [支撑位跌破警报-70500] CHECK_START
2026-04-13T09:37:34: [支撑警报检查] 当前价格: 71150.78, 目标: 70500
2026-04-13T09:37:34: [Alert Engine] [支撑位跌破警报-70500] CHECK_PASSED
2026-04-13T09:40:16: [Alert Engine] [支撑位跌破警报-70500] CHECK_START
2026-04-13T09:40:18: [支撑警报检查] 当前价格: 71143.42, 目标: 70500
2026-04-13T09:40:18: [Alert Engine] [支撑位跌破警报-70500] CHECK_PASSED
2026-04-13T09:42:59: [Alert Engine] [情绪极端警报] CHECK_START
2026-04-13T09:43:00: [情绪警报检查] 当前FGI: 12, 极端恐惧阈值: 10, 极度贪婪阈值: 80
2026-04-13T09:43:00: [Alert Engine] [情绪极端警报] CHECK_PASSED
2026-04-13T09:43:01: [Alert Engine] [支撑位跌破警报-70500] CHECK_START
2026-04-13T09:43:01: [支撑警报检查] 当前价格: 71134.22, 目标: 70500
2026-04-13T09:43:01: [Alert Engine] [支撑位跌破警报-70500] CHECK_PASSED
2026-04-13T09:45:44: [Alert Engine] [支撑位跌破警报-70500] CHECK_START
2026-04-13T09:45:47: [支撑警报检查] 当前价格: 71136.13, 目标: 70500
2026-04-13T09:45:47: [Alert Engine] [支撑位跌破警报-70500] CHECK_PASSED
2026-04-13T09:48:27: [Alert Engine] [支撑位跌破警报-70500] CHECK_START
2026-04-13T09:48:30: [支撑警报检查] 当前价格: 71185.12, 目标: 70500
2026-04-13T09:48:30: [Alert Engine] [支撑位跌破警报-70500] CHECK_PASSED
2026-04-13T09:51:13: [Alert Engine] [支撑位跌破警报-70500] CHECK_START
2026-04-13T09:51:14: [支撑警报检查] 当前价格: 71174.83, 目标: 70500
2026-04-13T09:51:14: [Alert Engine] [支撑位跌破警报-70500] CHECK_PASSED
2026-04-13T09:53:55: [Alert Engine] [支撑位跌破警报-70500] CHECK_START
2026-04-13T09:53:57: [支撑警报检查] 当前价格: 71192.82, 目标: 70500
2026-04-13T09:53:57: [Alert Engine] [支撑位跌破警报-70500] CHECK_PASSED
2026-04-13T09:56:41: [Alert Engine] [支撑位跌破警报-70500] CHECK_START
2026-04-13T09:56:44: [支撑警报检查] 当前价格: 71168.06, 目标: 70500
2026-04-13T09:56:44: [Alert Engine] [支撑位跌破警报-70500] CHECK_PASSED
2026-04-13T09:59:23: [Alert Engine] [支撑位跌破警报-70500] CHECK_START
2026-04-13T09:59:27: [支撑警报检查] 当前价格: 71210.15, 目标: 70500
2026-04-13T09:59:27: [Alert Engine] [支撑位跌破警报-70500] CHECK_PASSED
2026-04-13T10:02:09: [Alert Engine] [支撑位跌破警报-70500] CHECK_START
2026-04-13T10:02:11: [支撑警报检查] 当前价格: 71231.28, 目标: 70500
2026-04-13T10:02:11: [Alert Engine] [支撑位跌破警报-70500] CHECK_PASSED
2026-04-13T10:04:52: [Alert Engine] [支撑位跌破警报-70500] CHECK_START
2026-04-13T10:04:53: [支撑警报检查] 当前价格: 71180.07, 目标: 70500
2026-04-13T10:04:53: [Alert Engine] [支撑位跌破警报-70500] CHECK_PASSED
2026-04-13T10:07:37: [Alert Engine] [支撑位跌破警报-70500] CHECK_START
2026-04-13T10:07:42: [支撑警报检查] 当前价格: 71147.2, 目标: 70500
2026-04-13T10:07:42: [Alert Engine] [支撑位跌破警报-70500] CHECK_PASSED
2026-04-13T10:10:17: [Alert Engine] [情绪极端警报] CHECK_START
2026-04-13T10:10:18: [情绪警报检查] 当前FGI: 12, 极端恐惧阈值: 10, 极度贪婪阈值: 80
2026-04-13T10:10:18: [Alert Engine] [情绪极端警报] CHECK_PASSED
2026-04-13T10:10:20: [Alert Engine] [支撑位跌破警报-70500] CHECK_START
2026-04-13T10:10:25: [支撑警报检查] 当前价格: 71142.94, 目标: 70500
2026-04-13T10:10:25: [Alert Engine] [支撑位跌破警报-70500] CHECK_PASSED
2026-04-13T10:13:05: [Alert Engine] [支撑位跌破警报-70500] CHECK_START
2026-04-13T10:13:07: [支撑警报检查] 当前价格: 71045.22, 目标: 70500
2026-04-13T10:13:07: [Alert Engine] [支撑位跌破警报-70500] CHECK_PASSED
2026-04-13T10:15:48: [Alert Engine] [支撑位跌破警报-70500] CHECK_START
2026-04-13T10:15:52: [支撑警报检查] 当前价格: 71023.92, 目标: 70500
2026-04-13T10:15:52: [Alert Engine] [支撑位跌破警报-70500] CHECK_PASSED
2026-04-13T10:18:33: [Alert Engine] [支撑位跌破警报-70500] CHECK_START
2026-04-13T10:18:35: [支撑警报检查] 当前价格: 71075.83, 目标: 70500
2026-04-13T10:18:35: [Alert Engine] [支撑位跌破警报-70500] CHECK_PASSED
2026-04-13T10:21:16: [Alert Engine] [支撑位跌破警报-70500] CHECK_START
2026-04-13T10:21:18: [支撑警报检查] 当前价格: 71087.77, 目标: 70500
2026-04-13T10:21:18: [Alert Engine] [支撑位跌破警报-70500] CHECK_PASSED
2026-04-13T10:24:01: [Alert Engine] [支撑位跌破警报-70500] CHECK_START
2026-04-13T10:24:01: [支撑警报检查] 当前价格: 71107.39, 目标: 70500
2026-04-13T10:24:01: [Alert Engine] [支撑位跌破警报-70500] CHECK_PASSED
2026-04-13T10:26:44: [Alert Engine] [支撑位跌破警报-70500] CHECK_START
2026-04-13T10:26:45: [支撑警报检查] 当前价格: 71237.11, 目标: 70500
2026-04-13T10:26:45: [Alert Engine] [支撑位跌破警报-70500] CHECK_PASSED
2026-04-13T10:29:26: [Alert Engine] [支撑位跌破警报-70500] CHECK_START
2026-04-13T10:29:27: [支撑警报检查] 当前价格: 71212.74, 目标: 70500
2026-04-13T10:29:27: [Alert Engine] [支撑位跌破警报-70500] CHECK_PASSED
2026-04-13T10:32:11: [Alert Engine] [支撑位跌破警报-70500] CHECK_START
2026-04-13T10:32:13: [支撑警报检查] 当前价格: 71252.48, 目标: 70500
2026-04-13T10:32:13: [Alert Engine] [支撑位跌破警报-70500] CHECK_PASSED
2026-04-13T10:34:54: [Alert Engine] [支撑位跌破警报-70500] CHECK_START
2026-04-13T10:34:56: [支撑警报检查] 当前价格: 71226.04, 目标: 70500
2026-04-13T10:34:56: [Alert Engine] [支撑位跌破警报-70500] CHECK_PASSED
2026-04-13T10:37:36: [Alert Engine] [情绪极端警报] CHECK_START
2026-04-13T10:37:38: [情绪警报检查] 当前FGI: 12, 极端恐惧阈值: 10, 极度贪婪阈值: 80
2026-04-13T10:37:38: [Alert Engine] [情绪极端警报] CHECK_PASSED
2026-04-13T10:37:39: [Alert Engine] [支撑位跌破警报-70500] CHECK_START
2026-04-13T10:37:44: [支撑警报检查] 当前价格: 71138.86, 目标: 70500
2026-04-13T10:37:44: [Alert Engine] [支撑位跌破警报-70500] CHECK_PASSED
2026-04-13T10:40:22: [Alert Engine] [支撑位跌破警报-70500] CHECK_START
2026-04-13T10:40:25: [支撑警报检查] 当前价格: 71066.12, 目标: 70500
2026-04-13T10:40:25: [Alert Engine] [支撑位跌破警报-70500] CHECK_PASSED
2026-04-13T10:43:07: [Alert Engine] [支撑位跌破警报-70500] CHECK_START
2026-04-13T10:43:08: [支撑警报检查] 当前价格: 71090.93, 目标: 70500
2026-04-13T10:43:08: [Alert Engine] [支撑位跌破警报-70500] CHECK_PASSED
2026-04-13T10:45:49: [Alert Engine] [支撑位跌破警报-70500] CHECK_START
2026-04-13T10:45:56: [支撑警报检查] 当前价格: 71082.11, 目标: 70500
2026-04-13T10:45:56: [Alert Engine] [支撑位跌破警报-70500] CHECK_PASSED
2026-04-13T10:48:35: [Alert Engine] [支撑位跌破警报-70500] CHECK_START
2026-04-13T10:48:36: [支撑警报检查] 当前价格: 71065.11, 目标: 70500
2026-04-13T10:48:36: [Alert Engine] [支撑位跌破警报-70500] CHECK_PASSED
2026-04-13T10:51:17: [Alert Engine] [支撑位跌破警报-70500] CHECK_START
2026-04-13T10:51:19: [支撑警报检查] 当前价格: 71064.47, 目标: 70500
2026-04-13T10:51:19: [Alert Engine] [支撑位跌破警报-70500] CHECK_PASSED
2026-04-13T10:54:02: [Alert Engine] [支撑位跌破警报-70500] CHECK_START
2026-04-13T10:54:04: [支撑警报检查] 当前价格: 71050.09, 目标: 70500
2026-04-13T10:54:04: [Alert Engine] [支撑位跌破警报-70500] CHECK_PASSED
2026-04-13T10:56:44: [Alert Engine] [支撑位跌破警报-70500] CHECK_START
2026-04-13T10:56:48: [支撑警报检查] 当前价格: 71088.17, 目标: 70500
2026-04-13T10:56:48: [Alert Engine] [支撑位跌破警报-70500] CHECK_PASSED
2026-04-13T10:59:30: [Alert Engine] [支撑位跌破警报-70500] CHECK_START
2026-04-13T10:59:32: [支撑警报检查] 当前价格: 71073.34, 目标: 70500
2026-04-13T10:59:32: [Alert Engine] [支撑位跌破警报-70500] CHECK_PASSED
2026-04-13T11:02:12: [Alert Engine] [支撑位跌破警报-70500] CHECK_START
2026-04-13T11:02:14: [支撑警报检查] 当前价格: 71021.97, 目标: 70500
2026-04-13T11:02:14: [Alert Engine] [支撑位跌破警报-70500] CHECK_PASSED
2026-04-13T11:04:54: [Alert Engine] [情绪极端警报] CHECK_START
2026-04-13T11:04:55: [情绪警报检查] 当前FGI: 12, 极端恐惧阈值: 10, 极度贪婪阈值: 80
2026-04-13T11:04:55: [Alert Engine] [情绪极端警报] CHECK_PASSED
2026-04-13T11:04:57: [Alert Engine] [支撑位跌破警报-70500] CHECK_START
2026-04-13T11:05:00: [支撑警报检查] 当前价格: 71070.21, 目标: 70500
2026-04-13T11:05:00: [Alert Engine] [支撑位跌破警报-70500] CHECK_PASSED
2026-04-13T11:07:40: [Alert Engine] [支撑位跌破警报-70500] CHECK_START
2026-04-13T11:07:41: [支撑警报检查] 当前价格: 71094.16, 目标: 70500
2026-04-13T11:07:41: [Alert Engine] [支撑位跌破警报-70500] CHECK_PASSED
2026-04-13T11:10:25: [Alert Engine] [支撑位跌破警报-70500] CHECK_START
2026-04-13T11:10:25: [支撑警报检查] 当前价格: 71069.61, 目标: 70500
2026-04-13T11:10:25: [Alert Engine] [支撑位跌破警报-70500] CHECK_PASSED
2026-04-13T11:13:07: [Alert Engine] [支撑位跌破警报-70500] CHECK_START
2026-04-13T11:13:08: [支撑警报检查] 当前价格: 71075.78, 目标: 70500
2026-04-13T11:13:08: [Alert Engine] [支撑位跌破警报-70500] CHECK_PASSED
2026-04-13T11:15:53: [Alert Engine] [支撑位跌破警报-70500] CHECK_START
2026-04-13T11:15:51: [支撑警报检查] 当前价格: 71048.38, 目标: 70500
2026-04-13T11:15:51: [Alert Engine] [支撑位跌破警报-70500] CHECK_PASSED
2026-04-13T11:18:35: [Alert Engine] [支撑位跌破警报-70500] CHECK_START
2026-04-13T11:18:37: [支撑警报检查] 当前价格: 71129.43, 目标: 70500
2026-04-13T11:18:37: [Alert Engine] [支撑位跌破警报-70500] CHECK_PASSED
2026-04-13T11:21:17: [Alert Engine] [支撑位跌破警报-70500] CHECK_START
2026-04-13T11:21:18: [支撑警报检查] 当前价格: 71099.18, 目标: 70500
2026-04-13T11:21:18: [Alert Engine] [支撑位跌破警报-70500] CHECK_PASSED
2026-04-13T11:24:02: [Alert Engine] [支撑位跌破警报-70500] CHECK_START
2026-04-13T11:24:04: [支撑警报检查] 当前价格: 71028.01, 目标: 70500
2026-04-13T11:24:04: [Alert Engine] [支撑位跌破警报-70500] CHECK_PASSED
2026-04-13T11:26:45: [Alert Engine] [支撑位跌破警报-70500] CHECK_START
2026-04-13T11:26:46: [支撑警报检查] 当前价格: 71025.1, 目标: 70500
2026-04-13T11:26:46: [Alert Engine] [支撑位跌破警报-70500] CHECK_PASSED
2026-04-13T11:29:30: [Alert Engine] [支撑位跌破警报-70500] CHECK_START
2026-04-13T11:29:33: [支撑警报检查] 当前价格: 71073.65, 目标: 70500
2026-04-13T11:29:33: [Alert Engine] [支撑位跌破警报-70500] CHECK_PASSED
2026-04-13T11:32:09: [Alert Engine] [情绪极端警报] CHECK_START
2026-04-13T11:32:12: [情绪警报检查] 当前FGI: 12, 极端恐惧阈值: 10, 极度贪婪阈值: 80
2026-04-13T11:32:12: [Alert Engine] [情绪极端警报] CHECK_PASSED
2026-04-13T11:32:12: [Alert Engine] [支撑位跌破警报-70500] CHECK_START
2026-04-13T11:32:14: [支撑警报检查] 当前价格: 71066.44, 目标: 70500
2026-04-13T11:32:14: [Alert Engine] [支撑位跌破警报-70500] CHECK_PASSED
2026-04-13T11:34:58: [Alert Engine] [支撑位跌破警报-70500] CHECK_START
2026-04-13T11:34:59: [支撑警报检查] 当前价格: 71044.47, 目标: 70500
2026-04-13T11:34:59: [Alert Engine] [支撑位跌破警报-70500] CHECK_PASSED
2026-04-13T11:37:40: [Alert Engine] [支撑位跌破警报-70500] CHECK_START
2026-04-13T11:37:41: [支撑警报检查] 当前价格: 70985.63, 目标: 70500
2026-04-13T11:37:41: [Alert Engine] [支撑位跌破警报-70500] CHECK_PASSED
2026-04-13T11:40:25: [Alert Engine] [支撑位跌破警报-70500] CHECK_START
2026-04-13T11:40:28: [支撑警报检查] 当前价格: 71001.77, 目标: 70500
2026-04-13T11:40:28: [Alert Engine] [支撑位跌破警报-70500] CHECK_PASSED
2026-04-13T11:43:08: [Alert Engine] [支撑位跌破警报-70500] CHECK_START
2026-04-13T11:43:11: [支撑警报检查] 当前价格: 70991.03, 目标: 70500
2026-04-13T11:43:11: [Alert Engine] [支撑位跌破警报-70500] CHECK_PASSED
2026-04-13T11:45:53: [Alert Engine] [支撑位跌破警报-70500] CHECK_START
2026-04-13T11:45:57: [支撑警报检查] 当前价格: 70980.99, 目标: 70500
2026-04-13T11:45:57: [Alert Engine] [支撑位跌破警报-70500] CHECK_PASSED
2026-04-13T11:48:35: [Alert Engine] [支撑位跌破警报-70500] CHECK_START
2026-04-13T11:48:37: [支撑警报检查] 当前价格: 70960.96, 目标: 70500
2026-04-13T11:48:37: [Alert Engine] [支撑位跌破警报-70500] CHECK_PASSED
2026-04-13T11:51:20: [Alert Engine] [支撑位跌破警报-70500] CHECK_START
2026-04-13T11:51:24: [支撑警报检查] 当前价格: 70982.32, 目标: 70500
2026-04-13T11:51:24: [Alert Engine] [支撑位跌破警报-70500] CHECK_PASSED
2026-04-13T11:54:03: [Alert Engine] [支撑位跌破警报-70500] CHECK_START
2026-04-13T11:54:04: [支撑警报检查] 当前价格: 70993.91, 目标: 70500
2026-04-13T11:54:04: [Alert Engine] [支撑位跌破警报-70500] CHECK_PASSED
2026-04-13T11:56:48: [Alert Engine] [支撑位跌破警报-70500] CHECK_START
2026-04-13T11:56:50: [支撑警报检查] 当前价格: 70999.07, 目标: 70500
2026-04-13T11:56:50: [Alert Engine] [支撑位跌破警报-70500] CHECK_PASSED
2026-04-13T11:59:27: [Alert Engine] [情绪极端警报] CHECK_START
2026-04-13T11:59:28: [情绪警报检查] 当前FGI: 12, 极端恐惧阈值: 10, 极度贪婪阈值: 80
2026-04-13T11:59:28: [Alert Engine] [情绪极端警报] CHECK_PASSED
2026-04-13T11:59:30: [Alert Engine] [支撑位跌破警报-70500] CHECK_START
2026-04-13T11:59:32: [支撑警报检查] 当前价格: 71012.76, 目标: 70500
2026-04-13T11:59:32: [Alert Engine] [支撑位跌破警报-70500] CHECK_PASSED
2026-04-13T12:02:15: [Alert Engine] [支撑位跌破警报-70500] CHECK_START
2026-04-13T12:02:13: [支撑警报检查] 当前价格: 71003.71, 目标: 70500
2026-04-13T12:02:13: [Alert Engine] [支撑位跌破警报-70500] CHECK_PASSED
2026-04-13T12:04:57: [Alert Engine] [支撑位跌破警报-70500] CHECK_START
2026-04-13T12:05:00: [支撑警报检查] 当前价格: 70991.08, 目标: 70500
2026-04-13T12:05:00: [Alert Engine] [支撑位跌破警报-70500] CHECK_PASSED
2026-04-13T12:06:52: [Alert Engine] [情绪极端警报] 检测到规则文件已不存在
2026-04-13T12:06:52: [Alert Engine] [情绪极端警报] RULE_UNLOADED
2026-04-13T12:06:52: [Alert Engine] Unloaded rule "情绪极端警报" (file_removed)
2026-04-13T12:06:52: [Alert Engine] [阻力位突破警报-71500] TIMER_STARTED
2026-04-13T12:06:52: [Alert Engine] Starting timer for rule "阻力位突破警报-71500" (interval: 180000ms)
2026-04-13T12:06:52: [Alert Engine] [阻力位突破警报-71500] CHECK_START
2026-04-13T12:06:52: [Alert Engine] [Engine] 热加载新规则
2026-04-13T12:06:52: [Alert Engine] Hot-loaded new rule: 阻力位突破警报-71500
2026-04-13T12:06:52: [Alert Engine] [阻力位突破警报-72000（心理关口）] TIMER_STARTED
2026-04-13T12:06:52: [Alert Engine] Starting timer for rule "阻力位突破警报-72000（心理关口）" (interval: 180000ms)
2026-04-13T12:06:52: [Alert Engine] [阻力位突破警报-72000（心理关口）] CHECK_START
2026-04-13T12:06:52: [Alert Engine] [Engine] 热加载新规则
2026-04-13T12:06:52: [Alert Engine] Hot-loaded new rule: 阻力位突破警报-72000（心理关口）
2026-04-13T12:06:54: [阻力警报检查] 当前价格: 70971.52, 目标: 72000
2026-04-13T12:06:54: [Alert Engine] [阻力位突破警报-72000（心理关口）] CHECK_PASSED
2026-04-13T12:06:54: [Alert Engine] [Engine] 引擎关闭 (SIGINT)
2026-04-13T12:06:54: 
2026-04-13T12:06:54: [Alert Engine] Shutting down...
2026-04-13T12:06:54: [Alert Engine] Stopped timer for 2026-04-12-support-70500.js
2026-04-13T12:06:54: [Alert Engine] Stopped timer for 2026-04-13-resistance-71500.js
2026-04-13T12:06:54: [Alert Engine] Stopped timer for 2026-04-13-resistance-72000.js
2026-04-13T12:06:55: [Alert Engine] [Engine] 引擎启动
2026-04-13T12:06:55: [Alert Engine] Starting...
2026-04-13T12:06:55: [Alert Engine] Rules directory: /home/administrator/.openclaw/july-btc-analyzer/skills/btc-alert/rules
2026-04-13T12:06:55: [Alert Engine] Archive directory: /home/administrator/.openclaw/july-btc-analyzer/skills/btc-alert/rules-archive
2026-04-13T12:06:55: [Alert Engine] Log file: /home/administrator/.openclaw/july-btc-analyzer/logs/alert-engine.log
2026-04-13T12:06:55: [Alert Engine] Loaded rule: 支撑位跌破警报-70500（期权最大痛点） (interval: 180000ms)
2026-04-13T12:06:55: [Alert Engine] Loaded rule: 阻力位突破警报-71500 (interval: 180000ms)
2026-04-13T12:06:55: [Alert Engine] Loaded rule: 阻力位突破警报-72000（心理关口） (interval: 180000ms)
2026-04-13T12:06:55: [Alert Engine] [支撑位跌破警报-70500（期权最大痛点）] TIMER_STARTED
2026-04-13T12:06:55: [Alert Engine] Starting timer for rule "支撑位跌破警报-70500（期权最大痛点）" (interval: 180000ms)
2026-04-13T12:06:55: [Alert Engine] [支撑位跌破警报-70500（期权最大痛点）] CHECK_START
2026-04-13T12:06:55: [Alert Engine] [阻力位突破警报-71500] TIMER_STARTED
2026-04-13T12:06:55: [Alert Engine] Starting timer for rule "阻力位突破警报-71500" (interval: 180000ms)
2026-04-13T12:06:55: [Alert Engine] [阻力位突破警报-71500] CHECK_START
2026-04-13T12:06:55: [Alert Engine] [阻力位突破警报-72000（心理关口）] TIMER_STARTED
2026-04-13T12:06:55: [Alert Engine] Starting timer for rule "阻力位突破警报-72000（心理关口）" (interval: 180000ms)
2026-04-13T12:06:55: [Alert Engine] [阻力位突破警报-72000（心理关口）] CHECK_START
2026-04-13T12:06:55: [Alert Engine] [Engine] 规则加载完成
2026-04-13T12:06:55: [Alert Engine] Started 3 rule(s)
2026-04-13T12:06:55: [Alert Engine] Started file scanner (interval: 60s)
2026-04-13T12:06:56: [Alert Engine] [阻力位突破警报-71500] 规则执行失败
2026-04-13T12:06:56: [阻力警报检查] 当前价格: 70973.45, 目标: 72000
2026-04-13T12:06:56: [Alert Engine] [阻力位突破警报-72000（心理关口）] CHECK_PASSED
2026-04-13T12:06:56: [支撑警报检查] 当前价格: 70975.19, 目标: 70500
2026-04-13T12:06:56: [Alert Engine] [支撑位跌破警报-70500（期权最大痛点）] CHECK_PASSED
2026-04-13T12:08:43: [Alert Engine] [阻力位突破警报-71500] 检测到规则文件已不存在
2026-04-13T12:08:43: [Alert Engine] [阻力位突破警报-71500] RULE_UNLOADED
2026-04-13T12:08:43: [Alert Engine] Unloaded rule "阻力位突破警报-71500" (file_removed)
2026-04-13T12:08:43: [Alert Engine] [阻力位突破警报-72000（心理关口）] 检测到规则文件已不存在
2026-04-13T12:08:43: [Alert Engine] [阻力位突破警报-72000（心理关口）] RULE_UNLOADED
2026-04-13T12:08:43: [Alert Engine] Unloaded rule "阻力位突破警报-72000（心理关口）" (file_removed)
2026-04-13T12:08:44: [Alert Engine] [Engine] 引擎关闭 (SIGINT)
2026-04-13T12:08:44: 
2026-04-13T12:08:44: [Alert Engine] Shutting down...
2026-04-13T12:08:44: [Alert Engine] Stopped timer for 2026-04-12-support-70500.js
2026-04-13T12:08:44: [Alert Engine] [Engine] 引擎启动
2026-04-13T12:08:44: [Alert Engine] Starting...
2026-04-13T12:08:44: [Alert Engine] Rules directory: /home/administrator/.openclaw/july-btc-analyzer/skills/btc-alert/rules
2026-04-13T12:08:44: [Alert Engine] Archive directory: /home/administrator/.openclaw/july-btc-analyzer/skills/btc-alert/rules-archive
2026-04-13T12:08:44: [Alert Engine] Log file: /home/administrator/.openclaw/july-btc-analyzer/logs/alert-engine.log
2026-04-13T12:08:44: [Alert Engine] Loaded rule: 支撑位跌破警报-70500（期权最大痛点） (interval: 180000ms)
2026-04-13T12:08:44: [Alert Engine] Loaded rule: 阻力位突破警报-71500 (interval: 180000ms)
2026-04-13T12:08:44: [Alert Engine] [支撑位跌破警报-70500（期权最大痛点）] TIMER_STARTED
2026-04-13T12:08:44: [Alert Engine] Starting timer for rule "支撑位跌破警报-70500（期权最大痛点）" (interval: 180000ms)
2026-04-13T12:08:44: [Alert Engine] [支撑位跌破警报-70500（期权最大痛点）] CHECK_START
2026-04-13T12:08:44: [Alert Engine] [阻力位突破警报-71500] TIMER_STARTED
2026-04-13T12:08:44: [Alert Engine] Starting timer for rule "阻力位突破警报-71500" (interval: 180000ms)
2026-04-13T12:08:44: [Alert Engine] [阻力位突破警报-71500] CHECK_START
2026-04-13T12:08:44: [Alert Engine] [Engine] 规则加载完成
2026-04-13T12:08:44: [Alert Engine] Started 2 rule(s)
2026-04-13T12:08:44: [Alert Engine] Started file scanner (interval: 60s)
2026-04-13T12:08:45: [阻力警报检查] 当前价格: 70946.68, 目标: 71500
2026-04-13T12:08:45: [Alert Engine] [阻力位突破警报-71500] CHECK_PASSED
2026-04-13T12:08:45: [支撑警报检查] 当前价格: 70940.96, 目标: 70500
2026-04-13T12:08:45: [Alert Engine] [支撑位跌破警报-70500（期权最大痛点）] CHECK_PASSED
2026-04-13T12:09:18: [Alert Engine] [Engine] 引擎关闭 (SIGINT)
2026-04-13T12:09:18: 
2026-04-13T12:09:18: [Alert Engine] Shutting down...
2026-04-13T12:09:18: [Alert Engine] Stopped timer for 2026-04-12-support-70500.js
2026-04-13T12:09:18: [Alert Engine] Stopped timer for 2026-04-13-resistance-71500.js
2026-04-13T12:09:18: [Alert Engine] [Engine] 引擎启动
2026-04-13T12:09:18: [Alert Engine] Starting...
2026-04-13T12:09:18: [Alert Engine] Rules directory: /home/administrator/.openclaw/july-btc-analyzer/skills/btc-alert/rules
2026-04-13T12:09:18: [Alert Engine] Archive directory: /home/administrator/.openclaw/july-btc-analyzer/skills/btc-alert/rules-archive
2026-04-13T12:09:18: [Alert Engine] Log file: /home/administrator/.openclaw/july-btc-analyzer/logs/alert-engine.log
2026-04-13T12:09:18: [Alert Engine] Loaded rule: 支撑位跌破警报-70500（期权最大痛点） (interval: 180000ms)
2026-04-13T12:09:18: [Alert Engine] Loaded rule: 多空比反转警报（多头强势） (interval: 300000ms)
2026-04-13T12:09:18: [Alert Engine] Loaded rule: 阻力位突破警报-71500 (interval: 180000ms)
2026-04-13T12:09:18: [Alert Engine] [支撑位跌破警报-70500（期权最大痛点）] TIMER_STARTED
2026-04-13T12:09:18: [Alert Engine] Starting timer for rule "支撑位跌破警报-70500（期权最大痛点）" (interval: 180000ms)
2026-04-13T12:09:18: [Alert Engine] [支撑位跌破警报-70500（期权最大痛点）] CHECK_START
2026-04-13T12:09:18: [Alert Engine] [多空比反转警报（多头强势）] TIMER_STARTED
2026-04-13T12:09:18: [Alert Engine] Starting timer for rule "多空比反转警报（多头强势）" (interval: 300000ms)
2026-04-13T12:09:18: [Alert Engine] [多空比反转警报（多头强势）] CHECK_START
2026-04-13T12:09:18: [Alert Engine] [阻力位突破警报-71500] TIMER_STARTED
2026-04-13T12:09:18: [Alert Engine] Starting timer for rule "阻力位突破警报-71500" (interval: 180000ms)
2026-04-13T12:09:18: [Alert Engine] [阻力位突破警报-71500] CHECK_START
2026-04-13T12:09:18: [Alert Engine] [Engine] 规则加载完成
2026-04-13T12:09:18: [Alert Engine] Started 3 rule(s)
2026-04-13T12:09:18: [Alert Engine] Started file scanner (interval: 60s)
2026-04-13T12:09:18: [Alert Engine] [多空比反转警报（多头强势）] 规则执行失败
2026-04-13T12:09:19: [阻力警报检查] 当前价格: 70965.33, 目标: 71500
2026-04-13T12:09:19: [Alert Engine] [阻力位突破警报-71500] CHECK_PASSED
2026-04-13T12:09:20: [支撑警报检查] 当前价格: 70964.81, 目标: 70500
2026-04-13T12:09:20: [Alert Engine] [支撑位跌破警报-70500（期权最大痛点）] CHECK_PASSED
2026-04-13T12:10:44: [Alert Engine] [Engine] 引擎关闭 (SIGINT)
2026-04-13T12:10:44: 
2026-04-13T12:10:44: [Alert Engine] Shutting down...
2026-04-13T12:10:44: [Alert Engine] Stopped timer for 2026-04-12-support-70500.js
2026-04-13T12:10:44: [Alert Engine] Stopped timer for 2026-04-13-longshort-ratio.js
2026-04-13T12:10:44: [Alert Engine] Stopped timer for 2026-04-13-resistance-71500.js
2026-04-13T12:10:45: [Alert Engine] [Engine] 引擎启动
2026-04-13T12:10:45: [Alert Engine] Starting...
2026-04-13T12:10:45: [Alert Engine] Rules directory: /home/administrator/.openclaw/july-btc-analyzer/skills/btc-alert/rules
2026-04-13T12:10:45: [Alert Engine] Archive directory: /home/administrator/.openclaw/july-btc-analyzer/skills/btc-alert/rules-archive
2026-04-13T12:10:45: [Alert Engine] Log file: /home/administrator/.openclaw/july-btc-analyzer/logs/alert-engine.log
2026-04-13T12:10:45: [Alert Engine] Loaded rule: 支撑位跌破警报-70500（期权最大痛点） (interval: 180000ms)
2026-04-13T12:10:45: [Alert Engine] Loaded rule: 多空比反转警报（多头强势） (interval: 300000ms)
2026-04-13T12:10:45: [Alert Engine] Loaded rule: 阻力位突破警报-71500 (interval: 180000ms)
2026-04-13T12:10:45: [Alert Engine] [支撑位跌破警报-70500（期权最大痛点）] TIMER_STARTED
2026-04-13T12:10:45: [Alert Engine] Starting timer for rule "支撑位跌破警报-70500（期权最大痛点）" (interval: 180000ms)
2026-04-13T12:10:45: [Alert Engine] [支撑位跌破警报-70500（期权最大痛点）] CHECK_START
2026-04-13T12:10:45: [Alert Engine] [多空比反转警报（多头强势）] TIMER_STARTED
2026-04-13T12:10:45: [Alert Engine] Starting timer for rule "多空比反转警报（多头强势）" (interval: 300000ms)
2026-04-13T12:10:45: [Alert Engine] [多空比反转警报（多头强势）] CHECK_START
2026-04-13T12:10:45: [Alert Engine] [阻力位突破警报-71500] TIMER_STARTED
2026-04-13T12:10:45: [Alert Engine] Starting timer for rule "阻力位突破警报-71500" (interval: 180000ms)
2026-04-13T12:10:45: [Alert Engine] [阻力位突破警报-71500] CHECK_START
2026-04-13T12:10:45: [Alert Engine] [Engine] 规则加载完成
2026-04-13T12:10:45: [Alert Engine] Started 3 rule(s)
2026-04-13T12:10:45: [Alert Engine] Started file scanner (interval: 60s)
2026-04-13T12:10:45: [Alert Engine] [多空比反转警报（多头强势）] 规则执行失败
2026-04-13T12:10:46: [阻力警报检查] 当前价格: 70931.51, 目标: 71500
2026-04-13T12:10:46: [Alert Engine] [阻力位突破警报-71500] CHECK_PASSED
2026-04-13T12:10:47: [支撑警报检查] 当前价格: 70931.66, 目标: 70500
2026-04-13T12:10:47: [Alert Engine] [支撑位跌破警报-70500（期权最大痛点）] CHECK_PASSED
2026-04-13T12:11:19: [Alert Engine] [Engine] 引擎关闭 (SIGINT)
2026-04-13T12:11:19: 
2026-04-13T12:11:19: [Alert Engine] Shutting down...
2026-04-13T12:11:19: [Alert Engine] Stopped timer for 2026-04-12-support-70500.js
2026-04-13T12:11:19: [Alert Engine] Stopped timer for 2026-04-13-longshort-ratio.js
2026-04-13T12:11:19: [Alert Engine] Stopped timer for 2026-04-13-resistance-71500.js
2026-04-13T12:11:19: [Alert Engine] [Engine] 引擎启动
2026-04-13T12:11:19: [Alert Engine] Starting...
2026-04-13T12:11:19: [Alert Engine] Rules directory: /home/administrator/.openclaw/july-btc-analyzer/skills/btc-alert/rules
2026-04-13T12:11:19: [Alert Engine] Archive directory: /home/administrator/.openclaw/july-btc-analyzer/skills/btc-alert/rules-archive
2026-04-13T12:11:19: [Alert Engine] Log file: /home/administrator/.openclaw/july-btc-analyzer/logs/alert-engine.log
2026-04-13T12:11:19: [Alert Engine] Loaded rule: 支撑位跌破警报-70500（期权最大痛点） (interval: 180000ms)
2026-04-13T12:11:19: [Alert Engine] Loaded rule: 多空比反转警报（多头强势） (interval: 300000ms)
2026-04-13T12:11:19: [Alert Engine] Loaded rule: 阻力位突破警报-71500 (interval: 180000ms)
2026-04-13T12:11:19: [Alert Engine] [支撑位跌破警报-70500（期权最大痛点）] TIMER_STARTED
2026-04-13T12:11:19: [Alert Engine] Starting timer for rule "支撑位跌破警报-70500（期权最大痛点）" (interval: 180000ms)
2026-04-13T12:11:19: [Alert Engine] [支撑位跌破警报-70500（期权最大痛点）] CHECK_START
2026-04-13T12:11:19: [Alert Engine] [多空比反转警报（多头强势）] TIMER_STARTED
2026-04-13T12:11:19: [Alert Engine] Starting timer for rule "多空比反转警报（多头强势）" (interval: 300000ms)
2026-04-13T12:11:19: [Alert Engine] [多空比反转警报（多头强势）] CHECK_START
2026-04-13T12:11:21: [多空比警报检查] 当前多空比: 0.00, 目标: 1.2
2026-04-13T12:11:21: [Alert Engine] [阻力位突破警报-71500] TIMER_STARTED
2026-04-13T12:11:21: [Alert Engine] Starting timer for rule "阻力位突破警报-71500" (interval: 180000ms)
2026-04-13T12:11:21: [Alert Engine] [阻力位突破警报-71500] CHECK_START
2026-04-13T12:11:21: [Alert Engine] [Engine] 规则加载完成
2026-04-13T12:11:21: [Alert Engine] Started 3 rule(s)
2026-04-13T12:11:21: [Alert Engine] Started file scanner (interval: 60s)
2026-04-13T12:11:21: [Alert Engine] [多空比反转警报（多头强势）] CHECK_PASSED
2026-04-13T12:11:22: [支撑警报检查] 当前价格: 70946.54, 目标: 70500
2026-04-13T12:11:22: [Alert Engine] [支撑位跌破警报-70500（期权最大痛点）] CHECK_PASSED
2026-04-13T12:11:23: [阻力警报检查] 当前价格: 70946.54, 目标: 71500
2026-04-13T12:11:23: [Alert Engine] [阻力位突破警报-71500] CHECK_PASSED
2026-04-13T12:12:11: [Alert Engine] [Engine] 引擎关闭 (SIGINT)
2026-04-13T12:12:11: 
2026-04-13T12:12:11: [Alert Engine] Shutting down...
2026-04-13T12:12:11: [Alert Engine] Stopped timer for 2026-04-12-support-70500.js
2026-04-13T12:12:11: [Alert Engine] Stopped timer for 2026-04-13-longshort-ratio.js
2026-04-13T12:12:11: [Alert Engine] Stopped timer for 2026-04-13-resistance-71500.js
2026-04-13T12:12:12: [Alert Engine] [Engine] 引擎启动
2026-04-13T12:12:12: [Alert Engine] Starting...
2026-04-13T12:12:12: [Alert Engine] Rules directory: /home/administrator/.openclaw/july-btc-analyzer/skills/btc-alert/rules
2026-04-13T12:12:12: [Alert Engine] Archive directory: /home/administrator/.openclaw/july-btc-analyzer/skills/btc-alert/rules-archive
2026-04-13T12:12:12: [Alert Engine] Log file: /home/administrator/.openclaw/july-btc-analyzer/logs/alert-engine.log
2026-04-13T12:12:12: [Alert Engine] Loaded rule: 支撑位跌破警报-70500（期权最大痛点） (interval: 180000ms)
2026-04-13T12:12:12: [Alert Engine] Loaded rule: 阻力位突破警报-71500 (interval: 180000ms)
2026-04-13T12:12:12: [Alert Engine] [支撑位跌破警报-70500（期权最大痛点）] TIMER_STARTED
2026-04-13T12:12:12: [Alert Engine] Starting timer for rule "支撑位跌破警报-70500（期权最大痛点）" (interval: 180000ms)
2026-04-13T12:12:12: [Alert Engine] [支撑位跌破警报-70500（期权最大痛点）] CHECK_START
2026-04-13T12:12:12: [Alert Engine] [阻力位突破警报-71500] TIMER_STARTED
2026-04-13T12:12:12: [Alert Engine] Starting timer for rule "阻力位突破警报-71500" (interval: 180000ms)
2026-04-13T12:12:12: [Alert Engine] [阻力位突破警报-71500] CHECK_START
2026-04-13T12:12:12: [Alert Engine] [Engine] 规则加载完成
2026-04-13T12:12:12: [Alert Engine] Started 2 rule(s)
2026-04-13T12:12:12: [Alert Engine] Started file scanner (interval: 60s)
2026-04-13T12:12:13: [支撑警报检查] 当前价格: 70951.34, 目标: 70500
2026-04-13T12:12:13: [Alert Engine] [支撑位跌破警报-70500（期权最大痛点）] CHECK_PASSED
2026-04-13T12:12:13: [阻力警报检查] 当前价格: 70949.95, 目标: 71500
2026-04-13T12:12:13: [Alert Engine] [阻力位突破警报-71500] CHECK_PASSED
2026-04-13T12:14:57: [Alert Engine] [支撑位跌破警报-70500（期权最大痛点）] CHECK_START
2026-04-13T12:14:57: [Alert Engine] [阻力位突破警报-71500] CHECK_START
2026-04-13T12:14:58: [支撑警报检查] 当前价格: 70965.84, 目标: 70500
2026-04-13T12:14:58: [Alert Engine] [支撑位跌破警报-70500（期权最大痛点）] CHECK_PASSED
2026-04-13T12:14:59: [阻力警报检查] 当前价格: 70971, 目标: 71500
2026-04-13T12:14:59: [Alert Engine] [阻力位突破警报-71500] CHECK_PASSED
2026-04-13T12:17:39: [Alert Engine] [支撑位跌破警报-70500（期权最大痛点）] CHECK_START
2026-04-13T12:17:39: [Alert Engine] [阻力位突破警报-71500] CHECK_START
2026-04-13T12:17:40: [阻力警报检查] 当前价格: 70938.93, 目标: 71500
2026-04-13T12:17:40: [Alert Engine] [阻力位突破警报-71500] CHECK_PASSED
2026-04-13T12:17:40: [支撑警报检查] 当前价格: 70939.43, 目标: 70500
2026-04-13T12:17:40: [Alert Engine] [支撑位跌破警报-70500（期权最大痛点）] CHECK_PASSED
2026-04-13T12:20:24: [Alert Engine] [支撑位跌破警报-70500（期权最大痛点）] CHECK_START
2026-04-13T12:20:24: [Alert Engine] [阻力位突破警报-71500] CHECK_START
2026-04-13T12:20:26: [阻力警报检查] 当前价格: 70980.91, 目标: 71500
2026-04-13T12:20:26: [Alert Engine] [阻力位突破警报-71500] CHECK_PASSED
2026-04-13T12:20:27: [支撑警报检查] 当前价格: 70981.03, 目标: 70500
2026-04-13T12:20:28: [Alert Engine] [支撑位跌破警报-70500（期权最大痛点）] CHECK_PASSED
2026-04-13T12:23:06: [Alert Engine] [支撑位跌破警报-70500（期权最大痛点）] CHECK_START
2026-04-13T12:23:06: [Alert Engine] [阻力位突破警报-71500] CHECK_START
2026-04-13T12:23:09: [支撑警报检查] 当前价格: 70974.61, 目标: 70500
2026-04-13T12:23:09: [Alert Engine] [支撑位跌破警报-70500（期权最大痛点）] CHECK_PASSED
2026-04-13T12:23:09: [阻力警报检查] 当前价格: 70980.61, 目标: 71500
2026-04-13T12:23:09: [Alert Engine] [阻力位突破警报-71500] CHECK_PASSED
2026-04-13T12:25:52: [Alert Engine] [支撑位跌破警报-70500（期权最大痛点）] CHECK_START
2026-04-13T12:25:52: [Alert Engine] [阻力位突破警报-71500] CHECK_START
2026-04-13T12:25:53: [阻力警报检查] 当前价格: 70987.24, 目标: 71500
2026-04-13T12:25:53: [Alert Engine] [阻力位突破警报-71500] CHECK_PASSED
2026-04-13T12:25:56: [支撑警报检查] 当前价格: 70990.22, 目标: 70500
2026-04-13T12:25:56: [Alert Engine] [支撑位跌破警报-70500（期权最大痛点）] CHECK_PASSED
2026-04-13T12:28:34: [Alert Engine] [支撑位跌破警报-70500（期权最大痛点）] CHECK_START
2026-04-13T12:28:34: [Alert Engine] [阻力位突破警报-71500] CHECK_START
2026-04-13T12:28:35: [阻力警报检查] 当前价格: 71046.62, 目标: 71500
2026-04-13T12:28:35: [Alert Engine] [阻力位突破警报-71500] CHECK_PASSED
2026-04-13T12:28:35: [支撑警报检查] 当前价格: 71048.2, 目标: 70500
2026-04-13T12:28:35: [Alert Engine] [支撑位跌破警报-70500（期权最大痛点）] CHECK_PASSED
2026-04-13T12:31:19: [Alert Engine] [支撑位跌破警报-70500（期权最大痛点）] CHECK_START
2026-04-13T12:31:19: [Alert Engine] [阻力位突破警报-71500] CHECK_START
2026-04-13T12:31:21: [支撑警报检查] 当前价格: 71067.77, 目标: 70500
2026-04-13T12:31:21: [Alert Engine] [支撑位跌破警报-70500（期权最大痛点）] CHECK_PASSED
2026-04-13T12:31:22: [阻力警报检查] 当前价格: 71065.62, 目标: 71500
2026-04-13T12:31:22: [Alert Engine] [阻力位突破警报-71500] CHECK_PASSED
2026-04-13T12:34:01: [Alert Engine] [支撑位跌破警报-70500（期权最大痛点）] CHECK_START
2026-04-13T12:34:01: [Alert Engine] [阻力位突破警报-71500] CHECK_START
2026-04-13T12:34:03: [支撑警报检查] 当前价格: 71106.07, 目标: 70500
2026-04-13T12:34:03: [Alert Engine] [支撑位跌破警报-70500（期权最大痛点）] CHECK_PASSED
2026-04-13T12:34:03: [阻力警报检查] 当前价格: 71099.66, 目标: 71500
2026-04-13T12:34:03: [Alert Engine] [阻力位突破警报-71500] CHECK_PASSED
2026-04-13T12:36:45: [Alert Engine] [支撑位跌破警报-70500（期权最大痛点）] CHECK_START
2026-04-13T12:36:45: [Alert Engine] [阻力位突破警报-71500] CHECK_START
2026-04-13T12:36:47: [阻力警报检查] 当前价格: 71111.94, 目标: 71500
2026-04-13T12:36:47: [Alert Engine] [阻力位突破警报-71500] CHECK_PASSED
2026-04-13T12:36:47: [支撑警报检查] 当前价格: 71111.26, 目标: 70500
2026-04-13T12:36:47: [Alert Engine] [支撑位跌破警报-70500（期权最大痛点）] CHECK_PASSED
2026-04-13T12:39:30: [Alert Engine] [支撑位跌破警报-70500（期权最大痛点）] CHECK_START
2026-04-13T12:39:30: [Alert Engine] [阻力位突破警报-71500] CHECK_START
2026-04-13T12:39:32: [支撑警报检查] 当前价格: 71082.79, 目标: 70500
2026-04-13T12:39:32: [Alert Engine] [支撑位跌破警报-70500（期权最大痛点）] CHECK_PASSED
2026-04-13T12:39:33: [阻力警报检查] 当前价格: 71082.78, 目标: 71500
2026-04-13T12:39:33: [Alert Engine] [阻力位突破警报-71500] CHECK_PASSED
2026-04-13T12:42:12: [Alert Engine] [支撑位跌破警报-70500（期权最大痛点）] CHECK_START
2026-04-13T12:42:12: [Alert Engine] [阻力位突破警报-71500] CHECK_START
2026-04-13T12:42:14: [支撑警报检查] 当前价格: 71122.55, 目标: 70500
2026-04-13T12:42:14: [Alert Engine] [支撑位跌破警报-70500（期权最大痛点）] CHECK_PASSED
2026-04-13T12:42:14: [阻力警报检查] 当前价格: 71119.89, 目标: 71500
2026-04-13T12:42:14: [Alert Engine] [阻力位突破警报-71500] CHECK_PASSED
2026-04-13T12:44:57: [Alert Engine] [支撑位跌破警报-70500（期权最大痛点）] CHECK_START
2026-04-13T12:44:57: [Alert Engine] [阻力位突破警报-71500] CHECK_START
2026-04-13T12:44:59: [支撑警报检查] 当前价格: 71049.31, 目标: 70500
2026-04-13T12:44:59: [Alert Engine] [支撑位跌破警报-70500（期权最大痛点）] CHECK_PASSED
2026-04-13T12:44:59: [阻力警报检查] 当前价格: 71043.81, 目标: 71500
2026-04-13T12:44:59: [Alert Engine] [阻力位突破警报-71500] CHECK_PASSED
2026-04-13T12:47:40: [Alert Engine] [支撑位跌破警报-70500（期权最大痛点）] CHECK_START
2026-04-13T12:47:40: [Alert Engine] [阻力位突破警报-71500] CHECK_START
2026-04-13T12:47:41: [支撑警报检查] 当前价格: 71004.74, 目标: 70500
2026-04-13T12:47:41: [Alert Engine] [支撑位跌破警报-70500（期权最大痛点）] CHECK_PASSED
2026-04-13T12:47:41: [阻力警报检查] 当前价格: 71004.73, 目标: 71500
2026-04-13T12:47:41: [Alert Engine] [阻力位突破警报-71500] CHECK_PASSED
2026-04-13T12:50:25: [Alert Engine] [支撑位跌破警报-70500（期权最大痛点）] CHECK_START
2026-04-13T12:50:25: [Alert Engine] [阻力位突破警报-71500] CHECK_START
2026-04-13T12:50:27: [支撑警报检查] 当前价格: 70967.07, 目标: 70500
2026-04-13T12:50:27: [Alert Engine] [支撑位跌破警报-70500（期权最大痛点）] CHECK_PASSED
2026-04-13T12:50:27: [阻力警报检查] 当前价格: 70972.6, 目标: 71500
2026-04-13T12:50:27: [Alert Engine] [阻力位突破警报-71500] CHECK_PASSED
2026-04-13T12:53:07: [Alert Engine] [支撑位跌破警报-70500（期权最大痛点）] CHECK_START
2026-04-13T12:53:07: [Alert Engine] [阻力位突破警报-71500] CHECK_START
2026-04-13T12:53:09: [支撑警报检查] 当前价格: 70892.42, 目标: 70500
2026-04-13T12:53:09: [Alert Engine] [支撑位跌破警报-70500（期权最大痛点）] CHECK_PASSED
2026-04-13T12:53:12: [阻力警报检查] 当前价格: 70890.8, 目标: 71500
2026-04-13T12:53:12: [Alert Engine] [阻力位突破警报-71500] CHECK_PASSED
2026-04-13T12:55:52: [Alert Engine] [支撑位跌破警报-70500（期权最大痛点）] CHECK_START
2026-04-13T12:55:52: [Alert Engine] [阻力位突破警报-71500] CHECK_START
2026-04-13T12:55:53: [阻力警报检查] 当前价格: 70952.74, 目标: 71500
2026-04-13T12:55:53: [Alert Engine] [阻力位突破警报-71500] CHECK_PASSED
2026-04-13T12:55:54: [支撑警报检查] 当前价格: 70954.97, 目标: 70500
2026-04-13T12:55:54: [Alert Engine] [支撑位跌破警报-70500（期权最大痛点）] CHECK_PASSED
2026-04-13T12:58:35: [Alert Engine] [支撑位跌破警报-70500（期权最大痛点）] CHECK_START
2026-04-13T12:58:35: [Alert Engine] [阻力位突破警报-71500] CHECK_START
2026-04-13T12:58:36: [阻力警报检查] 当前价格: 70946.52, 目标: 71500
2026-04-13T12:58:36: [Alert Engine] [阻力位突破警报-71500] CHECK_PASSED
2026-04-13T12:58:36: [支撑警报检查] 当前价格: 70944, 目标: 70500
2026-04-13T12:58:36: [Alert Engine] [支撑位跌破警报-70500（期权最大痛点）] CHECK_PASSED
2026-04-13T13:01:20: [Alert Engine] [支撑位跌破警报-70500（期权最大痛点）] CHECK_START
2026-04-13T13:01:20: [Alert Engine] [阻力位突破警报-71500] CHECK_START
2026-04-13T13:01:21: [阻力警报检查] 当前价格: 70900.26, 目标: 71500
2026-04-13T13:01:21: [Alert Engine] [阻力位突破警报-71500] CHECK_PASSED
2026-04-13T13:01:21: [支撑警报检查] 当前价格: 70900.26, 目标: 70500
2026-04-13T13:01:21: [Alert Engine] [支撑位跌破警报-70500（期权最大痛点）] CHECK_PASSED
2026-04-13T13:04:02: [Alert Engine] [支撑位跌破警报-70500（期权最大痛点）] CHECK_START
2026-04-13T13:04:02: [Alert Engine] [阻力位突破警报-71500] CHECK_START
2026-04-13T13:04:05: [阻力警报检查] 当前价格: 70919.16, 目标: 71500
2026-04-13T13:04:05: [Alert Engine] [阻力位突破警报-71500] CHECK_PASSED
2026-04-13T13:04:06: [支撑警报检查] 当前价格: 70919.16, 目标: 70500
2026-04-13T13:04:06: [Alert Engine] [支撑位跌破警报-70500（期权最大痛点）] CHECK_PASSED
2026-04-13T13:06:47: [Alert Engine] [支撑位跌破警报-70500（期权最大痛点）] CHECK_START
2026-04-13T13:06:47: [Alert Engine] [阻力位突破警报-71500] CHECK_START
2026-04-13T13:06:52: [支撑警报检查] 当前价格: 70873.17, 目标: 70500
2026-04-13T13:06:52: [Alert Engine] [支撑位跌破警报-70500（期权最大痛点）] CHECK_PASSED
2026-04-13T13:06:52: [阻力警报检查] 当前价格: 70873.17, 目标: 71500
2026-04-13T13:06:52: [Alert Engine] [阻力位突破警报-71500] CHECK_PASSED
2026-04-13T13:09:29: [Alert Engine] [支撑位跌破警报-70500（期权最大痛点）] CHECK_START
2026-04-13T13:09:29: [Alert Engine] [阻力位突破警报-71500] CHECK_START
2026-04-13T13:09:31: [阻力警报检查] 当前价格: 70870.94, 目标: 71500
2026-04-13T13:09:31: [Alert Engine] [阻力位突破警报-71500] CHECK_PASSED
2026-04-13T13:09:32: [支撑警报检查] 当前价格: 70862.56, 目标: 70500
2026-04-13T13:09:32: [Alert Engine] [支撑位跌破警报-70500（期权最大痛点）] CHECK_PASSED
2026-04-13T13:12:15: [Alert Engine] [支撑位跌破警报-70500（期权最大痛点）] CHECK_START
2026-04-13T13:12:15: [Alert Engine] [阻力位突破警报-71500] CHECK_START
2026-04-13T13:12:18: [阻力警报检查] 当前价格: 70822.56, 目标: 71500
2026-04-13T13:12:18: [Alert Engine] [阻力位突破警报-71500] CHECK_PASSED
2026-04-13T13:12:18: [支撑警报检查] 当前价格: 70822.55, 目标: 70500
2026-04-13T13:12:18: [Alert Engine] [支撑位跌破警报-70500（期权最大痛点）] CHECK_PASSED
2026-04-13T13:14:59: [Alert Engine] [支撑位跌破警报-70500（期权最大痛点）] CHECK_START
2026-04-13T13:14:59: [Alert Engine] [阻力位突破警报-71500] CHECK_START
2026-04-13T13:15:01: [阻力警报检查] 当前价格: 70833.56, 目标: 71500
2026-04-13T13:15:01: [Alert Engine] [阻力位突破警报-71500] CHECK_PASSED
2026-04-13T13:15:02: [支撑警报检查] 当前价格: 70833.55, 目标: 70500
2026-04-13T13:15:02: [Alert Engine] [支撑位跌破警报-70500（期权最大痛点）] CHECK_PASSED
2026-04-13T13:17:41: [Alert Engine] [支撑位跌破警报-70500（期权最大痛点）] CHECK_START
2026-04-13T13:17:41: [Alert Engine] [阻力位突破警报-71500] CHECK_START
2026-04-13T13:17:43: [阻力警报检查] 当前价格: 70856.15, 目标: 71500
2026-04-13T13:17:43: [Alert Engine] [阻力位突破警报-71500] CHECK_PASSED
2026-04-13T13:17:43: [支撑警报检查] 当前价格: 70853.86, 目标: 70500
2026-04-13T13:17:43: [Alert Engine] [支撑位跌破警报-70500（期权最大痛点）] CHECK_PASSED
2026-04-13T13:20:26: [Alert Engine] [支撑位跌破警报-70500（期权最大痛点）] CHECK_START
2026-04-13T13:20:26: [Alert Engine] [阻力位突破警报-71500] CHECK_START
2026-04-13T13:20:26: [支撑警报检查] 当前价格: 70822.41, 目标: 70500
2026-04-13T13:20:26: [Alert Engine] [支撑位跌破警报-70500（期权最大痛点）] CHECK_PASSED
2026-04-13T13:20:26: [阻力警报检查] 当前价格: 70833.38, 目标: 71500
2026-04-13T13:20:26: [Alert Engine] [阻力位突破警报-71500] CHECK_PASSED
2026-04-13T13:23:08: [Alert Engine] [支撑位跌破警报-70500（期权最大痛点）] CHECK_START
2026-04-13T13:23:08: [Alert Engine] [阻力位突破警报-71500] CHECK_START
2026-04-13T13:23:10: [阻力警报检查] 当前价格: 70853.91, 目标: 71500
2026-04-13T13:23:10: [Alert Engine] [阻力位突破警报-71500] CHECK_PASSED
2026-04-13T13:23:10: [支撑警报检查] 当前价格: 70853.91, 目标: 70500
2026-04-13T13:23:10: [Alert Engine] [支撑位跌破警报-70500（期权最大痛点）] CHECK_PASSED
2026-04-13T13:25:52: [Alert Engine] [支撑位跌破警报-70500（期权最大痛点）] CHECK_START
2026-04-13T13:25:52: [Alert Engine] [阻力位突破警报-71500] CHECK_START
2026-04-13T13:25:55: [阻力警报检查] 当前价格: 70847.05, 目标: 71500
2026-04-13T13:25:55: [Alert Engine] [阻力位突破警报-71500] CHECK_PASSED
2026-04-13T13:25:55: [支撑警报检查] 当前价格: 70847.33, 目标: 70500
2026-04-13T13:25:55: [Alert Engine] [支撑位跌破警报-70500（期权最大痛点）] CHECK_PASSED
2026-04-13T13:28:35: [Alert Engine] [支撑位跌破警报-70500（期权最大痛点）] CHECK_START
2026-04-13T13:28:35: [Alert Engine] [阻力位突破警报-71500] CHECK_START
2026-04-13T13:28:37: [支撑警报检查] 当前价格: 70880.98, 目标: 70500
2026-04-13T13:28:37: [Alert Engine] [支撑位跌破警报-70500（期权最大痛点）] CHECK_PASSED
2026-04-13T13:28:39: [阻力警报检查] 当前价格: 70878.34, 目标: 71500
2026-04-13T13:28:39: [Alert Engine] [阻力位突破警报-71500] CHECK_PASSED
2026-04-13T13:31:20: [Alert Engine] [支撑位跌破警报-70500（期权最大痛点）] CHECK_START
2026-04-13T13:31:20: [Alert Engine] [阻力位突破警报-71500] CHECK_START
2026-04-13T13:31:23: [支撑警报检查] 当前价格: 70857.02, 目标: 70500
2026-04-13T13:31:23: [Alert Engine] [支撑位跌破警报-70500（期权最大痛点）] CHECK_PASSED
2026-04-13T13:31:24: [阻力警报检查] 当前价格: 70861.26, 目标: 71500
2026-04-13T13:31:24: [Alert Engine] [阻力位突破警报-71500] CHECK_PASSED
2026-04-13T13:34:04: [Alert Engine] [支撑位跌破警报-70500（期权最大痛点）] CHECK_START
2026-04-13T13:34:04: [Alert Engine] [阻力位突破警报-71500] CHECK_START
2026-04-13T13:34:05: [阻力警报检查] 当前价格: 70816.81, 目标: 71500
2026-04-13T13:34:05: [Alert Engine] [阻力位突破警报-71500] CHECK_PASSED
2026-04-13T13:34:06: [支撑警报检查] 当前价格: 70816.81, 目标: 70500
2026-04-13T13:34:06: [Alert Engine] [支撑位跌破警报-70500（期权最大痛点）] CHECK_PASSED
2026-04-13T13:36:46: [Alert Engine] [支撑位跌破警报-70500（期权最大痛点）] CHECK_START
2026-04-13T13:36:46: [Alert Engine] [阻力位突破警报-71500] CHECK_START
2026-04-13T13:36:49: [阻力警报检查] 当前价格: 70818.68, 目标: 71500
2026-04-13T13:36:49: [Alert Engine] [阻力位突破警报-71500] CHECK_PASSED
2026-04-13T13:36:49: [支撑警报检查] 当前价格: 70821.07, 目标: 70500
2026-04-13T13:36:49: [Alert Engine] [支撑位跌破警报-70500（期权最大痛点）] CHECK_PASSED
2026-04-13T13:39:32: [Alert Engine] [支撑位跌破警报-70500（期权最大痛点）] CHECK_START
2026-04-13T13:39:32: [Alert Engine] [阻力位突破警报-71500] CHECK_START
2026-04-13T13:39:33: [支撑警报检查] 当前价格: 70726.45, 目标: 70500
2026-04-13T13:39:33: [Alert Engine] [支撑位跌破警报-70500（期权最大痛点）] CHECK_PASSED
2026-04-13T13:39:36: [阻力警报检查] 当前价格: 70725.74, 目标: 71500
2026-04-13T13:39:36: [Alert Engine] [阻力位突破警报-71500] CHECK_PASSED
2026-04-13T13:42:14: [Alert Engine] [支撑位跌破警报-70500（期权最大痛点）] CHECK_START
2026-04-13T13:42:14: [Alert Engine] [阻力位突破警报-71500] CHECK_START
2026-04-13T13:42:17: [支撑警报检查] 当前价格: 70777.41, 目标: 70500
2026-04-13T13:42:17: [Alert Engine] [支撑位跌破警报-70500（期权最大痛点）] CHECK_PASSED
2026-04-13T13:42:17: [阻力警报检查] 当前价格: 70782.53, 目标: 71500
2026-04-13T13:42:17: [Alert Engine] [阻力位突破警报-71500] CHECK_PASSED
2026-04-13T13:44:59: [Alert Engine] [支撑位跌破警报-70500（期权最大痛点）] CHECK_START
2026-04-13T13:44:59: [Alert Engine] [阻力位突破警报-71500] CHECK_START
2026-04-13T13:45:01: [支撑警报检查] 当前价格: 70756.36, 目标: 70500
2026-04-13T13:45:01: [Alert Engine] [支撑位跌破警报-70500（期权最大痛点）] CHECK_PASSED
2026-04-13T13:45:01: [阻力警报检查] 当前价格: 70758.46, 目标: 71500
2026-04-13T13:45:01: [Alert Engine] [阻力位突破警报-71500] CHECK_PASSED
2026-04-13T13:47:55: [Alert Engine] [支撑位跌破警报-70500（期权最大痛点）] CHECK_START
2026-04-13T13:47:55: [Alert Engine] [阻力位突破警报-71500] CHECK_START
2026-04-13T13:47:56: [阻力警报检查] 当前价格: 70829.09, 目标: 71500
2026-04-13T13:47:56: [Alert Engine] [阻力位突破警报-71500] CHECK_PASSED
2026-04-13T13:47:57: [支撑警报检查] 当前价格: 70830.09, 目标: 70500
2026-04-13T13:47:57: [Alert Engine] [支撑位跌破警报-70500（期权最大痛点）] CHECK_PASSED
2026-04-13T13:50:42: [Alert Engine] [支撑位跌破警报-70500（期权最大痛点）] CHECK_START
2026-04-13T13:50:42: [Alert Engine] [阻力位突破警报-71500] CHECK_START
2026-04-13T13:50:44: [阻力警报检查] 当前价格: 70845.76, 目标: 71500
2026-04-13T13:50:44: [Alert Engine] [阻力位突破警报-71500] CHECK_PASSED
2026-04-13T13:50:44: [支撑警报检查] 当前价格: 70845.7, 目标: 70500
2026-04-13T13:50:44: [Alert Engine] [支撑位跌破警报-70500（期权最大痛点）] CHECK_PASSED
2026-04-13T13:53:30: [Alert Engine] [支撑位跌破警报-70500（期权最大痛点）] CHECK_START
2026-04-13T13:53:30: [Alert Engine] [阻力位突破警报-71500] CHECK_START
2026-04-13T13:53:32: [支撑警报检查] 当前价格: 70851.81, 目标: 70500
2026-04-13T13:53:32: [Alert Engine] [支撑位跌破警报-70500（期权最大痛点）] CHECK_PASSED
2026-04-13T13:53:32: [阻力警报检查] 当前价格: 70851.81, 目标: 71500
2026-04-13T13:53:32: [Alert Engine] [阻力位突破警报-71500] CHECK_PASSED
2026-04-13T13:56:18: [Alert Engine] [支撑位跌破警报-70500（期权最大痛点）] CHECK_START
2026-04-13T13:56:18: [Alert Engine] [阻力位突破警报-71500] CHECK_START
2026-04-13T13:56:21: [阻力警报检查] 当前价格: 70884.74, 目标: 71500
2026-04-13T13:56:21: [Alert Engine] [阻力位突破警报-71500] CHECK_PASSED
2026-04-13T13:56:22: [支撑警报检查] 当前价格: 70884.74, 目标: 70500
2026-04-13T13:56:22: [Alert Engine] [支撑位跌破警报-70500（期权最大痛点）] CHECK_PASSED
2026-04-13T13:59:06: [Alert Engine] [支撑位跌破警报-70500（期权最大痛点）] CHECK_START
2026-04-13T13:59:06: [Alert Engine] [阻力位突破警报-71500] CHECK_START
2026-04-13T13:59:08: [阻力警报检查] 当前价格: 70872.5, 目标: 71500
2026-04-13T13:59:08: [Alert Engine] [阻力位突破警报-71500] CHECK_PASSED
2026-04-13T13:59:09: [支撑警报检查] 当前价格: 70872.5, 目标: 70500
2026-04-13T13:59:09: [Alert Engine] [支撑位跌破警报-70500（期权最大痛点）] CHECK_PASSED
2026-04-13T14:01:53: [Alert Engine] [支撑位跌破警报-70500（期权最大痛点）] CHECK_START
2026-04-13T14:01:53: [Alert Engine] [阻力位突破警报-71500] CHECK_START
2026-04-13T14:01:54: [支撑警报检查] 当前价格: 70944.28, 目标: 70500
2026-04-13T14:01:54: [Alert Engine] [支撑位跌破警报-70500（期权最大痛点）] CHECK_PASSED
2026-04-13T14:01:57: [阻力警报检查] 当前价格: 70941.83, 目标: 71500
2026-04-13T14:01:57: [Alert Engine] [阻力位突破警报-71500] CHECK_PASSED
2026-04-13T14:04:40: [Alert Engine] [支撑位跌破警报-70500（期权最大痛点）] CHECK_START
2026-04-13T14:04:40: [Alert Engine] [阻力位突破警报-71500] CHECK_START
2026-04-13T14:04:41: [支撑警报检查] 当前价格: 70969.49, 目标: 70500
2026-04-13T14:04:41: [Alert Engine] [支撑位跌破警报-70500（期权最大痛点）] CHECK_PASSED
2026-04-13T14:04:44: [阻力警报检查] 当前价格: 70969.17, 目标: 71500
2026-04-13T14:04:44: [Alert Engine] [阻力位突破警报-71500] CHECK_PASSED
2026-04-13T14:07:29: [Alert Engine] [支撑位跌破警报-70500（期权最大痛点）] CHECK_START
2026-04-13T14:07:29: [Alert Engine] [阻力位突破警报-71500] CHECK_START
2026-04-13T14:07:28: [阻力警报检查] 当前价格: 71010.54, 目标: 71500
2026-04-13T14:07:28: [Alert Engine] [阻力位突破警报-71500] CHECK_PASSED
2026-04-13T14:07:30: [支撑警报检查] 当前价格: 71010.47, 目标: 70500
2026-04-13T14:07:30: [Alert Engine] [支撑位跌破警报-70500（期权最大痛点）] CHECK_PASSED
2026-04-13T14:10:14: [Alert Engine] [支撑位跌破警报-70500（期权最大痛点）] CHECK_START
2026-04-13T14:10:14: [Alert Engine] [阻力位突破警报-71500] CHECK_START
2026-04-13T14:10:16: [阻力警报检查] 当前价格: 71000.88, 目标: 71500
2026-04-13T14:10:16: [Alert Engine] [阻力位突破警报-71500] CHECK_PASSED
2026-04-13T14:10:17: [支撑警报检查] 当前价格: 71000.99, 目标: 70500
2026-04-13T14:10:17: [Alert Engine] [支撑位跌破警报-70500（期权最大痛点）] CHECK_PASSED
2026-04-13T14:13:03: [Alert Engine] [支撑位跌破警报-70500（期权最大痛点）] CHECK_START
2026-04-13T14:13:03: [Alert Engine] [阻力位突破警报-71500] CHECK_START
2026-04-13T14:13:04: [支撑警报检查] 当前价格: 71026.58, 目标: 70500
2026-04-13T14:13:04: [Alert Engine] [支撑位跌破警报-70500（期权最大痛点）] CHECK_PASSED
2026-04-13T14:13:04: [阻力警报检查] 当前价格: 71026.56, 目标: 71500
2026-04-13T14:13:04: [Alert Engine] [阻力位突破警报-71500] CHECK_PASSED
2026-04-13T14:15:50: [Alert Engine] [支撑位跌破警报-70500（期权最大痛点）] CHECK_START
2026-04-13T14:15:50: [Alert Engine] [阻力位突破警报-71500] CHECK_START
2026-04-13T14:15:51: [阻力警报检查] 当前价格: 70999.07, 目标: 71500
2026-04-13T14:15:51: [Alert Engine] [阻力位突破警报-71500] CHECK_PASSED
2026-04-13T14:15:53: [支撑警报检查] 当前价格: 71004.88, 目标: 70500
2026-04-13T14:15:53: [Alert Engine] [支撑位跌破警报-70500（期权最大痛点）] CHECK_PASSED
2026-04-13T14:18:39: [Alert Engine] [支撑位跌破警报-70500（期权最大痛点）] CHECK_START
2026-04-13T14:18:39: [Alert Engine] [阻力位突破警报-71500] CHECK_START
2026-04-13T14:18:41: [支撑警报检查] 当前价格: 71030.95, 目标: 70500
2026-04-13T14:18:41: [Alert Engine] [支撑位跌破警报-70500（期权最大痛点）] CHECK_PASSED
2026-04-13T14:18:42: [阻力警报检查] 当前价格: 71019.7, 目标: 71500
2026-04-13T14:18:42: [Alert Engine] [阻力位突破警报-71500] CHECK_PASSED
2026-04-13T14:21:25: [Alert Engine] [支撑位跌破警报-70500（期权最大痛点）] CHECK_START
2026-04-13T14:21:25: [Alert Engine] [阻力位突破警报-71500] CHECK_START
2026-04-13T14:21:26: [阻力警报检查] 当前价格: 71080.59, 目标: 71500
2026-04-13T14:21:26: [Alert Engine] [阻力位突破警报-71500] CHECK_PASSED
2026-04-13T14:21:27: [支撑警报检查] 当前价格: 71084.21, 目标: 70500
2026-04-13T14:21:27: [Alert Engine] [支撑位跌破警报-70500（期权最大痛点）] CHECK_PASSED
2026-04-13T14:24:12: [Alert Engine] [支撑位跌破警报-70500（期权最大痛点）] CHECK_START
2026-04-13T14:24:12: [Alert Engine] [阻力位突破警报-71500] CHECK_START
2026-04-13T14:24:14: [支撑警报检查] 当前价格: 71074.88, 目标: 70500
2026-04-13T14:24:14: [Alert Engine] [支撑位跌破警报-70500（期权最大痛点）] CHECK_PASSED
2026-04-13T14:24:15: [阻力警报检查] 当前价格: 71059.36, 目标: 71500
2026-04-13T14:24:15: [Alert Engine] [阻力位突破警报-71500] CHECK_PASSED
2026-04-13T14:27:00: [Alert Engine] [支撑位跌破警报-70500（期权最大痛点）] CHECK_START
2026-04-13T14:27:00: [Alert Engine] [阻力位突破警报-71500] CHECK_START
2026-04-13T14:27:02: [阻力警报检查] 当前价格: 71061.06, 目标: 71500
2026-04-13T14:27:02: [Alert Engine] [阻力位突破警报-71500] CHECK_PASSED
2026-04-13T14:27:02: [支撑警报检查] 当前价格: 71063.73, 目标: 70500
2026-04-13T14:27:02: [Alert Engine] [支撑位跌破警报-70500（期权最大痛点）] CHECK_PASSED
2026-04-13T14:29:46: [Alert Engine] [支撑位跌破警报-70500（期权最大痛点）] CHECK_START
2026-04-13T14:29:46: [Alert Engine] [阻力位突破警报-71500] CHECK_START
2026-04-13T14:29:47: [阻力警报检查] 当前价格: 71038.46, 目标: 71500
2026-04-13T14:29:47: [Alert Engine] [阻力位突破警报-71500] CHECK_PASSED
2026-04-13T14:29:48: [支撑警报检查] 当前价格: 71039.5, 目标: 70500
2026-04-13T14:29:48: [Alert Engine] [支撑位跌破警报-70500（期权最大痛点）] CHECK_PASSED
2026-04-13T14:32:34: [Alert Engine] [支撑位跌破警报-70500（期权最大痛点）] CHECK_START
2026-04-13T14:32:34: [Alert Engine] [阻力位突破警报-71500] CHECK_START
2026-04-13T14:32:35: [支撑警报检查] 当前价格: 71031.85, 目标: 70500
2026-04-13T14:32:35: [Alert Engine] [支撑位跌破警报-70500（期权最大痛点）] CHECK_PASSED
2026-04-13T14:32:36: [阻力警报检查] 当前价格: 71034.81, 目标: 71500
2026-04-13T14:32:36: [Alert Engine] [阻力位突破警报-71500] CHECK_PASSED
2026-04-13T14:32:44: [Alert Engine] [Engine] 引擎关闭 (SIGINT)
2026-04-13T14:32:44: 
2026-04-13T14:32:44: [Alert Engine] Shutting down...
2026-04-13T14:32:44: [Alert Engine] Stopped timer for 2026-04-12-support-70500.js
2026-04-13T14:32:44: [Alert Engine] Stopped timer for 2026-04-13-resistance-71500.js
2026-04-13T14:32:44: [Alert Engine] [Engine] 引擎启动
2026-04-13T14:32:44: [Alert Engine] Starting...
2026-04-13T14:32:44: [Alert Engine] Rules directory: /home/administrator/.openclaw/july-btc-analyzer/skills/btc-alert/rules
2026-04-13T14:32:44: [Alert Engine] Archive directory: /home/administrator/.openclaw/july-btc-analyzer/skills/btc-alert/rules-archive
2026-04-13T14:32:44: [Alert Engine] Log file: /home/administrator/.openclaw/july-btc-analyzer/logs/alert-engine.log
2026-04-13T14:32:44: [Alert Engine] Loaded rule: 支撑位跌破警报-70500（期权最大痛点） (interval: 180000ms)
2026-04-13T14:32:44: [Alert Engine] Loaded rule: 多空比反转警报（多头强势） (interval: 1800000ms)
2026-04-13T14:32:44: [Alert Engine] Loaded rule: 阻力位突破警报-71500 (interval: 180000ms)
2026-04-13T14:32:44: [Alert Engine] [支撑位跌破警报-70500（期权最大痛点）] TIMER_STARTED
2026-04-13T14:32:44: [Alert Engine] Starting timer for rule "支撑位跌破警报-70500（期权最大痛点）" (interval: 180000ms)
2026-04-13T14:32:44: [Alert Engine] [支撑位跌破警报-70500（期权最大痛点）] CHECK_START
2026-04-13T14:32:44: [Alert Engine] [多空比反转警报（多头强势）] TIMER_STARTED
2026-04-13T14:32:44: [Alert Engine] Starting timer for rule "多空比反转警报（多头强势）" (interval: 1800000ms)
2026-04-13T14:32:44: [Alert Engine] [多空比反转警报（多头强势）] CHECK_START
2026-04-13T14:32:46: [多空比警报检查] 当前多空比: 1.08, 目标: 1.2
2026-04-13T14:32:46: [Alert Engine] [阻力位突破警报-71500] TIMER_STARTED
2026-04-13T14:32:46: [Alert Engine] Starting timer for rule "阻力位突破警报-71500" (interval: 180000ms)
2026-04-13T14:32:46: [Alert Engine] [阻力位突破警报-71500] CHECK_START
2026-04-13T14:32:46: [Alert Engine] [Engine] 规则加载完成
2026-04-13T14:32:46: [Alert Engine] Started 3 rule(s)
2026-04-13T14:32:46: [Alert Engine] Started file scanner (interval: 60s)
2026-04-13T14:32:46: [Alert Engine] [多空比反转警报（多头强势）] CHECK_PASSED
2026-04-13T14:32:47: [阻力警报检查] 当前价格: 71034.32, 目标: 71500
2026-04-13T14:32:47: [Alert Engine] [阻力位突破警报-71500] CHECK_PASSED
2026-04-13T14:32:47: [支撑警报检查] 当前价格: 71041.78, 目标: 70500
2026-04-13T14:32:47: [Alert Engine] [支撑位跌破警报-70500（期权最大痛点）] CHECK_PASSED
2026-04-13T14:35:32: [Alert Engine] [支撑位跌破警报-70500（期权最大痛点）] CHECK_START
2026-04-13T14:35:34: [Alert Engine] [阻力位突破警报-71500] CHECK_START
2026-04-13T14:35:35: [支撑警报检查] 当前价格: 71047.19, 目标: 70500
2026-04-13T14:35:35: [Alert Engine] [支撑位跌破警报-70500（期权最大痛点）] CHECK_PASSED
2026-04-13T14:35:37: [阻力警报检查] 当前价格: 71047.2, 目标: 71500
2026-04-13T14:35:37: [Alert Engine] [阻力位突破警报-71500] CHECK_PASSED
2026-04-13T14:38:18: [Alert Engine] [支撑位跌破警报-70500（期权最大痛点）] CHECK_START
2026-04-13T14:38:20: [Alert Engine] [阻力位突破警报-71500] CHECK_START
2026-04-13T14:38:20: [支撑警报检查] 当前价格: 71024.01, 目标: 70500
2026-04-13T14:38:20: [Alert Engine] [支撑位跌破警报-70500（期权最大痛点）] CHECK_PASSED
2026-04-13T14:38:21: [阻力警报检查] 当前价格: 71024.52, 目标: 71500
2026-04-13T14:38:21: [Alert Engine] [阻力位突破警报-71500] CHECK_PASSED
2026-04-13T14:41:06: [Alert Engine] [支撑位跌破警报-70500（期权最大痛点）] CHECK_START
2026-04-13T14:41:08: [Alert Engine] [阻力位突破警报-71500] CHECK_START
2026-04-13T14:41:08: [支撑警报检查] 当前价格: 71046.62, 目标: 70500
2026-04-13T14:41:08: [Alert Engine] [支撑位跌破警报-70500（期权最大痛点）] CHECK_PASSED
2026-04-13T14:41:10: [阻力警报检查] 当前价格: 71046.62, 目标: 71500
2026-04-13T14:41:10: [Alert Engine] [阻力位突破警报-71500] CHECK_PASSED
2026-04-13T14:43:52: [Alert Engine] [支撑位跌破警报-70500（期权最大痛点）] CHECK_START
2026-04-13T14:43:54: [Alert Engine] [阻力位突破警报-71500] CHECK_START
2026-04-13T14:43:54: [支撑警报检查] 当前价格: 71027.96, 目标: 70500
2026-04-13T14:43:54: [Alert Engine] [支撑位跌破警报-70500（期权最大痛点）] CHECK_PASSED
2026-04-13T14:43:55: [阻力警报检查] 当前价格: 71028.91, 目标: 71500
2026-04-13T14:43:55: [Alert Engine] [阻力位突破警报-71500] CHECK_PASSED
2026-04-13T14:46:40: [Alert Engine] [支撑位跌破警报-70500（期权最大痛点）] CHECK_START
2026-04-13T14:46:41: [Alert Engine] [阻力位突破警报-71500] CHECK_START
2026-04-13T14:46:42: [支撑警报检查] 当前价格: 71094.87, 目标: 70500
2026-04-13T14:46:42: [Alert Engine] [支撑位跌破警报-70500（期权最大痛点）] CHECK_PASSED
2026-04-13T14:46:43: [阻力警报检查] 当前价格: 71094.87, 目标: 71500
2026-04-13T14:46:43: [Alert Engine] [阻力位突破警报-71500] CHECK_PASSED
2026-04-13T14:49:25: [Alert Engine] [支撑位跌破警报-70500（期权最大痛点）] CHECK_START
2026-04-13T14:49:27: [Alert Engine] [阻力位突破警报-71500] CHECK_START
2026-04-13T14:49:28: [支撑警报检查] 当前价格: 71088.68, 目标: 70500
2026-04-13T14:49:28: [Alert Engine] [支撑位跌破警报-70500（期权最大痛点）] CHECK_PASSED
2026-04-13T14:49:31: [阻力警报检查] 当前价格: 71085.27, 目标: 71500
2026-04-13T14:49:31: [Alert Engine] [阻力位突破警报-71500] CHECK_PASSED
2026-04-13T14:52:13: [Alert Engine] [支撑位跌破警报-70500（期权最大痛点）] CHECK_START
2026-04-13T14:52:15: [支撑警报检查] 当前价格: 71061.63, 目标: 70500
2026-04-13T14:52:15: [Alert Engine] [支撑位跌破警报-70500（期权最大痛点）] CHECK_PASSED
2026-04-13T14:52:15: [Alert Engine] [阻力位突破警报-71500] CHECK_START
2026-04-13T14:52:16: [阻力警报检查] 当前价格: 71061.63, 目标: 71500
2026-04-13T14:52:16: [Alert Engine] [阻力位突破警报-71500] CHECK_PASSED
2026-04-13T14:54:59: [Alert Engine] [支撑位跌破警报-70500（期权最大痛点）] CHECK_START
2026-04-13T14:55:00: [Alert Engine] [阻力位突破警报-71500] CHECK_START
2026-04-13T14:55:02: [支撑警报检查] 当前价格: 71052.59, 目标: 70500
2026-04-13T14:55:02: [Alert Engine] [支撑位跌破警报-70500（期权最大痛点）] CHECK_PASSED
2026-04-13T14:55:03: [阻力警报检查] 当前价格: 71052.84, 目标: 71500
2026-04-13T14:55:03: [Alert Engine] [阻力位突破警报-71500] CHECK_PASSED
2026-04-13T14:57:47: [Alert Engine] [支撑位跌破警报-70500（期权最大痛点）] CHECK_START
2026-04-13T14:57:48: [Alert Engine] [阻力位突破警报-71500] CHECK_START
2026-04-13T14:57:46: [支撑警报检查] 当前价格: 71061.19, 目标: 70500
2026-04-13T14:57:46: [Alert Engine] [支撑位跌破警报-70500（期权最大痛点）] CHECK_PASSED
2026-04-13T14:57:48: [阻力警报检查] 当前价格: 71061.23, 目标: 71500
2026-04-13T14:57:48: [Alert Engine] [阻力位突破警报-71500] CHECK_PASSED
2026-04-13T15:00:32: [Alert Engine] [支撑位跌破警报-70500（期权最大痛点）] CHECK_START
2026-04-13T15:00:34: [Alert Engine] [多空比反转警报（多头强势）] CHECK_START
2026-04-13T15:00:35: [多空比警报检查] 当前多空比: 1.08, 目标: 1.2
2026-04-13T15:00:35: [Alert Engine] [多空比反转警报（多头强势）] CHECK_PASSED
2026-04-13T15:00:35: [支撑警报检查] 当前价格: 71053.12, 目标: 70500
2026-04-13T15:00:35: [Alert Engine] [支撑位跌破警报-70500（期权最大痛点）] CHECK_PASSED
2026-04-13T15:00:35: [Alert Engine] [阻力位突破警报-71500] CHECK_START
2026-04-13T15:00:36: [阻力警报检查] 当前价格: 71053.1, 目标: 71500
2026-04-13T15:00:36: [Alert Engine] [阻力位突破警报-71500] CHECK_PASSED
2026-04-13T15:03:20: [Alert Engine] [支撑位跌破警报-70500（期权最大痛点）] CHECK_START
2026-04-13T15:03:23: [Alert Engine] [阻力位突破警报-71500] CHECK_START
2026-04-13T15:03:23: [支撑警报检查] 当前价格: 71022.32, 目标: 70500
2026-04-13T15:03:23: [Alert Engine] [支撑位跌破警报-70500（期权最大痛点）] CHECK_PASSED
2026-04-13T15:03:24: [阻力警报检查] 当前价格: 71028.2, 目标: 71500
2026-04-13T15:03:24: [Alert Engine] [阻力位突破警报-71500] CHECK_PASSED
2026-04-13T15:06:04: [Alert Engine] [支撑位跌破警报-70500（期权最大痛点）] CHECK_START
2026-04-13T15:06:06: [支撑警报检查] 当前价格: 71007.59, 目标: 70500
2026-04-13T15:06:06: [Alert Engine] [支撑位跌破警报-70500（期权最大痛点）] CHECK_PASSED
2026-04-13T15:06:07: [Alert Engine] [阻力位突破警报-71500] CHECK_START
2026-04-13T15:06:08: [阻力警报检查] 当前价格: 71007.59, 目标: 71500
2026-04-13T15:06:08: [Alert Engine] [阻力位突破警报-71500] CHECK_PASSED
2026-04-13T15:08:52: [Alert Engine] [支撑位跌破警报-70500（期权最大痛点）] CHECK_START
2026-04-13T15:08:55: [Alert Engine] [阻力位突破警报-71500] CHECK_START
2026-04-13T15:08:56: [支撑警报检查] 当前价格: 70958.94, 目标: 70500
2026-04-13T15:08:56: [Alert Engine] [支撑位跌破警报-70500（期权最大痛点）] CHECK_PASSED
2026-04-13T15:08:57: [阻力警报检查] 当前价格: 70961.8, 目标: 71500
2026-04-13T15:08:57: [Alert Engine] [阻力位突破警报-71500] CHECK_PASSED
2026-04-13T15:11:37: [Alert Engine] [支撑位跌破警报-70500（期权最大痛点）] CHECK_START
2026-04-13T15:11:40: [Alert Engine] [阻力位突破警报-71500] CHECK_START
2026-04-13T15:11:41: [支撑警报检查] 当前价格: 70957.45, 目标: 70500
2026-04-13T15:11:41: [Alert Engine] [支撑位跌破警报-70500（期权最大痛点）] CHECK_PASSED
2026-04-13T15:11:43: [阻力警报检查] 当前价格: 70951.99, 目标: 71500
2026-04-13T15:11:43: [Alert Engine] [阻力位突破警报-71500] CHECK_PASSED
2026-04-13T15:14:25: [Alert Engine] [支撑位跌破警报-70500（期权最大痛点）] CHECK_START
2026-04-13T15:14:26: [支撑警报检查] 当前价格: 70916.97, 目标: 70500
2026-04-13T15:14:26: [Alert Engine] [支撑位跌破警报-70500（期权最大痛点）] CHECK_PASSED
2026-04-13T15:14:28: [Alert Engine] [阻力位突破警报-71500] CHECK_START
2026-04-13T15:14:29: [阻力警报检查] 当前价格: 70916.97, 目标: 71500
2026-04-13T15:14:29: [Alert Engine] [阻力位突破警报-71500] CHECK_PASSED
2026-04-13T15:17:10: [Alert Engine] [支撑位跌破警报-70500（期权最大痛点）] CHECK_START
2026-04-13T15:17:13: [Alert Engine] [阻力位突破警报-71500] CHECK_START
2026-04-13T15:17:13: [支撑警报检查] 当前价格: 70906.9, 目标: 70500
2026-04-13T15:17:13: [Alert Engine] [支撑位跌破警报-70500（期权最大痛点）] CHECK_PASSED
2026-04-13T15:17:15: [阻力警报检查] 当前价格: 70902.42, 目标: 71500
2026-04-13T15:17:15: [Alert Engine] [阻力位突破警报-71500] CHECK_PASSED
2026-04-13T15:19:57: [Alert Engine] [支撑位跌破警报-70500（期权最大痛点）] CHECK_START
2026-04-13T15:20:00: [支撑警报检查] 当前价格: 70877.8, 目标: 70500
2026-04-13T15:20:00: [Alert Engine] [支撑位跌破警报-70500（期权最大痛点）] CHECK_PASSED
2026-04-13T15:20:01: [Alert Engine] [阻力位突破警报-71500] CHECK_START
2026-04-13T15:20:01: [阻力警报检查] 当前价格: 70877.53, 目标: 71500
2026-04-13T15:20:01: [Alert Engine] [阻力位突破警报-71500] CHECK_PASSED
2026-04-13T15:22:44: [Alert Engine] [支撑位跌破警报-70500（期权最大痛点）] CHECK_START
2026-04-13T15:22:46: [支撑警报检查] 当前价格: 70749.88, 目标: 70500
2026-04-13T15:22:46: [Alert Engine] [支撑位跌破警报-70500（期权最大痛点）] CHECK_PASSED
2026-04-13T15:22:47: [Alert Engine] [阻力位突破警报-71500] CHECK_START
2026-04-13T15:22:49: [阻力警报检查] 当前价格: 70751.73, 目标: 71500
2026-04-13T15:22:49: [Alert Engine] [阻力位突破警报-71500] CHECK_PASSED
2026-04-13T15:25:29: [Alert Engine] [支撑位跌破警报-70500（期权最大痛点）] CHECK_START
2026-04-13T15:25:31: [支撑警报检查] 当前价格: 70730.85, 目标: 70500
2026-04-13T15:25:31: [Alert Engine] [支撑位跌破警报-70500（期权最大痛点）] CHECK_PASSED
2026-04-13T15:25:33: [Alert Engine] [阻力位突破警报-71500] CHECK_START
2026-04-13T15:25:33: [阻力警报检查] 当前价格: 70736.98, 目标: 71500
2026-04-13T15:25:33: [Alert Engine] [阻力位突破警报-71500] CHECK_PASSED
2026-04-13T15:28:17: [Alert Engine] [支撑位跌破警报-70500（期权最大痛点）] CHECK_START
2026-04-13T15:28:18: [Alert Engine] [多空比反转警报（多头强势）] CHECK_START
2026-04-13T15:28:20: [多空比警报检查] 当前多空比: 1.08, 目标: 1.2
2026-04-13T15:28:20: [Alert Engine] [多空比反转警报（多头强势）] CHECK_PASSED
2026-04-13T15:28:20: [Alert Engine] [阻力位突破警报-71500] CHECK_START
2026-04-13T15:28:19: [阻力警报检查] 当前价格: 70747.22, 目标: 71500
2026-04-13T15:28:19: [Alert Engine] [阻力位突破警报-71500] CHECK_PASSED
2026-04-13T15:28:19: [支撑警报检查] 当前价格: 70749.48, 目标: 70500
2026-04-13T15:28:19: [Alert Engine] [支撑位跌破警报-70500（期权最大痛点）] CHECK_PASSED
2026-04-13T15:31:02: [Alert Engine] [支撑位跌破警报-70500（期权最大痛点）] CHECK_START
2026-04-13T15:31:03: [支撑警报检查] 当前价格: 70753.22, 目标: 70500
2026-04-13T15:31:03: [Alert Engine] [支撑位跌破警报-70500（期权最大痛点）] CHECK_PASSED
2026-04-13T15:31:05: [Alert Engine] [阻力位突破警报-71500] CHECK_START
2026-04-13T15:31:06: [阻力警报检查] 当前价格: 70754.35, 目标: 71500
2026-04-13T15:31:06: [Alert Engine] [阻力位突破警报-71500] CHECK_PASSED
2026-04-13T15:33:49: [Alert Engine] [支撑位跌破警报-70500（期权最大痛点）] CHECK_START
2026-04-13T15:33:49: [支撑警报检查] 当前价格: 70720.59, 目标: 70500
2026-04-13T15:33:49: [Alert Engine] [支撑位跌破警报-70500（期权最大痛点）] CHECK_PASSED
2026-04-13T15:33:50: [Alert Engine] [阻力位突破警报-71500] CHECK_START
2026-04-13T15:33:52: [阻力警报检查] 当前价格: 70720.94, 目标: 71500
2026-04-13T15:33:52: [Alert Engine] [阻力位突破警报-71500] CHECK_PASSED
2026-04-13T15:36:34: [Alert Engine] [支撑位跌破警报-70500（期权最大痛点）] CHECK_START
2026-04-13T15:36:37: [支撑警报检查] 当前价格: 70741.3, 目标: 70500
2026-04-13T15:36:37: [Alert Engine] [支撑位跌破警报-70500（期权最大痛点）] CHECK_PASSED
2026-04-13T15:36:38: [Alert Engine] [阻力位突破警报-71500] CHECK_START
2026-04-13T15:36:38: [阻力警报检查] 当前价格: 70741.72, 目标: 71500
2026-04-13T15:36:38: [Alert Engine] [阻力位突破警报-71500] CHECK_PASSED
2026-04-13T15:39:19: [Alert Engine] [支撑位跌破警报-70500（期权最大痛点）] CHECK_START
2026-04-13T15:39:21: [支撑警报检查] 当前价格: 70814.96, 目标: 70500
2026-04-13T15:39:21: [Alert Engine] [支撑位跌破警报-70500（期权最大痛点）] CHECK_PASSED
2026-04-13T15:39:23: [Alert Engine] [阻力位突破警报-71500] CHECK_START
2026-04-13T15:39:24: [阻力警报检查] 当前价格: 70813.09, 目标: 71500
2026-04-13T15:39:24: [Alert Engine] [阻力位突破警报-71500] CHECK_PASSED
2026-04-13T15:42:07: [Alert Engine] [支撑位跌破警报-70500（期权最大痛点）] CHECK_START
2026-04-13T15:42:09: [支撑警报检查] 当前价格: 70793.04, 目标: 70500
2026-04-13T15:42:09: [Alert Engine] [支撑位跌破警报-70500（期权最大痛点）] CHECK_PASSED
2026-04-13T15:42:10: [Alert Engine] [阻力位突破警报-71500] CHECK_START
2026-04-13T15:42:12: [阻力警报检查] 当前价格: 70793.04, 目标: 71500
2026-04-13T15:42:12: [Alert Engine] [阻力位突破警报-71500] CHECK_PASSED
2026-04-13T15:44:54: [Alert Engine] [支撑位跌破警报-70500（期权最大痛点）] CHECK_START
2026-04-13T15:44:57: [支撑警报检查] 当前价格: 70768.52, 目标: 70500
2026-04-13T15:44:57: [Alert Engine] [支撑位跌破警报-70500（期权最大痛点）] CHECK_PASSED
2026-04-13T15:44:58: [Alert Engine] [阻力位突破警报-71500] CHECK_START
2026-04-13T15:45:03: [阻力警报检查] 当前价格: 70767.56, 目标: 71500
2026-04-13T15:45:03: [Alert Engine] [阻力位突破警报-71500] CHECK_PASSED
2026-04-13T15:47:38: [Alert Engine] [支撑位跌破警报-70500（期权最大痛点）] CHECK_START
2026-04-13T15:47:40: [支撑警报检查] 当前价格: 70799.68, 目标: 70500
2026-04-13T15:47:40: [Alert Engine] [支撑位跌破警报-70500（期权最大痛点）] CHECK_PASSED
2026-04-13T15:47:42: [Alert Engine] [阻力位突破警报-71500] CHECK_START
2026-04-13T15:47:43: [阻力警报检查] 当前价格: 70799.47, 目标: 71500
2026-04-13T15:47:43: [Alert Engine] [阻力位突破警报-71500] CHECK_PASSED
2026-04-13T15:50:26: [Alert Engine] [支撑位跌破警报-70500（期权最大痛点）] CHECK_START
2026-04-13T15:50:29: [Alert Engine] [阻力位突破警报-71500] CHECK_START
2026-04-13T15:50:29: [支撑警报检查] 当前价格: 70803.93, 目标: 70500
2026-04-13T15:50:29: [Alert Engine] [支撑位跌破警报-70500（期权最大痛点）] CHECK_PASSED
2026-04-13T15:50:31: [阻力警报检查] 当前价格: 70803.93, 目标: 71500
2026-04-13T15:50:31: [Alert Engine] [阻力位突破警报-71500] CHECK_PASSED
2026-04-13T15:53:11: [Alert Engine] [支撑位跌破警报-70500（期权最大痛点）] CHECK_START
2026-04-13T15:53:12: [支撑警报检查] 当前价格: 70818.74, 目标: 70500
2026-04-13T15:53:12: [Alert Engine] [支撑位跌破警报-70500（期权最大痛点）] CHECK_PASSED
2026-04-13T15:53:14: [Alert Engine] [阻力位突破警报-71500] CHECK_START
2026-04-13T15:53:15: [阻力警报检查] 当前价格: 70818.74, 目标: 71500
2026-04-13T15:53:15: [Alert Engine] [阻力位突破警报-71500] CHECK_PASSED
2026-04-13T15:55:59: [Alert Engine] [支撑位跌破警报-70500（期权最大痛点）] CHECK_START
2026-04-13T15:56:00: [Alert Engine] [多空比反转警报（多头强势）] CHECK_START
2026-04-13T15:56:02: [多空比警报检查] 当前多空比: 1.08, 目标: 1.2
2026-04-13T15:56:02: [Alert Engine] [多空比反转警报（多头强势）] CHECK_PASSED
2026-04-13T15:56:02: [Alert Engine] [阻力位突破警报-71500] CHECK_START
2026-04-13T15:56:02: [支撑警报检查] 当前价格: 70812.74, 目标: 70500
2026-04-13T15:56:02: [Alert Engine] [支撑位跌破警报-70500（期权最大痛点）] CHECK_PASSED
2026-04-13T15:56:03: [阻力警报检查] 当前价格: 70815.45, 目标: 71500
2026-04-13T15:56:03: [Alert Engine] [阻力位突破警报-71500] CHECK_PASSED
2026-04-13T15:58:44: [Alert Engine] [支撑位跌破警报-70500（期权最大痛点）] CHECK_START
2026-04-13T15:58:46: [支撑警报检查] 当前价格: 70834.04, 目标: 70500
2026-04-13T15:58:46: [Alert Engine] [支撑位跌破警报-70500（期权最大痛点）] CHECK_PASSED
2026-04-13T15:58:47: [Alert Engine] [阻力位突破警报-71500] CHECK_START
2026-04-13T15:58:48: [阻力警报检查] 当前价格: 70834.04, 目标: 71500
2026-04-13T15:58:48: [Alert Engine] [阻力位突破警报-71500] CHECK_PASSED
2026-04-13T16:01:30: [Alert Engine] [支撑位跌破警报-70500（期权最大痛点）] CHECK_START
2026-04-13T16:01:33: [支撑警报检查] 当前价格: 70774.21, 目标: 70500
2026-04-13T16:01:33: [Alert Engine] [支撑位跌破警报-70500（期权最大痛点）] CHECK_PASSED
2026-04-13T16:01:33: [Alert Engine] [阻力位突破警报-71500] CHECK_START
2026-04-13T16:01:34: [阻力警报检查] 当前价格: 70776.77, 目标: 71500
2026-04-13T16:01:34: [Alert Engine] [阻力位突破警报-71500] CHECK_PASSED
2026-04-13T16:04:18: [Alert Engine] [支撑位跌破警报-70500（期权最大痛点）] CHECK_START
2026-04-13T16:04:19: [支撑警报检查] 当前价格: 70866.58, 目标: 70500
2026-04-13T16:04:19: [Alert Engine] [支撑位跌破警报-70500（期权最大痛点）] CHECK_PASSED
2026-04-13T16:04:21: [Alert Engine] [阻力位突破警报-71500] CHECK_START
2026-04-13T16:04:22: [阻力警报检查] 当前价格: 70866.88, 目标: 71500
2026-04-13T16:04:22: [Alert Engine] [阻力位突破警报-71500] CHECK_PASSED
2026-04-13T16:07:03: [Alert Engine] [支撑位跌破警报-70500（期权最大痛点）] CHECK_START
2026-04-13T16:07:04: [支撑警报检查] 当前价格: 70822.31, 目标: 70500
2026-04-13T16:07:04: [Alert Engine] [支撑位跌破警报-70500（期权最大痛点）] CHECK_PASSED
2026-04-13T16:07:06: [Alert Engine] [阻力位突破警报-71500] CHECK_START
2026-04-13T16:07:07: [阻力警报检查] 当前价格: 70825.07, 目标: 71500
2026-04-13T16:07:07: [Alert Engine] [阻力位突破警报-71500] CHECK_PASSED
2026-04-13T16:09:50: [Alert Engine] [支撑位跌破警报-70500（期权最大痛点）] CHECK_START
2026-04-13T16:09:53: [支撑警报检查] 当前价格: 70764.89, 目标: 70500
2026-04-13T16:09:53: [Alert Engine] [支撑位跌破警报-70500（期权最大痛点）] CHECK_PASSED
2026-04-13T16:09:53: [Alert Engine] [阻力位突破警报-71500] CHECK_START
2026-04-13T16:09:55: [阻力警报检查] 当前价格: 70764.8, 目标: 71500
2026-04-13T16:09:55: [Alert Engine] [阻力位突破警报-71500] CHECK_PASSED
2026-04-13T16:12:37: [Alert Engine] [支撑位跌破警报-70500（期权最大痛点）] CHECK_START
2026-04-13T16:12:38: [支撑警报检查] 当前价格: 70787.89, 目标: 70500
2026-04-13T16:12:38: [Alert Engine] [支撑位跌破警报-70500（期权最大痛点）] CHECK_PASSED
2026-04-13T16:12:38: [Alert Engine] [阻力位突破警报-71500] CHECK_START
2026-04-13T16:12:39: [阻力警报检查] 当前价格: 70788.59, 目标: 71500
2026-04-13T16:12:39: [Alert Engine] [阻力位突破警报-71500] CHECK_PASSED
2026-04-13T16:15:22: [Alert Engine] [支撑位跌破警报-70500（期权最大痛点）] CHECK_START
2026-04-13T16:15:25: [支撑警报检查] 当前价格: 70735.97, 目标: 70500
2026-04-13T16:15:25: [Alert Engine] [支撑位跌破警报-70500（期权最大痛点）] CHECK_PASSED
2026-04-13T16:15:25: [Alert Engine] [阻力位突破警报-71500] CHECK_START
2026-04-13T16:15:26: [阻力警报检查] 当前价格: 70740.32, 目标: 71500
2026-04-13T16:15:26: [Alert Engine] [阻力位突破警报-71500] CHECK_PASSED
2026-04-13T16:18:07: [Alert Engine] [支撑位跌破警报-70500（期权最大痛点）] CHECK_START
2026-04-13T16:18:08: [支撑警报检查] 当前价格: 70772.58, 目标: 70500
2026-04-13T16:18:08: [Alert Engine] [支撑位跌破警报-70500（期权最大痛点）] CHECK_PASSED
2026-04-13T16:18:10: [Alert Engine] [阻力位突破警报-71500] CHECK_START
2026-04-13T16:18:11: [阻力警报检查] 当前价格: 70762.66, 目标: 71500
2026-04-13T16:18:11: [Alert Engine] [阻力位突破警报-71500] CHECK_PASSED
2026-04-13T16:20:54: [Alert Engine] [支撑位跌破警报-70500（期权最大痛点）] CHECK_START
2026-04-13T16:20:56: [支撑警报检查] 当前价格: 70720.84, 目标: 70500
2026-04-13T16:20:56: [Alert Engine] [支撑位跌破警报-70500（期权最大痛点）] CHECK_PASSED
2026-04-13T16:20:58: [Alert Engine] [阻力位突破警报-71500] CHECK_START
2026-04-13T16:20:59: [阻力警报检查] 当前价格: 70714.38, 目标: 71500
2026-04-13T16:20:59: [Alert Engine] [阻力位突破警报-71500] CHECK_PASSED
2026-04-13T16:23:39: [Alert Engine] [支撑位跌破警报-70500（期权最大痛点）] CHECK_START
2026-04-13T16:23:41: [Alert Engine] [多空比反转警报（多头强势）] CHECK_START
2026-04-13T16:23:47: [多空比警报检查] 当前多空比: 1.08, 目标: 1.2
2026-04-13T16:23:47: [Alert Engine] [多空比反转警报（多头强势）] CHECK_PASSED
2026-04-13T16:23:47: [支撑警报检查] 当前价格: 70753.05, 目标: 70500
2026-04-13T16:23:47: [Alert Engine] [支撑位跌破警报-70500（期权最大痛点）] CHECK_PASSED
2026-04-13T16:23:47: [Alert Engine] [阻力位突破警报-71500] CHECK_START
2026-04-13T16:23:47: [阻力警报检查] 当前价格: 70747.47, 目标: 71500
2026-04-13T16:23:47: [Alert Engine] [阻力位突破警报-71500] CHECK_PASSED
2026-04-13T16:26:27: [Alert Engine] [支撑位跌破警报-70500（期权最大痛点）] CHECK_START
2026-04-13T16:26:28: [支撑警报检查] 当前价格: 70816.69, 目标: 70500
2026-04-13T16:26:28: [Alert Engine] [支撑位跌破警报-70500（期权最大痛点）] CHECK_PASSED
2026-04-13T16:26:34: [Alert Engine] [阻力位突破警报-71500] CHECK_START
2026-04-13T16:26:37: [阻力警报检查] 当前价格: 70824.38, 目标: 71500
2026-04-13T16:26:37: [Alert Engine] [阻力位突破警报-71500] CHECK_PASSED
2026-04-13T16:29:12: [Alert Engine] [支撑位跌破警报-70500（期权最大痛点）] CHECK_START
2026-04-13T16:29:14: [支撑警报检查] 当前价格: 70786.07, 目标: 70500
2026-04-13T16:29:14: [Alert Engine] [支撑位跌破警报-70500（期权最大痛点）] CHECK_PASSED
2026-04-13T16:29:19: [Alert Engine] [阻力位突破警报-71500] CHECK_START
2026-04-13T16:29:21: [阻力警报检查] 当前价格: 70777.98, 目标: 71500
2026-04-13T16:29:21: [Alert Engine] [阻力位突破警报-71500] CHECK_PASSED
2026-04-13T16:31:59: [Alert Engine] [支撑位跌破警报-70500（期权最大痛点）] CHECK_START
2026-04-13T16:32:00: [支撑警报检查] 当前价格: 70762.44, 目标: 70500
2026-04-13T16:32:00: [Alert Engine] [支撑位跌破警报-70500（期权最大痛点）] CHECK_PASSED
2026-04-13T16:32:07: [Alert Engine] [阻力位突破警报-71500] CHECK_START
2026-04-13T16:32:07: [阻力警报检查] 当前价格: 70775.7, 目标: 71500
2026-04-13T16:32:07: [Alert Engine] [阻力位突破警报-71500] CHECK_PASSED
2026-04-13T16:34:44: [Alert Engine] [支撑位跌破警报-70500（期权最大痛点）] CHECK_START
2026-04-13T16:34:46: [支撑警报检查] 当前价格: 70758.34, 目标: 70500
2026-04-13T16:34:46: [Alert Engine] [支撑位跌破警报-70500（期权最大痛点）] CHECK_PASSED
2026-04-13T16:34:51: [Alert Engine] [阻力位突破警报-71500] CHECK_START
2026-04-13T16:34:53: [阻力警报检查] 当前价格: 70757.5, 目标: 71500
2026-04-13T16:34:53: [Alert Engine] [阻力位突破警报-71500] CHECK_PASSED
2026-04-13T16:37:32: [Alert Engine] [支撑位跌破警报-70500（期权最大痛点）] CHECK_START
2026-04-13T16:37:35: [支撑警报检查] 当前价格: 70746.26, 目标: 70500
2026-04-13T16:37:35: [Alert Engine] [支撑位跌破警报-70500（期权最大痛点）] CHECK_PASSED
2026-04-13T16:37:37: [Alert Engine] [阻力位突破警报-71500] CHECK_START
2026-04-13T16:37:37: [阻力警报检查] 当前价格: 70746.26, 目标: 71500
2026-04-13T16:37:37: [Alert Engine] [阻力位突破警报-71500] CHECK_PASSED
2026-04-13T16:40:17: [Alert Engine] [支撑位跌破警报-70500（期权最大痛点）] CHECK_START
2026-04-13T16:40:19: [支撑警报检查] 当前价格: 70697.73, 目标: 70500
2026-04-13T16:40:19: [Alert Engine] [支撑位跌破警报-70500（期权最大痛点）] CHECK_PASSED
2026-04-13T16:40:24: [Alert Engine] [阻力位突破警报-71500] CHECK_START
2026-04-13T16:40:25: [阻力警报检查] 当前价格: 70696.22, 目标: 71500
2026-04-13T16:40:25: [Alert Engine] [阻力位突破警报-71500] CHECK_PASSED
2026-04-13T16:43:04: [Alert Engine] [支撑位跌破警报-70500（期权最大痛点）] CHECK_START
2026-04-13T16:43:06: [支撑警报检查] 当前价格: 70637.42, 目标: 70500
2026-04-13T16:43:06: [Alert Engine] [支撑位跌破警报-70500（期权最大痛点）] CHECK_PASSED
2026-04-13T16:43:09: [Alert Engine] [阻力位突破警报-71500] CHECK_START
2026-04-13T16:43:10: [阻力警报检查] 当前价格: 70663.05, 目标: 71500
2026-04-13T16:43:10: [Alert Engine] [阻力位突破警报-71500] CHECK_PASSED
2026-04-13T16:45:49: [Alert Engine] [支撑位跌破警报-70500（期权最大痛点）] CHECK_START
2026-04-13T16:45:51: [支撑警报检查] 当前价格: 70588.06, 目标: 70500
2026-04-13T16:45:51: [Alert Engine] [支撑位跌破警报-70500（期权最大痛点）] CHECK_PASSED
2026-04-13T16:45:57: [Alert Engine] [阻力位突破警报-71500] CHECK_START
2026-04-13T16:45:58: [阻力警报检查] 当前价格: 70594.99, 目标: 71500
2026-04-13T16:45:58: [Alert Engine] [阻力位突破警报-71500] CHECK_PASSED
2026-04-13T16:48:37: [Alert Engine] [支撑位跌破警报-70500（期权最大痛点）] CHECK_START
2026-04-13T16:48:38: [支撑警报检查] 当前价格: 70635.36, 目标: 70500
2026-04-13T16:48:38: [Alert Engine] [支撑位跌破警报-70500（期权最大痛点）] CHECK_PASSED
2026-04-13T16:48:42: [Alert Engine] [阻力位突破警报-71500] CHECK_START
2026-04-13T16:48:44: [阻力警报检查] 当前价格: 70652.74, 目标: 71500
2026-04-13T16:48:44: [Alert Engine] [阻力位突破警报-71500] CHECK_PASSED
2026-04-13T16:51:22: [Alert Engine] [支撑位跌破警报-70500（期权最大痛点）] CHECK_START
2026-04-13T16:51:23: [Alert Engine] [多空比反转警报（多头强势）] CHECK_START
2026-04-13T16:51:27: [多空比警报检查] 当前多空比: 1.08, 目标: 1.2
2026-04-13T16:51:27: [Alert Engine] [多空比反转警报（多头强势）] CHECK_PASSED
2026-04-13T16:51:27: [支撑警报检查] 当前价格: 70602.03, 目标: 70500
2026-04-13T16:51:27: [Alert Engine] [支撑位跌破警报-70500（期权最大痛点）] CHECK_PASSED
2026-04-13T16:51:29: [Alert Engine] [阻力位突破警报-71500] CHECK_START
2026-04-13T16:51:30: [阻力警报检查] 当前价格: 70602.22, 目标: 71500
2026-04-13T16:51:30: [Alert Engine] [阻力位突破警报-71500] CHECK_PASSED
2026-04-13T16:54:09: [Alert Engine] [支撑位跌破警报-70500（期权最大痛点）] CHECK_START
2026-04-13T16:54:08: [支撑警报检查] 当前价格: 70644, 目标: 70500
2026-04-13T16:54:08: [Alert Engine] [支撑位跌破警报-70500（期权最大痛点）] CHECK_PASSED
2026-04-13T16:54:14: [Alert Engine] [阻力位突破警报-71500] CHECK_START
2026-04-13T16:54:16: [阻力警报检查] 当前价格: 70638.07, 目标: 71500
2026-04-13T16:54:16: [Alert Engine] [阻力位突破警报-71500] CHECK_PASSED
2026-04-13T16:56:54: [Alert Engine] [支撑位跌破警报-70500（期权最大痛点）] CHECK_START
2026-04-13T16:56:56: [支撑警报检查] 当前价格: 70681.85, 目标: 70500
2026-04-13T16:56:56: [Alert Engine] [支撑位跌破警报-70500（期权最大痛点）] CHECK_PASSED
2026-04-13T16:57:02: [Alert Engine] [阻力位突破警报-71500] CHECK_START
2026-04-13T16:57:05: [阻力警报检查] 当前价格: 70681.85, 目标: 71500
2026-04-13T16:57:05: [Alert Engine] [阻力位突破警报-71500] CHECK_PASSED
2026-04-13T16:59:39: [Alert Engine] [支撑位跌破警报-70500（期权最大痛点）] CHECK_START
2026-04-13T16:59:41: [支撑警报检查] 当前价格: 70701.16, 目标: 70500
2026-04-13T16:59:41: [Alert Engine] [支撑位跌破警报-70500（期权最大痛点）] CHECK_PASSED
2026-04-13T16:59:47: [Alert Engine] [阻力位突破警报-71500] CHECK_START
2026-04-13T16:59:49: [阻力警报检查] 当前价格: 70696.29, 目标: 71500
2026-04-13T16:59:49: [Alert Engine] [阻力位突破警报-71500] CHECK_PASSED
2026-04-13T17:02:27: [Alert Engine] [支撑位跌破警报-70500（期权最大痛点）] CHECK_START
2026-04-13T17:02:28: [支撑警报检查] 当前价格: 70911.84, 目标: 70500
2026-04-13T17:02:28: [Alert Engine] [支撑位跌破警报-70500（期权最大痛点）] CHECK_PASSED
2026-04-13T17:02:34: [Alert Engine] [阻力位突破警报-71500] CHECK_START
2026-04-13T17:02:35: [阻力警报检查] 当前价格: 70902.85, 目标: 71500
2026-04-13T17:02:35: [Alert Engine] [阻力位突破警报-71500] CHECK_PASSED
2026-04-13T17:05:12: [Alert Engine] [支撑位跌破警报-70500（期权最大痛点）] CHECK_START
2026-04-13T17:05:14: [支撑警报检查] 当前价格: 70846.86, 目标: 70500
2026-04-13T17:05:14: [Alert Engine] [支撑位跌破警报-70500（期权最大痛点）] CHECK_PASSED
2026-04-13T17:05:19: [Alert Engine] [阻力位突破警报-71500] CHECK_START
2026-04-13T17:05:21: [阻力警报检查] 当前价格: 70844.97, 目标: 71500
2026-04-13T17:05:21: [Alert Engine] [阻力位突破警报-71500] CHECK_PASSED
2026-04-13T17:07:59: [Alert Engine] [支撑位跌破警报-70500（期权最大痛点）] CHECK_START
2026-04-13T17:08:00: [支撑警报检查] 当前价格: 70803.21, 目标: 70500
2026-04-13T17:08:00: [Alert Engine] [支撑位跌破警报-70500（期权最大痛点）] CHECK_PASSED
2026-04-13T17:08:06: [Alert Engine] [阻力位突破警报-71500] CHECK_START
2026-04-13T17:08:08: [阻力警报检查] 当前价格: 70810.95, 目标: 71500
2026-04-13T17:08:08: [Alert Engine] [阻力位突破警报-71500] CHECK_PASSED
2026-04-13T17:10:44: [Alert Engine] [支撑位跌破警报-70500（期权最大痛点）] CHECK_START
2026-04-13T17:10:45: [支撑警报检查] 当前价格: 70722.57, 目标: 70500
2026-04-13T17:10:45: [Alert Engine] [支撑位跌破警报-70500（期权最大痛点）] CHECK_PASSED
2026-04-13T17:10:52: [Alert Engine] [阻力位突破警报-71500] CHECK_START
2026-04-13T17:10:54: [阻力警报检查] 当前价格: 70722.57, 目标: 71500
2026-04-13T17:10:54: [Alert Engine] [阻力位突破警报-71500] CHECK_PASSED
2026-04-13T17:13:32: [Alert Engine] [支撑位跌破警报-70500（期权最大痛点）] CHECK_START
2026-04-13T17:13:34: [支撑警报检查] 当前价格: 70733.87, 目标: 70500
2026-04-13T17:13:34: [Alert Engine] [支撑位跌破警报-70500（期权最大痛点）] CHECK_PASSED
2026-04-13T17:13:39: [Alert Engine] [阻力位突破警报-71500] CHECK_START
2026-04-13T17:13:39: [阻力警报检查] 当前价格: 70733.87, 目标: 71500
2026-04-13T17:13:39: [Alert Engine] [阻力位突破警报-71500] CHECK_PASSED
2026-04-13T17:16:17: [Alert Engine] [支撑位跌破警报-70500（期权最大痛点）] CHECK_START
2026-04-13T17:16:19: [支撑警报检查] 当前价格: 70697.39, 目标: 70500
2026-04-13T17:16:19: [Alert Engine] [支撑位跌破警报-70500（期权最大痛点）] CHECK_PASSED
2026-04-13T17:16:24: [Alert Engine] [阻力位突破警报-71500] CHECK_START
2026-04-13T17:16:27: [阻力警报检查] 当前价格: 70697.87, 目标: 71500
2026-04-13T17:16:27: [Alert Engine] [阻力位突破警报-71500] CHECK_PASSED
2026-04-13T17:19:04: [Alert Engine] [支撑位跌破警报-70500（期权最大痛点）] CHECK_START
2026-04-13T17:19:06: [Alert Engine] [多空比反转警报（多头强势）] CHECK_START
2026-04-13T17:19:08: [多空比警报检查] 当前多空比: 1.08, 目标: 1.2
2026-04-13T17:19:08: [Alert Engine] [多空比反转警报（多头强势）] CHECK_PASSED
2026-04-13T17:19:10: [支撑警报检查] 当前价格: 70714.34, 目标: 70500
2026-04-13T17:19:10: [Alert Engine] [支撑位跌破警报-70500（期权最大痛点）] CHECK_PASSED
2026-04-13T17:19:09: [Alert Engine] [阻力位突破警报-71500] CHECK_START
2026-04-13T17:19:10: [阻力警报检查] 当前价格: 70714.34, 目标: 71500
2026-04-13T17:19:10: [Alert Engine] [阻力位突破警报-71500] CHECK_PASSED
2026-04-13T17:21:51: [Alert Engine] [支撑位跌破警报-70500（期权最大痛点）] CHECK_START
2026-04-13T17:21:53: [支撑警报检查] 当前价格: 70753.42, 目标: 70500
2026-04-13T17:21:53: [Alert Engine] [支撑位跌破警报-70500（期权最大痛点）] CHECK_PASSED
2026-04-13T17:21:55: [Alert Engine] [阻力位突破警报-71500] CHECK_START
2026-04-13T17:21:57: [阻力警报检查] 当前价格: 70751.77, 目标: 71500
2026-04-13T17:21:57: [Alert Engine] [阻力位突破警报-71500] CHECK_PASSED
2026-04-13T17:24:36: [Alert Engine] [支撑位跌破警报-70500（期权最大痛点）] CHECK_START
2026-04-13T17:24:40: [支撑警报检查] 当前价格: 70752.8, 目标: 70500
2026-04-13T17:24:40: [Alert Engine] [支撑位跌破警报-70500（期权最大痛点）] CHECK_PASSED
2026-04-13T17:24:43: [Alert Engine] [阻力位突破警报-71500] CHECK_START
2026-04-13T17:24:45: [阻力警报检查] 当前价格: 70758, 目标: 71500
2026-04-13T17:24:45: [Alert Engine] [阻力位突破警报-71500] CHECK_PASSED
2026-04-13T17:27:23: [Alert Engine] [支撑位跌破警报-70500（期权最大痛点）] CHECK_START
2026-04-13T17:27:22: [支撑警报检查] 当前价格: 70804.15, 目标: 70500
2026-04-13T17:27:22: [Alert Engine] [支撑位跌破警报-70500（期权最大痛点）] CHECK_PASSED
2026-04-13T17:27:28: [Alert Engine] [阻力位突破警报-71500] CHECK_START
2026-04-13T17:27:29: [阻力警报检查] 当前价格: 70803.96, 目标: 71500
2026-04-13T17:27:29: [Alert Engine] [阻力位突破警报-71500] CHECK_PASSED
2026-04-13T17:30:08: [Alert Engine] [支撑位跌破警报-70500（期权最大痛点）] CHECK_START
2026-04-13T17:30:09: [支撑警报检查] 当前价格: 70805.21, 目标: 70500
2026-04-13T17:30:09: [Alert Engine] [支撑位跌破警报-70500（期权最大痛点）] CHECK_PASSED
2026-04-13T17:30:16: [Alert Engine] [阻力位突破警报-71500] CHECK_START
2026-04-13T17:30:17: [阻力警报检查] 当前价格: 70803.38, 目标: 71500
2026-04-13T17:30:17: [Alert Engine] [阻力位突破警报-71500] CHECK_PASSED
2026-04-13T17:32:53: [Alert Engine] [支撑位跌破警报-70500（期权最大痛点）] CHECK_START
2026-04-13T17:32:55: [支撑警报检查] 当前价格: 70815.25, 目标: 70500
2026-04-13T17:32:55: [Alert Engine] [支撑位跌破警报-70500（期权最大痛点）] CHECK_PASSED
2026-04-13T17:33:01: [Alert Engine] [阻力位突破警报-71500] CHECK_START
2026-04-13T17:33:01: [阻力警报检查] 当前价格: 70816.54, 目标: 71500
2026-04-13T17:33:01: [Alert Engine] [阻力位突破警报-71500] CHECK_PASSED
2026-04-13T17:35:41: [Alert Engine] [支撑位跌破警报-70500（期权最大痛点）] CHECK_START
2026-04-13T17:35:42: [支撑警报检查] 当前价格: 70837.24, 目标: 70500
2026-04-13T17:35:42: [Alert Engine] [支撑位跌破警报-70500（期权最大痛点）] CHECK_PASSED
2026-04-13T17:35:48: [Alert Engine] [阻力位突破警报-71500] CHECK_START
2026-04-13T17:35:49: [阻力警报检查] 当前价格: 70835.12, 目标: 71500
2026-04-13T17:35:49: [Alert Engine] [阻力位突破警报-71500] CHECK_PASSED
2026-04-13T17:38:26: [Alert Engine] [支撑位跌破警报-70500（期权最大痛点）] CHECK_START
2026-04-13T17:38:27: [支撑警报检查] 当前价格: 70814.45, 目标: 70500
2026-04-13T17:38:27: [Alert Engine] [支撑位跌破警报-70500（期权最大痛点）] CHECK_PASSED
2026-04-13T17:38:33: [Alert Engine] [阻力位突破警报-71500] CHECK_START
2026-04-13T17:38:34: [阻力警报检查] 当前价格: 70814.5, 目标: 71500
2026-04-13T17:38:34: [Alert Engine] [阻力位突破警报-71500] CHECK_PASSED
2026-04-13T17:41:13: [Alert Engine] [支撑位跌破警报-70500（期权最大痛点）] CHECK_START
2026-04-13T17:41:14: [支撑警报检查] 当前价格: 70815.93, 目标: 70500
2026-04-13T17:41:14: [Alert Engine] [支撑位跌破警报-70500（期权最大痛点）] CHECK_PASSED
2026-04-13T17:41:20: [Alert Engine] [阻力位突破警报-71500] CHECK_START
2026-04-13T17:41:21: [阻力警报检查] 当前价格: 70815.3, 目标: 71500
2026-04-13T17:41:21: [Alert Engine] [阻力位突破警报-71500] CHECK_PASSED
2026-04-13T17:43:58: [Alert Engine] [支撑位跌破警报-70500（期权最大痛点）] CHECK_START
2026-04-13T17:44:00: [支撑警报检查] 当前价格: 70783.01, 目标: 70500
2026-04-13T17:44:00: [Alert Engine] [支撑位跌破警报-70500（期权最大痛点）] CHECK_PASSED
2026-04-13T17:44:05: [Alert Engine] [阻力位突破警报-71500] CHECK_START
2026-04-13T17:44:07: [阻力警报检查] 当前价格: 70782.94, 目标: 71500
2026-04-13T17:44:07: [Alert Engine] [阻力位突破警报-71500] CHECK_PASSED
2026-04-13T17:46:46: [Alert Engine] [支撑位跌破警报-70500（期权最大痛点）] CHECK_START
2026-04-13T17:46:47: [支撑警报检查] 当前价格: 70781.47, 目标: 70500
2026-04-13T17:46:47: [Alert Engine] [支撑位跌破警报-70500（期权最大痛点）] CHECK_PASSED
2026-04-13T17:46:47: [Alert Engine] [多空比反转警报（多头强势）] CHECK_START
2026-04-13T17:46:48: [多空比警报检查] 当前多空比: 1.08, 目标: 1.2
2026-04-13T17:46:48: [Alert Engine] [多空比反转警报（多头强势）] CHECK_PASSED
2026-04-13T17:46:53: [Alert Engine] [阻力位突破警报-71500] CHECK_START
2026-04-13T17:46:54: [阻力警报检查] 当前价格: 70783.15, 目标: 71500
2026-04-13T17:46:54: [Alert Engine] [阻力位突破警报-71500] CHECK_PASSED
2026-04-13T17:49:31: [Alert Engine] [支撑位跌破警报-70500（期权最大痛点）] CHECK_START
2026-04-13T17:49:32: [支撑警报检查] 当前价格: 70786.32, 目标: 70500
2026-04-13T17:49:32: [Alert Engine] [支撑位跌破警报-70500（期权最大痛点）] CHECK_PASSED
2026-04-13T17:49:38: [Alert Engine] [阻力位突破警报-71500] CHECK_START
2026-04-13T17:49:39: [阻力警报检查] 当前价格: 70793.95, 目标: 71500
2026-04-13T17:49:39: [Alert Engine] [阻力位突破警报-71500] CHECK_PASSED
2026-04-13T17:52:18: [Alert Engine] [支撑位跌破警报-70500（期权最大痛点）] CHECK_START
2026-04-13T17:52:19: [支撑警报检查] 当前价格: 70793.73, 目标: 70500
2026-04-13T17:52:19: [Alert Engine] [支撑位跌破警报-70500（期权最大痛点）] CHECK_PASSED
2026-04-13T17:52:23: [Alert Engine] [阻力位突破警报-71500] CHECK_START
2026-04-13T17:52:24: [阻力警报检查] 当前价格: 70793.73, 目标: 71500
2026-04-13T17:52:24: [Alert Engine] [阻力位突破警报-71500] CHECK_PASSED
2026-04-13T17:55:03: [Alert Engine] [支撑位跌破警报-70500（期权最大痛点）] CHECK_START
2026-04-13T17:55:05: [支撑警报检查] 当前价格: 70783.36, 目标: 70500
2026-04-13T17:55:05: [Alert Engine] [支撑位跌破警报-70500（期权最大痛点）] CHECK_PASSED
2026-04-13T17:55:11: [Alert Engine] [阻力位突破警报-71500] CHECK_START
2026-04-13T17:55:12: [阻力警报检查] 当前价格: 70783.36, 目标: 71500
2026-04-13T17:55:12: [Alert Engine] [阻力位突破警报-71500] CHECK_PASSED
2026-04-13T17:57:51: [Alert Engine] [支撑位跌破警报-70500（期权最大痛点）] CHECK_START
2026-04-13T17:57:52: [支撑警报检查] 当前价格: 70797.65, 目标: 70500
2026-04-13T17:57:52: [Alert Engine] [支撑位跌破警报-70500（期权最大痛点）] CHECK_PASSED
2026-04-13T17:57:56: [Alert Engine] [阻力位突破警报-71500] CHECK_START
2026-04-13T17:57:57: [阻力警报检查] 当前价格: 70797.65, 目标: 71500
2026-04-13T17:57:57: [Alert Engine] [阻力位突破警报-71500] CHECK_PASSED
2026-04-13T18:00:36: [Alert Engine] [支撑位跌破警报-70500（期权最大痛点）] CHECK_START
2026-04-13T18:00:37: [支撑警报检查] 当前价格: 70805.33, 目标: 70500
2026-04-13T18:00:37: [Alert Engine] [支撑位跌破警报-70500（期权最大痛点）] CHECK_PASSED
2026-04-13T18:00:43: [Alert Engine] [阻力位突破警报-71500] CHECK_START
2026-04-13T18:00:44: [阻力警报检查] 当前价格: 70804.02, 目标: 71500
2026-04-13T18:00:44: [Alert Engine] [阻力位突破警报-71500] CHECK_PASSED
2026-04-13T18:03:23: [Alert Engine] [支撑位跌破警报-70500（期权最大痛点）] CHECK_START
2026-04-13T18:03:24: [支撑警报检查] 当前价格: 70792.12, 目标: 70500
2026-04-13T18:03:24: [Alert Engine] [支撑位跌破警报-70500（期权最大痛点）] CHECK_PASSED
2026-04-13T18:03:28: [Alert Engine] [阻力位突破警报-71500] CHECK_START
2026-04-13T18:03:29: [阻力警报检查] 当前价格: 70790.36, 目标: 71500
2026-04-13T18:03:29: [Alert Engine] [阻力位突破警报-71500] CHECK_PASSED
2026-04-13T18:06:08: [Alert Engine] [支撑位跌破警报-70500（期权最大痛点）] CHECK_START
2026-04-13T18:06:09: [支撑警报检查] 当前价格: 70844.52, 目标: 70500
2026-04-13T18:06:09: [Alert Engine] [支撑位跌破警报-70500（期权最大痛点）] CHECK_PASSED
2026-04-13T18:06:16: [Alert Engine] [阻力位突破警报-71500] CHECK_START
2026-04-13T18:06:16: [阻力警报检查] 当前价格: 70841.85, 目标: 71500
2026-04-13T18:06:16: [Alert Engine] [阻力位突破警报-71500] CHECK_PASSED
2026-04-13T18:08:56: [Alert Engine] [支撑位跌破警报-70500（期权最大痛点）] CHECK_START
2026-04-13T18:08:54: [支撑警报检查] 当前价格: 70844.31, 目标: 70500
2026-04-13T18:08:54: [Alert Engine] [支撑位跌破警报-70500（期权最大痛点）] CHECK_PASSED
2026-04-13T18:09:01: [Alert Engine] [阻力位突破警报-71500] CHECK_START
2026-04-13T18:09:01: [阻力警报检查] 当前价格: 70850.98, 目标: 71500
2026-04-13T18:09:01: [Alert Engine] [阻力位突破警报-71500] CHECK_PASSED
2026-04-13T18:11:41: [Alert Engine] [支撑位跌破警报-70500（期权最大痛点）] CHECK_START
2026-04-13T18:11:42: [支撑警报检查] 当前价格: 70831.85, 目标: 70500
2026-04-13T18:11:42: [Alert Engine] [支撑位跌破警报-70500（期权最大痛点）] CHECK_PASSED
2026-04-13T18:11:48: [Alert Engine] [阻力位突破警报-71500] CHECK_START
2026-04-13T18:11:50: [阻力警报检查] 当前价格: 70833.43, 目标: 71500
2026-04-13T18:11:50: [Alert Engine] [阻力位突破警报-71500] CHECK_PASSED
2026-04-13T18:14:26: [Alert Engine] [支撑位跌破警报-70500（期权最大痛点）] CHECK_START
2026-04-13T18:14:27: [支撑警报检查] 当前价格: 70835.52, 目标: 70500
2026-04-13T18:14:27: [Alert Engine] [支撑位跌破警报-70500（期权最大痛点）] CHECK_PASSED
2026-04-13T18:14:27: [Alert Engine] [多空比反转警报（多头强势）] CHECK_START
2026-04-13T18:14:29: [多空比警报检查] 当前多空比: 1.08, 目标: 1.2
2026-04-13T18:14:29: [Alert Engine] [多空比反转警报（多头强势）] CHECK_PASSED
2026-04-13T18:14:33: [Alert Engine] [阻力位突破警报-71500] CHECK_START
2026-04-13T18:14:36: [阻力警报检查] 当前价格: 70835.52, 目标: 71500
2026-04-13T18:14:36: [Alert Engine] [阻力位突破警报-71500] CHECK_PASSED
2026-04-13T18:17:13: [Alert Engine] [支撑位跌破警报-70500（期权最大痛点）] CHECK_START
2026-04-13T18:17:14: [支撑警报检查] 当前价格: 70751.36, 目标: 70500
2026-04-13T18:17:14: [Alert Engine] [支撑位跌破警报-70500（期权最大痛点）] CHECK_PASSED
2026-04-13T18:17:21: [Alert Engine] [阻力位突破警报-71500] CHECK_START
2026-04-13T18:17:22: [阻力警报检查] 当前价格: 70752.09, 目标: 71500
2026-04-13T18:17:22: [Alert Engine] [阻力位突破警报-71500] CHECK_PASSED
2026-04-13T18:20:06: [Alert Engine] [支撑位跌破警报-70500（期权最大痛点）] CHECK_START
2026-04-13T18:20:07: [支撑警报检查] 当前价格: 70788.02, 目标: 70500
2026-04-13T18:20:07: [Alert Engine] [支撑位跌破警报-70500（期权最大痛点）] CHECK_PASSED
2026-04-13T18:20:13: [Alert Engine] [阻力位突破警报-71500] CHECK_START
2026-04-13T18:20:14: [阻力警报检查] 当前价格: 70785.58, 目标: 71500
2026-04-13T18:20:14: [Alert Engine] [阻力位突破警报-71500] CHECK_PASSED
2026-04-13T18:22:51: [Alert Engine] [支撑位跌破警报-70500（期权最大痛点）] CHECK_START
2026-04-13T18:22:52: [支撑警报检查] 当前价格: 70814.6, 目标: 70500
2026-04-13T18:22:52: [Alert Engine] [支撑位跌破警报-70500（期权最大痛点）] CHECK_PASSED
2026-04-13T18:22:59: [Alert Engine] [阻力位突破警报-71500] CHECK_START
2026-04-13T18:22:59: [阻力警报检查] 当前价格: 70814.94, 目标: 71500
2026-04-13T18:22:59: [Alert Engine] [阻力位突破警报-71500] CHECK_PASSED
2026-04-13T18:25:39: [Alert Engine] [支撑位跌破警报-70500（期权最大痛点）] CHECK_START
2026-04-13T18:25:40: [支撑警报检查] 当前价格: 70771.55, 目标: 70500
2026-04-13T18:25:40: [Alert Engine] [支撑位跌破警报-70500（期权最大痛点）] CHECK_PASSED
2026-04-13T18:25:47: [Alert Engine] [阻力位突破警报-71500] CHECK_START
2026-04-13T18:25:47: [阻力警报检查] 当前价格: 70771.7, 目标: 71500
2026-04-13T18:25:47: [Alert Engine] [阻力位突破警报-71500] CHECK_PASSED
2026-04-13T18:28:24: [Alert Engine] [支撑位跌破警报-70500（期权最大痛点）] CHECK_START
2026-04-13T18:28:26: [支撑警报检查] 当前价格: 70769.04, 目标: 70500
2026-04-13T18:28:26: [Alert Engine] [支撑位跌破警报-70500（期权最大痛点）] CHECK_PASSED
2026-04-13T18:28:32: [Alert Engine] [阻力位突破警报-71500] CHECK_START
2026-04-13T18:28:34: [阻力警报检查] 当前价格: 70802.35, 目标: 71500
2026-04-13T18:28:34: [Alert Engine] [阻力位突破警报-71500] CHECK_PASSED
2026-04-13T18:31:12: [Alert Engine] [支撑位跌破警报-70500（期权最大痛点）] CHECK_START
2026-04-13T18:31:14: [支撑警报检查] 当前价格: 70798.81, 目标: 70500
2026-04-13T18:31:14: [Alert Engine] [支撑位跌破警报-70500（期权最大痛点）] CHECK_PASSED
2026-04-13T18:31:20: [Alert Engine] [阻力位突破警报-71500] CHECK_START
2026-04-13T18:31:21: [阻力警报检查] 当前价格: 70798.81, 目标: 71500
2026-04-13T18:31:21: [Alert Engine] [阻力位突破警报-71500] CHECK_PASSED
2026-04-13T18:33:57: [Alert Engine] [支撑位跌破警报-70500（期权最大痛点）] CHECK_START
2026-04-13T18:33:58: [支撑警报检查] 当前价格: 70768.79, 目标: 70500
2026-04-13T18:33:58: [Alert Engine] [支撑位跌破警报-70500（期权最大痛点）] CHECK_PASSED
2026-04-13T18:34:05: [Alert Engine] [阻力位突破警报-71500] CHECK_START
2026-04-13T18:34:05: [阻力警报检查] 当前价格: 70768.79, 目标: 71500
2026-04-13T18:34:05: [Alert Engine] [阻力位突破警报-71500] CHECK_PASSED
2026-04-13T18:36:44: [Alert Engine] [支撑位跌破警报-70500（期权最大痛点）] CHECK_START
2026-04-13T18:36:46: [支撑警报检查] 当前价格: 70763.55, 目标: 70500
2026-04-13T18:36:46: [Alert Engine] [支撑位跌破警报-70500（期权最大痛点）] CHECK_PASSED
2026-04-13T18:36:52: [Alert Engine] [阻力位突破警报-71500] CHECK_START
2026-04-13T18:36:52: [阻力警报检查] 当前价格: 70755.71, 目标: 71500
2026-04-13T18:36:52: [Alert Engine] [阻力位突破警报-71500] CHECK_PASSED
2026-04-13T18:39:29: [Alert Engine] [支撑位跌破警报-70500（期权最大痛点）] CHECK_START
2026-04-13T18:39:32: [支撑警报检查] 当前价格: 70851.02, 目标: 70500
2026-04-13T18:39:32: [Alert Engine] [支撑位跌破警报-70500（期权最大痛点）] CHECK_PASSED
2026-04-13T18:39:37: [Alert Engine] [阻力位突破警报-71500] CHECK_START
2026-04-13T18:39:38: [阻力警报检查] 当前价格: 70850.2, 目标: 71500
2026-04-13T18:39:38: [Alert Engine] [阻力位突破警报-71500] CHECK_PASSED
2026-04-13T18:42:16: [Alert Engine] [支撑位跌破警报-70500（期权最大痛点）] CHECK_START
2026-04-13T18:42:17: [Alert Engine] [多空比反转警报（多头强势）] CHECK_START
2026-04-13T18:42:20: [多空比警报检查] 当前多空比: 1.08, 目标: 1.2
2026-04-13T18:42:20: [Alert Engine] [多空比反转警报（多头强势）] CHECK_PASSED
2026-04-13T18:42:20: [支撑警报检查] 当前价格: 70810.12, 目标: 70500
2026-04-13T18:42:20: [Alert Engine] [支撑位跌破警报-70500（期权最大痛点）] CHECK_PASSED
2026-04-13T18:42:23: [Alert Engine] [阻力位突破警报-71500] CHECK_START
2026-04-13T18:42:25: [阻力警报检查] 当前价格: 70811.78, 目标: 71500
2026-04-13T18:42:25: [Alert Engine] [阻力位突破警报-71500] CHECK_PASSED
2026-04-13T18:45:02: [Alert Engine] [支撑位跌破警报-70500（期权最大痛点）] CHECK_START
2026-04-13T18:45:03: [支撑警报检查] 当前价格: 70783.51, 目标: 70500
2026-04-13T18:45:03: [Alert Engine] [支撑位跌破警报-70500（期权最大痛点）] CHECK_PASSED
2026-04-13T18:45:10: [Alert Engine] [阻力位突破警报-71500] CHECK_START
2026-04-13T18:45:12: [阻力警报检查] 当前价格: 70774.44, 目标: 71500
2026-04-13T18:45:12: [Alert Engine] [阻力位突破警报-71500] CHECK_PASSED
2026-04-13T18:47:50: [Alert Engine] [支撑位跌破警报-70500（期权最大痛点）] CHECK_START
2026-04-13T18:47:51: [支撑警报检查] 当前价格: 70796.32, 目标: 70500
2026-04-13T18:47:51: [Alert Engine] [支撑位跌破警报-70500（期权最大痛点）] CHECK_PASSED
2026-04-13T18:47:55: [Alert Engine] [阻力位突破警报-71500] CHECK_START
2026-04-13T18:47:56: [阻力警报检查] 当前价格: 70800.49, 目标: 71500
2026-04-13T18:47:56: [Alert Engine] [阻力位突破警报-71500] CHECK_PASSED
2026-04-13T18:50:35: [Alert Engine] [支撑位跌破警报-70500（期权最大痛点）] CHECK_START
2026-04-13T18:50:36: [支撑警报检查] 当前价格: 70786.47, 目标: 70500
2026-04-13T18:50:36: [Alert Engine] [支撑位跌破警报-70500（期权最大痛点）] CHECK_PASSED
2026-04-13T18:50:42: [Alert Engine] [阻力位突破警报-71500] CHECK_START
2026-04-13T18:50:43: [阻力警报检查] 当前价格: 70775.85, 目标: 71500
2026-04-13T18:50:43: [Alert Engine] [阻力位突破警报-71500] CHECK_PASSED
2026-04-13T18:53:21: [Alert Engine] [支撑位跌破警报-70500（期权最大痛点）] CHECK_START
2026-04-13T18:53:23: [支撑警报检查] 当前价格: 70784.88, 目标: 70500
2026-04-13T18:53:23: [Alert Engine] [支撑位跌破警报-70500（期权最大痛点）] CHECK_PASSED
2026-04-13T18:53:28: [Alert Engine] [阻力位突破警报-71500] CHECK_START
2026-04-13T18:53:30: [阻力警报检查] 当前价格: 70784.88, 目标: 71500
2026-04-13T18:53:30: [Alert Engine] [阻力位突破警报-71500] CHECK_PASSED
2026-04-13T18:56:06: [Alert Engine] [支撑位跌破警报-70500（期权最大痛点）] CHECK_START
2026-04-13T18:56:07: [支撑警报检查] 当前价格: 70756.52, 目标: 70500
2026-04-13T18:56:07: [Alert Engine] [支撑位跌破警报-70500（期权最大痛点）] CHECK_PASSED
2026-04-13T18:56:13: [Alert Engine] [阻力位突破警报-71500] CHECK_START
2026-04-13T18:56:15: [阻力警报检查] 当前价格: 70756.52, 目标: 71500
2026-04-13T18:56:15: [Alert Engine] [阻力位突破警报-71500] CHECK_PASSED
2026-04-13T18:58:53: [Alert Engine] [支撑位跌破警报-70500（期权最大痛点）] CHECK_START
2026-04-13T18:58:55: [支撑警报检查] 当前价格: 70758.12, 目标: 70500
2026-04-13T18:58:55: [Alert Engine] [支撑位跌破警报-70500（期权最大痛点）] CHECK_PASSED
2026-04-13T18:59:01: [Alert Engine] [阻力位突破警报-71500] CHECK_START
2026-04-13T18:59:03: [阻力警报检查] 当前价格: 70751.52, 目标: 71500
2026-04-13T18:59:03: [Alert Engine] [阻力位突破警报-71500] CHECK_PASSED
2026-04-13T19:01:41: [Alert Engine] [支撑位跌破警报-70500（期权最大痛点）] CHECK_START
2026-04-13T19:01:42: [支撑警报检查] 当前价格: 70779.22, 目标: 70500
2026-04-13T19:01:42: [Alert Engine] [支撑位跌破警报-70500（期权最大痛点）] CHECK_PASSED
2026-04-13T19:01:48: [Alert Engine] [阻力位突破警报-71500] CHECK_START
2026-04-13T19:01:51: [阻力警报检查] 当前价格: 70779.71, 目标: 71500
2026-04-13T19:01:51: [Alert Engine] [阻力位突破警报-71500] CHECK_PASSED
2026-04-13T19:04:25: [Alert Engine] [支撑位跌破警报-70500（期权最大痛点）] CHECK_START
2026-04-13T19:04:26: [支撑警报检查] 当前价格: 70852.68, 目标: 70500
2026-04-13T19:04:26: [Alert Engine] [支撑位跌破警报-70500（期权最大痛点）] CHECK_PASSED
2026-04-13T19:04:32: [Alert Engine] [阻力位突破警报-71500] CHECK_START
2026-04-13T19:04:43: [阻力警报检查] 当前价格: 70858.16, 目标: 71500
2026-04-13T19:04:43: [Alert Engine] [阻力位突破警报-71500] CHECK_PASSED
2026-04-13T19:07:12: [Alert Engine] [支撑位跌破警报-70500（期权最大痛点）] CHECK_START
2026-04-13T19:07:17: [支撑警报检查] 当前价格: 70878.18, 目标: 70500
2026-04-13T19:07:17: [Alert Engine] [支撑位跌破警报-70500（期权最大痛点）] CHECK_PASSED
2026-04-13T19:07:17: [Alert Engine] [阻力位突破警报-71500] CHECK_START
2026-04-13T19:07:18: [阻力警报检查] 当前价格: 70878.18, 目标: 71500
2026-04-13T19:07:18: [Alert Engine] [阻力位突破警报-71500] CHECK_PASSED
2026-04-13T19:10:00: [Alert Engine] [支撑位跌破警报-70500（期权最大痛点）] CHECK_START
2026-04-13T19:10:01: [Alert Engine] [多空比反转警报（多头强势）] CHECK_START
2026-04-13T19:10:02: [多空比警报检查] 当前多空比: 1.08, 目标: 1.2
2026-04-13T19:10:02: [Alert Engine] [多空比反转警报（多头强势）] CHECK_PASSED
2026-04-13T19:10:02: [支撑警报检查] 当前价格: 70861.36, 目标: 70500
2026-04-13T19:10:02: [Alert Engine] [支撑位跌破警报-70500（期权最大痛点）] CHECK_PASSED
2026-04-13T19:10:04: [Alert Engine] [阻力位突破警报-71500] CHECK_START
2026-04-13T19:10:04: [阻力警报检查] 当前价格: 70866.05, 目标: 71500
2026-04-13T19:10:04: [Alert Engine] [阻力位突破警报-71500] CHECK_PASSED
2026-04-13T19:12:45: [Alert Engine] [支撑位跌破警报-70500（期权最大痛点）] CHECK_START
2026-04-13T19:12:47: [支撑警报检查] 当前价格: 70880.57, 目标: 70500
2026-04-13T19:12:47: [Alert Engine] [支撑位跌破警报-70500（期权最大痛点）] CHECK_PASSED
2026-04-13T19:12:50: [Alert Engine] [阻力位突破警报-71500] CHECK_START
2026-04-13T19:12:51: [阻力警报检查] 当前价格: 70870.39, 目标: 71500
2026-04-13T19:12:51: [Alert Engine] [阻力位突破警报-71500] CHECK_PASSED
2026-04-13T19:15:30: [Alert Engine] [支撑位跌破警报-70500（期权最大痛点）] CHECK_START
2026-04-13T19:15:32: [支撑警报检查] 当前价格: 70890.73, 目标: 70500
2026-04-13T19:15:32: [Alert Engine] [支撑位跌破警报-70500（期权最大痛点）] CHECK_PASSED
2026-04-13T19:15:38: [Alert Engine] [阻力位突破警报-71500] CHECK_START
2026-04-13T19:15:39: [阻力警报检查] 当前价格: 70894.03, 目标: 71500
2026-04-13T19:15:39: [Alert Engine] [阻力位突破警报-71500] CHECK_PASSED
2026-04-13T19:18:18: [Alert Engine] [支撑位跌破警报-70500（期权最大痛点）] CHECK_START
2026-04-13T19:18:18: [支撑警报检查] 当前价格: 70881, 目标: 70500
2026-04-13T19:18:18: [Alert Engine] [支撑位跌破警报-70500（期权最大痛点）] CHECK_PASSED
2026-04-13T19:18:23: [Alert Engine] [阻力位突破警报-71500] CHECK_START
2026-04-13T19:18:23: [阻力警报检查] 当前价格: 70886.11, 目标: 71500
2026-04-13T19:18:23: [Alert Engine] [阻力位突破警报-71500] CHECK_PASSED
2026-04-13T19:21:03: [Alert Engine] [支撑位跌破警报-70500（期权最大痛点）] CHECK_START
2026-04-13T19:21:05: [支撑警报检查] 当前价格: 70890.12, 目标: 70500
2026-04-13T19:21:05: [Alert Engine] [支撑位跌破警报-70500（期权最大痛点）] CHECK_PASSED
2026-04-13T19:21:10: [Alert Engine] [阻力位突破警报-71500] CHECK_START
2026-04-13T19:21:12: [阻力警报检查] 当前价格: 70894.16, 目标: 71500
2026-04-13T19:21:12: [Alert Engine] [阻力位突破警报-71500] CHECK_PASSED
2026-04-13T19:23:49: [Alert Engine] [支撑位跌破警报-70500（期权最大痛点）] CHECK_START
2026-04-13T19:23:51: [支撑警报检查] 当前价格: 70892.01, 目标: 70500
2026-04-13T19:23:51: [Alert Engine] [支撑位跌破警报-70500（期权最大痛点）] CHECK_PASSED
2026-04-13T19:23:57: [Alert Engine] [阻力位突破警报-71500] CHECK_START
2026-04-13T19:23:59: [阻力警报检查] 当前价格: 70892.92, 目标: 71500
2026-04-13T19:23:59: [Alert Engine] [阻力位突破警报-71500] CHECK_PASSED
2026-04-13T19:26:34: [Alert Engine] [支撑位跌破警报-70500（期权最大痛点）] CHECK_START
2026-04-13T19:26:36: [支撑警报检查] 当前价格: 70876.61, 目标: 70500
2026-04-13T19:26:36: [Alert Engine] [支撑位跌破警报-70500（期权最大痛点）] CHECK_PASSED
2026-04-13T19:26:41: [Alert Engine] [阻力位突破警报-71500] CHECK_START
2026-04-13T19:26:43: [阻力警报检查] 当前价格: 70882.11, 目标: 71500
2026-04-13T19:26:43: [Alert Engine] [阻力位突破警报-71500] CHECK_PASSED
2026-04-13T19:29:21: [Alert Engine] [支撑位跌破警报-70500（期权最大痛点）] CHECK_START
2026-04-13T19:29:22: [支撑警报检查] 当前价格: 70887.59, 目标: 70500
2026-04-13T19:29:22: [Alert Engine] [支撑位跌破警报-70500（期权最大痛点）] CHECK_PASSED
2026-04-13T19:29:28: [Alert Engine] [阻力位突破警报-71500] CHECK_START
2026-04-13T19:29:30: [阻力警报检查] 当前价格: 70885.28, 目标: 71500
2026-04-13T19:29:30: [Alert Engine] [阻力位突破警报-71500] CHECK_PASSED
2026-04-13T19:32:08: [Alert Engine] [支撑位跌破警报-70500（期权最大痛点）] CHECK_START
2026-04-13T19:32:09: [支撑警报检查] 当前价格: 70897.66, 目标: 70500
2026-04-13T19:32:09: [Alert Engine] [支撑位跌破警报-70500（期权最大痛点）] CHECK_PASSED
2026-04-13T19:32:16: [Alert Engine] [阻力位突破警报-71500] CHECK_START
2026-04-13T19:32:15: [阻力警报检查] 当前价格: 70884.7, 目标: 71500
2026-04-13T19:32:15: [Alert Engine] [阻力位突破警报-71500] CHECK_PASSED
2026-04-13T19:34:53: [Alert Engine] [支撑位跌破警报-70500（期权最大痛点）] CHECK_START
2026-04-13T19:34:54: [支撑警报检查] 当前价格: 70867.63, 目标: 70500
2026-04-13T19:34:54: [Alert Engine] [支撑位跌破警报-70500（期权最大痛点）] CHECK_PASSED
2026-04-13T19:35:01: [Alert Engine] [阻力位突破警报-71500] CHECK_START
2026-04-13T19:35:02: [阻力警报检查] 当前价格: 70860.6, 目标: 71500
2026-04-13T19:35:02: [Alert Engine] [阻力位突破警报-71500] CHECK_PASSED
2026-04-13T19:37:40: [Alert Engine] [支撑位跌破警报-70500（期权最大痛点）] CHECK_START
2026-04-13T19:37:40: [Alert Engine] [多空比反转警报（多头强势）] CHECK_START
2026-04-13T19:37:42: [多空比警报检查] 当前多空比: 1.08, 目标: 1.2
2026-04-13T19:37:42: [Alert Engine] [多空比反转警报（多头强势）] CHECK_PASSED
2026-04-13T19:37:42: [支撑警报检查] 当前价格: 70840.26, 目标: 70500
2026-04-13T19:37:42: [Alert Engine] [支撑位跌破警报-70500（期权最大痛点）] CHECK_PASSED
2026-04-13T19:37:47: [Alert Engine] [阻力位突破警报-71500] CHECK_START
2026-04-13T19:37:48: [阻力警报检查] 当前价格: 70840.06, 目标: 71500
2026-04-13T19:37:48: [Alert Engine] [阻力位突破警报-71500] CHECK_PASSED
2026-04-13T19:40:27: [Alert Engine] [支撑位跌破警报-70500（期权最大痛点）] CHECK_START
2026-04-13T19:40:28: [支撑警报检查] 当前价格: 70876.97, 目标: 70500
2026-04-13T19:40:28: [Alert Engine] [支撑位跌破警报-70500（期权最大痛点）] CHECK_PASSED
2026-04-13T19:40:32: [Alert Engine] [阻力位突破警报-71500] CHECK_START
2026-04-13T19:40:33: [阻力警报检查] 当前价格: 70876.84, 目标: 71500
2026-04-13T19:40:33: [Alert Engine] [阻力位突破警报-71500] CHECK_PASSED
2026-04-13T19:43:13: [Alert Engine] [支撑位跌破警报-70500（期权最大痛点）] CHECK_START
2026-04-13T19:43:14: [支撑警报检查] 当前价格: 70916.39, 目标: 70500
2026-04-13T19:43:14: [Alert Engine] [支撑位跌破警报-70500（期权最大痛点）] CHECK_PASSED
2026-04-13T19:43:18: [Alert Engine] [阻力位突破警报-71500] CHECK_START
2026-04-13T19:43:20: [阻力警报检查] 当前价格: 70927.61, 目标: 71500
2026-04-13T19:43:20: [Alert Engine] [阻力位突破警报-71500] CHECK_PASSED
2026-04-13T19:45:58: [Alert Engine] [支撑位跌破警报-70500（期权最大痛点）] CHECK_START
2026-04-13T19:46:00: [支撑警报检查] 当前价格: 70980.52, 目标: 70500
2026-04-13T19:46:00: [Alert Engine] [支撑位跌破警报-70500（期权最大痛点）] CHECK_PASSED
2026-04-13T19:46:06: [Alert Engine] [阻力位突破警报-71500] CHECK_START
2026-04-13T19:46:07: [阻力警报检查] 当前价格: 70980.52, 目标: 71500
2026-04-13T19:46:07: [Alert Engine] [阻力位突破警报-71500] CHECK_PASSED
2026-04-13T19:48:43: [Alert Engine] [支撑位跌破警报-70500（期权最大痛点）] CHECK_START
2026-04-13T19:48:45: [支撑警报检查] 当前价格: 70963.57, 目标: 70500
2026-04-13T19:48:45: [Alert Engine] [支撑位跌破警报-70500（期权最大痛点）] CHECK_PASSED
2026-04-13T19:48:51: [Alert Engine] [阻力位突破警报-71500] CHECK_START
2026-04-13T19:48:53: [阻力警报检查] 当前价格: 70966.8, 目标: 71500
2026-04-13T19:48:53: [Alert Engine] [阻力位突破警报-71500] CHECK_PASSED
2026-04-13T19:51:31: [Alert Engine] [支撑位跌破警报-70500（期权最大痛点）] CHECK_START
2026-04-13T19:51:33: [支撑警报检查] 当前价格: 70936.02, 目标: 70500
2026-04-13T19:51:33: [Alert Engine] [支撑位跌破警报-70500（期权最大痛点）] CHECK_PASSED
2026-04-13T19:51:38: [Alert Engine] [阻力位突破警报-71500] CHECK_START
2026-04-13T19:51:39: [阻力警报检查] 当前价格: 70938.41, 目标: 71500
2026-04-13T19:51:39: [Alert Engine] [阻力位突破警报-71500] CHECK_PASSED
2026-04-13T19:54:16: [Alert Engine] [支撑位跌破警报-70500（期权最大痛点）] CHECK_START
2026-04-13T19:54:18: [支撑警报检查] 当前价格: 70978.14, 目标: 70500
2026-04-13T19:54:18: [Alert Engine] [支撑位跌破警报-70500（期权最大痛点）] CHECK_PASSED
2026-04-13T19:54:23: [Alert Engine] [阻力位突破警报-71500] CHECK_START
2026-04-13T19:54:24: [阻力警报检查] 当前价格: 70969.08, 目标: 71500
2026-04-13T19:54:24: [Alert Engine] [阻力位突破警报-71500] CHECK_PASSED
2026-04-13T19:57:03: [Alert Engine] [支撑位跌破警报-70500（期权最大痛点）] CHECK_START
2026-04-13T19:57:05: [支撑警报检查] 当前价格: 70941.52, 目标: 70500
2026-04-13T19:57:05: [Alert Engine] [支撑位跌破警报-70500（期权最大痛点）] CHECK_PASSED
2026-04-13T19:57:11: [Alert Engine] [阻力位突破警报-71500] CHECK_START
2026-04-13T19:57:15: [阻力警报检查] 当前价格: 70941.52, 目标: 71500
2026-04-13T19:57:15: [Alert Engine] [阻力位突破警报-71500] CHECK_PASSED
2026-04-13T19:59:48: [Alert Engine] [支撑位跌破警报-70500（期权最大痛点）] CHECK_START
2026-04-13T19:59:51: [支撑警报检查] 当前价格: 70946.38, 目标: 70500
2026-04-13T19:59:51: [Alert Engine] [支撑位跌破警报-70500（期权最大痛点）] CHECK_PASSED
2026-04-13T19:59:56: [Alert Engine] [阻力位突破警报-71500] CHECK_START
2026-04-13T19:59:57: [阻力警报检查] 当前价格: 70946.39, 目标: 71500
2026-04-13T19:59:57: [Alert Engine] [阻力位突破警报-71500] CHECK_PASSED
2026-04-13T20:02:36: [Alert Engine] [支撑位跌破警报-70500（期权最大痛点）] CHECK_START
2026-04-13T20:02:42: [支撑警报检查] 当前价格: 70895, 目标: 70500
2026-04-13T20:02:42: [Alert Engine] [支撑位跌破警报-70500（期权最大痛点）] CHECK_PASSED
2026-04-13T20:02:43: [Alert Engine] [阻力位突破警报-71500] CHECK_START
2026-04-13T20:02:44: [阻力警报检查] 当前价格: 70895, 目标: 71500
2026-04-13T20:02:44: [Alert Engine] [阻力位突破警报-71500] CHECK_PASSED
2026-04-13T20:05:21: [Alert Engine] [支撑位跌破警报-70500（期权最大痛点）] CHECK_START
2026-04-13T20:05:21: [Alert Engine] [多空比反转警报（多头强势）] CHECK_START
2026-04-13T20:05:23: [多空比警报检查] 当前多空比: 1.08, 目标: 1.2
2026-04-13T20:05:23: [Alert Engine] [多空比反转警报（多头强势）] CHECK_PASSED
2026-04-13T20:05:23: [支撑警报检查] 当前价格: 70894.75, 目标: 70500
2026-04-13T20:05:23: [Alert Engine] [支撑位跌破警报-70500（期权最大痛点）] CHECK_PASSED
2026-04-13T20:05:28: [Alert Engine] [阻力位突破警报-71500] CHECK_START
2026-04-13T20:05:29: [阻力警报检查] 当前价格: 70897.49, 目标: 71500
2026-04-13T20:05:29: [Alert Engine] [阻力位突破警报-71500] CHECK_PASSED
2026-04-13T20:08:07: [Alert Engine] [支撑位跌破警报-70500（期权最大痛点）] CHECK_START
2026-04-13T20:08:09: [支撑警报检查] 当前价格: 70958.95, 目标: 70500
2026-04-13T20:08:09: [Alert Engine] [支撑位跌破警报-70500（期权最大痛点）] CHECK_PASSED
2026-04-13T20:08:14: [Alert Engine] [阻力位突破警报-71500] CHECK_START
2026-04-13T20:08:15: [阻力警报检查] 当前价格: 70958.95, 目标: 71500
2026-04-13T20:08:15: [Alert Engine] [阻力位突破警报-71500] CHECK_PASSED
2026-04-13T20:10:55: [Alert Engine] [支撑位跌破警报-70500（期权最大痛点）] CHECK_START
2026-04-13T20:10:57: [支撑警报检查] 当前价格: 71026.52, 目标: 70500
2026-04-13T20:10:57: [Alert Engine] [支撑位跌破警报-70500（期权最大痛点）] CHECK_PASSED
2026-04-13T20:10:59: [Alert Engine] [阻力位突破警报-71500] CHECK_START
2026-04-13T20:11:00: [阻力警报检查] 当前价格: 71026.52, 目标: 71500
2026-04-13T20:11:00: [Alert Engine] [阻力位突破警报-71500] CHECK_PASSED
2026-04-13T20:13:42: [Alert Engine] [支撑位跌破警报-70500（期权最大痛点）] CHECK_START
2026-04-13T20:13:45: [支撑警报检查] 当前价格: 71012.1, 目标: 70500
2026-04-13T20:13:45: [Alert Engine] [支撑位跌破警报-70500（期权最大痛点）] CHECK_PASSED
2026-04-13T20:13:46: [Alert Engine] [阻力位突破警报-71500] CHECK_START
2026-04-13T20:13:49: [阻力警报检查] 当前价格: 71012.1, 目标: 71500
2026-04-13T20:13:49: [Alert Engine] [阻力位突破警报-71500] CHECK_PASSED
2026-04-13T20:16:26: [Alert Engine] [支撑位跌破警报-70500（期权最大痛点）] CHECK_START
2026-04-13T20:16:30: [支撑警报检查] 当前价格: 70991.21, 目标: 70500
2026-04-13T20:16:30: [Alert Engine] [支撑位跌破警报-70500（期权最大痛点）] CHECK_PASSED
2026-04-13T20:16:33: [Alert Engine] [阻力位突破警报-71500] CHECK_START
2026-04-13T20:16:34: [阻力警报检查] 当前价格: 70990.55, 目标: 71500
2026-04-13T20:16:34: [Alert Engine] [阻力位突破警报-71500] CHECK_PASSED
2026-04-13T20:19:13: [Alert Engine] [支撑位跌破警报-70500（期权最大痛点）] CHECK_START
2026-04-13T20:19:15: [支撑警报检查] 当前价格: 70951.3, 目标: 70500
2026-04-13T20:19:15: [Alert Engine] [支撑位跌破警报-70500（期权最大痛点）] CHECK_PASSED
2026-04-13T20:19:18: [Alert Engine] [阻力位突破警报-71500] CHECK_START
2026-04-13T20:19:19: [阻力警报检查] 当前价格: 70951.42, 目标: 71500
2026-04-13T20:19:19: [Alert Engine] [阻力位突破警报-71500] CHECK_PASSED
2026-04-13T20:21:59: [Alert Engine] [支撑位跌破警报-70500（期权最大痛点）] CHECK_START
2026-04-13T20:22:00: [支撑警报检查] 当前价格: 70938.06, 目标: 70500
2026-04-13T20:22:00: [Alert Engine] [支撑位跌破警报-70500（期权最大痛点）] CHECK_PASSED
2026-04-13T20:22:06: [Alert Engine] [阻力位突破警报-71500] CHECK_START
2026-04-13T20:22:07: [阻力警报检查] 当前价格: 70938.06, 目标: 71500
2026-04-13T20:22:07: [Alert Engine] [阻力位突破警报-71500] CHECK_PASSED
2026-04-13T20:24:46: [Alert Engine] [支撑位跌破警报-70500（期权最大痛点）] CHECK_START
2026-04-13T20:24:45: [支撑警报检查] 当前价格: 70905.87, 目标: 70500
2026-04-13T20:24:45: [Alert Engine] [支撑位跌破警报-70500（期权最大痛点）] CHECK_PASSED
2026-04-13T20:24:51: [Alert Engine] [阻力位突破警报-71500] CHECK_START
2026-04-13T20:24:52: [阻力警报检查] 当前价格: 70905.75, 目标: 71500
2026-04-13T20:24:52: [Alert Engine] [阻力位突破警报-71500] CHECK_PASSED
2026-04-13T20:27:31: [Alert Engine] [支撑位跌破警报-70500（期权最大痛点）] CHECK_START
2026-04-13T20:27:35: [支撑警报检查] 当前价格: 70901.32, 目标: 70500
2026-04-13T20:27:35: [Alert Engine] [支撑位跌破警报-70500（期权最大痛点）] CHECK_PASSED
2026-04-13T20:27:38: [Alert Engine] [阻力位突破警报-71500] CHECK_START
2026-04-13T20:27:39: [阻力警报检查] 当前价格: 70906.41, 目标: 71500
2026-04-13T20:27:39: [Alert Engine] [阻力位突破警报-71500] CHECK_PASSED
2026-04-13T20:30:16: [Alert Engine] [支撑位跌破警报-70500（期权最大痛点）] CHECK_START
2026-04-13T20:30:21: [支撑警报检查] 当前价格: 70875.87, 目标: 70500
2026-04-13T20:30:21: [Alert Engine] [支撑位跌破警报-70500（期权最大痛点）] CHECK_PASSED
2026-04-13T20:30:23: [Alert Engine] [阻力位突破警报-71500] CHECK_START
2026-04-13T20:30:24: [阻力警报检查] 当前价格: 70867.94, 目标: 71500
2026-04-13T20:30:24: [Alert Engine] [阻力位突破警报-71500] CHECK_PASSED
2026-04-13T20:33:04: [Alert Engine] [支撑位跌破警报-70500（期权最大痛点）] CHECK_START
2026-04-13T20:33:04: [Alert Engine] [多空比反转警报（多头强势）] CHECK_START
2026-04-13T20:33:06: [多空比警报检查] 当前多空比: 1.08, 目标: 1.2
2026-04-13T20:33:06: [Alert Engine] [多空比反转警报（多头强势）] CHECK_PASSED
2026-04-13T20:33:07: [支撑警报检查] 当前价格: 70827.34, 目标: 70500
2026-04-13T20:33:07: [Alert Engine] [支撑位跌破警报-70500（期权最大痛点）] CHECK_PASSED
2026-04-13T20:33:11: [Alert Engine] [阻力位突破警报-71500] CHECK_START
2026-04-13T20:33:12: [阻力警报检查] 当前价格: 70829.69, 目标: 71500
2026-04-13T20:33:12: [Alert Engine] [阻力位突破警报-71500] CHECK_PASSED
2026-04-13T20:35:50: [Alert Engine] [支撑位跌破警报-70500（期权最大痛点）] CHECK_START
2026-04-13T20:35:52: [支撑警报检查] 当前价格: 70845.58, 目标: 70500
2026-04-13T20:35:52: [Alert Engine] [支撑位跌破警报-70500（期权最大痛点）] CHECK_PASSED
2026-04-13T20:35:57: [Alert Engine] [阻力位突破警报-71500] CHECK_START
2026-04-13T20:35:59: [阻力警报检查] 当前价格: 70835.65, 目标: 71500
2026-04-13T20:35:59: [Alert Engine] [阻力位突破警报-71500] CHECK_PASSED
2026-04-13T20:38:35: [Alert Engine] [支撑位跌破警报-70500（期权最大痛点）] CHECK_START
2026-04-13T20:38:37: [支撑警报检查] 当前价格: 70808.7, 目标: 70500
2026-04-13T20:38:37: [Alert Engine] [支撑位跌破警报-70500（期权最大痛点）] CHECK_PASSED
2026-04-13T20:38:42: [Alert Engine] [阻力位突破警报-71500] CHECK_START
2026-04-13T20:38:44: [阻力警报检查] 当前价格: 70808.95, 目标: 71500
2026-04-13T20:38:44: [Alert Engine] [阻力位突破警报-71500] CHECK_PASSED
2026-04-13T20:41:23: [Alert Engine] [支撑位跌破警报-70500（期权最大痛点）] CHECK_START
2026-04-13T20:41:26: [支撑警报检查] 当前价格: 70822, 目标: 70500
2026-04-13T20:41:26: [Alert Engine] [支撑位跌破警报-70500（期权最大痛点）] CHECK_PASSED
2026-04-13T20:41:27: [Alert Engine] [阻力位突破警报-71500] CHECK_START
2026-04-13T20:41:28: [阻力警报检查] 当前价格: 70816.26, 目标: 71500
2026-04-13T20:41:28: [Alert Engine] [阻力位突破警报-71500] CHECK_PASSED
2026-04-13T20:44:08: [Alert Engine] [支撑位跌破警报-70500（期权最大痛点）] CHECK_START
2026-04-13T20:44:10: [支撑警报检查] 当前价格: 70826.35, 目标: 70500
2026-04-13T20:44:10: [Alert Engine] [支撑位跌破警报-70500（期权最大痛点）] CHECK_PASSED
2026-04-13T20:44:15: [Alert Engine] [阻力位突破警报-71500] CHECK_START
2026-04-13T20:44:16: [阻力警报检查] 当前价格: 70824.33, 目标: 71500
2026-04-13T20:44:16: [Alert Engine] [阻力位突破警报-71500] CHECK_PASSED
2026-04-13T20:46:55: [Alert Engine] [支撑位跌破警报-70500（期权最大痛点）] CHECK_START
2026-04-13T20:46:57: [支撑警报检查] 当前价格: 70905.77, 目标: 70500
2026-04-13T20:46:57: [Alert Engine] [支撑位跌破警报-70500（期权最大痛点）] CHECK_PASSED
2026-04-13T20:47:00: [Alert Engine] [阻力位突破警报-71500] CHECK_START
2026-04-13T20:47:01: [阻力警报检查] 当前价格: 70915.65, 目标: 71500
2026-04-13T20:47:01: [Alert Engine] [阻力位突破警报-71500] CHECK_PASSED
2026-04-13T20:49:41: [Alert Engine] [支撑位跌破警报-70500（期权最大痛点）] CHECK_START
2026-04-13T20:49:43: [支撑警报检查] 当前价格: 70904.02, 目标: 70500
2026-04-13T20:49:43: [Alert Engine] [支撑位跌破警报-70500（期权最大痛点）] CHECK_PASSED
2026-04-13T20:49:46: [Alert Engine] [阻力位突破警报-71500] CHECK_START
2026-04-13T20:49:47: [阻力警报检查] 当前价格: 70903.48, 目标: 71500
2026-04-13T20:49:47: [Alert Engine] [阻力位突破警报-71500] CHECK_PASSED
2026-04-13T20:52:26: [Alert Engine] [支撑位跌破警报-70500（期权最大痛点）] CHECK_START
2026-04-13T20:52:31: [支撑警报检查] 当前价格: 70987.95, 目标: 70500
2026-04-13T20:52:31: [Alert Engine] [支撑位跌破警报-70500（期权最大痛点）] CHECK_PASSED
2026-04-13T20:52:33: [Alert Engine] [阻力位突破警报-71500] CHECK_START
2026-04-13T20:52:34: [阻力警报检查] 当前价格: 71007.32, 目标: 71500
2026-04-13T20:52:34: [Alert Engine] [阻力位突破警报-71500] CHECK_PASSED
2026-04-13T20:55:14: [Alert Engine] [支撑位跌破警报-70500（期权最大痛点）] CHECK_START
2026-04-13T20:55:13: [支撑警报检查] 当前价格: 71187.73, 目标: 70500
2026-04-13T20:55:13: [Alert Engine] [支撑位跌破警报-70500（期权最大痛点）] CHECK_PASSED
2026-04-13T20:55:18: [Alert Engine] [阻力位突破警报-71500] CHECK_START
2026-04-13T20:55:19: [阻力警报检查] 当前价格: 71200.49, 目标: 71500
2026-04-13T20:55:19: [Alert Engine] [阻力位突破警报-71500] CHECK_PASSED
2026-04-13T20:57:59: [Alert Engine] [支撑位跌破警报-70500（期权最大痛点）] CHECK_START
2026-04-13T20:58:01: [支撑警报检查] 当前价格: 71125.07, 目标: 70500
2026-04-13T20:58:01: [Alert Engine] [支撑位跌破警报-70500（期权最大痛点）] CHECK_PASSED
2026-04-13T20:58:06: [Alert Engine] [阻力位突破警报-71500] CHECK_START
2026-04-13T20:58:07: [阻力警报检查] 当前价格: 71126.29, 目标: 71500
2026-04-13T20:58:07: [Alert Engine] [阻力位突破警报-71500] CHECK_PASSED
2026-04-13T21:00:44: [Alert Engine] [支撑位跌破警报-70500（期权最大痛点）] CHECK_START
2026-04-13T21:00:45: [Alert Engine] [多空比反转警报（多头强势）] CHECK_START
2026-04-13T21:00:46: [多空比警报检查] 当前多空比: 1.08, 目标: 1.2
2026-04-13T21:00:46: [Alert Engine] [多空比反转警报（多头强势）] CHECK_PASSED
2026-04-13T21:00:47: [支撑警报检查] 当前价格: 71120.22, 目标: 70500
2026-04-13T21:00:47: [Alert Engine] [支撑位跌破警报-70500（期权最大痛点）] CHECK_PASSED
2026-04-13T21:00:51: [Alert Engine] [阻力位突破警报-71500] CHECK_START
2026-04-13T21:00:52: [阻力警报检查] 当前价格: 71116.32, 目标: 71500
2026-04-13T21:00:52: [Alert Engine] [阻力位突破警报-71500] CHECK_PASSED
2026-04-13T21:03:32: [Alert Engine] [支撑位跌破警报-70500（期权最大痛点）] CHECK_START
2026-04-13T21:03:34: [支撑警报检查] 当前价格: 71156.86, 目标: 70500
2026-04-13T21:03:34: [Alert Engine] [支撑位跌破警报-70500（期权最大痛点）] CHECK_PASSED
2026-04-13T21:03:39: [Alert Engine] [阻力位突破警报-71500] CHECK_START
2026-04-13T21:03:40: [阻力警报检查] 当前价格: 71158.25, 目标: 71500
2026-04-13T21:03:40: [Alert Engine] [阻力位突破警报-71500] CHECK_PASSED
2026-04-13T21:06:18: [Alert Engine] [支撑位跌破警报-70500（期权最大痛点）] CHECK_START
2026-04-13T21:06:20: [支撑警报检查] 当前价格: 71154.93, 目标: 70500
2026-04-13T21:06:20: [Alert Engine] [支撑位跌破警报-70500（期权最大痛点）] CHECK_PASSED
2026-04-13T21:06:25: [Alert Engine] [阻力位突破警报-71500] CHECK_START
2026-04-13T21:06:26: [阻力警报检查] 当前价格: 71154.49, 目标: 71500
2026-04-13T21:06:26: [Alert Engine] [阻力位突破警报-71500] CHECK_PASSED
2026-04-13T21:09:04: [Alert Engine] [支撑位跌破警报-70500（期权最大痛点）] CHECK_START
2026-04-13T21:09:07: [支撑警报检查] 当前价格: 71095.17, 目标: 70500
2026-04-13T21:09:07: [Alert Engine] [支撑位跌破警报-70500（期权最大痛点）] CHECK_PASSED
2026-04-13T21:09:11: [Alert Engine] [阻力位突破警报-71500] CHECK_START
2026-04-13T21:09:13: [阻力警报检查] 当前价格: 71095.17, 目标: 71500
2026-04-13T21:09:13: [Alert Engine] [阻力位突破警报-71500] CHECK_PASSED
2026-04-13T21:11:49: [Alert Engine] [支撑位跌破警报-70500（期权最大痛点）] CHECK_START
2026-04-13T21:11:51: [支撑警报检查] 当前价格: 71127.94, 目标: 70500
2026-04-13T21:11:51: [Alert Engine] [支撑位跌破警报-70500（期权最大痛点）] CHECK_PASSED
2026-04-13T21:11:56: [Alert Engine] [阻力位突破警报-71500] CHECK_START
2026-04-13T21:11:59: [阻力警报检查] 当前价格: 71154.59, 目标: 71500
2026-04-13T21:11:59: [Alert Engine] [阻力位突破警报-71500] CHECK_PASSED
2026-04-13T21:14:37: [Alert Engine] [支撑位跌破警报-70500（期权最大痛点）] CHECK_START
2026-04-13T21:14:38: [支撑警报检查] 当前价格: 71213.94, 目标: 70500
2026-04-13T21:14:38: [Alert Engine] [支撑位跌破警报-70500（期权最大痛点）] CHECK_PASSED
2026-04-13T21:14:44: [Alert Engine] [阻力位突破警报-71500] CHECK_START
2026-04-13T21:14:49: [阻力警报检查] 当前价格: 71220.01, 目标: 71500
2026-04-13T21:14:49: [Alert Engine] [阻力位突破警报-71500] CHECK_PASSED
2026-04-13T21:17:23: [Alert Engine] [支撑位跌破警报-70500（期权最大痛点）] CHECK_START
2026-04-13T21:17:26: [支撑警报检查] 当前价格: 71168.36, 目标: 70500
2026-04-13T21:17:26: [Alert Engine] [支撑位跌破警报-70500（期权最大痛点）] CHECK_PASSED
2026-04-13T21:17:30: [Alert Engine] [阻力位突破警报-71500] CHECK_START
2026-04-13T21:17:31: [阻力警报检查] 当前价格: 71167.19, 目标: 71500
2026-04-13T21:17:31: [Alert Engine] [阻力位突破警报-71500] CHECK_PASSED
2026-04-13T21:20:10: [Alert Engine] [支撑位跌破警报-70500（期权最大痛点）] CHECK_START
2026-04-13T21:20:11: [支撑警报检查] 当前价格: 71210.03, 目标: 70500
2026-04-13T21:20:11: [Alert Engine] [支撑位跌破警报-70500（期权最大痛点）] CHECK_PASSED
2026-04-13T21:20:14: [Alert Engine] [阻力位突破警报-71500] CHECK_START
2026-04-13T21:20:16: [阻力警报检查] 当前价格: 71210.12, 目标: 71500
2026-04-13T21:20:16: [Alert Engine] [阻力位突破警报-71500] CHECK_PASSED
2026-04-13T21:22:55: [Alert Engine] [支撑位跌破警报-70500（期权最大痛点）] CHECK_START
2026-04-13T21:22:56: [支撑警报检查] 当前价格: 71238.11, 目标: 70500
2026-04-13T21:22:56: [Alert Engine] [支撑位跌破警报-70500（期权最大痛点）] CHECK_PASSED
2026-04-13T21:23:02: [Alert Engine] [阻力位突破警报-71500] CHECK_START
2026-04-13T21:23:04: [阻力警报检查] 当前价格: 71231.69, 目标: 71500
2026-04-13T21:23:04: [Alert Engine] [阻力位突破警报-71500] CHECK_PASSED
2026-04-13T21:25:41: [Alert Engine] [支撑位跌破警报-70500（期权最大痛点）] CHECK_START
2026-04-13T21:25:42: [支撑警报检查] 当前价格: 71241.4, 目标: 70500
2026-04-13T21:25:42: [Alert Engine] [支撑位跌破警报-70500（期权最大痛点）] CHECK_PASSED
2026-04-13T21:25:48: [Alert Engine] [阻力位突破警报-71500] CHECK_START
2026-04-13T21:25:50: [阻力警报检查] 当前价格: 71242.89, 目标: 71500
2026-04-13T21:25:50: [Alert Engine] [阻力位突破警报-71500] CHECK_PASSED
2026-04-13T21:28:26: [Alert Engine] [支撑位跌破警报-70500（期权最大痛点）] CHECK_START
2026-04-13T21:28:26: [Alert Engine] [多空比反转警报（多头强势）] CHECK_START
2026-04-13T21:28:28: [多空比警报检查] 当前多空比: 1.08, 目标: 1.2
2026-04-13T21:28:28: [Alert Engine] [多空比反转警报（多头强势）] CHECK_PASSED
2026-04-13T21:28:31: [支撑警报检查] 当前价格: 71230.75, 目标: 70500
2026-04-13T21:28:31: [Alert Engine] [支撑位跌破警报-70500（期权最大痛点）] CHECK_PASSED
2026-04-13T21:28:33: [Alert Engine] [阻力位突破警报-71500] CHECK_START
2026-04-13T21:28:34: [阻力警报检查] 当前价格: 71230.94, 目标: 71500
2026-04-13T21:28:34: [Alert Engine] [阻力位突破警报-71500] CHECK_PASSED
2026-04-13T21:31:12: [Alert Engine] [支撑位跌破警报-70500（期权最大痛点）] CHECK_START
2026-04-13T21:31:13: [支撑警报检查] 当前价格: 71140.86, 目标: 70500
2026-04-13T21:31:13: [Alert Engine] [支撑位跌破警报-70500（期权最大痛点）] CHECK_PASSED
2026-04-13T21:31:19: [Alert Engine] [阻力位突破警报-71500] CHECK_START
2026-04-13T21:31:21: [阻力警报检查] 当前价格: 71167.85, 目标: 71500
2026-04-13T21:31:21: [Alert Engine] [阻力位突破警报-71500] CHECK_PASSED
2026-04-13T21:33:59: [Alert Engine] [支撑位跌破警报-70500（期权最大痛点）] CHECK_START
2026-04-13T21:34:03: [支撑警报检查] 当前价格: 71076.08, 目标: 70500
2026-04-13T21:34:03: [Alert Engine] [支撑位跌破警报-70500（期权最大痛点）] CHECK_PASSED
2026-04-13T21:34:05: [Alert Engine] [阻力位突破警报-71500] CHECK_START
2026-04-13T21:34:07: [阻力警报检查] 当前价格: 71113.41, 目标: 71500
2026-04-13T21:34:07: [Alert Engine] [阻力位突破警报-71500] CHECK_PASSED
2026-04-13T21:36:46: [Alert Engine] [支撑位跌破警报-70500（期权最大痛点）] CHECK_START
2026-04-13T21:36:48: [支撑警报检查] 当前价格: 71073.38, 目标: 70500
2026-04-13T21:36:48: [Alert Engine] [支撑位跌破警报-70500（期权最大痛点）] CHECK_PASSED
2026-04-13T21:36:53: [Alert Engine] [阻力位突破警报-71500] CHECK_START
2026-04-13T21:36:54: [阻力警报检查] 当前价格: 71073.38, 目标: 71500
2026-04-13T21:36:54: [Alert Engine] [阻力位突破警报-71500] CHECK_PASSED
2026-04-13T21:39:31: [Alert Engine] [支撑位跌破警报-70500（期权最大痛点）] CHECK_START
2026-04-13T21:39:32: [支撑警报检查] 当前价格: 70885.03, 目标: 70500
2026-04-13T21:39:32: [Alert Engine] [支撑位跌破警报-70500（期权最大痛点）] CHECK_PASSED
2026-04-13T21:39:38: [Alert Engine] [阻力位突破警报-71500] CHECK_START
2026-04-13T21:39:40: [阻力警报检查] 当前价格: 70889.91, 目标: 71500
2026-04-13T21:39:40: [Alert Engine] [阻力位突破警报-71500] CHECK_PASSED
2026-04-13T21:42:19: [Alert Engine] [支撑位跌破警报-70500（期权最大痛点）] CHECK_START
2026-04-13T21:42:21: [支撑警报检查] 当前价格: 71065.43, 目标: 70500
2026-04-13T21:42:21: [Alert Engine] [支撑位跌破警报-70500（期权最大痛点）] CHECK_PASSED
2026-04-13T21:42:25: [Alert Engine] [阻力位突破警报-71500] CHECK_START
2026-04-13T21:42:27: [阻力警报检查] 当前价格: 71058.92, 目标: 71500
2026-04-13T21:42:27: [Alert Engine] [阻力位突破警报-71500] CHECK_PASSED
2026-04-13T21:45:10: [Alert Engine] [支撑位跌破警报-70500（期权最大痛点）] CHECK_START
2026-04-13T21:45:13: [支撑警报检查] 当前价格: 71048.24, 目标: 70500
2026-04-13T21:45:13: [Alert Engine] [支撑位跌破警报-70500（期权最大痛点）] CHECK_PASSED
2026-04-13T21:45:17: [Alert Engine] [阻力位突破警报-71500] CHECK_START
2026-04-13T21:45:19: [阻力警报检查] 当前价格: 71062.52, 目标: 71500
2026-04-13T21:45:19: [Alert Engine] [阻力位突破警报-71500] CHECK_PASSED
2026-04-13T21:47:58: [Alert Engine] [支撑位跌破警报-70500（期权最大痛点）] CHECK_START
2026-04-13T21:48:02: [支撑警报检查] 当前价格: 71029.7, 目标: 70500
2026-04-13T21:48:02: [Alert Engine] [支撑位跌破警报-70500（期权最大痛点）] CHECK_PASSED
2026-04-13T21:48:05: [Alert Engine] [阻力位突破警报-71500] CHECK_START
2026-04-13T21:48:06: [阻力警报检查] 当前价格: 71035.12, 目标: 71500
2026-04-13T21:48:06: [Alert Engine] [阻力位突破警报-71500] CHECK_PASSED
2026-04-13T21:50:46: [Alert Engine] [支撑位跌破警报-70500（期权最大痛点）] CHECK_START
2026-04-13T21:50:48: [支撑警报检查] 当前价格: 71602.03, 目标: 70500
2026-04-13T21:50:48: [Alert Engine] [支撑位跌破警报-70500（期权最大痛点）] CHECK_PASSED
2026-04-13T21:50:53: [Alert Engine] [阻力位突破警报-71500] CHECK_START
2026-04-13T21:50:56: [阻力警报检查] 当前价格: 71599.09, 目标: 71500
2026-04-13T21:50:56: [Alert Engine] [阻力位突破警报-71500] TRIGGERED
2026-04-13T21:50:58: [Alert Engine] [阻力位突破警报-71500] DATA_COLLECTED
2026-04-13T21:50:58: [警报触发] 已创建即时分析任务: alert-resistance-71500-1776088258735
2026-04-13T21:50:58: [Alert Engine] [阻力位突破警报-71500] TRIGGER_COMPLETED
2026-04-13T21:50:58: [Alert Engine] [阻力位突破警报-71500] COOLDOWN_SET
2026-04-13T21:53:31: [Alert Engine] [支撑位跌破警报-70500（期权最大痛点）] CHECK_START
2026-04-13T21:53:31: [Alert Engine] [支撑位跌破警报-70500（期权最大痛点）] CHECK_PASSED
2026-04-13T21:53:36: [Alert Engine] [阻力位突破警报-71500] COOLDOWN_ACTIVE
2026-04-13T21:56:16: [Alert Engine] [支撑位跌破警报-70500（期权最大痛点）] CHECK_START
2026-04-13T21:56:16: [Alert Engine] [支撑位跌破警报-70500（期权最大痛点）] CHECK_PASSED
2026-04-13T21:56:16: [Alert Engine] [多空比反转警报（多头强势）] CHECK_START
2026-04-13T21:56:16: [Alert Engine] [多空比反转警报（多头强势）] CHECK_PASSED
2026-04-13T21:56:23: [Alert Engine] [阻力位突破警报-71500] COOLDOWN_ACTIVE
2026-04-13T21:57:21: [Alert Engine] [阻力位突破警报-71500] 检测到规则文件已不存在
2026-04-13T21:57:21: [Alert Engine] [阻力位突破警报-71500] RULE_UNLOADED
2026-04-13T21:57:21: [Alert Engine] Unloaded rule "阻力位突破警报-71500" (file_removed)
2026-04-13T21:59:03: [Alert Engine] [支撑位跌破警报-70500（期权最大痛点）] CHECK_START
2026-04-13T21:59:03: [Alert Engine] [支撑位跌破警报-70500（期权最大痛点）] CHECK_PASSED
2026-04-13T22:01:50: [Alert Engine] [支撑位跌破警报-70500（期权最大痛点）] CHECK_START
2026-04-13T22:01:50: [Alert Engine] [支撑位跌破警报-70500（期权最大痛点）] CHECK_PASSED
2026-04-13T22:04:35: [Alert Engine] [支撑位跌破警报-70500（期权最大痛点）] CHECK_START
2026-04-13T22:04:35: [Alert Engine] [支撑位跌破警报-70500（期权最大痛点）] CHECK_PASSED
2026-04-13T22:07:23: [Alert Engine] [支撑位跌破警报-70500（期权最大痛点）] CHECK_START
2026-04-13T22:07:23: [Alert Engine] [支撑位跌破警报-70500（期权最大痛点）] CHECK_PASSED
2026-04-13T22:10:07: [Alert Engine] [支撑位跌破警报-70500（期权最大痛点）] CHECK_START
2026-04-13T22:10:07: [Alert Engine] [支撑位跌破警报-70500（期权最大痛点）] CHECK_PASSED
2026-04-13T22:12:53: [Alert Engine] [支撑位跌破警报-70500（期权最大痛点）] CHECK_START
2026-04-13T22:12:53: [Alert Engine] [支撑位跌破警报-70500（期权最大痛点）] CHECK_PASSED
2026-04-13T22:15:41: [Alert Engine] [支撑位跌破警报-70500（期权最大痛点）] CHECK_START
2026-04-13T22:15:41: [Alert Engine] [支撑位跌破警报-70500（期权最大痛点）] CHECK_PASSED
2026-04-13T22:18:28: [Alert Engine] [支撑位跌破警报-70500（期权最大痛点）] CHECK_START
2026-04-13T22:18:28: [Alert Engine] [支撑位跌破警报-70500（期权最大痛点）] CHECK_PASSED
2026-04-13T22:21:12: [Alert Engine] [支撑位跌破警报-70500（期权最大痛点）] CHECK_START
2026-04-13T22:21:12: [Alert Engine] [支撑位跌破警报-70500（期权最大痛点）] CHECK_PASSED
2026-04-13T22:24:00: [Alert Engine] [支撑位跌破警报-70500（期权最大痛点）] CHECK_START
2026-04-13T22:24:00: [Alert Engine] [支撑位跌破警报-70500（期权最大痛点）] CHECK_PASSED
2026-04-13T22:24:00: [Alert Engine] [多空比反转警报（多头强势）] CHECK_START
2026-04-13T22:24:00: [Alert Engine] [多空比反转警报（多头强势）] CHECK_PASSED
2026-04-13T22:26:45: [Alert Engine] [支撑位跌破警报-70500（期权最大痛点）] CHECK_START
2026-04-13T22:26:45: [Alert Engine] [支撑位跌破警报-70500（期权最大痛点）] CHECK_PASSED
2026-04-13T22:29:32: [Alert Engine] [支撑位跌破警报-70500（期权最大痛点）] CHECK_START
2026-04-13T22:29:32: [Alert Engine] [支撑位跌破警报-70500（期权最大痛点）] CHECK_PASSED
2026-04-13T22:32:17: [Alert Engine] [支撑位跌破警报-70500（期权最大痛点）] CHECK_START
2026-04-13T22:32:17: [Alert Engine] [支撑位跌破警报-70500（期权最大痛点）] CHECK_PASSED
2026-04-13T22:35:04: [Alert Engine] [支撑位跌破警报-70500（期权最大痛点）] CHECK_START
2026-04-13T22:35:04: [Alert Engine] [支撑位跌破警报-70500（期权最大痛点）] CHECK_PASSED
